"year","county","substance","log_rr_median","prob_rr_gt1"
2010,"Adams","cocaine",-1.07176388825009,0.0206
2010,"Allen","cocaine",-0.875340640449003,0.0381333333333333
2010,"Ashland","cocaine",-1.03705131099264,0.019
2010,"Ashtabula","cocaine",-1.06708150601874,0.0140666666666667
2010,"Athens","cocaine",-1.0014888820447,0.0226666666666667
2010,"Auglaize","cocaine",-1.13620192000106,0.0127333333333333
2010,"Belmont","cocaine",-1.16910964604764,0.0096
2010,"Brown","cocaine",-0.93052653653566,0.0316
2010,"Butler","cocaine",-0.453128115856713,0.1292
2010,"Carroll","cocaine",-0.939800152373048,0.0354
2010,"Champaign","cocaine",-1.00400650606702,0.025
2010,"Clark","cocaine",-0.935016004009752,0.0194666666666667
2010,"Clermont","cocaine",-0.929343824171116,0.0222666666666667
2010,"Clinton","cocaine",-0.864250172794349,0.0447333333333333
2010,"Columbiana","cocaine",-0.838270969231153,0.0395333333333333
2010,"Coshocton","cocaine",-1.06060624730068,0.0202666666666667
2010,"Crawford","cocaine",-1.07796665435361,0.0192666666666667
2010,"Cuyahoga","cocaine",-0.731502412061409,0.00226666666666667
2010,"Darke","cocaine",-0.792220651458774,0.0538666666666667
2010,"Defiance","cocaine",-1.09510528857058,0.018
2010,"Delaware","cocaine",-1.04823433914254,0.0145333333333333
2010,"Erie","cocaine",-1.09274656237279,0.0155333333333333
2010,"Fairfield","cocaine",-0.926085949000223,0.0288
2010,"Fayette","cocaine",-0.867581475022466,0.0446666666666667
2010,"Franklin","cocaine",-0.543266470719004,0.0178
2010,"Fulton","cocaine",-1.14855964035868,0.0140666666666667
2010,"Gallia","cocaine",-1.143487244483,0.0134
2010,"Geauga","cocaine",-0.811913665356637,0.0456
2010,"Greene","cocaine",-1.09977810866322,0.00946666666666667
2010,"Guernsey","cocaine",-0.922356087514635,0.033
2010,"Hamilton","cocaine",-0.661376897856337,0.0166666666666667
2010,"Hancock","cocaine",-1.28399333549537,0.0054
2010,"Hardin","cocaine",-1.09271099025012,0.0192666666666667
2010,"Harrison","cocaine",-0.996730627374894,0.0301333333333333
2010,"Henry","cocaine",-1.15671362889516,0.0135333333333333
2010,"Highland","cocaine",-1.03560775504679,0.0205333333333333
2010,"Hocking","cocaine",-0.867962004832614,0.0461333333333333
2010,"Holmes","cocaine",-1.13262542048689,0.0142
2010,"Huron","cocaine",-1.15311703125131,0.0117333333333333
2010,"Jackson","cocaine",-0.968783792752933,0.0306666666666667
2010,"Jefferson","cocaine",-1.21211918756028,0.00773333333333333
2010,"Knox","cocaine",-0.952694165652959,0.0274
2010,"Lake","cocaine",-0.409686118764625,0.171733333333333
2010,"Lawrence","cocaine",-0.916161482543399,0.0324666666666667
2010,"Licking","cocaine",-0.99129055094277,0.0198666666666667
2010,"Logan","cocaine",-0.906584814904925,0.0395333333333333
2010,"Lorain","cocaine",-1.02518680042691,0.0101333333333333
2010,"Lucas","cocaine",-0.517398403119403,0.115666666666667
2010,"Madison","cocaine",-0.958481888445918,0.0308666666666667
2010,"Mahoning","cocaine",-0.310147012671277,0.217333333333333
2010,"Marion","cocaine",-0.594873555305024,0.105466666666667
2010,"Medina","cocaine",-1.12417346370453,0.009
2010,"Meigs","cocaine",-1.04154955162373,0.0242666666666667
2010,"Mercer","cocaine",-1.13915635412823,0.0142
2010,"Miami","cocaine",-0.930538016598069,0.0304
2010,"Monroe","cocaine",-1.00262744408993,0.0283333333333333
2010,"Montgomery","cocaine",-0.720995203212807,0.0305333333333333
2010,"Morgan","cocaine",-1.07413699650743,0.0222
2010,"Morrow","cocaine",-0.846932607311117,0.0447333333333333
2010,"Muskingum","cocaine",-1.02245408488781,0.0196666666666667
2010,"Noble","cocaine",-1.04920710621935,0.0244666666666667
2010,"Ottawa","cocaine",-1.15279773409269,0.0154
2010,"Paulding","cocaine",-1.1493386660151,0.017
2010,"Perry","cocaine",-0.861610527138177,0.0489333333333333
2010,"Pickaway","cocaine",-0.752717343707904,0.0601333333333333
2010,"Pike","cocaine",-1.06628163990086,0.0210666666666667
2010,"Portage","cocaine",-1.04236679013988,0.0116666666666667
2010,"Preble","cocaine",-0.97736184893445,0.0265333333333333
2010,"Putnam","cocaine",-1.10988275685176,0.0178
2010,"Richland","cocaine",-0.889600058200702,0.0316666666666667
2010,"Ross","cocaine",-0.919045633232079,0.0307333333333333
2010,"Sandusky","cocaine",-1.11852187943638,0.0156666666666667
2010,"Scioto","cocaine",-1.04550142682276,0.0189333333333333
2010,"Seneca","cocaine",-1.14730651812714,0.0134
2010,"Shelby","cocaine",-1.04531823165888,0.0208
2010,"Stark","cocaine",-0.638330484963887,0.0614
2010,"Summit","cocaine",-0.66637561786752,0.0395333333333333
2010,"Trumbull","cocaine",-0.675058129942827,0.0606666666666667
2010,"Tuscarawas","cocaine",-0.746040968698045,0.0614666666666667
2010,"Union","cocaine",-0.847526754890891,0.0464666666666667
2010,"Van Wert","cocaine",-1.01574195117905,0.0246666666666667
2010,"Vinton","cocaine",-1.000406942176,0.0292
2010,"Warren","cocaine",-1.01172722162209,0.0144666666666667
2010,"Washington","cocaine",-1.15518171899761,0.0119333333333333
2010,"Wayne","cocaine",-1.00679584327188,0.0208
2010,"Williams","cocaine",-1.16910212350299,0.0131333333333333
2010,"Wood","cocaine",-1.23389145534712,0.0066
2010,"Wyandot","cocaine",-1.11236245617411,0.0173333333333333
2011,"Adams","cocaine",-1.09487334876908,0.0314
2011,"Allen","cocaine",-0.887046355682939,0.0562666666666667
2011,"Ashland","cocaine",-1.08320791383595,0.0292
2011,"Ashtabula","cocaine",-1.13081778685195,0.0208
2011,"Athens","cocaine",-0.968360779529024,0.0479333333333333
2011,"Auglaize","cocaine",-1.13973639332962,0.0259333333333333
2011,"Belmont","cocaine",-1.33404272790328,0.00933333333333333
2011,"Brown","cocaine",-0.783744831816366,0.0812666666666667
2011,"Butler","cocaine",-0.612410276864099,0.0693333333333333
2011,"Carroll","cocaine",-0.921086675179936,0.0549333333333333
2011,"Champaign","cocaine",-0.993440803071756,0.0380666666666667
2011,"Clark","cocaine",-0.72706439349125,0.0575333333333333
2011,"Clermont","cocaine",-0.817278140855884,0.0487333333333333
2011,"Clinton","cocaine",-0.88705970758003,0.058
2011,"Columbiana","cocaine",-0.74980557213702,0.0766666666666667
2011,"Coshocton","cocaine",-1.17428331189318,0.0240666666666667
2011,"Crawford","cocaine",-1.16604392443685,0.0240666666666667
2011,"Cuyahoga","cocaine",-0.690115924996221,0.00146666666666667
2011,"Darke","cocaine",-0.719241405721332,0.0946
2011,"Defiance","cocaine",-1.16055648791378,0.0266
2011,"Delaware","cocaine",-1.38462231574161,0.0052
2011,"Erie","cocaine",-1.1411043269254,0.0206
2011,"Fairfield","cocaine",-1.17196538930261,0.0156666666666667
2011,"Fayette","cocaine",-0.727042449527004,0.1016
2011,"Franklin","cocaine",-0.575382880234763,0.00853333333333333
2011,"Fulton","cocaine",-1.23876756436295,0.0203333333333333
2011,"Gallia","cocaine",-1.15119669028734,0.0250666666666667
2011,"Geauga","cocaine",-0.754863615607038,0.0792
2011,"Greene","cocaine",-1.26380566313582,0.00913333333333333
2011,"Guernsey","cocaine",-0.852716710134081,0.0693333333333333
2011,"Hamilton","cocaine",-0.289119039565503,0.1332
2011,"Hancock","cocaine",-1.39770525908334,0.00746666666666667
2011,"Hardin","cocaine",-1.22175179733994,0.0214
2011,"Harrison","cocaine",-1.05950347584451,0.0402
2011,"Henry","cocaine",-1.3058817474845,0.0159333333333333
2011,"Highland","cocaine",-1.03158944404892,0.0338666666666667
2011,"Hocking","cocaine",-0.737052500583695,0.106066666666667
2011,"Holmes","cocaine",-1.33316217890347,0.0149333333333333
2011,"Huron","cocaine",-1.30859832341305,0.0128666666666667
2011,"Jackson","cocaine",-0.874534413853602,0.0657333333333333
2011,"Jefferson","cocaine",-1.46692358898478,0.0046
2011,"Knox","cocaine",-0.88280476759577,0.0572
2011,"Lake","cocaine",-0.235868876360435,0.301866666666667
2011,"Lawrence","cocaine",-0.685252175534536,0.110066666666667
2011,"Licking","cocaine",-1.00968045762909,0.0278666666666667
2011,"Logan","cocaine",-1.02677134244987,0.0368666666666667
2011,"Lorain","cocaine",-0.937627863401312,0.0206
2011,"Lucas","cocaine",-0.452192438991347,0.145933333333333
2011,"Madison","cocaine",-0.933923122945906,0.0473333333333333
2011,"Mahoning","cocaine",-0.414927091711675,0.156133333333333
2011,"Marion","cocaine",-0.288893631389803,0.289266666666667
2011,"Medina","cocaine",-1.03402202172692,0.0238
2011,"Meigs","cocaine",-1.08242066214385,0.0360666666666667
2011,"Mercer","cocaine",-1.26851274134882,0.0160666666666667
2011,"Miami","cocaine",-1.1513443719884,0.0191333333333333
2011,"Monroe","cocaine",-1.05058981147973,0.0464
2011,"Montgomery","cocaine",-0.0883476309972188,0.398533333333333
2011,"Morgan","cocaine",-1.2170189781903,0.0294
2011,"Morrow","cocaine",-0.942334977915323,0.0529333333333333
2011,"Muskingum","cocaine",-1.2479589996618,0.0134666666666667
2011,"Noble","cocaine",-1.1693274261272,0.0329333333333333
2011,"Ottawa","cocaine",-1.29020597845697,0.0170666666666667
2011,"Paulding","cocaine",-1.31450697098412,0.0188666666666667
2011,"Perry","cocaine",-0.968867612062374,0.0532666666666667
2011,"Pickaway","cocaine",-0.429474641131609,0.211866666666667
2011,"Pike","cocaine",-1.11221940630358,0.0286666666666667
2011,"Portage","cocaine",-1.1935535212831,0.0118
2011,"Preble","cocaine",-0.929696400325484,0.0528
2011,"Putnam","cocaine",-1.21273830498157,0.0225333333333333
2011,"Richland","cocaine",-0.869698027685055,0.047
2011,"Ross","cocaine",-0.964202526993863,0.0313333333333333
2011,"Sandusky","cocaine",-1.19459773734838,0.0232
2011,"Scioto","cocaine",-0.949826050963713,0.0438
2011,"Seneca","cocaine",-1.28449037198271,0.0168666666666667
2011,"Shelby","cocaine",-1.08670002733583,0.0317333333333333
2011,"Stark","cocaine",-0.512413077283807,0.117333333333333
2011,"Summit","cocaine",-1.03020463307443,0.00746666666666667
2011,"Trumbull","cocaine",-0.609910192596117,0.1052
2011,"Tuscarawas","cocaine",-0.800077312805046,0.07
2011,"Union","cocaine",-1.14012474022701,0.0245333333333333
2011,"Van Wert","cocaine",-1.01605727026859,0.0444666666666667
2011,"Vinton","cocaine",-1.01954747827731,0.046
2011,"Warren","cocaine",-0.891437454587232,0.0337333333333333
2011,"Washington","cocaine",-1.29876558293865,0.0138666666666667
2011,"Wayne","cocaine",-0.911433213357128,0.0460666666666667
2011,"Williams","cocaine",-1.31538375177341,0.0165333333333333
2011,"Wood","cocaine",-1.37444266940581,0.0078
2011,"Wyandot","cocaine",-1.25876258285726,0.0223333333333333
2012,"Adams","cocaine",-1.21672754397254,0.0257333333333333
2012,"Allen","cocaine",-0.598358957377069,0.138666666666667
2012,"Ashland","cocaine",-1.20452801645718,0.0206
2012,"Ashtabula","cocaine",-0.944046524471825,0.0461333333333333
2012,"Athens","cocaine",-1.09647610489242,0.0355333333333333
2012,"Auglaize","cocaine",-1.25746372130068,0.0186
2012,"Belmont","cocaine",-1.41352296918893,0.00906666666666667
2012,"Brown","cocaine",-0.810141688636677,0.0846
2012,"Butler","cocaine",-0.31992262689363,0.208466666666667
2012,"Carroll","cocaine",-0.819369357903577,0.0885333333333333
2012,"Champaign","cocaine",-1.16080196376228,0.0214
2012,"Clark","cocaine",-0.734219744702727,0.0573333333333333
2012,"Clermont","cocaine",-0.636360319640718,0.100466666666667
2012,"Clinton","cocaine",-1.11180511161751,0.0304666666666667
2012,"Columbiana","cocaine",-0.687368129718015,0.0986666666666667
2012,"Coshocton","cocaine",-1.22735760775251,0.0236666666666667
2012,"Crawford","cocaine",-1.11790247134976,0.0315333333333333
2012,"Cuyahoga","cocaine",-0.718596995226386,0.000333333333333333
2012,"Darke","cocaine",-0.442202474205779,0.216066666666667
2012,"Defiance","cocaine",-1.00085367301781,0.0502
2012,"Delaware","cocaine",-1.4845808865969,0.004
2012,"Erie","cocaine",-1.24166112440892,0.0190666666666667
2012,"Fairfield","cocaine",-1.23771017248138,0.0139333333333333
2012,"Fayette","cocaine",-0.783796012520971,0.0904
2012,"Franklin","cocaine",-0.249031368252393,0.153133333333333
2012,"Fulton","cocaine",-1.0669751415517,0.0396666666666667
2012,"Gallia","cocaine",-1.21796485120581,0.0264
2012,"Geauga","cocaine",-0.742095253205113,0.0894666666666667
2012,"Greene","cocaine",-1.51256791000591,0.0022
2012,"Guernsey","cocaine",-0.891168234815834,0.0686
2012,"Hamilton","cocaine",-0.250139404937166,0.184466666666667
2012,"Hancock","cocaine",-1.21277324717264,0.0196666666666667
2012,"Hardin","cocaine",-1.23202025681751,0.0231333333333333
2012,"Harrison","cocaine",-1.087154882429,0.0432
2012,"Henry","cocaine",-1.25519654234821,0.0220666666666667
2012,"Highland","cocaine",-1.27972908474214,0.0163333333333333
2012,"Hocking","cocaine",-1.03206795060609,0.0486666666666667
2012,"Holmes","cocaine",-1.49067100484693,0.0092
2012,"Huron","cocaine",-1.28074495342997,0.0158666666666667
2012,"Jackson","cocaine",-1.03743463389988,0.0442666666666667
2012,"Jefferson","cocaine",-1.52366035457903,0.00393333333333333
2012,"Knox","cocaine",-0.848495994421729,0.0685333333333333
2012,"Lake","cocaine",-0.464404109747493,0.169066666666667
2012,"Lawrence","cocaine",-0.77562064100545,0.0886
2012,"Licking","cocaine",-1.15977411993331,0.0179333333333333
2012,"Logan","cocaine",-1.03886591819124,0.0414
2012,"Lorain","cocaine",-0.787136400778166,0.0358666666666667
2012,"Lucas","cocaine",-0.183344310065742,0.3096
2012,"Madison","cocaine",-1.09208063830912,0.0288
2012,"Mahoning","cocaine",-0.303000836903998,0.224333333333333
2012,"Marion","cocaine",0.00443227583359374,0.503666666666667
2012,"Medina","cocaine",-1.15858025265737,0.0165333333333333
2012,"Meigs","cocaine",-1.1670042826635,0.0329333333333333
2012,"Mercer","cocaine",-1.328142298403,0.0170666666666667
2012,"Miami","cocaine",-1.17565858157779,0.0162666666666667
2012,"Monroe","cocaine",-1.07128422005121,0.0548666666666667
2012,"Montgomery","cocaine",-0.377186815213005,0.148666666666667
2012,"Morgan","cocaine",-1.36496312913525,0.0209333333333333
2012,"Morrow","cocaine",-1.12206802736331,0.0334
2012,"Muskingum","cocaine",-1.36803061744806,0.0124666666666667
2012,"Noble","cocaine",-1.24885493201276,0.0284
2012,"Ottawa","cocaine",-1.20136193219878,0.0274
2012,"Paulding","cocaine",-1.33019828472905,0.0218
2012,"Perry","cocaine",-1.24654572506079,0.0262
2012,"Pickaway","cocaine",-0.539245754904508,0.165
2012,"Pike","cocaine",-1.08848525263221,0.0362
2012,"Portage","cocaine",-1.21456811739815,0.0094
2012,"Preble","cocaine",-1.02386004283673,0.0415333333333333
2012,"Putnam","cocaine",-1.11923053660202,0.0331333333333333
2012,"Richland","cocaine",-0.804777194537924,0.0551333333333333
2012,"Ross","cocaine",-0.730325152602789,0.0764
2012,"Sandusky","cocaine",-1.02367225528415,0.0409333333333333
2012,"Scioto","cocaine",-1.23717980494317,0.0170666666666667
2012,"Seneca","cocaine",-1.25289588119882,0.0204
2012,"Shelby","cocaine",-1.26456594959544,0.0209333333333333
2012,"Stark","cocaine",-0.536813940501904,0.107333333333333
2012,"Summit","cocaine",-1.10956759411526,0.00346666666666667
2012,"Trumbull","cocaine",-0.823830042226722,0.0473333333333333
2012,"Tuscarawas","cocaine",-1.01070563784024,0.0399333333333333
2012,"Union","cocaine",-1.3363250401199,0.0132666666666667
2012,"Van Wert","cocaine",-1.0948459007407,0.0392666666666667
2012,"Vinton","cocaine",-1.10982240950609,0.0421333333333333
2012,"Warren","cocaine",-0.918631668627267,0.0326666666666667
2012,"Washington","cocaine",-1.40249364007127,0.0116
2012,"Wayne","cocaine",-0.947599055515154,0.0412
2012,"Williams","cocaine",-1.22528430589332,0.0256
2012,"Wood","cocaine",-1.21493484899284,0.0154
2012,"Wyandot","cocaine",-1.29122162748954,0.022
2013,"Adams","cocaine",-1.17063730418129,0.0330666666666667
2013,"Allen","cocaine",-0.703383856287839,0.0937333333333333
2013,"Ashland","cocaine",-1.21674986699832,0.0191333333333333
2013,"Ashtabula","cocaine",-0.941327911076824,0.0462
2013,"Athens","cocaine",-1.26794879419645,0.0215333333333333
2013,"Auglaize","cocaine",-1.35041191656858,0.0146
2013,"Belmont","cocaine",-1.34808223058363,0.0109333333333333
2013,"Brown","cocaine",-0.533806316157662,0.178733333333333
2013,"Butler","cocaine",-0.0915475988037258,0.397733333333333
2013,"Carroll","cocaine",-0.997998105933213,0.0510666666666667
2013,"Champaign","cocaine",-1.07155568506292,0.03
2013,"Clark","cocaine",-0.713265525905241,0.0605333333333333
2013,"Clermont","cocaine",-0.514346991469296,0.154133333333333
2013,"Clinton","cocaine",-1.159943188166,0.0244
2013,"Columbiana","cocaine",-0.49413742073077,0.168666666666667
2013,"Coshocton","cocaine",-1.16431759975468,0.0306
2013,"Crawford","cocaine",-0.998361306211045,0.0467333333333333
2013,"Cuyahoga","cocaine",-0.744164225715744,0.000133333333333333
2013,"Darke","cocaine",-0.45405128756463,0.206466666666667
2013,"Defiance","cocaine",-1.09570485771347,0.0373333333333333
2013,"Delaware","cocaine",-1.5950198638365,0.00246666666666667
2013,"Erie","cocaine",-1.13079196122292,0.025
2013,"Fairfield","cocaine",-1.29306802832461,0.0118
2013,"Fayette","cocaine",-0.636253305910005,0.136066666666667
2013,"Franklin","cocaine",-0.550465092283583,0.00793333333333333
2013,"Fulton","cocaine",-1.19802464535685,0.0254666666666667
2013,"Gallia","cocaine",-1.15134174538757,0.0361333333333333
2013,"Geauga","cocaine",-0.975898859520791,0.0396666666666667
2013,"Greene","cocaine",-1.3933591249834,0.0038
2013,"Guernsey","cocaine",-0.725025044459684,0.1168
2013,"Hamilton","cocaine",-0.381129186324272,0.0632666666666667
2013,"Hancock","cocaine",-1.1861751108999,0.0201333333333333
2013,"Hardin","cocaine",-1.2747498077181,0.0212666666666667
2013,"Harrison","cocaine",-1.03165388423446,0.0553333333333333
2013,"Henry","cocaine",-1.31240573403945,0.0202666666666667
2013,"Highland","cocaine",-1.37028927682671,0.0132
2013,"Hocking","cocaine",-1.17151991002595,0.0324666666666667
2013,"Holmes","cocaine",-1.5876250158649,0.00753333333333333
2013,"Huron","cocaine",-1.20833280985609,0.0219333333333333
2013,"Jackson","cocaine",-0.992115518086279,0.0526666666666667
2013,"Jefferson","cocaine",-1.33563656742267,0.00846666666666667
2013,"Knox","cocaine",-0.568932903089293,0.159533333333333
2013,"Lake","cocaine",-0.647460690589521,0.0961333333333333
2013,"Lawrence","cocaine",-0.736476962229364,0.0990666666666667
2013,"Licking","cocaine",-0.973886760129669,0.0372
2013,"Logan","cocaine",-0.922936457770356,0.0605333333333333
2013,"Lorain","cocaine",-0.665919887919916,0.051
2013,"Lucas","cocaine",-0.247618764385557,0.231933333333333
2013,"Madison","cocaine",-0.98195778192771,0.0442
2013,"Mahoning","cocaine",-0.354183719905717,0.176666666666667
2013,"Marion","cocaine",-0.13561037311036,0.397933333333333
2013,"Medina","cocaine",-1.28250726131291,0.00693333333333333
2013,"Meigs","cocaine",-1.12322344840402,0.0403333333333333
2013,"Mercer","cocaine",-1.37778502077212,0.0152
2013,"Miami","cocaine",-1.17859250392568,0.0169333333333333
2013,"Monroe","cocaine",-1.23748344935923,0.0349333333333333
2013,"Montgomery","cocaine",-0.319971874496527,0.1786
2013,"Morgan","cocaine",-1.45253573366331,0.0175333333333333
2013,"Morrow","cocaine",-1.21755285494249,0.0240666666666667
2013,"Muskingum","cocaine",-1.31395475941716,0.0148
2013,"Noble","cocaine",-1.27752655974685,0.029
2013,"Ottawa","cocaine",-1.13633454024721,0.0343333333333333
2013,"Paulding","cocaine",-1.4240095505651,0.0185333333333333
2013,"Perry","cocaine",-1.41241268123783,0.0152
2013,"Pickaway","cocaine",-0.471863391134169,0.197533333333333
2013,"Pike","cocaine",-1.14356180008958,0.0342666666666667
2013,"Portage","cocaine",-1.08103523144828,0.0173333333333333
2013,"Preble","cocaine",-0.964346880053264,0.0516
2013,"Putnam","cocaine",-1.06178416824059,0.0462666666666667
2013,"Richland","cocaine",-0.536541685537467,0.130533333333333
2013,"Ross","cocaine",-0.123053814920826,0.398866666666667
2013,"Sandusky","cocaine",-1.0402198105629,0.0397333333333333
2013,"Scioto","cocaine",-1.26718059151674,0.0157333333333333
2013,"Seneca","cocaine",-1.42585086017395,0.0125333333333333
2013,"Shelby","cocaine",-1.37722906994757,0.012
2013,"Stark","cocaine",-0.292603038692041,0.235266666666667
2013,"Summit","cocaine",-0.846064955999793,0.0136666666666667
2013,"Trumbull","cocaine",-0.703584012367967,0.0582666666666667
2013,"Tuscarawas","cocaine",-0.891417414966495,0.0588666666666667
2013,"Union","cocaine",-1.47205030571861,0.00886666666666667
2013,"Van Wert","cocaine",-1.19479126127662,0.0314
2013,"Vinton","cocaine",-1.08970973388889,0.0486666666666667
2013,"Warren","cocaine",-0.882228635356486,0.0398666666666667
2013,"Washington","cocaine",-1.36303876569665,0.017
2013,"Wayne","cocaine",-0.857019663689312,0.0556
2013,"Williams","cocaine",-1.20246465155258,0.0265333333333333
2013,"Wood","cocaine",-0.940954666364446,0.0417333333333333
2013,"Wyandot","cocaine",-1.36830247857372,0.0185333333333333
2014,"Adams","cocaine",-1.37656674493973,0.0185333333333333
2014,"Allen","cocaine",-0.893971786779109,0.0453333333333333
2014,"Ashland","cocaine",-1.11261497247218,0.0303333333333333
2014,"Ashtabula","cocaine",-0.791809312674015,0.0748
2014,"Athens","cocaine",-1.41158005279825,0.0144666666666667
2014,"Auglaize","cocaine",-1.29590634016654,0.0182666666666667
2014,"Belmont","cocaine",-1.47516472935284,0.0076
2014,"Brown","cocaine",-0.655700393269243,0.129666666666667
2014,"Butler","cocaine",-0.0704504823049814,0.419066666666667
2014,"Carroll","cocaine",-1.13787252505087,0.0347333333333333
2014,"Champaign","cocaine",-0.98899721356575,0.0402
2014,"Clark","cocaine",-0.588712842483641,0.0846
2014,"Clermont","cocaine",-0.0781130118568695,0.4322
2014,"Clinton","cocaine",-1.18172488388424,0.0227333333333333
2014,"Columbiana","cocaine",-0.640306345656058,0.106266666666667
2014,"Coshocton","cocaine",-1.08619693269624,0.0434
2014,"Crawford","cocaine",-0.679986326524545,0.1202
2014,"Cuyahoga","cocaine",-0.419418313161033,0.0216
2014,"Darke","cocaine",-0.372902175130681,0.2446
2014,"Defiance","cocaine",-1.09833361368568,0.0385333333333333
2014,"Delaware","cocaine",-1.30667972642824,0.00613333333333333
2014,"Erie","cocaine",-0.794855020606291,0.0788
2014,"Fairfield","cocaine",-1.4062033339772,0.009
2014,"Fayette","cocaine",-0.265959311273982,0.320266666666667
2014,"Franklin","cocaine",-0.413130584498553,0.0329333333333333
2014,"Fulton","cocaine",-1.10795701623613,0.0338666666666667
2014,"Gallia","cocaine",-1.29249704651771,0.0186666666666667
2014,"Geauga","cocaine",-1.03914347817317,0.0341333333333333
2014,"Greene","cocaine",-0.962877329923158,0.0267333333333333
2014,"Guernsey","cocaine",-0.866141165599086,0.0758
2014,"Hamilton","cocaine",-0.184504730820626,0.209066666666667
2014,"Hancock","cocaine",-0.92836997159155,0.0523333333333333
2014,"Hardin","cocaine",-1.19947516093443,0.0294666666666667
2014,"Harrison","cocaine",-0.979865202755438,0.0632
2014,"Henry","cocaine",-1.21887828310257,0.0267333333333333
2014,"Highland","cocaine",-1.42860201207049,0.0114
2014,"Hocking","cocaine",-1.28739865385925,0.0208666666666667
2014,"Holmes","cocaine",-1.69474177832056,0.00453333333333333
2014,"Huron","cocaine",-0.930933114364873,0.0559333333333333
2014,"Jackson","cocaine",-1.13815798235836,0.0337333333333333
2014,"Jefferson","cocaine",-1.27108960896223,0.0096
2014,"Knox","cocaine",-0.865151557643428,0.0672666666666667
2014,"Lake","cocaine",-0.701469057298431,0.0785333333333333
2014,"Lawrence","cocaine",-0.927406603288686,0.0584666666666667
2014,"Licking","cocaine",-1.07822705731502,0.0281333333333333
2014,"Logan","cocaine",-0.784751013178003,0.0843333333333333
2014,"Lorain","cocaine",-0.603115263516696,0.0607333333333333
2014,"Lucas","cocaine",-0.297092116496198,0.1638
2014,"Madison","cocaine",-0.674719677950719,0.112666666666667
2014,"Mahoning","cocaine",-0.575937406230844,0.0664
2014,"Marion","cocaine",0.1890325597232,0.6486
2014,"Medina","cocaine",-1.11688722746354,0.0157333333333333
2014,"Meigs","cocaine",-1.07805658021378,0.0452
2014,"Mercer","cocaine",-1.29552141972141,0.0200666666666667
2014,"Miami","cocaine",-1.00193457931489,0.0307333333333333
2014,"Monroe","cocaine",-1.42727126931754,0.0222666666666667
2014,"Montgomery","cocaine",0.0205253179211685,0.526533333333333
2014,"Morgan","cocaine",-1.5882930174326,0.0133333333333333
2014,"Morrow","cocaine",-1.20622243873001,0.0227333333333333
2014,"Muskingum","cocaine",-1.43324686006494,0.0102666666666667
2014,"Noble","cocaine",-1.34929750510889,0.0253333333333333
2014,"Ottawa","cocaine",-0.860376494072757,0.0758
2014,"Paulding","cocaine",-1.43175679264876,0.017
2014,"Perry","cocaine",-1.57070367879895,0.00913333333333333
2014,"Pickaway","cocaine",-0.711539741580943,0.109333333333333
2014,"Pike","cocaine",-1.17891404095431,0.0281333333333333
2014,"Portage","cocaine",-0.640302982950976,0.0942666666666667
2014,"Preble","cocaine",-0.884703853551184,0.0656666666666667
2014,"Putnam","cocaine",-0.792754849392235,0.0978666666666667
2014,"Richland","cocaine",-0.461075175432051,0.151133333333333
2014,"Ross","cocaine",0.0315630817985837,0.525266666666667
2014,"Sandusky","cocaine",-0.766624750880799,0.0866
2014,"Scioto","cocaine",-1.45801491022202,0.00733333333333333
2014,"Seneca","cocaine",-1.45242075876939,0.00926666666666667
2014,"Shelby","cocaine",-1.34196329845822,0.0144
2014,"Stark","cocaine",-0.376158092328957,0.172666666666667
2014,"Summit","cocaine",-0.979293297354692,0.003
2014,"Trumbull","cocaine",-0.357918273799494,0.191466666666667
2014,"Tuscarawas","cocaine",-0.908599953053285,0.0578666666666667
2014,"Union","cocaine",-1.50228463906735,0.00746666666666667
2014,"Van Wert","cocaine",-1.12452134845499,0.0366666666666667
2014,"Vinton","cocaine",-1.09655880247504,0.0496666666666667
2014,"Warren","cocaine",-0.92644032611281,0.0335333333333333
2014,"Washington","cocaine",-1.3036162272485,0.0208666666666667
2014,"Wayne","cocaine",-0.761663030410427,0.078
2014,"Williams","cocaine",-1.01300171505001,0.0515333333333333
2014,"Wood","cocaine",-0.612804666723449,0.119933333333333
2014,"Wyandot","cocaine",-1.35445702645003,0.0198
2015,"Adams","cocaine",-1.48121796033832,0.011
2015,"Allen","cocaine",-0.718822458079638,0.0718
2015,"Ashland","cocaine",-1.0414468385641,0.0386
2015,"Ashtabula","cocaine",-0.850000104763661,0.0614666666666667
2015,"Athens","cocaine",-1.41948887485633,0.0146666666666667
2015,"Auglaize","cocaine",-1.11679806133252,0.0303333333333333
2015,"Belmont","cocaine",-1.43984435489989,0.0058
2015,"Brown","cocaine",-0.655198089413247,0.137466666666667
2015,"Butler","cocaine",-0.145693422523323,0.319733333333333
2015,"Carroll","cocaine",-1.12026312064608,0.0353333333333333
2015,"Champaign","cocaine",-0.85465690520076,0.0604666666666667
2015,"Clark","cocaine",-0.137092185791166,0.357133333333333
2015,"Clermont","cocaine",-0.0569167538300062,0.454066666666667
2015,"Clinton","cocaine",-1.31374475335582,0.0166666666666667
2015,"Columbiana","cocaine",-0.579720329951369,0.1256
2015,"Coshocton","cocaine",-1.07448506518303,0.0393333333333333
2015,"Crawford","cocaine",-0.525139435759455,0.1796
2015,"Cuyahoga","cocaine",-0.46734593867437,0.0107333333333333
2015,"Darke","cocaine",-0.301488225946007,0.2874
2015,"Defiance","cocaine",-1.26939578415953,0.0202666666666667
2015,"Delaware","cocaine",-1.11781384251047,0.0158666666666667
2015,"Erie","cocaine",-0.345765013208044,0.2562
2015,"Fairfield","cocaine",-1.54595594882585,0.00446666666666667
2015,"Fayette","cocaine",-0.645225113503917,0.131533333333333
2015,"Franklin","cocaine",-0.228994942077494,0.119066666666667
2015,"Fulton","cocaine",-0.921271384607466,0.0636
2015,"Gallia","cocaine",-1.32278199013765,0.0188
2015,"Geauga","cocaine",-1.16442454104178,0.0207333333333333
2015,"Greene","cocaine",-1.01857972329799,0.0154
2015,"Guernsey","cocaine",-1.03371133109166,0.0451333333333333
2015,"Hamilton","cocaine",-0.0603200000349955,0.378133333333333
2015,"Hancock","cocaine",-0.558871824699537,0.150066666666667
2015,"Hardin","cocaine",-1.03192637269284,0.0456666666666667
2015,"Harrison","cocaine",-1.06983494895662,0.05
2015,"Henry","cocaine",-1.11679786761721,0.0363333333333333
2015,"Highland","cocaine",-1.39784037514762,0.0132
2015,"Hocking","cocaine",-1.32168545703825,0.0212
2015,"Holmes","cocaine",-1.8120120170218,0.0028
2015,"Huron","cocaine",-1.07031252170813,0.0322
2015,"Jackson","cocaine",-1.33237148060129,0.0156666666666667
2015,"Jefferson","cocaine",-1.13292838799279,0.0158
2015,"Knox","cocaine",-0.865699608242765,0.0698666666666667
2015,"Lake","cocaine",-0.369170764883826,0.2148
2015,"Lawrence","cocaine",-0.765325762726776,0.0980666666666667
2015,"Licking","cocaine",-1.45223275914874,0.00726666666666667
2015,"Logan","cocaine",-0.569508186720862,0.149533333333333
2015,"Lorain","cocaine",-0.454185669833418,0.108
2015,"Lucas","cocaine",-0.505627745050153,0.0503333333333333
2015,"Madison","cocaine",-0.543561456484028,0.1572
2015,"Mahoning","cocaine",-0.588751604912546,0.0522666666666667
2015,"Marion","cocaine",-0.0860481190426547,0.428066666666667
2015,"Medina","cocaine",-1.15388975710716,0.0137333333333333
2015,"Meigs","cocaine",-0.880044492358045,0.0803333333333333
2015,"Mercer","cocaine",-1.34372055969785,0.0173333333333333
2015,"Miami","cocaine",-1.17723649674991,0.0133333333333333
2015,"Monroe","cocaine",-1.53581345343248,0.0149333333333333
2015,"Montgomery","cocaine",0.0702320624637411,0.609866666666667
2015,"Morgan","cocaine",-1.66245788871156,0.00986666666666667
2015,"Morrow","cocaine",-1.09585474526766,0.0324
2015,"Muskingum","cocaine",-1.40351988519566,0.0108
2015,"Noble","cocaine",-1.34490844392281,0.0246666666666667
2015,"Ottawa","cocaine",-0.635731524642402,0.138733333333333
2015,"Paulding","cocaine",-1.42983029043341,0.0168
2015,"Perry","cocaine",-1.67383118191064,0.00766666666666667
2015,"Pickaway","cocaine",-0.811375271155497,0.0856666666666667
2015,"Pike","cocaine",-1.09705643786279,0.0410666666666667
2015,"Portage","cocaine",-0.413117467521497,0.185866666666667
2015,"Preble","cocaine",-0.698989786731305,0.111933333333333
2015,"Putnam","cocaine",-0.816112238222097,0.0850666666666667
2015,"Richland","cocaine",-0.357379776295027,0.1932
2015,"Ross","cocaine",0.124256816741438,0.605666666666667
2015,"Sandusky","cocaine",-0.392609260181566,0.234466666666667
2015,"Scioto","cocaine",-1.41868556500051,0.00853333333333333
2015,"Seneca","cocaine",-1.42289063846914,0.00826666666666667
2015,"Shelby","cocaine",-1.16884804951769,0.0232666666666667
2015,"Stark","cocaine",-0.730977084683469,0.0344
2015,"Summit","cocaine",-0.991415984513841,0.00166666666666667
2015,"Trumbull","cocaine",-0.164787363374115,0.326266666666667
2015,"Tuscarawas","cocaine",-0.957905855050128,0.0482666666666667
2015,"Union","cocaine",-1.42939882500257,0.009
2015,"Van Wert","cocaine",-0.973179570266464,0.0552666666666667
2015,"Vinton","cocaine",-1.24154348799513,0.0320666666666667
2015,"Warren","cocaine",-0.677220208799654,0.0789333333333333
2015,"Washington","cocaine",-1.05389907824774,0.0471333333333333
2015,"Wayne","cocaine",-0.772352620551924,0.0780666666666667
2015,"Williams","cocaine",-0.96003918243193,0.0600666666666667
2015,"Wood","cocaine",-0.677087988151285,0.0918666666666667
2015,"Wyandot","cocaine",-1.32812567889327,0.0202666666666667
2016,"Adams","cocaine",-1.55081412679804,0.0100666666666667
2016,"Allen","cocaine",-0.76700648372202,0.0539333333333333
2016,"Ashland","cocaine",-1.13272434689094,0.027
2016,"Ashtabula","cocaine",-0.522298469488238,0.1526
2016,"Athens","cocaine",-1.5418932910146,0.011
2016,"Auglaize","cocaine",-0.970923623358481,0.0532
2016,"Belmont","cocaine",-1.32544202023371,0.00946666666666667
2016,"Brown","cocaine",-0.977230663594107,0.0496666666666667
2016,"Butler","cocaine",-0.102791844374774,0.369266666666667
2016,"Carroll","cocaine",-0.943532586903271,0.0608666666666667
2016,"Champaign","cocaine",-1.00761685842176,0.0301333333333333
2016,"Clark","cocaine",-0.279813940189742,0.214266666666667
2016,"Clermont","cocaine",-0.0531943608815925,0.457333333333333
2016,"Clinton","cocaine",-1.35932445693452,0.0134
2016,"Columbiana","cocaine",-0.837930278955379,0.0484
2016,"Coshocton","cocaine",-0.882655527781137,0.0717333333333333
2016,"Crawford","cocaine",-0.582667115980881,0.152866666666667
2016,"Cuyahoga","cocaine",-0.0363454089897233,0.4036
2016,"Darke","cocaine",-0.204105613756524,0.347533333333333
2016,"Defiance","cocaine",-1.36239239525297,0.0163333333333333
2016,"Delaware","cocaine",-0.965782413707166,0.0300666666666667
2016,"Erie","cocaine",-0.0536890643834275,0.458466666666667
2016,"Fairfield","cocaine",-1.5216310260373,0.0062
2016,"Fayette","cocaine",-0.94368348896091,0.0490666666666667
2016,"Franklin","cocaine",-0.21721675270231,0.121133333333333
2016,"Fulton","cocaine",-1.00176816177969,0.0518
2016,"Gallia","cocaine",-1.23600458229554,0.0226
2016,"Geauga","cocaine",-0.824444842791083,0.0644
2016,"Greene","cocaine",-0.881315140121678,0.0283333333333333
2016,"Guernsey","cocaine",-0.971647796074179,0.0528666666666667
2016,"Hamilton","cocaine",0.170474676490954,0.795066666666667
2016,"Hancock","cocaine",-0.495288483047377,0.181666666666667
2016,"Hardin","cocaine",-0.971659306014537,0.0543333333333333
2016,"Harrison","cocaine",-1.0231069522978,0.0542
2016,"Henry","cocaine",-1.16997774958151,0.0302
2016,"Highland","cocaine",-1.29217864834704,0.0192
2016,"Hocking","cocaine",-1.27224506909564,0.0242666666666667
2016,"Holmes","cocaine",-1.88729850829556,0.00253333333333333
2016,"Huron","cocaine",-1.12010767965322,0.0256
2016,"Jackson","cocaine",-1.4319009255763,0.0107333333333333
2016,"Jefferson","cocaine",-0.97682618580713,0.0218
2016,"Knox","cocaine",-0.72778785217827,0.1014
2016,"Lake","cocaine",-0.234434246196958,0.2968
2016,"Lawrence","cocaine",-0.637650425712325,0.137466666666667
2016,"Licking","cocaine",-1.78983728551405,0.0014
2016,"Logan","cocaine",-0.300831318796842,0.2824
2016,"Lorain","cocaine",-0.132545788291549,0.327866666666667
2016,"Lucas","cocaine",-0.23514589282111,0.2202
2016,"Madison","cocaine",-0.444464291950309,0.2048
2016,"Mahoning","cocaine",-0.336919938683283,0.1458
2016,"Marion","cocaine",0.0273805777023258,0.521866666666667
2016,"Medina","cocaine",-0.804552992471137,0.0562666666666667
2016,"Meigs","cocaine",-0.486267099658134,0.213733333333333
2016,"Mercer","cocaine",-1.31223070289925,0.0188666666666667
2016,"Miami","cocaine",-0.949512294452098,0.0262
2016,"Monroe","cocaine",-1.61450981678312,0.0119333333333333
2016,"Montgomery","cocaine",-0.150460095771908,0.229066666666667
2016,"Morgan","cocaine",-1.70232431656666,0.00953333333333333
2016,"Morrow","cocaine",-0.775529376113677,0.0915333333333333
2016,"Muskingum","cocaine",-1.19267852515915,0.0208
2016,"Noble","cocaine",-1.29375039641608,0.0296
2016,"Ottawa","cocaine",-0.747421783856604,0.105266666666667
2016,"Paulding","cocaine",-1.45438609425978,0.014
2016,"Perry","cocaine",-1.72481018392891,0.00593333333333333
2016,"Pickaway","cocaine",-0.819591760565713,0.0806666666666667
2016,"Pike","cocaine",-1.08325637702168,0.0366666666666667
2016,"Portage","cocaine",-0.704287197139905,0.0708666666666667
2016,"Preble","cocaine",-0.24686877809162,0.325133333333333
2016,"Putnam","cocaine",-0.871361068696703,0.0758666666666667
2016,"Richland","cocaine",-0.304454191106814,0.2154
2016,"Ross","cocaine",0.0674094955979128,0.5616
2016,"Sandusky","cocaine",-0.257157664295311,0.312533333333333
2016,"Scioto","cocaine",-1.16454548297291,0.0220666666666667
2016,"Seneca","cocaine",-1.29574090235095,0.0149333333333333
2016,"Shelby","cocaine",-0.75966772889101,0.0896666666666667
2016,"Stark","cocaine",-0.541639867266036,0.0781333333333333
2016,"Summit","cocaine",-0.478339528602859,0.0366666666666667
2016,"Trumbull","cocaine",-0.178484717327203,0.2946
2016,"Tuscarawas","cocaine",-0.976368333651846,0.0420666666666667
2016,"Union","cocaine",-1.27498975835713,0.0172666666666667
2016,"Van Wert","cocaine",-0.908788077256528,0.064
2016,"Vinton","cocaine",-1.30613888072499,0.0223333333333333
2016,"Warren","cocaine",-0.0939096385140231,0.416466666666667
2016,"Washington","cocaine",-0.804701421352347,0.0953333333333333
2016,"Wayne","cocaine",-0.707162220330981,0.0908666666666667
2016,"Williams","cocaine",-0.996017185136689,0.0542666666666667
2016,"Wood","cocaine",-0.768327381096766,0.0676
2016,"Wyandot","cocaine",-1.26870946856251,0.0271333333333333
2017,"Adams","cocaine",-1.48648843213462,0.0096
2017,"Allen","cocaine",-1.04389430591146,0.014
2017,"Ashland","cocaine",-1.47456334474826,0.00733333333333333
2017,"Ashtabula","cocaine",-0.923720484032297,0.0412666666666667
2017,"Athens","cocaine",-1.53108067582692,0.0107333333333333
2017,"Auglaize","cocaine",-1.01263484376937,0.0459333333333333
2017,"Belmont","cocaine",-0.878829690116067,0.0478666666666667
2017,"Brown","cocaine",-1.18513013719547,0.0256
2017,"Butler","cocaine",-0.15537296846473,0.292333333333333
2017,"Carroll","cocaine",-0.720521807828838,0.108933333333333
2017,"Champaign","cocaine",-0.537680487980118,0.152733333333333
2017,"Clark","cocaine",-0.333253095320945,0.154
2017,"Clermont","cocaine",-0.0965968730674558,0.424666666666667
2017,"Clinton","cocaine",-1.15904810997354,0.0252666666666667
2017,"Columbiana","cocaine",-0.553920402160962,0.1296
2017,"Coshocton","cocaine",-0.893841228012229,0.0654
2017,"Crawford","cocaine",-0.611840892225197,0.143066666666667
2017,"Cuyahoga","cocaine",-0.141252941958887,0.148733333333333
2017,"Darke","cocaine",-0.120749674001099,0.409333333333333
2017,"Defiance","cocaine",-1.38845218375393,0.0167333333333333
2017,"Delaware","cocaine",-0.556944044189182,0.116466666666667
2017,"Erie","cocaine",-0.218162458010817,0.3352
2017,"Fairfield","cocaine",-1.21523510538433,0.0154
2017,"Fayette","cocaine",-0.997733623010272,0.0415333333333333
2017,"Franklin","cocaine",-0.424905375540025,0.0048
2017,"Fulton","cocaine",-1.33385632005499,0.0188
2017,"Gallia","cocaine",-1.08881310297875,0.0318666666666667
2017,"Geauga","cocaine",-0.970405331685454,0.0410666666666667
2017,"Greene","cocaine",-0.131001151184366,0.379733333333333
2017,"Guernsey","cocaine",-1.19468783110884,0.0245333333333333
2017,"Hamilton","cocaine",0.0585543906679302,0.6442
2017,"Hancock","cocaine",-0.324894032895342,0.267733333333333
2017,"Hardin","cocaine",-0.964147745118163,0.0568
2017,"Harrison","cocaine",-0.843999389562378,0.09
2017,"Henry","cocaine",-1.13294249211448,0.0351333333333333
2017,"Highland","cocaine",-1.18890911014779,0.0266666666666667
2017,"Hocking","cocaine",-1.02210274568828,0.051
2017,"Holmes","cocaine",-1.96613256362436,0.00193333333333333
2017,"Huron","cocaine",-1.101446129209,0.0263333333333333
2017,"Jackson","cocaine",-1.39880254218704,0.00913333333333333
2017,"Jefferson","cocaine",-1.14865895755953,0.0054
2017,"Knox","cocaine",-1.05775851336278,0.0385333333333333
2017,"Lake","cocaine",0.0386317661487807,0.5362
2017,"Lawrence","cocaine",-0.616377900140222,0.1372
2017,"Licking","cocaine",-1.90767959459513,0.000866666666666667
2017,"Logan","cocaine",-0.54247499986888,0.1552
2017,"Lorain","cocaine",-0.457971116556227,0.0589333333333333
2017,"Lucas","cocaine",-0.245312758269925,0.179866666666667
2017,"Madison","cocaine",-0.225256194715949,0.331666666666667
2017,"Mahoning","cocaine",0.117886531672167,0.664066666666667
2017,"Marion","cocaine",-0.448578355475199,0.175866666666667
2017,"Medina","cocaine",-1.04998261402572,0.0232666666666667
2017,"Meigs","cocaine",-0.760146221187444,0.107533333333333
2017,"Mercer","cocaine",-1.41766448125954,0.0120666666666667
2017,"Miami","cocaine",-0.724686374639009,0.0615333333333333
2017,"Monroe","cocaine",-1.63252035919266,0.0098
2017,"Montgomery","cocaine",-0.0413073517159968,0.4048
2017,"Morgan","cocaine",-1.71323680900686,0.0082
2017,"Morrow","cocaine",-0.56571924792056,0.168933333333333
2017,"Muskingum","cocaine",-0.886726058771284,0.0554
2017,"Noble","cocaine",-1.14210533594853,0.0436666666666667
2017,"Ottawa","cocaine",-1.2605374139748,0.0217333333333333
2017,"Paulding","cocaine",-1.50959538343757,0.0136666666666667
2017,"Perry","cocaine",-1.67863237606643,0.00626666666666667
2017,"Pickaway","cocaine",-0.582859537749771,0.147466666666667
2017,"Pike","cocaine",-1.10207275247908,0.0357333333333333
2017,"Portage","cocaine",-0.927268448787923,0.0273333333333333
2017,"Preble","cocaine",-0.610289297171705,0.141533333333333
2017,"Putnam","cocaine",-1.17521763938621,0.0283333333333333
2017,"Richland","cocaine",-0.1184219501084,0.3758
2017,"Ross","cocaine",-0.110191138217739,0.403133333333333
2017,"Sandusky","cocaine",-0.599430891967832,0.136133333333333
2017,"Scioto","cocaine",-0.962820503696001,0.0340666666666667
2017,"Seneca","cocaine",-1.00081044707652,0.0439333333333333
2017,"Shelby","cocaine",-0.537838622234111,0.152533333333333
2017,"Stark","cocaine",-0.713422985560985,0.0305333333333333
2017,"Summit","cocaine",-0.376119006912799,0.069
2017,"Trumbull","cocaine",0.0182494694596385,0.522333333333333
2017,"Tuscarawas","cocaine",-0.942606041040742,0.0461333333333333
2017,"Union","cocaine",-1.08569579830237,0.0294666666666667
2017,"Van Wert","cocaine",-1.00254582564016,0.0510666666666667
2017,"Vinton","cocaine",-1.32247721316856,0.0214
2017,"Warren","cocaine",-0.261054417073842,0.286
2017,"Washington","cocaine",-0.912221779598011,0.0745333333333333
2017,"Wayne","cocaine",-1.21176194426489,0.0146666666666667
2017,"Williams","cocaine",-1.36273438952465,0.0185333333333333
2017,"Wood","cocaine",-1.06785041949311,0.0224666666666667
2017,"Wyandot","cocaine",-1.37522692671437,0.0200666666666667
2018,"Adams","cocaine",-1.30493901661237,0.0177333333333333
2018,"Allen","cocaine",-1.02369788175801,0.0207333333333333
2018,"Ashland","cocaine",-1.5751184214358,0.00446666666666667
2018,"Ashtabula","cocaine",-1.09530472678465,0.0207333333333333
2018,"Athens","cocaine",-1.32056373703821,0.0152
2018,"Auglaize","cocaine",-1.48468927466824,0.00953333333333333
2018,"Belmont","cocaine",-1.19544557640106,0.01
2018,"Brown","cocaine",-1.11435372909831,0.0323333333333333
2018,"Butler","cocaine",-0.345213514853862,0.135733333333333
2018,"Carroll","cocaine",-0.866024551895967,0.0674666666666667
2018,"Champaign","cocaine",-1.11667933365186,0.0178
2018,"Clark","cocaine",-0.85319926302407,0.00726666666666667
2018,"Clermont","cocaine",-0.471350714827793,0.169666666666667
2018,"Clinton","cocaine",-1.21521628852737,0.0228
2018,"Columbiana","cocaine",-1.14025925604448,0.0124666666666667
2018,"Coshocton","cocaine",-1.03558365974964,0.0396666666666667
2018,"Crawford","cocaine",-0.994606664155004,0.0449333333333333
2018,"Cuyahoga","cocaine",-0.280930895987529,0.0317333333333333
2018,"Darke","cocaine",-0.791311670751908,0.07
2018,"Defiance","cocaine",-1.47603540010841,0.0124666666666667
2018,"Delaware","cocaine",-0.722628300059325,0.0602666666666667
2018,"Erie","cocaine",-0.905819367702339,0.0512666666666667
2018,"Fairfield","cocaine",-1.30692856178092,0.0056
2018,"Fayette","cocaine",-1.27404020864923,0.0142
2018,"Franklin","cocaine",-0.52272641432239,0
2018,"Fulton","cocaine",-1.4357673751527,0.0132
2018,"Gallia","cocaine",-1.12693825435905,0.0252666666666667
2018,"Geauga","cocaine",-1.29190012011338,0.0122
2018,"Greene","cocaine",-0.519686550787734,0.121533333333333
2018,"Guernsey","cocaine",-1.41662234795528,0.0084
2018,"Hamilton","cocaine",-0.409351061745945,0.0076
2018,"Hancock","cocaine",-0.744477168076033,0.0919333333333333
2018,"Hardin","cocaine",-1.21122848772517,0.0260666666666667
2018,"Harrison","cocaine",-1.00952378902366,0.0515333333333333
2018,"Henry","cocaine",-0.903654796600616,0.0700666666666667
2018,"Highland","cocaine",-1.30208790467879,0.0154
2018,"Hocking","cocaine",-1.25468088312028,0.0232666666666667
2018,"Holmes","cocaine",-1.99333508554598,0.000933333333333333
2018,"Huron","cocaine",-1.34168774710679,0.0104666666666667
2018,"Jackson","cocaine",-1.23777151555131,0.0192666666666667
2018,"Jefferson","cocaine",-1.48624266223387,0.000466666666666667
2018,"Knox","cocaine",-1.19542137808485,0.022
2018,"Lake","cocaine",-0.143010450815897,0.3622
2018,"Lawrence","cocaine",-0.522928787970292,0.1706
2018,"Licking","cocaine",-1.62228232742675,0.00206666666666667
2018,"Logan","cocaine",-0.757516120310188,0.085
2018,"Lorain","cocaine",-0.431513138527182,0.0758
2018,"Lucas","cocaine",-0.129719601652074,0.333266666666667
2018,"Madison","cocaine",-0.574593259721671,0.140466666666667
2018,"Mahoning","cocaine",-0.463418325980374,0.0387333333333333
2018,"Marion","cocaine",-0.654837115104585,0.0869333333333333
2018,"Medina","cocaine",-0.922579633932101,0.0377333333333333
2018,"Meigs","cocaine",-0.901451336202857,0.0706
2018,"Mercer","cocaine",-1.71735292057293,0.00493333333333333
2018,"Miami","cocaine",-0.924480093006063,0.0299333333333333
2018,"Monroe","cocaine",-1.59762559183388,0.0108
2018,"Montgomery","cocaine",-0.73303742238369,4e-04
2018,"Morgan","cocaine",-1.63072004965495,0.0098
2018,"Morrow","cocaine",-0.944446313496148,0.0524666666666667
2018,"Muskingum","cocaine",-0.438930218348624,0.186333333333333
2018,"Noble","cocaine",-1.08907263738419,0.0473333333333333
2018,"Ottawa","cocaine",-1.56341402387065,0.00793333333333333
2018,"Paulding","cocaine",-1.49124314261357,0.0168666666666667
2018,"Perry","cocaine",-1.49299469925316,0.0109333333333333
2018,"Pickaway","cocaine",-0.629918419205414,0.127866666666667
2018,"Pike","cocaine",-1.32752013080234,0.0139333333333333
2018,"Portage","cocaine",-1.24202831923111,0.00473333333333333
2018,"Preble","cocaine",-0.944763500269894,0.0526666666666667
2018,"Putnam","cocaine",-1.29955706315027,0.0210666666666667
2018,"Richland","cocaine",-0.904098189926587,0.00906666666666667
2018,"Ross","cocaine",-0.112070545743059,0.399
2018,"Sandusky","cocaine",-0.942112105989984,0.0474
2018,"Scioto","cocaine",-0.981743235728859,0.0277333333333333
2018,"Seneca","cocaine",-1.07489775504862,0.0345333333333333
2018,"Shelby","cocaine",-0.948115929124049,0.0442666666666667
2018,"Stark","cocaine",-1.01709588992282,0.0024
2018,"Summit","cocaine",-0.990547682338611,0.000333333333333333
2018,"Trumbull","cocaine",-0.647778621215637,0.0245333333333333
2018,"Tuscarawas","cocaine",-1.15166229182082,0.0192666666666667
2018,"Union","cocaine",-0.786724624603653,0.0787333333333333
2018,"Van Wert","cocaine",-1.38654390142847,0.015
2018,"Vinton","cocaine",-1.22357692889019,0.0302666666666667
2018,"Warren","cocaine",-0.761851975005685,0.0564666666666667
2018,"Washington","cocaine",-0.798523022190695,0.0844666666666667
2018,"Wayne","cocaine",-1.81300194079672,8e-04
2018,"Williams","cocaine",-1.5176763250172,0.0114666666666667
2018,"Wood","cocaine",-1.53093239646319,0.00246666666666667
2018,"Wyandot","cocaine",-1.41439443111757,0.0152666666666667
2019,"Adams","cocaine",-1.3277148058131,0.0182666666666667
2019,"Allen","cocaine",-1.29254485554059,0.007
2019,"Ashland","cocaine",-1.67944652076132,0.00173333333333333
2019,"Ashtabula","cocaine",-1.56067994358864,0.00206666666666667
2019,"Athens","cocaine",-1.21814325709503,0.0239333333333333
2019,"Auglaize","cocaine",-1.71448386644363,0.00426666666666667
2019,"Belmont","cocaine",-0.800387721667079,0.0535333333333333
2019,"Brown","cocaine",-1.23685696631308,0.0212666666666667
2019,"Butler","cocaine",-0.921651148115726,0.00106666666666667
2019,"Carroll","cocaine",-1.08643456060335,0.0352
2019,"Champaign","cocaine",-1.31249044602967,0.00693333333333333
2019,"Clark","cocaine",-0.888662693785622,0.0078
2019,"Clermont","cocaine",-0.780825595094978,0.0603333333333333
2019,"Clinton","cocaine",-1.02102902760053,0.042
2019,"Columbiana","cocaine",-0.946420417573134,0.0266
2019,"Coshocton","cocaine",-1.35471147949708,0.00993333333333333
2019,"Crawford","cocaine",-1.15957964619854,0.0220666666666667
2019,"Cuyahoga","cocaine",-0.615682683507355,6.66666666666667e-05
2019,"Darke","cocaine",-1.00953694938193,0.0354666666666667
2019,"Defiance","cocaine",-1.65869269531856,0.0068
2019,"Delaware","cocaine",-0.995874019048379,0.0204
2019,"Erie","cocaine",-1.25970420428394,0.0147333333333333
2019,"Fairfield","cocaine",-1.26769960926749,0.00546666666666667
2019,"Fayette","cocaine",-1.44225851412163,0.0072
2019,"Franklin","cocaine",-0.854493573930445,0
2019,"Fulton","cocaine",-1.54887428646556,0.00893333333333333
2019,"Gallia","cocaine",-1.34061016531517,0.0120666666666667
2019,"Geauga","cocaine",-0.99970118856496,0.0348
2019,"Greene","cocaine",-0.631360157471394,0.0850666666666667
2019,"Guernsey","cocaine",-1.49325287146425,0.0076
2019,"Hamilton","cocaine",-0.495117892154046,0.00246666666666667
2019,"Hancock","cocaine",-1.36689262648901,0.0103333333333333
2019,"Hardin","cocaine",-1.47504287810997,0.00973333333333333
2019,"Harrison","cocaine",-1.23192159348928,0.0272
2019,"Henry","cocaine",-0.828902259233126,0.088
2019,"Highland","cocaine",-1.25033539307185,0.0175333333333333
2019,"Hocking","cocaine",-1.39920049525239,0.0128666666666667
2019,"Holmes","cocaine",-1.976175231182,0.00173333333333333
2019,"Huron","cocaine",-1.17299667568288,0.0196
2019,"Jackson","cocaine",-1.42657440610797,0.00926666666666667
2019,"Jefferson","cocaine",-1.44113588826935,0.000333333333333333
2019,"Knox","cocaine",-1.17621531552529,0.0211333333333333
2019,"Lake","cocaine",-0.460544159363534,0.125133333333333
2019,"Lawrence","cocaine",-0.867485834533417,0.0616666666666667
2019,"Licking","cocaine",-1.46905596463749,0.00286666666666667
2019,"Logan","cocaine",-0.984643660909766,0.0392666666666667
2019,"Lorain","cocaine",-0.334144212722348,0.14
2019,"Lucas","cocaine",-0.472889780333833,0.0310666666666667
2019,"Madison","cocaine",-0.729097109124803,0.0945333333333333
2019,"Mahoning","cocaine",-0.659682527805801,0.00513333333333333
2019,"Marion","cocaine",-0.879045901321462,0.0316666666666667
2019,"Medina","cocaine",-1.24183891789371,0.0107333333333333
2019,"Meigs","cocaine",-1.14739243463194,0.0334666666666667
2019,"Mercer","cocaine",-1.86022774165471,0.00346666666666667
2019,"Miami","cocaine",-0.963373487974442,0.0254
2019,"Monroe","cocaine",-1.61631263248676,0.0092
2019,"Montgomery","cocaine",-0.993621535633982,0
2019,"Morgan","cocaine",-1.63398743566186,0.00853333333333333
2019,"Morrow","cocaine",-1.1064661703273,0.03
2019,"Muskingum","cocaine",-0.56113669555182,0.127466666666667
2019,"Noble","cocaine",-1.25890686606883,0.0281333333333333
2019,"Ottawa","cocaine",-1.60444624602761,0.00693333333333333
2019,"Paulding","cocaine",-1.64679669882733,0.0103333333333333
2019,"Perry","cocaine",-1.50419586509897,0.00993333333333333
2019,"Pickaway","cocaine",-0.372311774060887,0.236866666666667
2019,"Pike","cocaine",-1.58067912802485,0.00533333333333333
2019,"Portage","cocaine",-1.47651851076948,8e-04
2019,"Preble","cocaine",-0.8682745723181,0.0662666666666667
2019,"Putnam","cocaine",-1.45043135988714,0.0138
2019,"Richland","cocaine",-0.70703700687495,0.0277333333333333
2019,"Ross","cocaine",-0.618132573826183,0.0878666666666667
2019,"Sandusky","cocaine",-0.94948248054079,0.0469333333333333
2019,"Scioto","cocaine",-1.13636148686955,0.0128
2019,"Seneca","cocaine",-0.969964678021069,0.0514666666666667
2019,"Shelby","cocaine",-1.01367621812908,0.0366
2019,"Stark","cocaine",-0.879086491840712,0.00406666666666667
2019,"Summit","cocaine",-1.05733303224007,6.66666666666667e-05
2019,"Trumbull","cocaine",-0.520175875022817,0.0478
2019,"Tuscarawas","cocaine",-1.40679750741434,0.00693333333333333
2019,"Union","cocaine",-0.791297974584037,0.0782
2019,"Van Wert","cocaine",-1.59041850774999,0.00793333333333333
2019,"Vinton","cocaine",-1.15029959336191,0.0353333333333333
2019,"Warren","cocaine",-1.06430730307956,0.0162666666666667
2019,"Washington","cocaine",-0.94272388411944,0.0541333333333333
2019,"Wayne","cocaine",-1.95613246251287,0.000666666666666667
2019,"Williams","cocaine",-1.51401709316367,0.0118666666666667
2019,"Wood","cocaine",-1.54235129675301,0.00293333333333333
2019,"Wyandot","cocaine",-1.54696357674467,0.00953333333333333
2020,"Adams","cocaine",-1.29720088481949,0.0218666666666667
2020,"Allen","cocaine",-1.17893110676327,0.0121333333333333
2020,"Ashland","cocaine",-1.59899051946607,0.0044
2020,"Ashtabula","cocaine",-1.80339400634274,0.0016
2020,"Athens","cocaine",-1.21080815678039,0.0262666666666667
2020,"Auglaize","cocaine",-1.76629718174541,0.00293333333333333
2020,"Belmont","cocaine",-1.08431063651093,0.0185333333333333
2020,"Brown","cocaine",-1.47727016525257,0.0104
2020,"Butler","cocaine",-0.766483173764278,0.0058
2020,"Carroll","cocaine",-1.19282345835302,0.0248666666666667
2020,"Champaign","cocaine",-1.54505642726585,0.003
2020,"Clark","cocaine",-1.38428187288331,2e-04
2020,"Clermont","cocaine",-1.02491031247914,0.023
2020,"Clinton","cocaine",-1.34238079873472,0.0134666666666667
2020,"Columbiana","cocaine",-0.985113854938707,0.0249333333333333
2020,"Coshocton","cocaine",-1.46719809808675,0.00733333333333333
2020,"Crawford","cocaine",-1.16364249628125,0.0258
2020,"Cuyahoga","cocaine",-0.697146641053895,6.66666666666667e-05
2020,"Darke","cocaine",-1.21426726799233,0.0193333333333333
2020,"Defiance","cocaine",-1.69718959347301,0.0052
2020,"Delaware","cocaine",-1.31787252608447,0.00386666666666667
2020,"Erie","cocaine",-1.10869262537342,0.0248
2020,"Fairfield","cocaine",-0.756948302349095,0.0604
2020,"Fayette","cocaine",-1.39483375234202,0.00993333333333333
2020,"Franklin","cocaine",-0.96099484825701,0
2020,"Fulton","cocaine",-1.4736370477897,0.0105333333333333
2020,"Gallia","cocaine",-1.48087210215029,0.00713333333333333
2020,"Geauga","cocaine",-1.14595076008644,0.0212666666666667
2020,"Greene","cocaine",-0.866063020309195,0.0402666666666667
2020,"Guernsey","cocaine",-1.61960269595972,0.00306666666666667
2020,"Hamilton","cocaine",-0.671992996315722,0
2020,"Hancock","cocaine",-1.60476517429791,0.00433333333333333
2020,"Hardin","cocaine",-1.56853943373251,0.0086
2020,"Harrison","cocaine",-1.33059431452881,0.019
2020,"Henry","cocaine",-0.853044834654184,0.0848
2020,"Highland","cocaine",-1.07551886743674,0.0356
2020,"Hocking","cocaine",-1.33300011825848,0.0164
2020,"Holmes","cocaine",-1.93325434976585,0.00233333333333333
2020,"Huron","cocaine",-1.14830369691038,0.0212666666666667
2020,"Jackson","cocaine",-1.54508568403758,0.00646666666666667
2020,"Jefferson","cocaine",-1.15873677407405,0.00386666666666667
2020,"Knox","cocaine",-1.14034685012964,0.0230666666666667
2020,"Lake","cocaine",-0.693523945363515,0.0527333333333333
2020,"Lawrence","cocaine",-1.0115031646248,0.0404666666666667
2020,"Licking","cocaine",-1.55309772585296,0.00173333333333333
2020,"Logan","cocaine",-1.11021379558971,0.0266
2020,"Lorain","cocaine",-0.438469193784548,0.0933333333333333
2020,"Lucas","cocaine",-0.346296741448084,0.0827333333333333
2020,"Madison","cocaine",-1.15798652163496,0.0244666666666667
2020,"Mahoning","cocaine",-0.767856935708318,0.00233333333333333
2020,"Marion","cocaine",-0.820107133712929,0.0480666666666667
2020,"Medina","cocaine",-1.3904401536615,0.00626666666666667
2020,"Meigs","cocaine",-1.33083468101661,0.0199333333333333
2020,"Mercer","cocaine",-1.88316716700997,0.0036
2020,"Miami","cocaine",-1.40587956176702,0.0048
2020,"Monroe","cocaine",-1.63607213133859,0.0110666666666667
2020,"Montgomery","cocaine",-1.03660570554854,0
2020,"Morgan","cocaine",-1.62958402197043,0.011
2020,"Morrow","cocaine",-0.799983092275372,0.0842
2020,"Muskingum","cocaine",-0.764651236634438,0.0612666666666667
2020,"Noble","cocaine",-1.35028691455859,0.0206666666666667
2020,"Ottawa","cocaine",-1.5210708625562,0.01
2020,"Paulding","cocaine",-1.67052693469777,0.0113333333333333
2020,"Perry","cocaine",-1.59422263194554,0.00706666666666667
2020,"Pickaway","cocaine",-0.454438119464812,0.195266666666667
2020,"Pike","cocaine",-1.61977966443001,0.00593333333333333
2020,"Portage","cocaine",-1.50250504718205,8e-04
2020,"Preble","cocaine",-1.31269518848948,0.0123333333333333
2020,"Putnam","cocaine",-1.40308612619424,0.0175333333333333
2020,"Richland","cocaine",-0.817585781185482,0.0166666666666667
2020,"Ross","cocaine",-0.596378186654795,0.0877333333333333
2020,"Sandusky","cocaine",-1.33486876644194,0.0113333333333333
2020,"Scioto","cocaine",-1.1516970968609,0.0108
2020,"Seneca","cocaine",-1.07107719520312,0.0390666666666667
2020,"Shelby","cocaine",-1.2615989655615,0.0156
2020,"Stark","cocaine",-0.903824969831595,0.0026
2020,"Summit","cocaine",-1.2024942450001,0
2020,"Trumbull","cocaine",-0.556237560376535,0.0484666666666667
2020,"Tuscarawas","cocaine",-1.61826651300983,0.00286666666666667
2020,"Union","cocaine",-0.955546688269689,0.0510666666666667
2020,"Van Wert","cocaine",-1.64999422148264,0.00766666666666667
2020,"Vinton","cocaine",-1.10003696072617,0.0445333333333333
2020,"Warren","cocaine",-1.06800326213723,0.0186
2020,"Washington","cocaine",-1.23104084858596,0.023
2020,"Wayne","cocaine",-2.14339693365593,0.000133333333333333
2020,"Williams","cocaine",-1.5954817648351,0.00906666666666667
2020,"Wood","cocaine",-1.69342122502857,0.0014
2020,"Wyandot","cocaine",-1.58056957849222,0.00893333333333333
2010,"Adams","psychostimulant",1.71994557395502,0.991266666666667
2010,"Allen","psychostimulant",1.63520295914136,0.985866666666667
2010,"Ashland","psychostimulant",1.7020275429898,0.990733333333333
2010,"Ashtabula","psychostimulant",1.67620399076596,0.988733333333333
2010,"Athens","psychostimulant",1.6848625153294,0.988866666666667
2010,"Auglaize","psychostimulant",1.62074413309581,0.987933333333333
2010,"Belmont","psychostimulant",1.65714543166464,0.989
2010,"Brown","psychostimulant",1.74061885925705,0.991733333333333
2010,"Butler","psychostimulant",1.7726433509654,0.993733333333333
2010,"Carroll","psychostimulant",1.66261843341815,0.989733333333333
2010,"Champaign","psychostimulant",1.64304563292594,0.988733333333333
2010,"Clark","psychostimulant",1.62341715314662,0.986666666666667
2010,"Clermont","psychostimulant",1.6936173806824,0.990533333333333
2010,"Clinton","psychostimulant",1.69910327349352,0.991133333333333
2010,"Columbiana","psychostimulant",1.64455551952822,0.988733333333333
2010,"Coshocton","psychostimulant",1.70029385103263,0.989866666666667
2010,"Crawford","psychostimulant",1.66570036342823,0.988533333333333
2010,"Cuyahoga","psychostimulant",1.62857318854758,0.9906
2010,"Darke","psychostimulant",1.66396328248514,0.989066666666667
2010,"Defiance","psychostimulant",1.65885723810412,0.987466666666667
2010,"Delaware","psychostimulant",1.69176554910041,0.990066666666667
2010,"Erie","psychostimulant",1.649021026426,0.9892
2010,"Fairfield","psychostimulant",1.68148560920464,0.991466666666667
2010,"Fayette","psychostimulant",1.69461153204497,0.9896
2010,"Franklin","psychostimulant",1.69810577337697,0.992333333333333
2010,"Fulton","psychostimulant",1.6675461346518,0.988666666666667
2010,"Gallia","psychostimulant",1.66062831846011,0.987466666666667
2010,"Geauga","psychostimulant",1.65349742742579,0.987533333333333
2010,"Greene","psychostimulant",1.61190110846769,0.9862
2010,"Guernsey","psychostimulant",1.71184263082783,0.990533333333333
2010,"Hamilton","psychostimulant",1.66400910297341,0.9904
2010,"Hancock","psychostimulant",1.64599054332153,0.987933333333333
2010,"Hardin","psychostimulant",1.65365351928101,0.9886
2010,"Harrison","psychostimulant",1.68463847385055,0.989266666666667
2010,"Henry","psychostimulant",1.63492149141849,0.986666666666667
2010,"Highland","psychostimulant",1.71199103393154,0.989866666666667
2010,"Hocking","psychostimulant",1.66626992381905,0.9916
2010,"Holmes","psychostimulant",1.64857521470242,0.987933333333333
2010,"Huron","psychostimulant",1.70723498651023,0.990866666666667
2010,"Jackson","psychostimulant",1.68375016115154,0.9896
2010,"Jefferson","psychostimulant",1.66053221650164,0.988266666666667
2010,"Knox","psychostimulant",1.73685381137991,0.991866666666667
2010,"Lake","psychostimulant",1.77133866851403,0.993066666666667
2010,"Lawrence","psychostimulant",1.66110351642037,0.9882
2010,"Licking","psychostimulant",1.7568480179357,0.991333333333333
2010,"Logan","psychostimulant",1.65898961162556,0.989066666666667
2010,"Lorain","psychostimulant",1.64189047184212,0.9884
2010,"Lucas","psychostimulant",1.5766753963415,0.984933333333333
2010,"Madison","psychostimulant",1.66856775993622,0.9892
2010,"Mahoning","psychostimulant",1.71213348464219,0.992066666666667
2010,"Marion","psychostimulant",1.68118729837931,0.988266666666667
2010,"Medina","psychostimulant",1.66877634944953,0.988466666666667
2010,"Meigs","psychostimulant",1.72728545483202,0.992666666666667
2010,"Mercer","psychostimulant",1.63747067482401,0.987333333333333
2010,"Miami","psychostimulant",1.63135496112807,0.985666666666667
2010,"Monroe","psychostimulant",1.66873724009928,0.987466666666667
2010,"Montgomery","psychostimulant",1.60529427143933,0.988933333333333
2010,"Morgan","psychostimulant",1.66269799410234,0.99
2010,"Morrow","psychostimulant",1.67032259166933,0.9898
2010,"Muskingum","psychostimulant",1.63713651335614,0.987466666666667
2010,"Noble","psychostimulant",1.696156530146,0.9906
2010,"Ottawa","psychostimulant",1.6350976188096,0.986533333333333
2010,"Paulding","psychostimulant",1.65854573261776,0.987733333333333
2010,"Perry","psychostimulant",1.68151454119745,0.990066666666667
2010,"Pickaway","psychostimulant",1.71711473793602,0.9906
2010,"Pike","psychostimulant",1.75683807536592,0.9922
2010,"Portage","psychostimulant",1.64343630234201,0.987533333333333
2010,"Preble","psychostimulant",1.65423222800923,0.988533333333333
2010,"Putnam","psychostimulant",1.63086433410363,0.985733333333333
2010,"Richland","psychostimulant",1.62788246281655,0.988666666666667
2010,"Ross","psychostimulant",1.75202139318692,0.9922
2010,"Sandusky","psychostimulant",1.66720424174895,0.987666666666667
2010,"Scioto","psychostimulant",1.66452825467998,0.989266666666667
2010,"Seneca","psychostimulant",1.61853344817559,0.985066666666667
2010,"Shelby","psychostimulant",1.65578347528763,0.988733333333333
2010,"Stark","psychostimulant",1.67068857405205,0.990666666666667
2010,"Summit","psychostimulant",1.6412888562083,0.990133333333333
2010,"Trumbull","psychostimulant",1.75494143964422,0.992866666666667
2010,"Tuscarawas","psychostimulant",1.67383326392259,0.9888
2010,"Union","psychostimulant",1.64752055981739,0.9868
2010,"Van Wert","psychostimulant",1.65109759148461,0.9878
2010,"Vinton","psychostimulant",1.70560430879943,0.990266666666667
2010,"Warren","psychostimulant",1.6639912249522,0.9904
2010,"Washington","psychostimulant",1.65435925743104,0.9878
2010,"Wayne","psychostimulant",1.75082908637794,0.9914
2010,"Williams","psychostimulant",1.65529058607081,0.988
2010,"Wood","psychostimulant",1.62253315836375,0.986533333333333
2010,"Wyandot","psychostimulant",1.65026502963954,0.987466666666667
2011,"Adams","psychostimulant",1.66976933571229,0.985866666666667
2011,"Allen","psychostimulant",1.49828642545804,0.973
2011,"Ashland","psychostimulant",1.65713857017404,0.985933333333333
2011,"Ashtabula","psychostimulant",1.5824551551352,0.980333333333333
2011,"Athens","psychostimulant",1.59731872108646,0.982533333333333
2011,"Auglaize","psychostimulant",1.4992593591834,0.9722
2011,"Belmont","psychostimulant",1.54961706725338,0.981066666666667
2011,"Brown","psychostimulant",1.72484707876368,0.989866666666667
2011,"Butler","psychostimulant",1.68755012591632,0.988133333333333
2011,"Carroll","psychostimulant",1.55822993516633,0.9794
2011,"Champaign","psychostimulant",1.53338044142295,0.978066666666667
2011,"Clark","psychostimulant",1.46561716332999,0.974466666666667
2011,"Clermont","psychostimulant",1.64965942503925,0.986666666666667
2011,"Clinton","psychostimulant",1.65573342431554,0.984
2011,"Columbiana","psychostimulant",1.54942997107406,0.9808
2011,"Coshocton","psychostimulant",1.6385048445384,0.985666666666667
2011,"Crawford","psychostimulant",1.55909242723038,0.9804
2011,"Cuyahoga","psychostimulant",1.7378837260625,0.995333333333333
2011,"Darke","psychostimulant",1.55171313344936,0.9794
2011,"Defiance","psychostimulant",1.56033582938501,0.979333333333333
2011,"Delaware","psychostimulant",1.64090214965466,0.985133333333333
2011,"Erie","psychostimulant",1.54973613940194,0.9804
2011,"Fairfield","psychostimulant",1.5948703511524,0.984533333333333
2011,"Fayette","psychostimulant",1.64140396656056,0.985533333333333
2011,"Franklin","psychostimulant",1.6204820796219,0.989133333333333
2011,"Fulton","psychostimulant",1.58507032483627,0.9804
2011,"Gallia","psychostimulant",1.57605070399052,0.981933333333333
2011,"Geauga","psychostimulant",1.54330996058138,0.9796
2011,"Greene","psychostimulant",1.44301902280614,0.972266666666667
2011,"Guernsey","psychostimulant",1.65361611955566,0.984933333333333
2011,"Hamilton","psychostimulant",1.40622931238594,0.975866666666667
2011,"Hancock","psychostimulant",1.53089046283291,0.9768
2011,"Hardin","psychostimulant",1.5365857129954,0.9794
2011,"Harrison","psychostimulant",1.59780594061773,0.982666666666667
2011,"Henry","psychostimulant",1.5135186020031,0.9742
2011,"Highland","psychostimulant",1.66053567317795,0.985066666666667
2011,"Hocking","psychostimulant",1.57694874488333,0.983866666666667
2011,"Holmes","psychostimulant",1.52551690042875,0.976866666666667
2011,"Huron","psychostimulant",1.67428430825003,0.987066666666667
2011,"Jackson","psychostimulant",1.56224898464913,0.980266666666667
2011,"Jefferson","psychostimulant",1.54447227068799,0.980733333333333
2011,"Knox","psychostimulant",1.60908120234328,0.980333333333333
2011,"Lake","psychostimulant",1.83660946369932,0.993
2011,"Lawrence","psychostimulant",1.5536291006444,0.977933333333333
2011,"Licking","psychostimulant",1.63578262106861,0.985866666666667
2011,"Logan","psychostimulant",1.54915502874659,0.977666666666667
2011,"Lorain","psychostimulant",1.56436029690302,0.981866666666667
2011,"Lucas","psychostimulant",1.42128032588695,0.968266666666667
2011,"Madison","psychostimulant",1.56633367202335,0.9818
2011,"Mahoning","psychostimulant",1.7106387183035,0.988666666666667
2011,"Marion","psychostimulant",1.5924780129323,0.981866666666667
2011,"Medina","psychostimulant",1.59483513182167,0.983466666666667
2011,"Meigs","psychostimulant",1.6993950914532,0.987333333333333
2011,"Mercer","psychostimulant",1.49731072041571,0.9744
2011,"Miami","psychostimulant",1.49344636420354,0.975933333333333
2011,"Monroe","psychostimulant",1.55876683382702,0.980133333333333
2011,"Montgomery","psychostimulant",1.4788780561041,0.981933333333333
2011,"Morgan","psychostimulant",1.55911177157594,0.978066666666667
2011,"Morrow","psychostimulant",1.56850215244583,0.981666666666667
2011,"Muskingum","psychostimulant",1.48947820424528,0.975133333333333
2011,"Noble","psychostimulant",1.62020092412797,0.984933333333333
2011,"Ottawa","psychostimulant",1.49893631101764,0.9736
2011,"Paulding","psychostimulant",1.55339993353144,0.979
2011,"Perry","psychostimulant",1.57791323127847,0.981866666666667
2011,"Pickaway","psychostimulant",1.64605932017647,0.984733333333333
2011,"Pike","psychostimulant",1.73197412255089,0.991333333333333
2011,"Portage","psychostimulant",1.5097073649473,0.9778
2011,"Preble","psychostimulant",1.53149200944134,0.978666666666667
2011,"Putnam","psychostimulant",1.48809927404907,0.9738
2011,"Richland","psychostimulant",1.50079514119375,0.978066666666667
2011,"Ross","psychostimulant",1.61431267704489,0.982933333333333
2011,"Sandusky","psychostimulant",1.55916383431456,0.9808
2011,"Scioto","psychostimulant",1.57017883947783,0.9822
2011,"Seneca","psychostimulant",1.48411357299793,0.972466666666667
2011,"Shelby","psychostimulant",1.52661553312161,0.977533333333333
2011,"Stark","psychostimulant",1.63829850620831,0.986333333333333
2011,"Summit","psychostimulant",1.59323058902859,0.9884
2011,"Trumbull","psychostimulant",1.64155350090054,0.987733333333333
2011,"Tuscarawas","psychostimulant",1.59729337046543,0.982133333333333
2011,"Union","psychostimulant",1.5279695011684,0.9772
2011,"Van Wert","psychostimulant",1.54595696926442,0.978466666666667
2011,"Vinton","psychostimulant",1.62762395490406,0.986133333333333
2011,"Warren","psychostimulant",1.57164131809611,0.982866666666667
2011,"Washington","psychostimulant",1.54696418977923,0.977666666666667
2011,"Wayne","psychostimulant",1.74876830554904,0.988866666666667
2011,"Williams","psychostimulant",1.54708609107197,0.9768
2011,"Wood","psychostimulant",1.49583706771572,0.9724
2011,"Wyandot","psychostimulant",1.54560272301885,0.977866666666667
2012,"Adams","psychostimulant",1.62921194140893,0.986866666666667
2012,"Allen","psychostimulant",1.38271381142408,0.9652
2012,"Ashland","psychostimulant",1.46358620767605,0.975333333333333
2012,"Ashtabula","psychostimulant",1.48605229711817,0.974733333333333
2012,"Athens","psychostimulant",1.53844447008377,0.978533333333333
2012,"Auglaize","psychostimulant",1.3624513809017,0.9612
2012,"Belmont","psychostimulant",1.46069441754689,0.9746
2012,"Brown","psychostimulant",1.60727246024379,0.982266666666667
2012,"Butler","psychostimulant",1.56673146116447,0.987
2012,"Carroll","psychostimulant",1.42913292714495,0.969466666666667
2012,"Champaign","psychostimulant",1.41241839653817,0.9692
2012,"Clark","psychostimulant",1.32210867441653,0.9592
2012,"Clermont","psychostimulant",1.69877676978356,0.989533333333333
2012,"Clinton","psychostimulant",1.62810103630584,0.983933333333333
2012,"Columbiana","psychostimulant",1.46968484060133,0.9728
2012,"Coshocton","psychostimulant",1.5919360534348,0.983866666666667
2012,"Crawford","psychostimulant",1.46155366292336,0.973
2012,"Cuyahoga","psychostimulant",1.4600641358965,0.989933333333333
2012,"Darke","psychostimulant",1.46795006086345,0.971066666666667
2012,"Defiance","psychostimulant",1.46900407578558,0.972066666666667
2012,"Delaware","psychostimulant",1.5035273354524,0.978066666666667
2012,"Erie","psychostimulant",1.45045744566091,0.9724
2012,"Fairfield","psychostimulant",1.55320043116252,0.9814
2012,"Fayette","psychostimulant",1.57482569490507,0.980066666666667
2012,"Franklin","psychostimulant",1.33439656866489,0.9752
2012,"Fulton","psychostimulant",1.53055747039863,0.9766
2012,"Gallia","psychostimulant",1.4692796359562,0.9754
2012,"Geauga","psychostimulant",1.43624860693664,0.973133333333333
2012,"Greene","psychostimulant",1.30076574255512,0.957733333333333
2012,"Guernsey","psychostimulant",1.61291006219511,0.982933333333333
2012,"Hamilton","psychostimulant",1.51576527181857,0.987266666666667
2012,"Hancock","psychostimulant",1.43548691272032,0.970533333333333
2012,"Hardin","psychostimulant",1.43025588253835,0.970866666666667
2012,"Harrison","psychostimulant",1.52723591047452,0.979266666666667
2012,"Henry","psychostimulant",1.40235713245869,0.964
2012,"Highland","psychostimulant",1.65234796598802,0.9838
2012,"Hocking","psychostimulant",1.48385876384956,0.976466666666667
2012,"Holmes","psychostimulant",1.40792777554841,0.967066666666667
2012,"Huron","psychostimulant",1.52092119801878,0.979266666666667
2012,"Jackson","psychostimulant",1.43277674362123,0.9714
2012,"Jefferson","psychostimulant",1.4238723992866,0.9714
2012,"Knox","psychostimulant",1.48033199564985,0.975133333333333
2012,"Lake","psychostimulant",1.75208975233641,0.991933333333333
2012,"Lawrence","psychostimulant",1.45479986048022,0.971933333333333
2012,"Licking","psychostimulant",1.56339404680589,0.983133333333333
2012,"Logan","psychostimulant",1.47375579524396,0.971333333333333
2012,"Lorain","psychostimulant",1.51517223407613,0.9818
2012,"Lucas","psychostimulant",1.27950326402263,0.956
2012,"Madison","psychostimulant",1.47950322482535,0.975466666666667
2012,"Mahoning","psychostimulant",1.61542064118523,0.9858
2012,"Marion","psychostimulant",1.54480757461621,0.978733333333333
2012,"Medina","psychostimulant",1.56219672731783,0.983466666666667
2012,"Meigs","psychostimulant",1.53954271837135,0.977933333333333
2012,"Mercer","psychostimulant",1.38265480650098,0.962066666666667
2012,"Miami","psychostimulant",1.36369317020639,0.964333333333333
2012,"Monroe","psychostimulant",1.44663283741992,0.9714
2012,"Montgomery","psychostimulant",1.41059539494616,0.979466666666667
2012,"Morgan","psychostimulant",1.45721843008777,0.972
2012,"Morrow","psychostimulant",1.4669506739377,0.9744
2012,"Muskingum","psychostimulant",1.35579115676114,0.9632
2012,"Noble","psychostimulant",1.55556238109334,0.980133333333333
2012,"Ottawa","psychostimulant",1.37939857036024,0.959333333333333
2012,"Paulding","psychostimulant",1.46581728210162,0.971733333333333
2012,"Perry","psychostimulant",1.4961106473148,0.9768
2012,"Pickaway","psychostimulant",1.48742340813189,0.976666666666667
2012,"Pike","psychostimulant",1.60888311198442,0.983133333333333
2012,"Portage","psychostimulant",1.39740618430285,0.969066666666667
2012,"Preble","psychostimulant",1.42377876477611,0.9728
2012,"Putnam","psychostimulant",1.37082197863777,0.9606
2012,"Richland","psychostimulant",1.3594378460299,0.9686
2012,"Ross","psychostimulant",1.48105438589538,0.9754
2012,"Sandusky","psychostimulant",1.47920609508449,0.975333333333333
2012,"Scioto","psychostimulant",1.47856304719156,0.975933333333333
2012,"Seneca","psychostimulant",1.33751450937126,0.958933333333333
2012,"Shelby","psychostimulant",1.4319065830212,0.9694
2012,"Stark","psychostimulant",1.54943835120174,0.9854
2012,"Summit","psychostimulant",1.66176527335585,0.992866666666667
2012,"Trumbull","psychostimulant",1.43460561418134,0.974666666666667
2012,"Tuscarawas","psychostimulant",1.39417264072513,0.963466666666667
2012,"Union","psychostimulant",1.41001910303807,0.970333333333333
2012,"Van Wert","psychostimulant",1.4461691055804,0.971
2012,"Vinton","psychostimulant",1.56814241149542,0.980666666666667
2012,"Warren","psychostimulant",1.39548181053198,0.972533333333333
2012,"Washington","psychostimulant",1.43536063159326,0.972333333333333
2012,"Wayne","psychostimulant",1.68227577530621,0.985533333333333
2012,"Williams","psychostimulant",1.44386742563507,0.9698
2012,"Wood","psychostimulant",1.375560288481,0.964733333333333
2012,"Wyandot","psychostimulant",1.44283845058815,0.972333333333333
2013,"Adams","psychostimulant",1.6542783244844,0.985
2013,"Allen","psychostimulant",1.27988789254336,0.9538
2013,"Ashland","psychostimulant",1.30881980793804,0.958066666666667
2013,"Ashtabula","psychostimulant",1.41884322959507,0.972533333333333
2013,"Athens","psychostimulant",1.37681966759745,0.968466666666667
2013,"Auglaize","psychostimulant",1.23174557181741,0.946666666666667
2013,"Belmont","psychostimulant",1.39583728457898,0.9686
2013,"Brown","psychostimulant",1.5517028546901,0.978933333333333
2013,"Butler","psychostimulant",1.66845058950413,0.993266666666667
2013,"Carroll","psychostimulant",1.30922807629816,0.963666666666667
2013,"Champaign","psychostimulant",1.29784341742389,0.958533333333333
2013,"Clark","psychostimulant",1.17657152960813,0.947066666666667
2013,"Clermont","psychostimulant",1.78024462181415,0.9924
2013,"Clinton","psychostimulant",1.50901657664804,0.9768
2013,"Columbiana","psychostimulant",1.40356708108766,0.9702
2013,"Coshocton","psychostimulant",1.42259805465422,0.9736
2013,"Crawford","psychostimulant",1.34887113504121,0.9648
2013,"Cuyahoga","psychostimulant",1.2414055692251,0.980933333333333
2013,"Darke","psychostimulant",1.40665092753647,0.968866666666667
2013,"Defiance","psychostimulant",1.39764008415127,0.9682
2013,"Delaware","psychostimulant",1.28029366954166,0.961
2013,"Erie","psychostimulant",1.34839982642246,0.967333333333333
2013,"Fairfield","psychostimulant",1.41651576380923,0.9776
2013,"Fayette","psychostimulant",1.56925102493397,0.982866666666667
2013,"Franklin","psychostimulant",1.20623179540639,0.974533333333333
2013,"Fulton","psychostimulant",1.33993486416877,0.9606
2013,"Gallia","psychostimulant",1.38229650234782,0.968533333333333
2013,"Geauga","psychostimulant",1.32693425490617,0.9642
2013,"Greene","psychostimulant",1.17621577550628,0.944666666666667
2013,"Guernsey","psychostimulant",1.61549208734163,0.985266666666667
2013,"Hamilton","psychostimulant",1.50088184508698,0.991266666666667
2013,"Hancock","psychostimulant",1.34259824624214,0.963266666666667
2013,"Hardin","psychostimulant",1.32458299918889,0.9632
2013,"Harrison","psychostimulant",1.44509893974978,0.973933333333333
2013,"Henry","psychostimulant",1.29827117771751,0.955533333333333
2013,"Highland","psychostimulant",1.55567844949202,0.978466666666667
2013,"Hocking","psychostimulant",1.39201889149754,0.970866666666667
2013,"Holmes","psychostimulant",1.26157735374608,0.951466666666667
2013,"Huron","psychostimulant",1.39582349012854,0.969333333333333
2013,"Jackson","psychostimulant",1.34144461657618,0.964266666666667
2013,"Jefferson","psychostimulant",1.29856310753294,0.9614
2013,"Knox","psychostimulant",1.38606415813753,0.9664
2013,"Lake","psychostimulant",1.41990246222057,0.978066666666667
2013,"Lawrence","psychostimulant",1.36592553798402,0.970333333333333
2013,"Licking","psychostimulant",1.59042588869329,0.985066666666667
2013,"Logan","psychostimulant",1.39842577110166,0.966733333333333
2013,"Lorain","psychostimulant",1.21676814763573,0.951733333333333
2013,"Lucas","psychostimulant",1.18483281276085,0.9442
2013,"Madison","psychostimulant",1.41679473710101,0.974133333333333
2013,"Mahoning","psychostimulant",1.49280601207546,0.982466666666667
2013,"Marion","psychostimulant",1.41570850846746,0.9696
2013,"Medina","psychostimulant",1.31231812285767,0.9658
2013,"Meigs","psychostimulant",1.39977820033488,0.968933333333333
2013,"Mercer","psychostimulant",1.27377543767479,0.9478
2013,"Miami","psychostimulant",1.24215539590044,0.9538
2013,"Monroe","psychostimulant",1.33730014006707,0.960133333333333
2013,"Montgomery","psychostimulant",1.29630910031244,0.976733333333333
2013,"Morgan","psychostimulant",1.35391384180268,0.962733333333333
2013,"Morrow","psychostimulant",1.40291157961209,0.968333333333333
2013,"Muskingum","psychostimulant",1.20336544251544,0.9468
2013,"Noble","psychostimulant",1.48581667392799,0.977466666666667
2013,"Ottawa","psychostimulant",1.25243550309447,0.9456
2013,"Paulding","psychostimulant",1.40329381115285,0.968533333333333
2013,"Perry","psychostimulant",1.42726548877285,0.971533333333333
2013,"Pickaway","psychostimulant",1.3438773434084,0.966933333333333
2013,"Pike","psychostimulant",1.49817484110773,0.977333333333333
2013,"Portage","psychostimulant",1.27707837570647,0.9614
2013,"Preble","psychostimulant",1.34020994555508,0.964866666666667
2013,"Putnam","psychostimulant",1.25282576447335,0.944866666666667
2013,"Richland","psychostimulant",1.22968940417329,0.953666666666667
2013,"Ross","psychostimulant",1.41764812728734,0.9738
2013,"Sandusky","psychostimulant",1.41541241387487,0.969866666666667
2013,"Scioto","psychostimulant",1.43559836974526,0.972666666666667
2013,"Seneca","psychostimulant",1.19521508102454,0.939733333333333
2013,"Shelby","psychostimulant",1.33332515647982,0.9626
2013,"Stark","psychostimulant",1.48192486838584,0.983333333333333
2013,"Summit","psychostimulant",1.61041317657421,0.9938
2013,"Trumbull","psychostimulant",1.26701320970225,0.9596
2013,"Tuscarawas","psychostimulant",1.22234909597258,0.947266666666667
2013,"Union","psychostimulant",1.30787884675791,0.9608
2013,"Van Wert","psychostimulant",1.35874137122937,0.9648
2013,"Vinton","psychostimulant",1.53155285349236,0.978266666666667
2013,"Warren","psychostimulant",1.26786639141013,0.9632
2013,"Washington","psychostimulant",1.32804148399606,0.965133333333333
2013,"Wayne","psychostimulant",1.44081477551846,0.971266666666667
2013,"Williams","psychostimulant",1.35427951298837,0.962866666666667
2013,"Wood","psychostimulant",1.26265295197215,0.952933333333333
2013,"Wyandot","psychostimulant",1.34012990706844,0.961533333333333
2014,"Adams","psychostimulant",1.60708003432536,0.985
2014,"Allen","psychostimulant",1.19343147842724,0.948266666666667
2014,"Ashland","psychostimulant",1.16403460548235,0.9412
2014,"Ashtabula","psychostimulant",1.46617292641117,0.976133333333333
2014,"Athens","psychostimulant",1.23148260896761,0.957333333333333
2014,"Auglaize","psychostimulant",1.09843655148181,0.929466666666667
2014,"Belmont","psychostimulant",1.1855326797728,0.952133333333333
2014,"Brown","psychostimulant",1.41843638474623,0.968933333333333
2014,"Butler","psychostimulant",1.71693635582767,0.996533333333333
2014,"Carroll","psychostimulant",1.19970050043413,0.949266666666667
2014,"Champaign","psychostimulant",1.18569542574262,0.947933333333333
2014,"Clark","psychostimulant",1.03528029142502,0.929333333333333
2014,"Clermont","psychostimulant",1.57005022560116,0.9864
2014,"Clinton","psychostimulant",1.45706565021343,0.973666666666667
2014,"Columbiana","psychostimulant",1.27330646354543,0.958533333333333
2014,"Coshocton","psychostimulant",1.29596333768208,0.9646
2014,"Crawford","psychostimulant",1.28502516415647,0.9628
2014,"Cuyahoga","psychostimulant",1.43751520107411,0.9966
2014,"Darke","psychostimulant",1.35921891819845,0.967466666666667
2014,"Defiance","psychostimulant",1.36393073808519,0.9678
2014,"Delaware","psychostimulant",1.1298604810392,0.942533333333333
2014,"Erie","psychostimulant",1.31508550687925,0.9646
2014,"Fairfield","psychostimulant",1.37019266674487,0.9772
2014,"Fayette","psychostimulant",1.44125073820053,0.977466666666667
2014,"Franklin","psychostimulant",0.965167852768695,0.9528
2014,"Fulton","psychostimulant",1.21502018334738,0.943933333333333
2014,"Gallia","psychostimulant",1.26301314956301,0.9576
2014,"Geauga","psychostimulant",1.28784443690575,0.963666666666667
2014,"Greene","psychostimulant",1.06298917019322,0.9356
2014,"Guernsey","psychostimulant",1.54874557840605,0.9832
2014,"Hamilton","psychostimulant",1.3762083150093,0.991533333333333
2014,"Hancock","psychostimulant",1.2832089469696,0.961066666666667
2014,"Hardin","psychostimulant",1.21292067207751,0.950933333333333
2014,"Harrison","psychostimulant",1.38570208111553,0.971866666666667
2014,"Henry","psychostimulant",1.18401683967842,0.9436
2014,"Highland","psychostimulant",1.41325198687115,0.967666666666667
2014,"Hocking","psychostimulant",1.30663027955593,0.964
2014,"Holmes","psychostimulant",1.13242116826365,0.941866666666667
2014,"Huron","psychostimulant",1.31425459751541,0.9646
2014,"Jackson","psychostimulant",1.22798058940037,0.952866666666667
2014,"Jefferson","psychostimulant",1.21387286337965,0.953066666666667
2014,"Knox","psychostimulant",1.32879194199034,0.957
2014,"Lake","psychostimulant",1.2845369175963,0.969866666666667
2014,"Lawrence","psychostimulant",1.31728136370035,0.967
2014,"Licking","psychostimulant",1.35879812760836,0.972533333333333
2014,"Logan","psychostimulant",1.21737736872514,0.9464
2014,"Lorain","psychostimulant",1.3117314984278,0.972466666666667
2014,"Lucas","psychostimulant",0.961621827404935,0.908066666666667
2014,"Madison","psychostimulant",1.37387685143769,0.975866666666667
2014,"Mahoning","psychostimulant",1.36250400936409,0.977933333333333
2014,"Marion","psychostimulant",1.19613413405413,0.942733333333333
2014,"Medina","psychostimulant",1.16250430165885,0.949466666666667
2014,"Meigs","psychostimulant",1.26748868943446,0.9598
2014,"Mercer","psychostimulant",1.16237714808722,0.939133333333333
2014,"Miami","psychostimulant",1.14379342526914,0.944466666666667
2014,"Monroe","psychostimulant",1.21209705938326,0.949266666666667
2014,"Montgomery","psychostimulant",1.38010437324728,0.987533333333333
2014,"Morgan","psychostimulant",1.22205940655546,0.952533333333333
2014,"Morrow","psychostimulant",1.3489514757884,0.968066666666667
2014,"Muskingum","psychostimulant",1.06441036032224,0.9244
2014,"Noble","psychostimulant",1.44708651804918,0.9772
2014,"Ottawa","psychostimulant",1.12761904251874,0.924
2014,"Paulding","psychostimulant",1.37623287743227,0.9694
2014,"Perry","psychostimulant",1.34486712296134,0.969066666666667
2014,"Pickaway","psychostimulant",1.20563245663871,0.953066666666667
2014,"Pike","psychostimulant",1.42459079201846,0.9756
2014,"Portage","psychostimulant",1.23869786349154,0.964133333333333
2014,"Preble","psychostimulant",1.27118417103324,0.961933333333333
2014,"Putnam","psychostimulant",1.11976000533559,0.933733333333333
2014,"Richland","psychostimulant",1.12195296276827,0.942266666666667
2014,"Ross","psychostimulant",1.26267989355927,0.962933333333333
2014,"Sandusky","psychostimulant",1.39739400754676,0.971333333333333
2014,"Scioto","psychostimulant",1.26607617785332,0.9632
2014,"Seneca","psychostimulant",1.06556845493489,0.920266666666667
2014,"Shelby","psychostimulant",1.25504013521901,0.958466666666667
2014,"Stark","psychostimulant",1.3969745536826,0.982133333333333
2014,"Summit","psychostimulant",1.315402707558,0.984666666666667
2014,"Trumbull","psychostimulant",1.19511056696163,0.955333333333333
2014,"Tuscarawas","psychostimulant",1.05898800876479,0.921933333333333
2014,"Union","psychostimulant",1.21864277586297,0.952866666666667
2014,"Van Wert","psychostimulant",1.27760754791487,0.961
2014,"Vinton","psychostimulant",1.36264140880714,0.9708
2014,"Warren","psychostimulant",1.07055343371268,0.939466666666667
2014,"Washington","psychostimulant",1.25441029483506,0.9602
2014,"Wayne","psychostimulant",1.32655396901714,0.961
2014,"Williams","psychostimulant",1.28469893317032,0.9584
2014,"Wood","psychostimulant",1.1852735850492,0.9456
2014,"Wyandot","psychostimulant",1.25877746521655,0.953933333333333
2015,"Adams","psychostimulant",1.41572721474485,0.974466666666667
2015,"Allen","psychostimulant",1.14997059863801,0.951466666666667
2015,"Ashland","psychostimulant",1.00384191644629,0.9204
2015,"Ashtabula","psychostimulant",1.22731202813293,0.957066666666667
2015,"Athens","psychostimulant",1.15228878893755,0.9508
2015,"Auglaize","psychostimulant",0.967429496248782,0.908066666666667
2015,"Belmont","psychostimulant",1.03572052232333,0.9296
2015,"Brown","psychostimulant",1.27059111893635,0.956866666666667
2015,"Butler","psychostimulant",1.79360761398431,0.998066666666667
2015,"Carroll","psychostimulant",1.09319272340557,0.936666666666667
2015,"Champaign","psychostimulant",1.08853489476448,0.936866666666667
2015,"Clark","psychostimulant",0.840135798142721,0.8898
2015,"Clermont","psychostimulant",1.32177130729095,0.9756
2015,"Clinton","psychostimulant",1.50703795203779,0.977466666666667
2015,"Columbiana","psychostimulant",1.08285475437004,0.935866666666667
2015,"Coshocton","psychostimulant",1.19421263620236,0.954533333333333
2015,"Crawford","psychostimulant",1.21263894645668,0.956866666666667
2015,"Cuyahoga","psychostimulant",1.4673352063014,0.9976
2015,"Darke","psychostimulant",1.41340349702508,0.973733333333333
2015,"Defiance","psychostimulant",1.22655049789574,0.9572
2015,"Delaware","psychostimulant",0.90120651161648,0.896333333333333
2015,"Erie","psychostimulant",1.17545378942428,0.951533333333333
2015,"Fairfield","psychostimulant",1.47921687857283,0.987133333333333
2015,"Fayette","psychostimulant",1.40090233034309,0.976666666666667
2015,"Franklin","psychostimulant",1.19196550296299,0.987866666666667
2015,"Fulton","psychostimulant",1.0786557874951,0.927866666666667
2015,"Gallia","psychostimulant",1.18077314257444,0.951933333333333
2015,"Geauga","psychostimulant",1.17369753508437,0.955466666666667
2015,"Greene","psychostimulant",1.01735615416843,0.931533333333333
2015,"Guernsey","psychostimulant",1.42252948480293,0.978933333333333
2015,"Hamilton","psychostimulant",1.33395415012707,0.9938
2015,"Hancock","psychostimulant",1.28189817577316,0.9636
2015,"Hardin","psychostimulant",1.13746509044176,0.941133333333333
2015,"Harrison","psychostimulant",1.22582318562863,0.9568
2015,"Henry","psychostimulant",1.08191710678521,0.929066666666667
2015,"Highland","psychostimulant",1.09243581901361,0.9268
2015,"Hocking","psychostimulant",1.25819405201341,0.961866666666667
2015,"Holmes","psychostimulant",0.990564236249505,0.9138
2015,"Huron","psychostimulant",1.13750753389247,0.9438
2015,"Jackson","psychostimulant",1.12437728204096,0.9478
2015,"Jefferson","psychostimulant",1.14503925130321,0.949533333333333
2015,"Knox","psychostimulant",1.20584194708561,0.942266666666667
2015,"Lake","psychostimulant",1.16901664201122,0.961266666666667
2015,"Lawrence","psychostimulant",1.17403495534076,0.955
2015,"Licking","psychostimulant",1.31265179350632,0.972466666666667
2015,"Logan","psychostimulant",1.06074777597285,0.9272
2015,"Lorain","psychostimulant",1.1454461633036,0.958133333333333
2015,"Lucas","psychostimulant",0.775888378424972,0.865066666666667
2015,"Madison","psychostimulant",1.2742570045519,0.9672
2015,"Mahoning","psychostimulant",1.25404950200846,0.9728
2015,"Marion","psychostimulant",0.990490122250981,0.911266666666667
2015,"Medina","psychostimulant",1.11466448615367,0.9456
2015,"Meigs","psychostimulant",1.16548631254993,0.950533333333333
2015,"Mercer","psychostimulant",1.06791428772288,0.928533333333333
2015,"Miami","psychostimulant",1.06528167286581,0.944066666666667
2015,"Monroe","psychostimulant",1.09461861973055,0.932733333333333
2015,"Montgomery","psychostimulant",1.39695100504233,0.992866666666667
2015,"Morgan","psychostimulant",1.11058226427742,0.944933333333333
2015,"Morrow","psychostimulant",1.18377150904267,0.953666666666667
2015,"Muskingum","psychostimulant",0.923005544890587,0.905466666666667
2015,"Noble","psychostimulant",1.44705917525782,0.978266666666667
2015,"Ottawa","psychostimulant",0.991778437665013,0.9014
2015,"Paulding","psychostimulant",1.20231494194079,0.951266666666667
2015,"Perry","psychostimulant",1.33966176340024,0.972266666666667
2015,"Pickaway","psychostimulant",1.11271328093633,0.945866666666667
2015,"Pike","psychostimulant",1.43519186197276,0.9772
2015,"Portage","psychostimulant",1.30860545101282,0.975333333333333
2015,"Preble","psychostimulant",1.22420210034043,0.959933333333333
2015,"Putnam","psychostimulant",0.984180518453804,0.909266666666667
2015,"Richland","psychostimulant",1.02079708351933,0.932866666666667
2015,"Ross","psychostimulant",1.19167232642198,0.959133333333333
2015,"Sandusky","psychostimulant",1.29967725002879,0.963466666666667
2015,"Scioto","psychostimulant",1.20787968975044,0.961733333333333
2015,"Seneca","psychostimulant",0.922201796276961,0.888133333333333
2015,"Shelby","psychostimulant",1.19566149474674,0.956666666666667
2015,"Stark","psychostimulant",1.28147062589709,0.9794
2015,"Summit","psychostimulant",1.45009441255803,0.995
2015,"Trumbull","psychostimulant",1.07978801173032,0.945533333333333
2015,"Tuscarawas","psychostimulant",0.914876859329098,0.892933333333333
2015,"Union","psychostimulant",1.12782676972146,0.945066666666667
2015,"Van Wert","psychostimulant",1.22374240012417,0.956533333333333
2015,"Vinton","psychostimulant",1.25261139713264,0.957666666666667
2015,"Warren","psychostimulant",0.964769945135114,0.9288
2015,"Washington","psychostimulant",1.2102217377812,0.960733333333333
2015,"Wayne","psychostimulant",1.22633550469967,0.943866666666667
2015,"Williams","psychostimulant",1.24192574874948,0.9546
2015,"Wood","psychostimulant",1.1245783549538,0.9376
2015,"Wyandot","psychostimulant",1.15776695420478,0.9478
2016,"Adams","psychostimulant",1.21574839267362,0.961666666666667
2016,"Allen","psychostimulant",1.03327634645492,0.9332
2016,"Ashland","psychostimulant",0.883179441813261,0.8986
2016,"Ashtabula","psychostimulant",1.41902778663745,0.981266666666667
2016,"Athens","psychostimulant",1.12032429570133,0.949066666666667
2016,"Auglaize","psychostimulant",0.815080441084445,0.874733333333333
2016,"Belmont","psychostimulant",0.896937773253338,0.905866666666667
2016,"Brown","psychostimulant",1.15154477788713,0.9436
2016,"Butler","psychostimulant",1.66124864985086,0.998866666666667
2016,"Carroll","psychostimulant",1.00273365412236,0.924733333333333
2016,"Champaign","psychostimulant",1.01171081438087,0.928533333333333
2016,"Clark","psychostimulant",1.0997872977867,0.9562
2016,"Clermont","psychostimulant",1.26289705887156,0.9748
2016,"Clinton","psychostimulant",1.39902092863894,0.968466666666667
2016,"Columbiana","psychostimulant",0.856628808018032,0.8908
2016,"Coshocton","psychostimulant",1.13998559310199,0.953866666666667
2016,"Crawford","psychostimulant",1.22656656603408,0.9618
2016,"Cuyahoga","psychostimulant",1.38476128733157,0.998666666666667
2016,"Darke","psychostimulant",1.34064400330827,0.968333333333333
2016,"Defiance","psychostimulant",1.136629372278,0.944933333333333
2016,"Delaware","psychostimulant",0.735800496631994,0.860533333333333
2016,"Erie","psychostimulant",1.1358023424975,0.9506
2016,"Fairfield","psychostimulant",1.50627010693993,0.9904
2016,"Fayette","psychostimulant",1.47612621102858,0.9834
2016,"Franklin","psychostimulant",0.722865082230422,0.923666666666667
2016,"Fulton","psychostimulant",0.977549902698496,0.909266666666667
2016,"Gallia","psychostimulant",1.12491988848345,0.948933333333333
2016,"Geauga","psychostimulant",1.21523424201478,0.9624
2016,"Greene","psychostimulant",0.988750610549338,0.933533333333333
2016,"Guernsey","psychostimulant",1.4334879330753,0.9804
2016,"Hamilton","psychostimulant",1.43387605001053,0.998
2016,"Hancock","psychostimulant",1.24474613351082,0.963
2016,"Hardin","psychostimulant",1.07892417065494,0.938
2016,"Harrison","psychostimulant",1.11575998871459,0.942533333333333
2016,"Henry","psychostimulant",0.979546048460652,0.908866666666667
2016,"Highland","psychostimulant",0.863217088993362,0.878266666666667
2016,"Hocking","psychostimulant",1.2826955627809,0.968933333333333
2016,"Holmes","psychostimulant",0.855624310386137,0.8852
2016,"Huron","psychostimulant",1.0414738853689,0.930333333333333
2016,"Jackson","psychostimulant",1.06915942047612,0.943666666666667
2016,"Jefferson","psychostimulant",1.12370443424327,0.9534
2016,"Knox","psychostimulant",0.952316437292302,0.898533333333333
2016,"Lake","psychostimulant",1.25218162588186,0.979466666666667
2016,"Lawrence","psychostimulant",1.13508590747317,0.953866666666667
2016,"Licking","psychostimulant",1.2709568616491,0.974933333333333
2016,"Logan","psychostimulant",0.835183500609859,0.8778
2016,"Lorain","psychostimulant",1.13709433747378,0.967866666666667
2016,"Lucas","psychostimulant",0.560314934558146,0.790066666666667
2016,"Madison","psychostimulant",1.25490854033628,0.970333333333333
2016,"Mahoning","psychostimulant",1.07309073189216,0.956133333333333
2016,"Marion","psychostimulant",0.808231332319659,0.868
2016,"Medina","psychostimulant",0.958573611295874,0.927866666666667
2016,"Meigs","psychostimulant",1.08549097239734,0.9416
2016,"Mercer","psychostimulant",0.980616776221431,0.915933333333333
2016,"Miami","psychostimulant",1.09359005459744,0.950266666666667
2016,"Monroe","psychostimulant",0.979005536664367,0.9084
2016,"Montgomery","psychostimulant",1.8000281280096,0.999933333333333
2016,"Morgan","psychostimulant",0.987483444740609,0.922466666666667
2016,"Morrow","psychostimulant",1.05708726683139,0.9362
2016,"Muskingum","psychostimulant",0.819697382749901,0.882133333333333
2016,"Noble","psychostimulant",1.23342428153234,0.963666666666667
2016,"Ottawa","psychostimulant",0.881188659652731,0.875533333333333
2016,"Paulding","psychostimulant",1.07423645059334,0.936666666666667
2016,"Perry","psychostimulant",1.27572792085972,0.968933333333333
2016,"Pickaway","psychostimulant",1.04556810436058,0.9434
2016,"Pike","psychostimulant",1.43719156253717,0.978733333333333
2016,"Portage","psychostimulant",1.39752033572039,0.9842
2016,"Preble","psychostimulant",1.29435996829086,0.9692
2016,"Putnam","psychostimulant",0.858044183872883,0.879466666666667
2016,"Richland","psychostimulant",0.983035701705324,0.93
2016,"Ross","psychostimulant",1.14662706861887,0.956066666666667
2016,"Sandusky","psychostimulant",1.32191631897712,0.9704
2016,"Scioto","psychostimulant",1.17356551412717,0.9608
2016,"Seneca","psychostimulant",0.762769367986861,0.847733333333333
2016,"Shelby","psychostimulant",1.20694248723684,0.965066666666667
2016,"Stark","psychostimulant",1.1587634322586,0.975133333333333
2016,"Summit","psychostimulant",1.52621735975542,0.999
2016,"Trumbull","psychostimulant",1.10598784967075,0.96
2016,"Tuscarawas","psychostimulant",0.81347174902245,0.865333333333333
2016,"Union","psychostimulant",1.0885146836374,0.9436
2016,"Van Wert","psychostimulant",1.20932374355596,0.957933333333333
2016,"Vinton","psychostimulant",1.14866473269766,0.949
2016,"Warren","psychostimulant",1.04001032338279,0.949933333333333
2016,"Washington","psychostimulant",1.25603956060757,0.967333333333333
2016,"Wayne","psychostimulant",1.18924355936786,0.943
2016,"Williams","psychostimulant",1.26894017265389,0.9654
2016,"Wood","psychostimulant",1.03116330210555,0.92
2016,"Wyandot","psychostimulant",1.11605028447714,0.9398
2017,"Adams","psychostimulant",1.05690022287337,0.935866666666667
2017,"Allen","psychostimulant",0.851638038528992,0.892666666666667
2017,"Ashland","psychostimulant",0.77809195927361,0.869333333333333
2017,"Ashtabula","psychostimulant",1.37936488794114,0.982
2017,"Athens","psychostimulant",0.960021500035833,0.928733333333333
2017,"Auglaize","psychostimulant",0.671577921670433,0.832866666666667
2017,"Belmont","psychostimulant",0.826465016565569,0.890066666666667
2017,"Brown","psychostimulant",1.15915959446214,0.942333333333333
2017,"Butler","psychostimulant",1.94522484834182,1
2017,"Carroll","psychostimulant",0.936720915122795,0.908933333333333
2017,"Champaign","psychostimulant",0.988196211900126,0.928
2017,"Clark","psychostimulant",1.32138833831175,0.986533333333333
2017,"Clermont","psychostimulant",1.45162219337788,0.988
2017,"Clinton","psychostimulant",1.27612449009627,0.9534
2017,"Columbiana","psychostimulant",0.570134003515252,0.798666666666667
2017,"Coshocton","psychostimulant",1.0629877896662,0.9434
2017,"Crawford","psychostimulant",1.20228426575363,0.959733333333333
2017,"Cuyahoga","psychostimulant",1.4988866158223,0.999933333333333
2017,"Darke","psychostimulant",1.40060163620105,0.972733333333333
2017,"Defiance","psychostimulant",0.953259571012908,0.912
2017,"Delaware","psychostimulant",0.650222620099113,0.832933333333333
2017,"Erie","psychostimulant",1.03827510828288,0.9366
2017,"Fairfield","psychostimulant",1.36115566419628,0.987666666666667
2017,"Fayette","psychostimulant",1.53801687504761,0.987666666666667
2017,"Franklin","psychostimulant",1.04719017892269,0.9928
2017,"Fulton","psychostimulant",0.872722452373749,0.878866666666667
2017,"Gallia","psychostimulant",1.22192834274687,0.964266666666667
2017,"Geauga","psychostimulant",1.07904613109284,0.947866666666667
2017,"Greene","psychostimulant",0.848201451956279,0.911266666666667
2017,"Guernsey","psychostimulant",1.37899676434874,0.979333333333333
2017,"Hamilton","psychostimulant",1.4495863516703,0.999866666666667
2017,"Hancock","psychostimulant",1.07881145203886,0.936266666666667
2017,"Hardin","psychostimulant",0.924697198176131,0.908866666666667
2017,"Harrison","psychostimulant",1.04468656966811,0.936333333333333
2017,"Henry","psychostimulant",0.875104155714528,0.879266666666667
2017,"Highland","psychostimulant",0.537681029403822,0.7684
2017,"Hocking","psychostimulant",1.16114129473992,0.958733333333333
2017,"Holmes","psychostimulant",0.718914725352784,0.847066666666667
2017,"Huron","psychostimulant",0.855743099114342,0.8898
2017,"Jackson","psychostimulant",1.14033522156787,0.953466666666667
2017,"Jefferson","psychostimulant",1.25083440977745,0.970466666666667
2017,"Knox","psychostimulant",0.969135721851523,0.903866666666667
2017,"Lake","psychostimulant",1.27395219515202,0.9806
2017,"Lawrence","psychostimulant",1.3551444769571,0.9778
2017,"Licking","psychostimulant",1.12776394920676,0.962333333333333
2017,"Logan","psychostimulant",1.07802082450857,0.930733333333333
2017,"Lorain","psychostimulant",1.03395055330834,0.957733333333333
2017,"Lucas","psychostimulant",0.607865779938512,0.8022
2017,"Madison","psychostimulant",1.09963687535383,0.953466666666667
2017,"Mahoning","psychostimulant",1.15154772583586,0.973333333333333
2017,"Marion","psychostimulant",0.592443970573117,0.8024
2017,"Medina","psychostimulant",0.92455098405303,0.9194
2017,"Meigs","psychostimulant",1.10004947607768,0.9472
2017,"Mercer","psychostimulant",0.791905566211445,0.866733333333333
2017,"Miami","psychostimulant",1.24472980712264,0.972066666666667
2017,"Monroe","psychostimulant",0.873209946206972,0.891533333333333
2017,"Montgomery","psychostimulant",1.81809670070635,1
2017,"Morgan","psychostimulant",0.899192868539741,0.903466666666667
2017,"Morrow","psychostimulant",1.0136193211548,0.933533333333333
2017,"Muskingum","psychostimulant",0.795365897910469,0.8828
2017,"Noble","psychostimulant",1.11382220131168,0.951266666666667
2017,"Ottawa","psychostimulant",0.723452589835258,0.825733333333333
2017,"Paulding","psychostimulant",0.965359317696769,0.909866666666667
2017,"Perry","psychostimulant",1.08765873326877,0.9502
2017,"Pickaway","psychostimulant",1.10144396811611,0.959333333333333
2017,"Pike","psychostimulant",1.4433883999787,0.980333333333333
2017,"Portage","psychostimulant",1.51973251449321,0.992
2017,"Preble","psychostimulant",1.31868795869341,0.971066666666667
2017,"Putnam","psychostimulant",0.69349790568823,0.8252
2017,"Richland","psychostimulant",1.06188807323283,0.954733333333333
2017,"Ross","psychostimulant",0.952723697694499,0.933933333333333
2017,"Sandusky","psychostimulant",1.05036502270566,0.929266666666667
2017,"Scioto","psychostimulant",1.20955715096792,0.969866666666667
2017,"Seneca","psychostimulant",0.598895929358041,0.787333333333333
2017,"Shelby","psychostimulant",1.24417475822108,0.97
2017,"Stark","psychostimulant",1.21549030046217,0.985533333333333
2017,"Summit","psychostimulant",1.82698310984053,1
2017,"Trumbull","psychostimulant",1.21279748252657,0.976666666666667
2017,"Tuscarawas","psychostimulant",0.641224886798181,0.812333333333333
2017,"Union","psychostimulant",1.03670833797796,0.9364
2017,"Van Wert","psychostimulant",1.13362373096172,0.9466
2017,"Vinton","psychostimulant",0.989085394321693,0.923533333333333
2017,"Warren","psychostimulant",1.16759994822562,0.974333333333333
2017,"Washington","psychostimulant",1.38816955896587,0.980066666666667
2017,"Wayne","psychostimulant",1.08160571830121,0.924466666666667
2017,"Williams","psychostimulant",1.09337999726402,0.939
2017,"Wood","psychostimulant",0.851215124349847,0.8774
2017,"Wyandot","psychostimulant",1.11361832643025,0.938466666666667
2018,"Adams","psychostimulant",0.997640891920676,0.922733333333333
2018,"Allen","psychostimulant",0.65177261033522,0.836466666666667
2018,"Ashland","psychostimulant",0.575782549606529,0.802333333333333
2018,"Ashtabula","psychostimulant",0.978430456337026,0.942333333333333
2018,"Athens","psychostimulant",0.736738021061066,0.871666666666667
2018,"Auglaize","psychostimulant",0.543564070431257,0.780733333333333
2018,"Belmont","psychostimulant",0.714181644471221,0.8692
2018,"Brown","psychostimulant",0.824767488289478,0.873133333333333
2018,"Butler","psychostimulant",1.57849921690713,0.9998
2018,"Carroll","psychostimulant",0.804123465611315,0.8838
2018,"Champaign","psychostimulant",0.960370484479887,0.9258
2018,"Clark","psychostimulant",1.25579630765227,0.985333333333333
2018,"Clermont","psychostimulant",0.937800774867954,0.938266666666667
2018,"Clinton","psychostimulant",1.12415504460786,0.940733333333333
2018,"Columbiana","psychostimulant",0.289429454535768,0.666266666666667
2018,"Coshocton","psychostimulant",1.00191182069587,0.9372
2018,"Crawford","psychostimulant",1.11125620819971,0.953866666666667
2018,"Cuyahoga","psychostimulant",1.10012941927977,0.998266666666667
2018,"Darke","psychostimulant",1.00479121458219,0.9232
2018,"Defiance","psychostimulant",0.874592072532222,0.898466666666667
2018,"Delaware","psychostimulant",0.585771778823017,0.813866666666667
2018,"Erie","psychostimulant",0.854675434660048,0.899266666666667
2018,"Fairfield","psychostimulant",1.10579596895346,0.973533333333333
2018,"Fayette","psychostimulant",1.24552127742406,0.968133333333333
2018,"Franklin","psychostimulant",1.36679938147895,1
2018,"Fulton","psychostimulant",0.870140179778983,0.886666666666667
2018,"Gallia","psychostimulant",1.16949051039599,0.956533333333333
2018,"Geauga","psychostimulant",0.69752711167223,0.8482
2018,"Greene","psychostimulant",0.628029070631822,0.8606
2018,"Guernsey","psychostimulant",1.24115117921642,0.970933333333333
2018,"Hamilton","psychostimulant",0.817297679577283,0.9928
2018,"Hancock","psychostimulant",0.989835069648837,0.924533333333333
2018,"Hardin","psychostimulant",0.835337504407492,0.8928
2018,"Harrison","psychostimulant",0.907799086314012,0.906266666666667
2018,"Henry","psychostimulant",0.861074773011016,0.8774
2018,"Highland","psychostimulant",0.451696198983279,0.7384
2018,"Hocking","psychostimulant",1.13506000643711,0.9572
2018,"Holmes","psychostimulant",0.636529776456066,0.8178
2018,"Huron","psychostimulant",0.61306340655059,0.815533333333333
2018,"Jackson","psychostimulant",1.08703347423851,0.941866666666667
2018,"Jefferson","psychostimulant",1.27527672081632,0.975133333333333
2018,"Knox","psychostimulant",0.703160783089428,0.840533333333333
2018,"Lake","psychostimulant",1.0685759651486,0.964666666666667
2018,"Lawrence","psychostimulant",1.24349318810062,0.966066666666667
2018,"Licking","psychostimulant",0.872900694752357,0.926933333333333
2018,"Logan","psychostimulant",0.862883883497216,0.896733333333333
2018,"Lorain","psychostimulant",0.835413746845669,0.923733333333333
2018,"Lucas","psychostimulant",0.558667831180221,0.797333333333333
2018,"Madison","psychostimulant",0.830580686414531,0.910866666666667
2018,"Mahoning","psychostimulant",1.30995247375219,0.989133333333333
2018,"Marion","psychostimulant",0.877452556399267,0.892133333333333
2018,"Medina","psychostimulant",0.695474399231946,0.853666666666667
2018,"Meigs","psychostimulant",1.14579764207486,0.952733333333333
2018,"Mercer","psychostimulant",0.636082690357292,0.817266666666667
2018,"Miami","psychostimulant",1.01301995491476,0.9508
2018,"Monroe","psychostimulant",0.81293611638563,0.8778
2018,"Montgomery","psychostimulant",1.0086342714797,0.998466666666667
2018,"Morgan","psychostimulant",0.850122216139137,0.8938
2018,"Morrow","psychostimulant",0.943602037163596,0.921733333333333
2018,"Muskingum","psychostimulant",0.652440237479601,0.838333333333333
2018,"Noble","psychostimulant",1.09587650105158,0.946666666666667
2018,"Ottawa","psychostimulant",0.630689477950928,0.789266666666667
2018,"Paulding","psychostimulant",0.786122293448037,0.861533333333333
2018,"Perry","psychostimulant",1.13936316442127,0.957666666666667
2018,"Pickaway","psychostimulant",1.19010720377239,0.972933333333333
2018,"Pike","psychostimulant",1.25671403144657,0.962666666666667
2018,"Portage","psychostimulant",1.08022273018184,0.960533333333333
2018,"Preble","psychostimulant",0.991057506158831,0.928733333333333
2018,"Putnam","psychostimulant",0.566835566947671,0.782666666666667
2018,"Richland","psychostimulant",1.04671332332971,0.9562
2018,"Ross","psychostimulant",1.19357293453881,0.9752
2018,"Sandusky","psychostimulant",0.949998613233637,0.9152
2018,"Scioto","psychostimulant",1.33568606443676,0.983733333333333
2018,"Seneca","psychostimulant",0.445972212341803,0.7254
2018,"Shelby","psychostimulant",1.16052577529396,0.965466666666667
2018,"Stark","psychostimulant",1.09315254183854,0.981133333333333
2018,"Summit","psychostimulant",0.678651409275579,0.9554
2018,"Trumbull","psychostimulant",1.25229839394757,0.984
2018,"Tuscarawas","psychostimulant",0.45905353581061,0.7446
2018,"Union","psychostimulant",0.868806557021409,0.908066666666667
2018,"Van Wert","psychostimulant",1.04086565340845,0.931333333333333
2018,"Vinton","psychostimulant",0.911437699126717,0.904733333333333
2018,"Warren","psychostimulant",0.906482490997205,0.9408
2018,"Washington","psychostimulant",1.14450795317612,0.960666666666667
2018,"Wayne","psychostimulant",0.651107821369431,0.822466666666667
2018,"Williams","psychostimulant",0.93067336751797,0.9152
2018,"Wood","psychostimulant",0.712841628068483,0.8336
2018,"Wyandot","psychostimulant",0.937745783044857,0.912466666666667
2019,"Adams","psychostimulant",0.925189048901593,0.9112
2019,"Allen","psychostimulant",0.604975948781337,0.8242
2019,"Ashland","psychostimulant",0.459894077714472,0.7552
2019,"Ashtabula","psychostimulant",0.914433418547627,0.931533333333333
2019,"Athens","psychostimulant",0.560391437589299,0.8158
2019,"Auglaize","psychostimulant",0.456103426727224,0.740933333333333
2019,"Belmont","psychostimulant",0.776745195227109,0.889733333333333
2019,"Brown","psychostimulant",0.587457140211904,0.8074
2019,"Butler","psychostimulant",1.28798278910806,0.998733333333333
2019,"Carroll","psychostimulant",0.758965579538498,0.868866666666667
2019,"Champaign","psychostimulant",0.88512412408825,0.913333333333333
2019,"Clark","psychostimulant",1.08328574254208,0.976066666666667
2019,"Clermont","psychostimulant",0.767649370905861,0.901266666666667
2019,"Clinton","psychostimulant",0.94826213531579,0.909466666666667
2019,"Columbiana","psychostimulant",0.351221546742711,0.7016
2019,"Coshocton","psychostimulant",0.878309938921211,0.9118
2019,"Crawford","psychostimulant",1.2026893888334,0.962533333333333
2019,"Cuyahoga","psychostimulant",1.24623418983041,1
2019,"Darke","psychostimulant",0.810539901664203,0.8868
2019,"Defiance","psychostimulant",0.936842158618264,0.921466666666667
2019,"Delaware","psychostimulant",0.672095268818177,0.854533333333333
2019,"Erie","psychostimulant",0.557444951565784,0.8088
2019,"Fairfield","psychostimulant",1.05902980106323,0.970666666666667
2019,"Fayette","psychostimulant",1.08764690908081,0.9542
2019,"Franklin","psychostimulant",0.878705671506351,0.999466666666667
2019,"Fulton","psychostimulant",0.711753321674712,0.8452
2019,"Gallia","psychostimulant",1.09494714120305,0.951666666666667
2019,"Geauga","psychostimulant",0.424282995365441,0.734733333333333
2019,"Greene","psychostimulant",0.774927261836487,0.9132
2019,"Guernsey","psychostimulant",0.96835145514129,0.935066666666667
2019,"Hamilton","psychostimulant",0.850029610118195,0.999266666666667
2019,"Hancock","psychostimulant",0.861429011699147,0.905933333333333
2019,"Hardin","psychostimulant",0.721747152501391,0.854133333333333
2019,"Harrison","psychostimulant",0.666995187928071,0.840533333333333
2019,"Henry","psychostimulant",0.633681938172848,0.818866666666667
2019,"Highland","psychostimulant",0.369509191997393,0.7036
2019,"Hocking","psychostimulant",0.873478792112187,0.914266666666667
2019,"Holmes","psychostimulant",0.466322644545296,0.7526
2019,"Huron","psychostimulant",0.469118791802184,0.753466666666667
2019,"Jackson","psychostimulant",0.845060517531092,0.8962
2019,"Jefferson","psychostimulant",1.05917426154314,0.955066666666667
2019,"Knox","psychostimulant",0.503379324087657,0.7606
2019,"Lake","psychostimulant",1.12677093337453,0.978466666666667
2019,"Lawrence","psychostimulant",0.944193118873537,0.928133333333333
2019,"Licking","psychostimulant",0.743239209883851,0.9012
2019,"Logan","psychostimulant",0.739308179057027,0.867933333333333
2019,"Lorain","psychostimulant",0.762591003319904,0.925266666666667
2019,"Lucas","psychostimulant",0.657009205034127,0.875933333333333
2019,"Madison","psychostimulant",0.797481721462271,0.9008
2019,"Mahoning","psychostimulant",0.972398945494873,0.963933333333333
2019,"Marion","psychostimulant",0.371807956872443,0.716666666666667
2019,"Medina","psychostimulant",0.497472664771256,0.777933333333333
2019,"Meigs","psychostimulant",1.19235700834199,0.958666666666667
2019,"Mercer","psychostimulant",0.533517176998091,0.776666666666667
2019,"Miami","psychostimulant",0.887539394278384,0.934466666666667
2019,"Monroe","psychostimulant",0.634306953282586,0.8216
2019,"Montgomery","psychostimulant",1.28923629949295,0.999933333333333
2019,"Morgan","psychostimulant",0.677750885871025,0.841933333333333
2019,"Morrow","psychostimulant",0.938209484612157,0.924266666666667
2019,"Muskingum","psychostimulant",0.771919954242643,0.891866666666667
2019,"Noble","psychostimulant",0.887109315228656,0.9084
2019,"Ottawa","psychostimulant",0.581249645840841,0.777133333333333
2019,"Paulding","psychostimulant",0.681881392821834,0.834933333333333
2019,"Perry","psychostimulant",1.15771578394378,0.961
2019,"Pickaway","psychostimulant",1.06422567245147,0.959533333333333
2019,"Pike","psychostimulant",1.06622211193773,0.940533333333333
2019,"Portage","psychostimulant",0.906203088689905,0.939133333333333
2019,"Preble","psychostimulant",0.860771178167549,0.905666666666667
2019,"Putnam","psychostimulant",0.446428937623389,0.7282
2019,"Richland","psychostimulant",0.938451051697252,0.947066666666667
2019,"Ross","psychostimulant",0.920648881892982,0.949533333333333
2019,"Sandusky","psychostimulant",0.933606141581989,0.9172
2019,"Scioto","psychostimulant",1.45381778892693,0.992466666666667
2019,"Seneca","psychostimulant",0.293864473793394,0.656533333333333
2019,"Shelby","psychostimulant",1.17338915134685,0.968066666666667
2019,"Stark","psychostimulant",0.641929232579269,0.910133333333333
2019,"Summit","psychostimulant",1.33989046446465,0.999933333333333
2019,"Trumbull","psychostimulant",1.17953735090574,0.982666666666667
2019,"Tuscarawas","psychostimulant",0.119333080434462,0.566866666666667
2019,"Union","psychostimulant",0.782827364253863,0.8876
2019,"Van Wert","psychostimulant",0.984972946901093,0.927133333333333
2019,"Vinton","psychostimulant",0.775963637114882,0.877666666666667
2019,"Warren","psychostimulant",0.926701824960443,0.948066666666667
2019,"Washington","psychostimulant",0.922812579105496,0.923333333333333
2019,"Wayne","psychostimulant",0.68876518949415,0.837066666666667
2019,"Williams","psychostimulant",0.933677867052141,0.922866666666667
2019,"Wood","psychostimulant",0.60050956472856,0.802466666666667
2019,"Wyandot","psychostimulant",0.714895022738268,0.856
2020,"Adams","psychostimulant",0.629022323554712,0.831933333333333
2020,"Allen","psychostimulant",0.369957470069019,0.719066666666667
2020,"Ashland","psychostimulant",0.454379877515699,0.747733333333333
2020,"Ashtabula","psychostimulant",0.421432927540415,0.753533333333333
2020,"Athens","psychostimulant",0.652628227730037,0.849533333333333
2020,"Auglaize","psychostimulant",0.311714749429348,0.6686
2020,"Belmont","psychostimulant",0.790182919699087,0.891733333333333
2020,"Brown","psychostimulant",0.455385125369495,0.7486
2020,"Butler","psychostimulant",1.34589063548984,0.9996
2020,"Carroll","psychostimulant",0.746833748408175,0.867266666666667
2020,"Champaign","psychostimulant",0.772445595681643,0.884066666666667
2020,"Clark","psychostimulant",0.819377329175774,0.9336
2020,"Clermont","psychostimulant",0.609251880543956,0.850933333333333
2020,"Clinton","psychostimulant",0.629877520713601,0.822066666666667
2020,"Columbiana","psychostimulant",0.467134864258559,0.755533333333333
2020,"Coshocton","psychostimulant",0.844414144385844,0.9038
2020,"Crawford","psychostimulant",0.838397155400718,0.901066666666667
2020,"Cuyahoga","psychostimulant",0.951117363386015,0.999733333333333
2020,"Darke","psychostimulant",0.66412648909752,0.846533333333333
2020,"Defiance","psychostimulant",0.8168573492779,0.889666666666667
2020,"Delaware","psychostimulant",0.403217489175735,0.738933333333333
2020,"Erie","psychostimulant",0.636268189738272,0.844333333333333
2020,"Fairfield","psychostimulant",1.06731345013905,0.979733333333333
2020,"Fayette","psychostimulant",0.924418116741839,0.922466666666667
2020,"Franklin","psychostimulant",0.355851328446729,0.954333333333333
2020,"Fulton","psychostimulant",0.705253402287092,0.843866666666667
2020,"Gallia","psychostimulant",1.11395452865184,0.9514
2020,"Geauga","psychostimulant",0.24621004594149,0.646466666666667
2020,"Greene","psychostimulant",0.536845082389677,0.8268
2020,"Guernsey","psychostimulant",0.608328494784586,0.825
2020,"Hamilton","psychostimulant",0.986336953128089,0.999266666666667
2020,"Hancock","psychostimulant",0.840215910347886,0.900266666666667
2020,"Hardin","psychostimulant",0.579561707560958,0.802666666666667
2020,"Harrison","psychostimulant",0.547539137423264,0.786333333333333
2020,"Henry","psychostimulant",0.487504556127183,0.754
2020,"Highland","psychostimulant",0.35684074628806,0.701066666666667
2020,"Hocking","psychostimulant",0.61993369800019,0.826066666666667
2020,"Holmes","psychostimulant",0.390201964707603,0.716
2020,"Huron","psychostimulant",0.454943763813347,0.743133333333333
2020,"Jackson","psychostimulant",0.719525782773362,0.856866666666667
2020,"Jefferson","psychostimulant",0.748447811423308,0.8872
2020,"Knox","psychostimulant",0.268855996547026,0.646066666666667
2020,"Lake","psychostimulant",1.1858932164345,0.9848
2020,"Lawrence","psychostimulant",0.904946715329141,0.9206
2020,"Licking","psychostimulant",0.453397580967802,0.7846
2020,"Logan","psychostimulant",0.482379144665311,0.772133333333333
2020,"Lorain","psychostimulant",0.910364650029543,0.961666666666667
2020,"Lucas","psychostimulant",0.615673497607801,0.868533333333333
2020,"Madison","psychostimulant",0.662023087669331,0.855466666666667
2020,"Mahoning","psychostimulant",0.935780669409143,0.968733333333333
2020,"Marion","psychostimulant",0.210784270418002,0.631733333333333
2020,"Medina","psychostimulant",0.422822030649103,0.749066666666667
2020,"Meigs","psychostimulant",1.10904104425791,0.9426
2020,"Mercer","psychostimulant",0.529807916623698,0.772733333333333
2020,"Miami","psychostimulant",0.940271355618659,0.944666666666667
2020,"Monroe","psychostimulant",0.509346693854266,0.7712
2020,"Montgomery","psychostimulant",0.780546049729367,0.998733333333333
2020,"Morgan","psychostimulant",0.61307703505391,0.819533333333333
2020,"Morrow","psychostimulant",0.916315522032712,0.919333333333333
2020,"Muskingum","psychostimulant",0.822600081018416,0.907333333333333
2020,"Noble","psychostimulant",0.727166080367141,0.868333333333333
2020,"Ottawa","psychostimulant",0.434971144396947,0.712933333333333
2020,"Paulding","psychostimulant",0.615672351442913,0.808733333333333
2020,"Perry","psychostimulant",0.992943993770401,0.937733333333333
2020,"Pickaway","psychostimulant",1.06424444641253,0.961066666666667
2020,"Pike","psychostimulant",0.832322096056834,0.8942
2020,"Portage","psychostimulant",0.470244007491782,0.79
2020,"Preble","psychostimulant",0.804416072469612,0.887533333333333
2020,"Putnam","psychostimulant",0.36310344243598,0.6932
2020,"Richland","psychostimulant",0.402278998252526,0.759733333333333
2020,"Ross","psychostimulant",0.78288935810453,0.925266666666667
2020,"Sandusky","psychostimulant",0.633412431230245,0.8232
2020,"Scioto","psychostimulant",1.16684674177439,0.977866666666667
2020,"Seneca","psychostimulant",0.0853356698054941,0.549
2020,"Shelby","psychostimulant",1.17210494208581,0.971133333333333
2020,"Stark","psychostimulant",0.323653281831212,0.758666666666667
2020,"Summit","psychostimulant",0.5352217237771,0.955066666666667
2020,"Trumbull","psychostimulant",1.10581394679173,0.977866666666667
2020,"Tuscarawas","psychostimulant",0.0787043872684254,0.547333333333333
2020,"Union","psychostimulant",0.493204503275915,0.7806
2020,"Van Wert","psychostimulant",0.728113974699016,0.861866666666667
2020,"Vinton","psychostimulant",0.870465235200541,0.9008
2020,"Warren","psychostimulant",0.776125850069092,0.918066666666667
2020,"Washington","psychostimulant",0.867461795332821,0.9142
2020,"Wayne","psychostimulant",0.373109575275096,0.7166
2020,"Williams","psychostimulant",0.789409641259915,0.8854
2020,"Wood","psychostimulant",0.314127186622974,0.669266666666667
2020,"Wyandot","psychostimulant",0.612696755595259,0.813866666666667
