"year","county","substance","u_median","prob_positive"
2010,"Adams","cocaine",-0.0915661253857582,0.384933333333333
2010,"Allen","cocaine",-0.199280963873229,0.219666666666667
2010,"Ashland","cocaine",-0.0434590930781671,0.4228
2010,"Ashtabula","cocaine",0.18972202122193,0.714266666666667
2010,"Athens","cocaine",-0.162109862811127,0.266133333333333
2010,"Auglaize","cocaine",-0.122972554981562,0.303866666666667
2010,"Belmont","cocaine",-0.137811850335538,0.314866666666667
2010,"Brown","cocaine",0.0621908067388903,0.580733333333333
2010,"Butler","cocaine",0.431666802650436,0.9486
2010,"Carroll","cocaine",0.0897312746785215,0.631133333333333
2010,"Champaign","cocaine",0.171734108053997,0.757933333333333
2010,"Clark","cocaine",0.346562550708669,0.917066666666667
2010,"Clermont","cocaine",0.254743263577327,0.816466666666667
2010,"Clinton","cocaine",0.11205097771547,0.6666
2010,"Columbiana","cocaine",0.232576572366105,0.789466666666667
2010,"Coshocton","cocaine",-0.0669393520764027,0.3926
2010,"Crawford","cocaine",-0.126241463204877,0.3044
2010,"Cuyahoga","cocaine",0.592200890667755,0.995866666666667
2010,"Darke","cocaine",0.112824170416553,0.674466666666667
2010,"Defiance","cocaine",-0.412270613587111,0.109333333333333
2010,"Delaware","cocaine",0.036083995413915,0.565333333333333
2010,"Erie","cocaine",-0.234133154576116,0.224733333333333
2010,"Fairfield","cocaine",0.00983287886201348,0.5146
2010,"Fayette","cocaine",0.157830093114262,0.743333333333333
2010,"Franklin","cocaine",0.579415434866407,0.9964
2010,"Fulton","cocaine",-0.441242119164918,0.105666666666667
2010,"Gallia","cocaine",-0.0390855536868152,0.452
2010,"Geauga","cocaine",0.337584105143932,0.905
2010,"Greene","cocaine",0.0853228117375401,0.641133333333333
2010,"Guernsey","cocaine",-0.0678992453465994,0.396466666666667
2010,"Hamilton","cocaine",0.604825126168271,0.987066666666667
2010,"Hancock","cocaine",-0.274528609062285,0.120266666666667
2010,"Hardin","cocaine",-0.142234838322249,0.2654
2010,"Harrison","cocaine",-0.0342070423195634,0.454466666666667
2010,"Henry","cocaine",-0.390923538871072,0.075
2010,"Highland","cocaine",-0.0100107257738424,0.4854
2010,"Hocking","cocaine",0.0109410878552618,0.514333333333333
2010,"Holmes","cocaine",-0.0974143916203922,0.3418
2010,"Huron","cocaine",-0.185541926405917,0.212466666666667
2010,"Jackson","cocaine",-0.0292270576005604,0.457866666666667
2010,"Jefferson","cocaine",0.084448747359003,0.6082
2010,"Knox","cocaine",-0.0154139864880452,0.471533333333333
2010,"Lake","cocaine",0.495709095165649,0.947533333333333
2010,"Lawrence","cocaine",-0.0345296844325854,0.461133333333333
2010,"Licking","cocaine",-0.0373984912703825,0.431733333333333
2010,"Logan","cocaine",0.0241935294941859,0.538133333333333
2010,"Lorain","cocaine",0.104198041706812,0.6668
2010,"Lucas","cocaine",-0.243148006040789,0.196466666666667
2010,"Madison","cocaine",0.191780025158571,0.810466666666667
2010,"Mahoning","cocaine",0.61566790903977,0.989733333333333
2010,"Marion","cocaine",0.0889489341445326,0.6522
2010,"Medina","cocaine",0.086395414109722,0.6388
2010,"Meigs","cocaine",-0.108408067518388,0.383
2010,"Mercer","cocaine",-0.236398973414103,0.239266666666667
2010,"Miami","cocaine",0.119617858215879,0.676933333333333
2010,"Monroe","cocaine",-0.248156738864718,0.247866666666667
2010,"Montgomery","cocaine",0.227820534552737,0.847933333333333
2010,"Morgan","cocaine",-0.244606827195789,0.199066666666667
2010,"Morrow","cocaine",0.0166225894551068,0.525933333333333
2010,"Muskingum","cocaine",-0.127942254753048,0.3096
2010,"Noble","cocaine",-0.204980099727465,0.230066666666667
2010,"Ottawa","cocaine",-0.406498235845328,0.112
2010,"Paulding","cocaine",-0.441740932373874,0.110066666666667
2010,"Perry","cocaine",-0.100356815798258,0.3468
2010,"Pickaway","cocaine",0.199544827949608,0.808066666666667
2010,"Pike","cocaine",-0.00791689254397144,0.487666666666667
2010,"Portage","cocaine",0.305070781623154,0.892933333333333
2010,"Preble","cocaine",0.170725374194334,0.7042
2010,"Putnam","cocaine",-0.34066264707765,0.095
2010,"Richland","cocaine",0.0339607569822421,0.552866666666667
2010,"Ross","cocaine",0.146055403690655,0.729133333333333
2010,"Sandusky","cocaine",-0.322726435917074,0.119133333333333
2010,"Scioto","cocaine",-0.0714405687011,0.411133333333333
2010,"Seneca","cocaine",-0.324158450980599,0.0979333333333333
2010,"Shelby","cocaine",-0.01065035229256,0.484933333333333
2010,"Stark","cocaine",0.232703965723704,0.867533333333333
2010,"Summit","cocaine",0.272405703081189,0.886466666666667
2010,"Trumbull","cocaine",0.412894748910452,0.928333333333333
2010,"Tuscarawas","cocaine",0.0499951906696667,0.5836
2010,"Union","cocaine",0.0854138981128978,0.6474
2010,"Van Wert","cocaine",-0.246750302482189,0.1956
2010,"Vinton","cocaine",-0.052708715401895,0.423466666666667
2010,"Warren","cocaine",0.15005750888926,0.737933333333333
2010,"Washington","cocaine",-0.262447247262765,0.204333333333333
2010,"Wayne","cocaine",0.036403390917883,0.558466666666667
2010,"Williams","cocaine",-0.486450944657813,0.0901333333333333
2010,"Wood","cocaine",-0.381657752310659,0.0612666666666667
2010,"Wyandot","cocaine",-0.235652732694406,0.1898
2011,"Adams","cocaine",0.0604911624497664,0.561533333333333
2011,"Allen","cocaine",-0.306001899896669,0.173333333333333
2011,"Ashland","cocaine",-0.124766405648339,0.331533333333333
2011,"Ashtabula","cocaine",0.0815287580361667,0.582133333333333
2011,"Athens","cocaine",-0.248781967326234,0.223533333333333
2011,"Auglaize","cocaine",-0.209486679157847,0.2454
2011,"Belmont","cocaine",-0.259317670247066,0.233933333333333
2011,"Brown","cocaine",0.32127077439589,0.804266666666667
2011,"Butler","cocaine",0.78026128486437,0.993666666666667
2011,"Carroll","cocaine",0.0767209838017913,0.5844
2011,"Champaign","cocaine",0.333513332986224,0.859466666666667
2011,"Clark","cocaine",0.750644606082135,0.992466666666667
2011,"Clermont","cocaine",0.616101381149492,0.966733333333333
2011,"Clinton","cocaine",0.330309333762563,0.853133333333333
2011,"Columbiana","cocaine",0.280992961353652,0.786066666666667
2011,"Coshocton","cocaine",-0.200531528524163,0.261466666666667
2011,"Crawford","cocaine",-0.217541889694211,0.238133333333333
2011,"Cuyahoga","cocaine",0.708223520722205,0.9936
2011,"Darke","cocaine",0.267804022351656,0.805666666666667
2011,"Defiance","cocaine",-0.605667824709156,0.0698
2011,"Delaware","cocaine",-0.110625833790757,0.349466666666667
2011,"Erie","cocaine",-0.352780877293533,0.185533333333333
2011,"Fairfield","cocaine",-0.142833395209531,0.322266666666667
2011,"Fayette","cocaine",0.400450499173725,0.902066666666667
2011,"Franklin","cocaine",0.686870082020904,0.992266666666667
2011,"Fulton","cocaine",-0.651981769683845,0.0739333333333333
2011,"Gallia","cocaine",0.0904809636373518,0.585866666666667
2011,"Geauga","cocaine",0.302939677759807,0.8348
2011,"Greene","cocaine",0.255035947752095,0.811933333333333
2011,"Guernsey","cocaine",-0.160527716745704,0.314466666666667
2011,"Hamilton","cocaine",1.11461995123057,0.999733333333333
2011,"Hancock","cocaine",-0.432494482253839,0.072
2011,"Hardin","cocaine",-0.266810870939707,0.182866666666667
2011,"Harrison","cocaine",-0.115547632522485,0.374666666666667
2011,"Henry","cocaine",-0.579735802859551,0.0445333333333333
2011,"Highland","cocaine",0.165313005242772,0.686933333333333
2011,"Hocking","cocaine",0.040529899573907,0.550133333333333
2011,"Holmes","cocaine",-0.284645220528153,0.180866666666667
2011,"Huron","cocaine",-0.301363636784141,0.154266666666667
2011,"Jackson","cocaine",0.156379218910566,0.6706
2011,"Jefferson","cocaine",0.136392931986503,0.641733333333333
2011,"Knox","cocaine",-0.0847980708393642,0.378933333333333
2011,"Lake","cocaine",0.536368881090078,0.926333333333333
2011,"Lawrence","cocaine",0.215864410487101,0.6926
2011,"Licking","cocaine",-0.195270654405051,0.2314
2011,"Logan","cocaine",-0.00277696984073034,0.497133333333333
2011,"Lorain","cocaine",0.144555807993897,0.6824
2011,"Lucas","cocaine",-0.304501589085503,0.182133333333333
2011,"Madison","cocaine",0.342729813784795,0.893133333333333
2011,"Mahoning","cocaine",0.702168255611839,0.987066666666667
2011,"Marion","cocaine",0.130099011692786,0.668
2011,"Medina","cocaine",0.0565440201317856,0.573466666666667
2011,"Meigs","cocaine",-0.0808391458713408,0.432066666666667
2011,"Mercer","cocaine",-0.377296122755036,0.188866666666667
2011,"Miami","cocaine",0.240376021913221,0.7662
2011,"Monroe","cocaine",-0.455418872934493,0.164533333333333
2011,"Montgomery","cocaine",0.598699368660297,0.9876
2011,"Morgan","cocaine",-0.475371303343987,0.106066666666667
2011,"Morrow","cocaine",-0.0440738187975542,0.4452
2011,"Muskingum","cocaine",-0.309641513828418,0.1632
2011,"Noble","cocaine",-0.394399644661318,0.135466666666667
2011,"Ottawa","cocaine",-0.608732854260575,0.075
2011,"Paulding","cocaine",-0.689378167873781,0.0669333333333333
2011,"Perry","cocaine",-0.273552057998371,0.2
2011,"Pickaway","cocaine",0.3644697671238,0.8928
2011,"Pike","cocaine",0.197117046953293,0.710333333333333
2011,"Portage","cocaine",0.255157918509732,0.8112
2011,"Preble","cocaine",0.417790850951739,0.851533333333333
2011,"Putnam","cocaine",-0.511691450651368,0.0572
2011,"Richland","cocaine",0.0869780355803058,0.614333333333333
2011,"Ross","cocaine",0.400007000872076,0.918933333333333
2011,"Sandusky","cocaine",-0.490508266251996,0.0757333333333333
2011,"Scioto","cocaine",0.148480116876739,0.644066666666667
2011,"Seneca","cocaine",-0.522949322749203,0.0473333333333333
2011,"Shelby","cocaine",0.010265363116933,0.5112
2011,"Stark","cocaine",0.246786788259548,0.8344
2011,"Summit","cocaine",0.165121389677245,0.730133333333333
2011,"Trumbull","cocaine",0.462887383887548,0.9144
2011,"Tuscarawas","cocaine",-0.0341446794019894,0.452933333333333
2011,"Union","cocaine",-0.00309744979502646,0.4966
2011,"Van Wert","cocaine",-0.357895650624833,0.164866666666667
2011,"Vinton","cocaine",0.0183602336694204,0.522666666666667
2011,"Warren","cocaine",0.398794532050171,0.918866666666667
2011,"Washington","cocaine",-0.459575849787934,0.1274
2011,"Wayne","cocaine",-0.0308843264933681,0.461133333333333
2011,"Williams","cocaine",-0.746499389464764,0.0539333333333333
2011,"Wood","cocaine",-0.564754188447887,0.0297333333333333
2011,"Wyandot","cocaine",-0.413129573954237,0.1176
2012,"Adams","cocaine",-0.216621118696473,0.308066666666667
2012,"Allen","cocaine",-0.059292233459393,0.434733333333333
2012,"Ashland","cocaine",-0.0998200627629567,0.375933333333333
2012,"Ashtabula","cocaine",0.116213122906844,0.602933333333333
2012,"Athens","cocaine",-0.547751819984682,0.0708
2012,"Auglaize","cocaine",-0.190161579569062,0.2936
2012,"Belmont","cocaine",-0.335424171855238,0.196466666666667
2012,"Brown","cocaine",0.133088402269454,0.627733333333333
2012,"Butler","cocaine",0.827104680556785,0.992333333333333
2012,"Carroll","cocaine",0.0909113857797969,0.5938
2012,"Champaign","cocaine",0.375276221276002,0.858666666666667
2012,"Clark","cocaine",0.80416146066062,0.991466666666667
2012,"Clermont","cocaine",0.504242802122834,0.913733333333333
2012,"Clinton","cocaine",0.133577616018533,0.648933333333333
2012,"Columbiana","cocaine",0.327931922475329,0.815333333333333
2012,"Coshocton","cocaine",-0.318157975677835,0.183866666666667
2012,"Crawford","cocaine",-0.0720507846440645,0.419
2012,"Cuyahoga","cocaine",0.934318005102324,0.997933333333333
2012,"Darke","cocaine",0.385131077102714,0.862733333333333
2012,"Defiance","cocaine",-0.268610767585684,0.270733333333333
2012,"Delaware","cocaine",-0.162804826302179,0.308266666666667
2012,"Erie","cocaine",-0.169506363540869,0.346666666666667
2012,"Fairfield","cocaine",-0.407231719216218,0.1176
2012,"Fayette","cocaine",0.290641704838658,0.800133333333333
2012,"Franklin","cocaine",0.666282869679463,0.981266666666667
2012,"Fulton","cocaine",-0.199580451198761,0.336333333333333
2012,"Gallia","cocaine",-0.133969315486924,0.385133333333333
2012,"Geauga","cocaine",0.351637452998693,0.8438
2012,"Greene","cocaine",0.113835913095215,0.6332
2012,"Guernsey","cocaine",-0.272471978184519,0.224333333333333
2012,"Hamilton","cocaine",0.962074871344134,0.996066666666667
2012,"Hancock","cocaine",-0.205368673501627,0.264
2012,"Hardin","cocaine",-0.184656584292723,0.285866666666667
2012,"Harrison","cocaine",-0.172366109186729,0.337333333333333
2012,"Henry","cocaine",-0.200438150028161,0.289466666666667
2012,"Highland","cocaine",-0.0833303585717999,0.412133333333333
2012,"Hocking","cocaine",-0.232528746469272,0.266533333333333
2012,"Holmes","cocaine",-0.432016712052846,0.116666666666667
2012,"Huron","cocaine",-0.141199727934256,0.3356
2012,"Jackson","cocaine",-0.0771747052048628,0.421066666666667
2012,"Jefferson","cocaine",0.219760072498005,0.705733333333333
2012,"Knox","cocaine",-0.112802725818262,0.355666666666667
2012,"Lake","cocaine",0.530800699099675,0.906266666666667
2012,"Lawrence","cocaine",-0.025485513653184,0.478466666666667
2012,"Licking","cocaine",-0.410377960536706,0.0924666666666667
2012,"Logan","cocaine",0.0441528374666437,0.5428
2012,"Lorain","cocaine",0.438186020138098,0.907066666666667
2012,"Lucas","cocaine",0.363189378479633,0.849266666666667
2012,"Madison","cocaine",0.265151540494979,0.805533333333333
2012,"Mahoning","cocaine",0.800343724161261,0.988733333333333
2012,"Marion","cocaine",0.318876926292373,0.832066666666667
2012,"Medina","cocaine",0.117630464836623,0.634133333333333
2012,"Meigs","cocaine",-0.302747540799142,0.272666666666667
2012,"Mercer","cocaine",-0.38710727315724,0.211333333333333
2012,"Miami","cocaine",0.247957091212418,0.750133333333333
2012,"Monroe","cocaine",-0.648716255273234,0.112333333333333
2012,"Montgomery","cocaine",0.565613672231891,0.9728
2012,"Morgan","cocaine",-0.785335250530922,0.0334
2012,"Morrow","cocaine",-0.0160265174221344,0.482466666666667
2012,"Muskingum","cocaine",-0.497600113375837,0.0756
2012,"Noble","cocaine",-0.594450224973533,0.074
2012,"Ottawa","cocaine",-0.217560698821171,0.3184
2012,"Paulding","cocaine",-0.519246947051055,0.156733333333333
2012,"Perry","cocaine",-0.594951123015929,0.0517333333333333
2012,"Pickaway","cocaine",0.211995938944183,0.741066666666667
2012,"Pike","cocaine",-0.0146071571060952,0.483733333333333
2012,"Portage","cocaine",0.321225880474308,0.842333333333333
2012,"Preble","cocaine",0.396017054376137,0.815133333333333
2012,"Putnam","cocaine",-0.2417394938154,0.249333333333333
2012,"Richland","cocaine",0.246477380730391,0.767266666666667
2012,"Ross","cocaine",0.336733145053771,0.8578
2012,"Sandusky","cocaine",-0.196333297023926,0.297533333333333
2012,"Scioto","cocaine",-0.146483685249985,0.3664
2012,"Seneca","cocaine",-0.348463045261071,0.162266666666667
2012,"Shelby","cocaine",-0.0188604281537589,0.484266666666667
2012,"Stark","cocaine",0.236114231321201,0.805066666666667
2012,"Summit","cocaine",0.263195718898408,0.8078
2012,"Trumbull","cocaine",0.554875596774251,0.934133333333333
2012,"Tuscarawas","cocaine",-0.143119512371108,0.337933333333333
2012,"Union","cocaine",-0.0522415816988982,0.435666666666667
2012,"Van Wert","cocaine",-0.228728527798108,0.290666666666667
2012,"Vinton","cocaine",-0.204317694383295,0.3004
2012,"Warren","cocaine",0.233927865308201,0.772733333333333
2012,"Washington","cocaine",-0.699419196168189,0.0606666666666667
2012,"Wayne","cocaine",-0.0443072971309206,0.4518
2012,"Williams","cocaine",-0.387338334742362,0.2176
2012,"Wood","cocaine",-0.218478071161317,0.258466666666667
2012,"Wyandot","cocaine",-0.307728990606389,0.214266666666667
2013,"Adams","cocaine",-0.190755746880539,0.348666666666667
2013,"Allen","cocaine",-0.11038012124874,0.383
2013,"Ashland","cocaine",-0.0590204818184129,0.432266666666667
2013,"Ashtabula","cocaine",-0.00620841261279161,0.493733333333333
2013,"Athens","cocaine",-0.670330189786717,0.0458666666666667
2013,"Auglaize","cocaine",-0.298620174636905,0.2062
2013,"Belmont","cocaine",-0.236875478058276,0.2812
2013,"Brown","cocaine",0.253114433102513,0.720066666666667
2013,"Butler","cocaine",0.939342514088731,0.9956
2013,"Carroll","cocaine",0.157416362266061,0.647866666666667
2013,"Champaign","cocaine",0.372671514802108,0.842266666666667
2013,"Clark","cocaine",0.794439289825775,0.986666666666667
2013,"Clermont","cocaine",0.558108328243184,0.923933333333333
2013,"Clinton","cocaine",0.170635242184247,0.675933333333333
2013,"Columbiana","cocaine",0.501054197959799,0.903333333333333
2013,"Coshocton","cocaine",-0.262212913600966,0.240533333333333
2013,"Crawford","cocaine",-0.0157672786201273,0.482466666666667
2013,"Cuyahoga","cocaine",0.830066926372628,0.9916
2013,"Darke","cocaine",0.369839494867368,0.844466666666667
2013,"Defiance","cocaine",-0.340276853745229,0.234666666666667
2013,"Delaware","cocaine",-0.201342419286261,0.2742
2013,"Erie","cocaine",-0.162828459585421,0.3566
2013,"Fairfield","cocaine",-0.560885779793429,0.0639333333333333
2013,"Fayette","cocaine",0.378432731202565,0.847866666666667
2013,"Franklin","cocaine",0.549114757103219,0.945866666666667
2013,"Fulton","cocaine",-0.309682610368125,0.270533333333333
2013,"Gallia","cocaine",-0.0463877073400603,0.458866666666667
2013,"Geauga","cocaine",0.22653818475128,0.732466666666667
2013,"Greene","cocaine",0.0960497987047378,0.610533333333333
2013,"Guernsey","cocaine",-0.184934605052428,0.316533333333333
2013,"Hamilton","cocaine",1.03079824446904,0.9972
2013,"Hancock","cocaine",-0.270061168265667,0.2228
2013,"Hardin","cocaine",-0.275216402288323,0.228933333333333
2013,"Harrison","cocaine",-0.0702655352900926,0.434733333333333
2013,"Henry","cocaine",-0.252174577389121,0.263733333333333
2013,"Highland","cocaine",-0.0557252697628412,0.445333333333333
2013,"Hocking","cocaine",-0.312186693626931,0.212866666666667
2013,"Holmes","cocaine",-0.462381357380471,0.1204
2013,"Huron","cocaine",-0.0794094261422803,0.410866666666667
2013,"Jackson","cocaine",-0.00984416683635192,0.490933333333333
2013,"Jefferson","cocaine",0.44104055049782,0.846
2013,"Knox","cocaine",-0.0328033422579095,0.463933333333333
2013,"Lake","cocaine",0.321976399291702,0.785266666666667
2013,"Lawrence","cocaine",0.0512549541456548,0.5416
2013,"Licking","cocaine",-0.468099502779551,0.0782666666666667
2013,"Logan","cocaine",0.0238615956440855,0.524666666666667
2013,"Lorain","cocaine",0.566771473589279,0.949466666666667
2013,"Lucas","cocaine",0.362755581208886,0.845533333333333
2013,"Madison","cocaine",0.216972405066292,0.7458
2013,"Mahoning","cocaine",0.971915015275723,0.9964
2013,"Marion","cocaine",0.316257089391863,0.822133333333333
2013,"Medina","cocaine",0.0887741082532429,0.6
2013,"Meigs","cocaine",-0.267770763516137,0.302866666666667
2013,"Mercer","cocaine",-0.523185824773826,0.1538
2013,"Miami","cocaine",0.204244185092162,0.7104
2013,"Monroe","cocaine",-0.749381915880906,0.093
2013,"Montgomery","cocaine",0.556421906065306,0.961666666666667
2013,"Morgan","cocaine",-0.916321071511308,0.0242
2013,"Morrow","cocaine",0.0139101516469219,0.515533333333333
2013,"Muskingum","cocaine",-0.499383446296272,0.0882666666666667
2013,"Noble","cocaine",-0.627453841612529,0.0762
2013,"Ottawa","cocaine",-0.205810840091328,0.333266666666667
2013,"Paulding","cocaine",-0.650494611484819,0.120733333333333
2013,"Perry","cocaine",-0.750230934373663,0.0326
2013,"Pickaway","cocaine",0.192402301192878,0.707466666666667
2013,"Pike","cocaine",0.0193446423431142,0.520133333333333
2013,"Portage","cocaine",0.384740897751388,0.871866666666667
2013,"Preble","cocaine",0.430799523271315,0.822466666666667
2013,"Putnam","cocaine",-0.28222145651476,0.2294
2013,"Richland","cocaine",0.467202437065377,0.901733333333333
2013,"Ross","cocaine",0.511980175147032,0.933266666666667
2013,"Sandusky","cocaine",-0.18157171807123,0.3182
2013,"Scioto","cocaine",-0.0871156522916571,0.4236
2013,"Seneca","cocaine",-0.420774365931845,0.1342
2013,"Shelby","cocaine",-0.0972492081752058,0.406
2013,"Stark","cocaine",0.362043700650105,0.886666666666667
2013,"Summit","cocaine",0.28001064235187,0.812866666666667
2013,"Trumbull","cocaine",0.69237064704576,0.967066666666667
2013,"Tuscarawas","cocaine",-0.0551953351808763,0.4376
2013,"Union","cocaine",-0.158034498248461,0.325066666666667
2013,"Van Wert","cocaine",-0.308506469416425,0.234266666666667
2013,"Vinton","cocaine",-0.178066299620774,0.338
2013,"Warren","cocaine",0.219292883485518,0.744466666666667
2013,"Washington","cocaine",-0.751507805978191,0.0534666666666667
2013,"Wayne","cocaine",-0.0169305037424858,0.482466666666667
2013,"Williams","cocaine",-0.46442131412881,0.186933333333333
2013,"Wood","cocaine",-0.185494595393261,0.2924
2013,"Wyandot","cocaine",-0.388842519700524,0.1754
2014,"Adams","cocaine",-0.442309925420407,0.188133333333333
2014,"Allen","cocaine",-0.0132480079292249,0.485733333333333
2014,"Ashland","cocaine",-0.0304804473746892,0.467066666666667
2014,"Ashtabula","cocaine",-0.0236398806924331,0.4788
2014,"Athens","cocaine",-0.92999008844423,0.0128666666666667
2014,"Auglaize","cocaine",-0.190990657024695,0.310266666666667
2014,"Belmont","cocaine",-0.34754064051053,0.200866666666667
2014,"Brown","cocaine",0.10730978079385,0.5956
2014,"Butler","cocaine",0.99799060633946,0.997666666666667
2014,"Carroll","cocaine",0.0318679217769592,0.530466666666667
2014,"Champaign","cocaine",0.556104486286344,0.925466666666667
2014,"Clark","cocaine",1.02967506481397,0.997333333333333
2014,"Clermont","cocaine",0.584624071441937,0.928
2014,"Clinton","cocaine",0.102977976955082,0.599533333333333
2014,"Columbiana","cocaine",0.37396159243408,0.826733333333333
2014,"Coshocton","cocaine",-0.376521744762968,0.174
2014,"Crawford","cocaine",0.196808157898987,0.7016
2014,"Cuyahoga","cocaine",0.661993958691879,0.965666666666667
2014,"Darke","cocaine",0.552927342370839,0.9282
2014,"Defiance","cocaine",-0.233572701557895,0.3164
2014,"Delaware","cocaine",-0.206450374999443,0.2774
2014,"Erie","cocaine",0.0753283078333696,0.569666666666667
2014,"Fairfield","cocaine",-0.830736923680941,0.0149333333333333
2014,"Fayette","cocaine",0.443462525544287,0.880533333333333
2014,"Franklin","cocaine",0.389595214305352,0.8666
2014,"Fulton","cocaine",-0.0745362933241061,0.4438
2014,"Gallia","cocaine",-0.259748223056766,0.293666666666667
2014,"Geauga","cocaine",0.150688661755935,0.6536
2014,"Greene","cocaine",0.235180854397955,0.753866666666667
2014,"Guernsey","cocaine",-0.342674634261715,0.196533333333333
2014,"Hamilton","cocaine",0.971460906277885,0.994
2014,"Hancock","cocaine",-0.0685874539570675,0.4206
2014,"Hardin","cocaine",-0.149869554043693,0.347666666666667
2014,"Harrison","cocaine",-0.175325979815457,0.350733333333333
2014,"Henry","cocaine",-0.00890170960512553,0.491
2014,"Highland","cocaine",-0.189766625875495,0.319733333333333
2014,"Hocking","cocaine",-0.541952849088416,0.0946
2014,"Holmes","cocaine",-0.615515193302661,0.0739333333333333
2014,"Huron","cocaine",0.123994640393557,0.6378
2014,"Jackson","cocaine",-0.233781594954132,0.289666666666667
2014,"Jefferson","cocaine",0.443319058268613,0.851266666666667
2014,"Knox","cocaine",-0.119399419821607,0.3698
2014,"Lake","cocaine",0.210027763671095,0.689866666666667
2014,"Lawrence","cocaine",-0.227115252887791,0.318533333333333
2014,"Licking","cocaine",-0.682579061646619,0.0264
2014,"Logan","cocaine",0.195569259463754,0.693533333333333
2014,"Lorain","cocaine",0.632091729849536,0.963066666666667
2014,"Lucas","cocaine",0.659271562541972,0.965933333333333
2014,"Madison","cocaine",0.290031333066096,0.796
2014,"Mahoning","cocaine",0.82528237863647,0.988733333333333
2014,"Marion","cocaine",0.489244131658346,0.914933333333333
2014,"Medina","cocaine",0.0989436484543336,0.6028
2014,"Meigs","cocaine",-0.41708060316563,0.221266666666667
2014,"Mercer","cocaine",-0.414517308318141,0.217533333333333
2014,"Miami","cocaine",0.413180674839295,0.864266666666667
2014,"Monroe","cocaine",-1.01746648904522,0.0458
2014,"Montgomery","cocaine",0.707699211635809,0.986933333333333
2014,"Morgan","cocaine",-1.19182353864892,0.0074
2014,"Morrow","cocaine",0.100535913322268,0.598133333333333
2014,"Muskingum","cocaine",-0.689014030520817,0.0364666666666667
2014,"Noble","cocaine",-0.833406804294484,0.0312
2014,"Ottawa","cocaine",0.141357209543492,0.616666666666667
2014,"Paulding","cocaine",-0.546352066237671,0.168866666666667
2014,"Perry","cocaine",-1.03166405238533,0.00746666666666667
2014,"Pickaway","cocaine",0.038862323497123,0.542666666666667
2014,"Pike","cocaine",-0.181683389553442,0.343266666666667
2014,"Portage","cocaine",0.385563925649226,0.8678
2014,"Preble","cocaine",0.566413237713985,0.8828
2014,"Putnam","cocaine",-0.0779230411744821,0.4248
2014,"Richland","cocaine",0.639574458211635,0.961333333333333
2014,"Ross","cocaine",0.444425752375831,0.894866666666667
2014,"Sandusky","cocaine",0.124802508613545,0.625866666666667
2014,"Scioto","cocaine",-0.323908929805429,0.237466666666667
2014,"Seneca","cocaine",-0.233887533514636,0.2764
2014,"Shelby","cocaine",0.0556252120999003,0.5534
2014,"Stark","cocaine",0.280739722525366,0.8238
2014,"Summit","cocaine",0.298128421514119,0.820533333333333
2014,"Trumbull","cocaine",0.832829182366173,0.983333333333333
2014,"Tuscarawas","cocaine",-0.181755538604119,0.32
2014,"Union","cocaine",-0.127377984485309,0.359333333333333
2014,"Van Wert","cocaine",-0.154761448263784,0.365466666666667
2014,"Vinton","cocaine",-0.356530828616288,0.209933333333333
2014,"Warren","cocaine",0.206685162664716,0.722866666666667
2014,"Washington","cocaine",-0.93242832723537,0.0244
2014,"Wayne","cocaine",-0.0460800582031232,0.455266666666667
2014,"Williams","cocaine",-0.231755069692691,0.332466666666667
2014,"Wood","cocaine",0.109673802626904,0.625666666666667
2014,"Wyandot","cocaine",-0.253612342929501,0.279133333333333
2015,"Adams","cocaine",-0.547355116250867,0.1396
2015,"Allen","cocaine",0.176844023619584,0.681733333333333
2015,"Ashland","cocaine",-0.0674478389555056,0.4292
2015,"Ashtabula","cocaine",-0.114662161933493,0.3972
2015,"Athens","cocaine",-1.0300037701859,0.00813333333333333
2015,"Auglaize","cocaine",-0.0307301915791247,0.470266666666667
2015,"Belmont","cocaine",-0.301761602964736,0.239933333333333
2015,"Brown","cocaine",0.00407955526286763,0.503933333333333
2015,"Butler","cocaine",1.06769194663048,0.998466666666667
2015,"Carroll","cocaine",-0.0043257890004161,0.496666666666667
2015,"Champaign","cocaine",0.759844930974557,0.976
2015,"Clark","cocaine",1.28470861797786,0.999733333333333
2015,"Clermont","cocaine",0.492494551747993,0.887933333333333
2015,"Clinton","cocaine",-0.00664881545030372,0.493533333333333
2015,"Columbiana","cocaine",0.39231755124183,0.832066666666667
2015,"Coshocton","cocaine",-0.475935452455509,0.122866666666667
2015,"Crawford","cocaine",0.29404260564308,0.772133333333333
2015,"Cuyahoga","cocaine",0.410513268893196,0.873133333333333
2015,"Darke","cocaine",0.746969030844846,0.971333333333333
2015,"Defiance","cocaine",-0.315505163354904,0.262933333333333
2015,"Delaware","cocaine",-0.297627765078103,0.199733333333333
2015,"Erie","cocaine",0.283621991902797,0.745266666666667
2015,"Fairfield","cocaine",-1.04573908284608,0.00373333333333333
2015,"Fayette","cocaine",0.352516208961723,0.816066666666667
2015,"Franklin","cocaine",0.236794790885046,0.7506
2015,"Fulton","cocaine",-0.04006937197984,0.468333333333333
2015,"Gallia","cocaine",-0.227907890494247,0.322333333333333
2015,"Geauga","cocaine",0.0196066063925147,0.518
2015,"Greene","cocaine",0.295384217773505,0.804
2015,"Guernsey","cocaine",-0.436822693884053,0.149133333333333
2015,"Hamilton","cocaine",0.889259982983059,0.9878
2015,"Hancock","cocaine",0.0564548218109475,0.563266666666667
2015,"Hardin","cocaine",-0.0384717813773426,0.463
2015,"Harrison","cocaine",-0.218727156251749,0.3196
2015,"Henry","cocaine",0.0306007520218667,0.529133333333333
2015,"Highland","cocaine",-0.278712758079608,0.252266666666667
2015,"Hocking","cocaine",-0.674883249650521,0.0594666666666667
2015,"Holmes","cocaine",-0.794556610459899,0.0381333333333333
2015,"Huron","cocaine",0.186395396883881,0.692533333333333
2015,"Jackson","cocaine",-0.288348265574299,0.251266666666667
2015,"Jefferson","cocaine",0.617058331141985,0.924066666666667
2015,"Knox","cocaine",-0.181403326731139,0.3126
2015,"Lake","cocaine",0.206870558214782,0.689733333333333
2015,"Lawrence","cocaine",-0.178081208796945,0.355066666666667
2015,"Licking","cocaine",-0.911983831527433,0.0068
2015,"Logan","cocaine",0.407866541769379,0.843666666666667
2015,"Lorain","cocaine",0.64794498960186,0.9614
2015,"Lucas","cocaine",0.568698229797938,0.9404
2015,"Madison","cocaine",0.310200281072306,0.809133333333333
2015,"Mahoning","cocaine",0.82366693258163,0.987266666666667
2015,"Marion","cocaine",0.469464311444551,0.904133333333333
2015,"Medina","cocaine",-0.00907494473869275,0.490533333333333
2015,"Meigs","cocaine",-0.360045351869739,0.250866666666667
2015,"Mercer","cocaine",-0.344781217619807,0.262466666666667
2015,"Miami","cocaine",0.575335203050928,0.933
2015,"Monroe","cocaine",-1.11974896327534,0.0336
2015,"Montgomery","cocaine",0.922868000199041,0.997733333333333
2015,"Morgan","cocaine",-1.32283377063085,0.00573333333333333
2015,"Morrow","cocaine",0.158195105260664,0.652933333333333
2015,"Muskingum","cocaine",-0.772261868125173,0.0244
2015,"Noble","cocaine",-0.897954350612189,0.0280666666666667
2015,"Ottawa","cocaine",0.241630761843034,0.6922
2015,"Paulding","cocaine",-0.549095662764047,0.1818
2015,"Perry","cocaine",-1.21759922947608,0.0026
2015,"Pickaway","cocaine",-0.0906348929684907,0.410266666666667
2015,"Pike","cocaine",-0.203847888384661,0.327466666666667
2015,"Portage","cocaine",0.325747359723013,0.826666666666667
2015,"Preble","cocaine",0.758026848364364,0.949
2015,"Putnam","cocaine",-0.0169962508559995,0.4832
2015,"Richland","cocaine",0.824597118435747,0.986066666666667
2015,"Ross","cocaine",0.432408836406849,0.882666666666667
2015,"Sandusky","cocaine",0.321683361454384,0.789933333333333
2015,"Scioto","cocaine",-0.305081214026832,0.2574
2015,"Seneca","cocaine",-0.162409986320106,0.343
2015,"Shelby","cocaine",0.269281964637208,0.7418
2015,"Stark","cocaine",0.139091774417472,0.678133333333333
2015,"Summit","cocaine",0.145301779635921,0.674733333333333
2015,"Trumbull","cocaine",0.923657770204947,0.9906
2015,"Tuscarawas","cocaine",-0.297854351690986,0.2242
2015,"Union","cocaine",-0.104991906502545,0.385133333333333
2015,"Van Wert","cocaine",-0.00209461205723738,0.497733333333333
2015,"Vinton","cocaine",-0.433647752245287,0.173933333333333
2015,"Warren","cocaine",0.237426682437283,0.751466666666667
2015,"Washington","cocaine",-0.920666649509823,0.0292666666666667
2015,"Wayne","cocaine",-0.174339162240131,0.330266666666667
2015,"Williams","cocaine",-0.238305209782124,0.330333333333333
2015,"Wood","cocaine",0.168523779134269,0.678666666666667
2015,"Wyandot","cocaine",-0.19979154992029,0.330466666666667
2016,"Adams","cocaine",-0.686118359752878,0.0951333333333333
2016,"Allen","cocaine",0.179420374978228,0.688733333333333
2016,"Ashland","cocaine",-0.0252022978809962,0.4756
2016,"Ashtabula","cocaine",0.140526985071197,0.6192
2016,"Athens","cocaine",-1.08130418805307,0.0058
2016,"Auglaize","cocaine",0.0412818271258999,0.543066666666667
2016,"Belmont","cocaine",-0.16065379949853,0.346933333333333
2016,"Brown","cocaine",-0.327761748419973,0.243266666666667
2016,"Butler","cocaine",0.837552846257856,0.989333333333333
2016,"Carroll","cocaine",0.0942650690055546,0.582733333333333
2016,"Champaign","cocaine",0.880237704592821,0.987133333333333
2016,"Clark","cocaine",1.36350664639957,1
2016,"Clermont","cocaine",0.145743621844879,0.636933333333333
2016,"Clinton","cocaine",-0.237424059855206,0.280933333333333
2016,"Columbiana","cocaine",0.348381507380731,0.806
2016,"Coshocton","cocaine",-0.435586644411294,0.151133333333333
2016,"Crawford","cocaine",0.307734426839844,0.7798
2016,"Cuyahoga","cocaine",0.451926083687706,0.8896
2016,"Darke","cocaine",0.888245418179914,0.987133333333333
2016,"Defiance","cocaine",-0.514387664592841,0.158866666666667
2016,"Delaware","cocaine",-0.37130642215294,0.15
2016,"Erie","cocaine",0.483489070882973,0.867266666666667
2016,"Fairfield","cocaine",-1.20356263812236,0.00193333333333333
2016,"Fayette","cocaine",0.199854361442528,0.688866666666667
2016,"Franklin","cocaine",-0.0845085968292008,0.408733333333333
2016,"Fulton","cocaine",-0.257969267234293,0.313
2016,"Gallia","cocaine",-0.0994678734148042,0.418866666666667
2016,"Geauga","cocaine",0.198260368947847,0.6948
2016,"Greene","cocaine",0.198305079714591,0.717333333333333
2016,"Guernsey","cocaine",-0.371662390791395,0.196666666666667
2016,"Hamilton","cocaine",0.358967828879105,0.824666666666667
2016,"Hancock","cocaine",0.00327141613569409,0.503733333333333
2016,"Hardin","cocaine",-0.00907254216222694,0.491266666666667
2016,"Harrison","cocaine",-0.122193734827819,0.399133333333333
2016,"Henry","cocaine",-0.107319742319936,0.405266666666667
2016,"Highland","cocaine",-0.417668933723902,0.166466666666667
2016,"Hocking","cocaine",-0.752818104048121,0.0447333333333333
2016,"Holmes","cocaine",-0.826618798462538,0.0378666666666667
2016,"Huron","cocaine",0.254836582028495,0.746
2016,"Jackson","cocaine",-0.271818766706745,0.261933333333333
2016,"Jefferson","cocaine",0.903256443389564,0.9814
2016,"Knox","cocaine",-0.17397280146298,0.323133333333333
2016,"Lake","cocaine",0.422714056392786,0.841266666666667
2016,"Lawrence","cocaine",-0.0884185543427637,0.4284
2016,"Licking","cocaine",-1.08311889708237,0.00213333333333333
2016,"Logan","cocaine",0.570728625685464,0.918933333333333
2016,"Lorain","cocaine",0.903535010877013,0.994066666666667
2016,"Lucas","cocaine",0.391134089856166,0.8574
2016,"Madison","cocaine",0.232366090726426,0.737333333333333
2016,"Mahoning","cocaine",0.928253331064475,0.994066666666667
2016,"Marion","cocaine",0.519230726968771,0.9202
2016,"Medina","cocaine",0.143158431528171,0.646
2016,"Meigs","cocaine",-0.16762826677125,0.376066666666667
2016,"Mercer","cocaine",-0.306371093359819,0.2894
2016,"Miami","cocaine",0.781893264668911,0.978
2016,"Monroe","cocaine",-1.12474500076647,0.0393333333333333
2016,"Montgomery","cocaine",0.971068975948945,0.997733333333333
2016,"Morgan","cocaine",-1.37198870120236,0.00426666666666667
2016,"Morrow","cocaine",0.264672817760532,0.733266666666667
2016,"Muskingum","cocaine",-0.708146247572315,0.0362
2016,"Noble","cocaine",-0.84325204698218,0.0392666666666667
2016,"Ottawa","cocaine",0.0864851426055387,0.5682
2016,"Paulding","cocaine",-0.653586891147735,0.144866666666667
2016,"Perry","cocaine",-1.32183830839493,0.00226666666666667
2016,"Pickaway","cocaine",-0.235944574505747,0.268866666666667
2016,"Pike","cocaine",-0.248320720393429,0.295866666666667
2016,"Portage","cocaine",0.340316662893546,0.823866666666667
2016,"Preble","cocaine",0.892536700711299,0.971133333333333
2016,"Putnam","cocaine",-0.105496694181465,0.397266666666667
2016,"Richland","cocaine",0.92033067762691,0.9924
2016,"Ross","cocaine",0.405989581140763,0.860733333333333
2016,"Sandusky","cocaine",0.364994853489249,0.814333333333333
2016,"Scioto","cocaine",-0.190775014312729,0.335866666666667
2016,"Seneca","cocaine",-0.151450492783255,0.356866666666667
2016,"Shelby","cocaine",0.501170880597392,0.890133333333333
2016,"Stark","cocaine",0.169608303696854,0.7052
2016,"Summit","cocaine",0.396127701227583,0.8924
2016,"Trumbull","cocaine",1.1260629795543,0.9984
2016,"Tuscarawas","cocaine",-0.271166190461695,0.246
2016,"Union","cocaine",-0.117712520381071,0.376933333333333
2016,"Van Wert","cocaine",0.0302080783491747,0.5276
2016,"Vinton","cocaine",-0.429783857720057,0.180866666666667
2016,"Warren","cocaine",0.0748439224842338,0.586466666666667
2016,"Washington","cocaine",-0.853007739458005,0.0401333333333333
2016,"Wayne","cocaine",-0.108406571790474,0.393133333333333
2016,"Williams","cocaine",-0.422767130068044,0.2174
2016,"Wood","cocaine",0.0728621002412754,0.576666666666667
2016,"Wyandot","cocaine",-0.201233303598874,0.335266666666667
2017,"Adams","cocaine",-0.566276959694248,0.1404
2017,"Allen","cocaine",-0.0451936548663915,0.450266666666667
2017,"Ashland","cocaine",-0.234339492769702,0.279666666666667
2017,"Ashtabula","cocaine",-0.0845423182639237,0.4262
2017,"Athens","cocaine",-1.00355723962,0.0112
2017,"Auglaize","cocaine",-0.0491851239549351,0.4534
2017,"Belmont","cocaine",0.204596824743965,0.687266666666667
2017,"Brown","cocaine",-0.325986243827959,0.243533333333333
2017,"Butler","cocaine",0.840040594533715,0.988533333333333
2017,"Carroll","cocaine",0.306240032754254,0.750533333333333
2017,"Champaign","cocaine",1.0649883430155,0.996466666666667
2017,"Clark","cocaine",1.59909168343667,0.999933333333333
2017,"Clermont","cocaine",0.190683964745321,0.674933333333333
2017,"Clinton","cocaine",-0.151513644628497,0.3594
2017,"Columbiana","cocaine",0.575887576834798,0.920133333333333
2017,"Coshocton","cocaine",-0.388591609508642,0.182733333333333
2017,"Crawford","cocaine",0.227039223362497,0.7084
2017,"Cuyahoga","cocaine",0.350606930418271,0.8254
2017,"Darke","cocaine",0.959688986041994,0.990266666666667
2017,"Defiance","cocaine",-0.819516473705364,0.0574
2017,"Delaware","cocaine",-0.264175236233385,0.231466666666667
2017,"Erie","cocaine",0.185670996111598,0.6644
2017,"Fairfield","cocaine",-0.966935117643276,0.00886666666666667
2017,"Fayette","cocaine",0.27911291396712,0.752533333333333
2017,"Franklin","cocaine",0.0388333592379754,0.545133333333333
2017,"Fulton","cocaine",-0.631161353585959,0.120733333333333
2017,"Gallia","cocaine",0.00953091163213859,0.5072
2017,"Geauga","cocaine",0.0438983973716651,0.545333333333333
2017,"Greene","cocaine",0.388476687226265,0.858933333333333
2017,"Guernsey","cocaine",-0.285842839777678,0.256266666666667
2017,"Hamilton","cocaine",0.585215935716714,0.932066666666667
2017,"Hancock","cocaine",-0.153725604111454,0.340733333333333
2017,"Hardin","cocaine",-0.0985203574142474,0.407666666666667
2017,"Harrison","cocaine",0.116645387481924,0.593733333333333
2017,"Henry","cocaine",-0.329162267151492,0.217333333333333
2017,"Highland","cocaine",-0.311458111109135,0.229733333333333
2017,"Hocking","cocaine",-0.581394160771696,0.0974
2017,"Holmes","cocaine",-0.956178393451751,0.0215333333333333
2017,"Huron","cocaine",0.110014114920874,0.611066666666667
2017,"Jackson","cocaine",-0.126947552859175,0.3866
2017,"Jefferson","cocaine",1.30116275508642,0.9982
2017,"Knox","cocaine",-0.26237355860139,0.252933333333333
2017,"Lake","cocaine",0.371533270334,0.813466666666667
2017,"Lawrence","cocaine",0.0506076865355782,0.541133333333333
2017,"Licking","cocaine",-0.997067492512044,0.00493333333333333
2017,"Logan","cocaine",0.600025888977775,0.922266666666667
2017,"Lorain","cocaine",0.769601277945324,0.9802
2017,"Lucas","cocaine",0.268058099484431,0.769933333333333
2017,"Madison","cocaine",0.360019641883842,0.838133333333333
2017,"Mahoning","cocaine",1.0767211886745,0.997533333333333
2017,"Marion","cocaine",0.464034852626841,0.889533333333333
2017,"Medina","cocaine",-0.0806131940877346,0.419133333333333
2017,"Meigs","cocaine",-0.195079309338994,0.358666666666667
2017,"Mercer","cocaine",-0.465721176187676,0.212066666666667
2017,"Miami","cocaine",0.945362763210094,0.993533333333333
2017,"Monroe","cocaine",-0.960069302769039,0.0696
2017,"Montgomery","cocaine",1.16492130057278,0.999466666666667
2017,"Morgan","cocaine",-1.25029717673189,0.00893333333333333
2017,"Morrow","cocaine",0.294990743803709,0.7502
2017,"Muskingum","cocaine",-0.468668148502624,0.115
2017,"Noble","cocaine",-0.64805050915435,0.0916666666666667
2017,"Ottawa","cocaine",-0.334503821076184,0.265533333333333
2017,"Paulding","cocaine",-0.907969306428029,0.071
2017,"Perry","cocaine",-1.17084992308467,0.00566666666666667
2017,"Pickaway","cocaine",-0.0629594963898377,0.4366
2017,"Pike","cocaine",-0.116006190348596,0.405733333333333
2017,"Portage","cocaine",0.19070820150392,0.696666666666667
2017,"Preble","cocaine",0.805952393386032,0.9526
2017,"Putnam","cocaine",-0.388312954327207,0.179733333333333
2017,"Richland","cocaine",0.834780783399693,0.985866666666667
2017,"Ross","cocaine",0.501452926790544,0.908866666666667
2017,"Sandusky","cocaine",0.0844371187086061,0.578466666666667
2017,"Scioto","cocaine",0.0750167096290757,0.566133333333333
2017,"Seneca","cocaine",-0.239094495277854,0.277733333333333
2017,"Shelby","cocaine",0.644965380057637,0.937733333333333
2017,"Stark","cocaine",0.125241451361421,0.653266666666667
2017,"Summit","cocaine",0.274014806286546,0.795866666666667
2017,"Trumbull","cocaine",1.12916830417117,0.997466666666667
2017,"Tuscarawas","cocaine",-0.199876425115967,0.303266666666667
2017,"Union","cocaine",-0.0267562508940485,0.472533333333333
2017,"Van Wert","cocaine",-0.21386726512338,0.3278
2017,"Vinton","cocaine",-0.347493439577871,0.238666666666667
2017,"Warren","cocaine",0.086014333237322,0.593
2017,"Washington","cocaine",-0.733862491680372,0.0634666666666667
2017,"Wayne","cocaine",-0.381427797778271,0.1826
2017,"Williams","cocaine",-0.842374490598453,0.0648
2017,"Wood","cocaine",-0.17154760807531,0.3252
2017,"Wyandot","cocaine",-0.332158670517037,0.250333333333333
2018,"Adams","cocaine",-0.256562787736604,0.318733333333333
2018,"Allen","cocaine",-0.328507301706889,0.209333333333333
2018,"Ashland","cocaine",-0.2638149815646,0.260866666666667
2018,"Ashtabula","cocaine",-0.155118913563824,0.366733333333333
2018,"Athens","cocaine",-0.616797504166004,0.0848
2018,"Auglaize","cocaine",-0.446556128631225,0.149866666666667
2018,"Belmont","cocaine",0.365276477264307,0.808866666666667
2018,"Brown","cocaine",-0.192568275901399,0.345466666666667
2018,"Butler","cocaine",0.663984990226663,0.9616
2018,"Carroll","cocaine",0.331020485187649,0.768066666666667
2018,"Champaign","cocaine",0.762354427469872,0.968733333333333
2018,"Clark","cocaine",1.3166150404578,0.999533333333333
2018,"Clermont","cocaine",0.186975000799287,0.665933333333333
2018,"Clinton","cocaine",-0.16013143579561,0.353066666666667
2018,"Columbiana","cocaine",0.472681599825601,0.8688
2018,"Coshocton","cocaine",-0.200017312490733,0.317866666666667
2018,"Crawford","cocaine",0.0481628823767149,0.544
2018,"Cuyahoga","cocaine",0.609825293332513,0.941266666666667
2018,"Darke","cocaine",0.538984552171055,0.898733333333333
2018,"Defiance","cocaine",-0.995512452227358,0.0315333333333333
2018,"Delaware","cocaine",-0.160595356123335,0.333266666666667
2018,"Erie","cocaine",-0.237692260779218,0.300933333333333
2018,"Fairfield","cocaine",-0.679960982200708,0.0426
2018,"Fayette","cocaine",0.298301940776799,0.755466666666667
2018,"Franklin","cocaine",0.602337844435168,0.935733333333333
2018,"Fulton","cocaine",-0.786049077326118,0.0767333333333333
2018,"Gallia","cocaine",0.334417820546459,0.747266666666667
2018,"Geauga","cocaine",0.0370384090637542,0.537666666666667
2018,"Greene","cocaine",0.154878041518146,0.669533333333333
2018,"Guernsey","cocaine",-0.154551207752849,0.363666666666667
2018,"Hamilton","cocaine",0.816629382798281,0.978266666666667
2018,"Hancock","cocaine",-0.404146947716205,0.151666666666667
2018,"Hardin","cocaine",-0.313596109953366,0.2258
2018,"Harrison","cocaine",0.174251734786719,0.6394
2018,"Henry","cocaine",-0.419658264116145,0.165666666666667
2018,"Highland","cocaine",-0.165032306660774,0.3596
2018,"Hocking","cocaine",-0.320710242286235,0.2412
2018,"Holmes","cocaine",-0.926674990671871,0.03
2018,"Huron","cocaine",-0.0535466417096227,0.448
2018,"Jackson","cocaine",0.204964266540742,0.675533333333333
2018,"Jefferson","cocaine",1.41160187687244,0.9994
2018,"Knox","cocaine",-0.203356214195788,0.305666666666667
2018,"Lake","cocaine",0.499851448283332,0.8836
2018,"Lawrence","cocaine",0.44351809951671,0.817933333333333
2018,"Licking","cocaine",-0.669592794797223,0.0420666666666667
2018,"Logan","cocaine",0.311629751113036,0.7664
2018,"Lorain","cocaine",0.736587651270854,0.9744
2018,"Lucas","cocaine",0.0986167602896531,0.601066666666667
2018,"Madison","cocaine",0.283720579737412,0.778933333333333
2018,"Mahoning","cocaine",1.26723978045622,0.999333333333333
2018,"Marion","cocaine",0.361044889199219,0.8246
2018,"Medina","cocaine",-0.0790493525951436,0.4276
2018,"Meigs","cocaine",0.0653145396240163,0.547466666666667
2018,"Mercer","cocaine",-0.938587142542569,0.0601333333333333
2018,"Miami","cocaine",0.576777178654369,0.928666666666667
2018,"Monroe","cocaine",-0.705474236514361,0.1456
2018,"Montgomery","cocaine",0.912437110221912,0.995066666666667
2018,"Morgan","cocaine",-0.868517427094934,0.0586666666666667
2018,"Morrow","cocaine",0.202632811314604,0.676333333333333
2018,"Muskingum","cocaine",0.0217056073369398,0.521933333333333
2018,"Noble","cocaine",-0.340112723370866,0.247466666666667
2018,"Ottawa","cocaine",-0.670096335296168,0.110466666666667
2018,"Paulding","cocaine",-1.10608733394776,0.0388666666666667
2018,"Perry","cocaine",-0.79503865994126,0.0439333333333333
2018,"Pickaway","cocaine",0.167353690447738,0.6648
2018,"Pike","cocaine",0.143279927082352,0.6132
2018,"Portage","cocaine",0.211970603705158,0.712466666666667
2018,"Preble","cocaine",0.444684392318376,0.809933333333333
2018,"Putnam","cocaine",-0.610605205926668,0.0814666666666667
2018,"Richland","cocaine",0.774331641494491,0.9778
2018,"Ross","cocaine",0.760193171962433,0.976266666666667
2018,"Sandusky","cocaine",-0.260004389542844,0.272333333333333
2018,"Scioto","cocaine",0.523754757280767,0.8792
2018,"Seneca","cocaine",-0.424826388904762,0.1566
2018,"Shelby","cocaine",0.279161623806923,0.739933333333333
2018,"Stark","cocaine",0.18917584402099,0.719266666666667
2018,"Summit","cocaine",0.17024735231824,0.6956
2018,"Trumbull","cocaine",1.13409668783218,0.997533333333333
2018,"Tuscarawas","cocaine",-0.147925303483102,0.362733333333333
2018,"Union","cocaine",0.023425555470861,0.5224
2018,"Van Wert","cocaine",-0.600550088117767,0.108
2018,"Vinton","cocaine",-0.00881812724754581,0.4934
2018,"Warren","cocaine",-0.0908184553177378,0.403733333333333
2018,"Washington","cocaine",-0.372606544185632,0.218466666666667
2018,"Wayne","cocaine",-0.520225480050511,0.120066666666667
2018,"Williams","cocaine",-1.02846633958685,0.0382
2018,"Wood","cocaine",-0.408203918683027,0.1496
2018,"Wyandot","cocaine",-0.502622706447302,0.159666666666667
2019,"Adams","cocaine",-0.342002134607803,0.260866666666667
2019,"Allen","cocaine",-0.569509465186501,0.0827333333333333
2019,"Ashland","cocaine",-0.167032726131275,0.3436
2019,"Ashtabula","cocaine",-0.17774676032284,0.356866666666667
2019,"Athens","cocaine",-0.576568897697906,0.1014
2019,"Auglaize","cocaine",-0.662818904224265,0.0678666666666667
2019,"Belmont","cocaine",0.496531184168558,0.881666666666667
2019,"Brown","cocaine",-0.283431461113805,0.2896
2019,"Butler","cocaine",0.613359200554381,0.948666666666667
2019,"Carroll","cocaine",0.411748476099908,0.803733333333333
2019,"Champaign","cocaine",0.668420464803832,0.9424
2019,"Clark","cocaine",1.17992695601682,0.9978
2019,"Clermont","cocaine",0.124878807257006,0.6112
2019,"Clinton","cocaine",-0.180345787302637,0.338333333333333
2019,"Columbiana","cocaine",0.614573497296335,0.925133333333333
2019,"Coshocton","cocaine",-0.134014229088137,0.3844
2019,"Crawford","cocaine",0.0637659401700352,0.557466666666667
2019,"Cuyahoga","cocaine",0.863072100030033,0.983666666666667
2019,"Darke","cocaine",0.374459170502604,0.8036
2019,"Defiance","cocaine",-1.10372101928351,0.025
2019,"Delaware","cocaine",-0.145526147635357,0.352333333333333
2019,"Erie","cocaine",-0.276843195701191,0.281866666666667
2019,"Fairfield","cocaine",-0.496518596217012,0.1054
2019,"Fayette","cocaine",0.186007422478191,0.664266666666667
2019,"Franklin","cocaine",0.907769493131968,0.986
2019,"Fulton","cocaine",-0.716097660833137,0.106266666666667
2019,"Gallia","cocaine",0.0357977287300297,0.527666666666667
2019,"Geauga","cocaine",0.262664080590995,0.7316
2019,"Greene","cocaine",0.02885352434055,0.530666666666667
2019,"Guernsey","cocaine",-0.110928209321696,0.403933333333333
2019,"Hamilton","cocaine",0.907363523366938,0.985666666666667
2019,"Hancock","cocaine",-0.578433345417022,0.0795333333333333
2019,"Hardin","cocaine",-0.473211226926396,0.143666666666667
2019,"Harrison","cocaine",0.207572761622639,0.6542
2019,"Henry","cocaine",-0.361918048698003,0.208333333333333
2019,"Highland","cocaine",-0.232745429915547,0.3042
2019,"Hocking","cocaine",-0.307210924697098,0.254466666666667
2019,"Holmes","cocaine",-0.815257262950694,0.0528666666666667
2019,"Huron","cocaine",0.0739967889384953,0.572266666666667
2019,"Jackson","cocaine",-0.0355424901576428,0.467733333333333
2019,"Jefferson","cocaine",1.5351063621088,0.999733333333333
2019,"Knox","cocaine",-0.104487297467767,0.396533333333333
2019,"Lake","cocaine",0.622788610584017,0.930733333333333
2019,"Lawrence","cocaine",0.131749556513879,0.602066666666667
2019,"Licking","cocaine",-0.496925647808147,0.101
2019,"Logan","cocaine",0.139636939300658,0.6246
2019,"Lorain","cocaine",0.780795884677813,0.978333333333333
2019,"Lucas","cocaine",0.371351694689498,0.830066666666667
2019,"Madison","cocaine",0.249889596682821,0.734066666666667
2019,"Mahoning","cocaine",1.45809157201273,0.999666666666667
2019,"Marion","cocaine",0.351167697327057,0.813533333333333
2019,"Medina","cocaine",-0.0602640254711118,0.445666666666667
2019,"Meigs","cocaine",-0.118454893491782,0.420333333333333
2019,"Mercer","cocaine",-1.17178518454154,0.029
2019,"Miami","cocaine",0.474860976302093,0.876333333333333
2019,"Monroe","cocaine",-0.646675220419209,0.171733333333333
2019,"Montgomery","cocaine",0.936881746432345,0.994333333333333
2019,"Morgan","cocaine",-0.785714362768688,0.0858
2019,"Morrow","cocaine",0.23173773335057,0.7002
2019,"Muskingum","cocaine",0.144517292011995,0.641
2019,"Noble","cocaine",-0.287514951267886,0.285533333333333
2019,"Ottawa","cocaine",-0.577572069535413,0.154466666666667
2019,"Paulding","cocaine",-1.27721375258066,0.0263333333333333
2019,"Perry","cocaine",-0.687002825483009,0.0736
2019,"Pickaway","cocaine",0.281184636731819,0.754866666666667
2019,"Pike","cocaine",-0.0765693339101372,0.4368
2019,"Portage","cocaine",0.376144341845678,0.840533333333333
2019,"Preble","cocaine",0.420423660747355,0.799333333333333
2019,"Putnam","cocaine",-0.731151395868295,0.0536666666666667
2019,"Richland","cocaine",0.8872582506958,0.988
2019,"Ross","cocaine",0.604571613115575,0.938533333333333
2019,"Sandusky","cocaine",-0.221691383584506,0.3128
2019,"Scioto","cocaine",0.379932843251394,0.799466666666667
2019,"Seneca","cocaine",-0.374692022178533,0.190533333333333
2019,"Shelby","cocaine",0.112096684378043,0.6008
2019,"Stark","cocaine",0.440507915599999,0.909666666666667
2019,"Summit","cocaine",0.349746572104981,0.848
2019,"Trumbull","cocaine",1.31942775988196,0.999266666666667
2019,"Tuscarawas","cocaine",-0.0781823079226053,0.428666666666667
2019,"Union","cocaine",0.0299845178350013,0.528333333333333
2019,"Van Wert","cocaine",-0.851086060712539,0.0482
2019,"Vinton","cocaine",-0.103009598552043,0.415133333333333
2019,"Warren","cocaine",-0.158031982366004,0.340866666666667
2019,"Washington","cocaine",-0.342899319246157,0.2444
2019,"Wayne","cocaine",-0.460617357050599,0.159066666666667
2019,"Williams","cocaine",-1.015936301003,0.0446666666666667
2019,"Wood","cocaine",-0.341356558936874,0.192933333333333
2019,"Wyandot","cocaine",-0.582314733257214,0.131533333333333
2020,"Adams","cocaine",-0.204645922983589,0.3648
2020,"Allen","cocaine",-0.467747142432027,0.142266666666667
2020,"Ashland","cocaine",-0.0952279998961604,0.412266666666667
2020,"Ashtabula","cocaine",-0.534318615344984,0.1556
2020,"Athens","cocaine",-0.484566419560785,0.148
2020,"Auglaize","cocaine",-0.726696811046048,0.0578666666666667
2020,"Belmont","cocaine",0.444418156127044,0.840333333333333
2020,"Brown","cocaine",-0.299510250770781,0.2864
2020,"Butler","cocaine",0.665242946031275,0.956666666666667
2020,"Carroll","cocaine",0.375108574080575,0.7698
2020,"Champaign","cocaine",0.483930334486348,0.8642
2020,"Clark","cocaine",1.00201673463964,0.993
2020,"Clermont","cocaine",0.109767088831161,0.596266666666667
2020,"Clinton","cocaine",-0.236630152841365,0.303133333333333
2020,"Columbiana","cocaine",0.572117992937573,0.899733333333333
2020,"Coshocton","cocaine",-0.0733289805888572,0.437866666666667
2020,"Crawford","cocaine",0.154758578859206,0.6326
2020,"Cuyahoga","cocaine",0.756659608077859,0.972066666666667
2020,"Darke","cocaine",0.176290634200074,0.651933333333333
2020,"Defiance","cocaine",-1.02934237761714,0.0402
2020,"Delaware","cocaine",-0.0856443510613863,0.416
2020,"Erie","cocaine",-0.246652335462464,0.309466666666667
2020,"Fairfield","cocaine",-0.264307687771612,0.2594
2020,"Fayette","cocaine",0.205353507944182,0.6752
2020,"Franklin","cocaine",1.09168594787864,0.994133333333333
2020,"Fulton","cocaine",-0.578862384483836,0.170933333333333
2020,"Gallia","cocaine",0.0245207890923102,0.518333333333333
2020,"Geauga","cocaine",0.0729404971817565,0.566333333333333
2020,"Greene","cocaine",-0.0818293185680861,0.4208
2020,"Guernsey","cocaine",-0.159635278143583,0.377533333333333
2020,"Hamilton","cocaine",0.921585877202207,0.985066666666667
2020,"Hancock","cocaine",-0.559045705951017,0.1006
2020,"Hardin","cocaine",-0.47535972896597,0.156
2020,"Harrison","cocaine",0.166329012756363,0.616266666666667
2020,"Henry","cocaine",-0.250364675330326,0.288466666666667
2020,"Highland","cocaine",-0.0969385679922836,0.4168
2020,"Hocking","cocaine",-0.145992488559994,0.381466666666667
2020,"Holmes","cocaine",-0.774318951916713,0.0682666666666667
2020,"Huron","cocaine",0.158434876995622,0.644
2020,"Jackson","cocaine",0.04893840187364,0.541133333333333
2020,"Jefferson","cocaine",1.5877636296698,0.999666666666667
2020,"Knox","cocaine",-0.00225717856980076,0.498
2020,"Lake","cocaine",0.314843058031315,0.764
2020,"Lawrence","cocaine",0.186124767541333,0.641466666666667
2020,"Licking","cocaine",-0.341655009546014,0.197866666666667
2020,"Logan","cocaine",0.0294894993838491,0.5244
2020,"Lorain","cocaine",0.695868885532677,0.962533333333333
2020,"Lucas","cocaine",0.531918192093867,0.910333333333333
2020,"Madison","cocaine",0.150513944042111,0.648066666666667
2020,"Mahoning","cocaine",1.36436613685122,0.9994
2020,"Marion","cocaine",0.423629558503791,0.844533333333333
2020,"Medina","cocaine",-0.147398030392607,0.363533333333333
2020,"Meigs","cocaine",-0.130927525748971,0.415266666666667
2020,"Mercer","cocaine",-1.25163923201808,0.0300666666666667
2020,"Miami","cocaine",0.174672288681,0.660066666666667
2020,"Monroe","cocaine",-0.664298924510028,0.1738
2020,"Montgomery","cocaine",0.850594991044895,0.988733333333333
2020,"Morgan","cocaine",-0.723113296127053,0.110066666666667
2020,"Morrow","cocaine",0.404322564083889,0.805466666666667
2020,"Muskingum","cocaine",0.182683757829575,0.670333333333333
2020,"Noble","cocaine",-0.298644235168392,0.281533333333333
2020,"Ottawa","cocaine",-0.489544926278733,0.2044
2020,"Paulding","cocaine",-1.22252736983513,0.0380666666666667
2020,"Perry","cocaine",-0.57742224406911,0.122666666666667
2020,"Pickaway","cocaine",0.402057031101912,0.8294
2020,"Pike","cocaine",0.0341593456390103,0.526866666666667
2020,"Portage","cocaine",0.286649176213451,0.768133333333333
2020,"Preble","cocaine",0.180003707741247,0.628866666666667
2020,"Putnam","cocaine",-0.654782676314613,0.0864666666666667
2020,"Richland","cocaine",0.928627696431232,0.987866666666667
2020,"Ross","cocaine",0.782965111671244,0.972866666666667
2020,"Sandusky","cocaine",-0.262413437313494,0.288466666666667
2020,"Scioto","cocaine",0.623323085648178,0.904666666666667
2020,"Seneca","cocaine",-0.321591205691123,0.238466666666667
2020,"Shelby","cocaine",-0.102121961705817,0.421666666666667
2020,"Stark","cocaine",0.417023963457364,0.8938
2020,"Summit","cocaine",0.206487324685551,0.7214
2020,"Trumbull","cocaine",1.13316563336025,0.996533333333333
2020,"Tuscarawas","cocaine",-0.145800911050376,0.3746
2020,"Union","cocaine",0.0171742098687305,0.5164
2020,"Van Wert","cocaine",-0.849873908002662,0.0574
2020,"Vinton","cocaine",-0.00101313318015994,0.4992
2020,"Warren","cocaine",-0.188775889046737,0.319666666666667
2020,"Washington","cocaine",-0.392775090771825,0.227533333333333
2020,"Wayne","cocaine",-0.512181388283971,0.141933333333333
2020,"Williams","cocaine",-0.947794773303593,0.066
2020,"Wood","cocaine",-0.296416870613154,0.2336
2020,"Wyandot","cocaine",-0.536926991680876,0.1604
2010,"Adams","psychostimulant",0.226932181763757,0.781266666666667
2010,"Allen","psychostimulant",-0.226128341726247,0.179066666666667
2010,"Ashland","psychostimulant",0.0224159808410825,0.5446
2010,"Ashtabula","psychostimulant",0.229275583233726,0.7506
2010,"Athens","psychostimulant",0.056102971698724,0.595133333333333
2010,"Auglaize","psychostimulant",-0.204949696394351,0.181533333333333
2010,"Belmont","psychostimulant",-0.00615602513312831,0.4912
2010,"Brown","psychostimulant",0.236275478835654,0.796133333333333
2010,"Butler","psychostimulant",0.0987111217488573,0.641666666666667
2010,"Carroll","psychostimulant",0.0224011314442294,0.534066666666667
2010,"Champaign","psychostimulant",-0.116327537551609,0.302466666666667
2010,"Clark","psychostimulant",-0.101148262937002,0.335133333333333
2010,"Clermont","psychostimulant",0.161476563193573,0.714866666666667
2010,"Clinton","psychostimulant",0.188945105125473,0.781266666666667
2010,"Columbiana","psychostimulant",0.0164877968933176,0.5208
2010,"Coshocton","psychostimulant",0.0733335396255974,0.631333333333333
2010,"Crawford","psychostimulant",-0.0466465404992776,0.418133333333333
2010,"Cuyahoga","psychostimulant",0.144395946220876,0.722666666666667
2010,"Darke","psychostimulant",-0.0794810691902251,0.367733333333333
2010,"Defiance","psychostimulant",-0.187645627899505,0.2696
2010,"Delaware","psychostimulant",-0.0455337816331019,0.411466666666667
2010,"Erie","psychostimulant",-0.0384557229710579,0.4464
2010,"Fairfield","psychostimulant",0.0457294960905061,0.5802
2010,"Fayette","psychostimulant",0.129368895082095,0.719533333333333
2010,"Franklin","psychostimulant",-0.00590657531611276,0.486466666666667
2010,"Fulton","psychostimulant",-0.232521230526626,0.255733333333333
2010,"Gallia","psychostimulant",0.10788998120037,0.6346
2010,"Geauga","psychostimulant",0.125016934395926,0.683333333333333
2010,"Greene","psychostimulant",-0.0417026563844318,0.426133333333333
2010,"Guernsey","psychostimulant",0.0848597822164662,0.639333333333333
2010,"Hamilton","psychostimulant",0.047789148702533,0.5614
2010,"Hancock","psychostimulant",-0.183351890791386,0.200866666666667
2010,"Hardin","psychostimulant",-0.142712713071613,0.2472
2010,"Harrison","psychostimulant",0.0360849482404656,0.5556
2010,"Henry","psychostimulant",-0.24589205409989,0.176
2010,"Highland","psychostimulant",0.204940140450036,0.798533333333333
2010,"Hocking","psychostimulant",0.0850307343645707,0.645466666666667
2010,"Holmes","psychostimulant",0.0294862583250134,0.5522
2010,"Huron","psychostimulant",-0.0510580730851756,0.409533333333333
2010,"Jackson","psychostimulant",0.110987387649569,0.6624
2010,"Jefferson","psychostimulant",0.00733441028814167,0.510733333333333
2010,"Knox","psychostimulant",0.0699110466776971,0.643733333333333
2010,"Lake","psychostimulant",0.226754508700229,0.757666666666667
2010,"Lawrence","psychostimulant",0.0863555714742913,0.5998
2010,"Licking","psychostimulant",0.0659438491724568,0.632866666666667
2010,"Logan","psychostimulant",-0.106437356244395,0.3254
2010,"Lorain","psychostimulant",0.0598846640527232,0.5974
2010,"Lucas","psychostimulant",-0.342379619736356,0.124
2010,"Madison","psychostimulant",-0.0364325053497455,0.428533333333333
2010,"Mahoning","psychostimulant",0.0746640824187569,0.607933333333333
2010,"Marion","psychostimulant",-0.0303119077695017,0.445466666666667
2010,"Medina","psychostimulant",0.0744783240728566,0.623666666666667
2010,"Meigs","psychostimulant",0.142094179181066,0.675533333333333
2010,"Mercer","psychostimulant",-0.220010527535345,0.23
2010,"Miami","psychostimulant",-0.133949925103593,0.294933333333333
2010,"Monroe","psychostimulant",-0.0233026618273974,0.470866666666667
2010,"Montgomery","psychostimulant",-0.0544247814104177,0.402466666666667
2010,"Morgan","psychostimulant",0.0207318045175309,0.5316
2010,"Morrow","psychostimulant",-0.00425024211752179,0.493266666666667
2010,"Muskingum","psychostimulant",0.036444520614898,0.560466666666667
2010,"Noble","psychostimulant",0.0509307740379526,0.582866666666667
2010,"Ottawa","psychostimulant",-0.296614143539774,0.177733333333333
2010,"Paulding","psychostimulant",-0.179988323138442,0.285133333333333
2010,"Perry","psychostimulant",0.0726122609355761,0.627733333333333
2010,"Pickaway","psychostimulant",0.0604895355524197,0.6152
2010,"Pike","psychostimulant",0.218642888444652,0.791866666666667
2010,"Portage","psychostimulant",0.10930529449295,0.666
2010,"Preble","psychostimulant",-0.0338424241987903,0.4542
2010,"Putnam","psychostimulant",-0.24609614926358,0.157466666666667
2010,"Richland","psychostimulant",-0.0353873639597194,0.435866666666667
2010,"Ross","psychostimulant",0.164567690579033,0.772333333333333
2010,"Sandusky","psychostimulant",-0.134187374790902,0.2982
2010,"Scioto","psychostimulant",0.15483962249526,0.6932
2010,"Seneca","psychostimulant",-0.176233697622959,0.220466666666667
2010,"Shelby","psychostimulant",-0.106798532930719,0.328866666666667
2010,"Stark","psychostimulant",0.100123906208735,0.680133333333333
2010,"Summit","psychostimulant",0.174884047477094,0.7682
2010,"Trumbull","psychostimulant",0.126326491776666,0.661733333333333
2010,"Tuscarawas","psychostimulant",0.0385815438683698,0.565866666666667
2010,"Union","psychostimulant",-0.0903528131368875,0.323666666666667
2010,"Van Wert","psychostimulant",-0.190796987086471,0.233066666666667
2010,"Vinton","psychostimulant",0.117621157861245,0.682333333333333
2010,"Warren","psychostimulant",-0.00487238268258689,0.491066666666667
2010,"Washington","psychostimulant",0.0288081984020639,0.543866666666667
2010,"Wayne","psychostimulant",0.189432992314957,0.788266666666667
2010,"Williams","psychostimulant",-0.188982803437944,0.2986
2010,"Wood","psychostimulant",-0.25707462476129,0.143066666666667
2010,"Wyandot","psychostimulant",-0.112387404345138,0.313733333333333
2011,"Adams","psychostimulant",0.445442294954083,0.886533333333333
2011,"Allen","psychostimulant",-0.417568201272988,0.094
2011,"Ashland","psychostimulant",0.0481155302795913,0.5732
2011,"Ashtabula","psychostimulant",0.439043201330036,0.86
2011,"Athens","psychostimulant",0.0913008686924178,0.618933333333333
2011,"Auglaize","psychostimulant",-0.387168700462983,0.0910666666666667
2011,"Belmont","psychostimulant",-0.00959731907420292,0.486933333333333
2011,"Brown","psychostimulant",0.466610852223862,0.9082
2011,"Butler","psychostimulant",0.16239711291259,0.683733333333333
2011,"Carroll","psychostimulant",0.0530385266808776,0.564533333333333
2011,"Champaign","psychostimulant",-0.221694293431913,0.2196
2011,"Clark","psychostimulant",-0.185068634033507,0.2642
2011,"Clermont","psychostimulant",0.312872576262844,0.825
2011,"Clinton","psychostimulant",0.374790996477989,0.894466666666667
2011,"Columbiana","psychostimulant",0.0411627266804744,0.5504
2011,"Coshocton","psychostimulant",0.129906520980769,0.6768
2011,"Crawford","psychostimulant",-0.0738253151205281,0.389666666666667
2011,"Cuyahoga","psychostimulant",0.226013216789783,0.793866666666667
2011,"Darke","psychostimulant",-0.143411051735031,0.316933333333333
2011,"Defiance","psychostimulant",-0.328605412126171,0.199533333333333
2011,"Delaware","psychostimulant",-0.105921559713933,0.3472
2011,"Erie","psychostimulant",-0.0542800527095523,0.442066666666667
2011,"Fairfield","psychostimulant",0.0747105096603058,0.6018
2011,"Fayette","psychostimulant",0.24868921834032,0.813933333333333
2011,"Franklin","psychostimulant",-0.0331903429713618,0.443066666666667
2011,"Fulton","psychostimulant",-0.408858192447549,0.1754
2011,"Gallia","psychostimulant",0.18663480543637,0.685133333333333
2011,"Geauga","psychostimulant",0.225864959808896,0.754933333333333
2011,"Greene","psychostimulant",-0.0802392385542157,0.3908
2011,"Guernsey","psychostimulant",0.165857790200324,0.709666666666667
2011,"Hamilton","psychostimulant",0.0522706197956326,0.5594
2011,"Hancock","psychostimulant",-0.333573069586911,0.1206
2011,"Hardin","psychostimulant",-0.264532117901622,0.162266666666667
2011,"Harrison","psychostimulant",0.0739004127897729,0.5856
2011,"Henry","psychostimulant",-0.443842866414301,0.0894666666666667
2011,"Highland","psychostimulant",0.395831356531916,0.9018
2011,"Hocking","psychostimulant",0.143875538260975,0.695666666666667
2011,"Holmes","psychostimulant",0.0477742563489401,0.567266666666667
2011,"Huron","psychostimulant",-0.0786938993201761,0.386
2011,"Jackson","psychostimulant",0.200465386989149,0.726333333333333
2011,"Jefferson","psychostimulant",0.0184766803800459,0.521266666666667
2011,"Knox","psychostimulant",0.101616690768887,0.658133333333333
2011,"Lake","psychostimulant",0.436965690113888,0.8788
2011,"Lawrence","psychostimulant",0.150025998500056,0.643066666666667
2011,"Licking","psychostimulant",0.087178413901225,0.6414
2011,"Logan","psychostimulant",-0.194925921055926,0.254866666666667
2011,"Lorain","psychostimulant",0.123971931733485,0.663666666666667
2011,"Lucas","psychostimulant",-0.625201889913906,0.0436666666666667
2011,"Madison","psychostimulant",-0.0670247319095657,0.396266666666667
2011,"Mahoning","psychostimulant",0.157949162077695,0.678
2011,"Marion","psychostimulant",-0.0473728051392576,0.4308
2011,"Medina","psychostimulant",0.149811430496235,0.6902
2011,"Meigs","psychostimulant",0.26160816472869,0.741333333333333
2011,"Mercer","psychostimulant",-0.410349180048084,0.1442
2011,"Miami","psychostimulant",-0.249756129598622,0.208666666666667
2011,"Monroe","psychostimulant",-0.0516234082432218,0.452066666666667
2011,"Montgomery","psychostimulant",-0.101767094538151,0.355533333333333
2011,"Morgan","psychostimulant",0.0207985458337794,0.5224
2011,"Morrow","psychostimulant",-0.0132466050924156,0.482933333333333
2011,"Muskingum","psychostimulant",0.0586790609337229,0.578733333333333
2011,"Noble","psychostimulant",0.0930804243006247,0.615866666666667
2011,"Ottawa","psychostimulant",-0.534754441223635,0.0923333333333333
2011,"Paulding","psychostimulant",-0.332772504198987,0.213866666666667
2011,"Perry","psychostimulant",0.122506179767447,0.6686
2011,"Pickaway","psychostimulant",0.108074245123041,0.655933333333333
2011,"Pike","psychostimulant",0.420454870543877,0.890533333333333
2011,"Portage","psychostimulant",0.2018166789216,0.7522
2011,"Preble","psychostimulant",-0.0712485367980363,0.428066666666667
2011,"Putnam","psychostimulant",-0.450338475071068,0.0753333333333333
2011,"Richland","psychostimulant",-0.0744559164870992,0.4002
2011,"Ross","psychostimulant",0.279957591799674,0.844133333333333
2011,"Sandusky","psychostimulant",-0.230368494673544,0.2364
2011,"Scioto","psychostimulant",0.293120656665946,0.780866666666667
2011,"Seneca","psychostimulant",-0.32475773022263,0.134533333333333
2011,"Shelby","psychostimulant",-0.20419328508792,0.259133333333333
2011,"Stark","psychostimulant",0.211865905735597,0.8014
2011,"Summit","psychostimulant",0.355678796156751,0.8956
2011,"Trumbull","psychostimulant",0.192132866745846,0.709333333333333
2011,"Tuscarawas","psychostimulant",0.0750197391011506,0.6004
2011,"Union","psychostimulant",-0.176204525705547,0.244533333333333
2011,"Van Wert","psychostimulant",-0.345464101493574,0.157666666666667
2011,"Vinton","psychostimulant",0.207227155191219,0.749733333333333
2011,"Warren","psychostimulant",-0.0140184326626516,0.482533333333333
2011,"Washington","psychostimulant",0.0551234410462854,0.556733333333333
2011,"Wayne","psychostimulant",0.395810071659831,0.9166
2011,"Williams","psychostimulant",-0.328113388885286,0.230533333333333
2011,"Wood","psychostimulant",-0.470033378951288,0.059
2011,"Wyandot","psychostimulant",-0.209001950450849,0.252266666666667
2012,"Adams","psychostimulant",0.632989203388107,0.9472
2012,"Allen","psychostimulant",-0.502741350888874,0.0756666666666667
2012,"Ashland","psychostimulant",0.00442610326274549,0.506533333333333
2012,"Ashtabula","psychostimulant",0.490778709507868,0.875733333333333
2012,"Athens","psychostimulant",0.106309327183314,0.627133333333333
2012,"Auglaize","psychostimulant",-0.471715797182946,0.0699333333333333
2012,"Belmont","psychostimulant",-0.0378683216737832,0.4598
2012,"Brown","psychostimulant",0.648157757487731,0.959266666666667
2012,"Butler","psychostimulant",0.249835559544872,0.7596
2012,"Carroll","psychostimulant",0.0245190404152758,0.5272
2012,"Champaign","psychostimulant",-0.26642278716431,0.203
2012,"Clark","psychostimulant",-0.211915888761955,0.255933333333333
2012,"Clermont","psychostimulant",0.487531533676949,0.9182
2012,"Clinton","psychostimulant",0.563750481335037,0.957733333333333
2012,"Columbiana","psychostimulant",0.00429517161779545,0.504
2012,"Coshocton","psychostimulant",0.1563819802176,0.6922
2012,"Crawford","psychostimulant",-0.086841537101618,0.3928
2012,"Cuyahoga","psychostimulant",0.142505871289451,0.688266666666667
2012,"Darke","psychostimulant",-0.12298285876791,0.358933333333333
2012,"Defiance","psychostimulant",-0.346762419826169,0.206466666666667
2012,"Delaware","psychostimulant",-0.182867632985232,0.2646
2012,"Erie","psychostimulant",-0.0606964500008139,0.440866666666667
2012,"Fairfield","psychostimulant",0.0878501033902367,0.605933333333333
2012,"Fayette","psychostimulant",0.364140845916741,0.8842
2012,"Franklin","psychostimulant",-0.101591494726773,0.344533333333333
2012,"Fulton","psychostimulant",-0.448414253086206,0.1702
2012,"Gallia","psychostimulant",0.230880602866179,0.7112
2012,"Geauga","psychostimulant",0.182123559558704,0.709133333333333
2012,"Greene","psychostimulant",-0.0885806829043718,0.387533333333333
2012,"Guernsey","psychostimulant",0.21845217954328,0.748066666666667
2012,"Hamilton","psychostimulant",0.0377449436653542,0.542466666666667
2012,"Hancock","psychostimulant",-0.388275826688946,0.104666666666667
2012,"Hardin","psychostimulant",-0.317769866126232,0.145266666666667
2012,"Harrison","psychostimulant",0.0711476232822526,0.574866666666667
2012,"Henry","psychostimulant",-0.515992955573165,0.0758
2012,"Highland","psychostimulant",0.566872513440054,0.956733333333333
2012,"Hocking","psychostimulant",0.181663218995052,0.7174
2012,"Holmes","psychostimulant",0.0150407078814482,0.521466666666667
2012,"Huron","psychostimulant",-0.133168084733242,0.331466666666667
2012,"Jackson","psychostimulant",0.254811950831434,0.758133333333333
2012,"Jefferson","psychostimulant",-0.00696945155788154,0.4918
2012,"Knox","psychostimulant",0.11000000552509,0.654333333333333
2012,"Lake","psychostimulant",0.422037541829348,0.8562
2012,"Lawrence","psychostimulant",0.195851009139664,0.667533333333333
2012,"Licking","psychostimulant",0.0979323057953553,0.638266666666667
2012,"Logan","psychostimulant",-0.215394544687375,0.2628
2012,"Lorain","psychostimulant",0.153460837027026,0.691266666666667
2012,"Lucas","psychostimulant",-0.781833987792384,0.0237333333333333
2012,"Madison","psychostimulant",-0.0832399225284726,0.3834
2012,"Mahoning","psychostimulant",0.103385957334021,0.612333333333333
2012,"Marion","psychostimulant",-0.0351495187861283,0.451333333333333
2012,"Medina","psychostimulant",0.152222604604511,0.683866666666667
2012,"Meigs","psychostimulant",0.282159435323446,0.734933333333333
2012,"Mercer","psychostimulant",-0.50699957248545,0.122
2012,"Miami","psychostimulant",-0.28711093471891,0.198
2012,"Monroe","psychostimulant",-0.0858008298478433,0.426333333333333
2012,"Montgomery","psychostimulant",-0.0689607533912277,0.402333333333333
2012,"Morgan","psychostimulant",0.0174768920458252,0.52
2012,"Morrow","psychostimulant",-0.0119538761581321,0.484466666666667
2012,"Muskingum","psychostimulant",0.073333930591249,0.593066666666667
2012,"Noble","psychostimulant",0.125669023738791,0.6384
2012,"Ottawa","psychostimulant",-0.688684446597842,0.0654
2012,"Paulding","psychostimulant",-0.362787374648777,0.217666666666667
2012,"Perry","psychostimulant",0.167325488690733,0.7014
2012,"Pickaway","psychostimulant",0.11037017004182,0.639466666666667
2012,"Pike","psychostimulant",0.55785039833112,0.933666666666667
2012,"Portage","psychostimulant",0.186542736294393,0.723333333333333
2012,"Preble","psychostimulant",-0.0351275184519415,0.467066666666667
2012,"Putnam","psychostimulant",-0.546826132437636,0.0545333333333333
2012,"Richland","psychostimulant",-0.116711715250559,0.3578
2012,"Ross","psychostimulant",0.368979530436488,0.8968
2012,"Sandusky","psychostimulant",-0.274388811122936,0.225533333333333
2012,"Scioto","psychostimulant",0.404365191562401,0.846666666666667
2012,"Seneca","psychostimulant",-0.42105105138885,0.0998
2012,"Shelby","psychostimulant",-0.21612867363278,0.2638
2012,"Stark","psychostimulant",0.238073078257726,0.8148
2012,"Summit","psychostimulant",0.473869957976666,0.946066666666667
2012,"Trumbull","psychostimulant",0.0950833169791453,0.6026
2012,"Tuscarawas","psychostimulant",0.0357052258636967,0.544133333333333
2012,"Union","psychostimulant",-0.227510225795203,0.209933333333333
2012,"Van Wert","psychostimulant",-0.392656028321392,0.151533333333333
2012,"Vinton","psychostimulant",0.268203531694884,0.783533333333333
2012,"Warren","psychostimulant",-0.0232313725159048,0.472133333333333
2012,"Washington","psychostimulant",0.0679165344260958,0.5678
2012,"Wayne","psychostimulant",0.506668206263491,0.944066666666667
2012,"Williams","psychostimulant",-0.334666452450681,0.2464
2012,"Wood","psychostimulant",-0.577145351074394,0.0378
2012,"Wyandot","psychostimulant",-0.245289416103201,0.241
2013,"Adams","psychostimulant",0.940894859027511,0.989666666666667
2013,"Allen","psychostimulant",-0.559539296813054,0.0608666666666667
2013,"Ashland","psychostimulant",-0.174918593088111,0.282933333333333
2013,"Ashtabula","psychostimulant",0.36336625024798,0.8082
2013,"Athens","psychostimulant",0.122113129152978,0.6392
2013,"Auglaize","psychostimulant",-0.500517849445231,0.0700666666666667
2013,"Belmont","psychostimulant",-0.0915742615473731,0.4066
2013,"Brown","psychostimulant",0.953373001014214,0.9942
2013,"Butler","psychostimulant",0.549263707784558,0.939933333333333
2013,"Carroll","psychostimulant",-0.0879751890916731,0.409866666666667
2013,"Champaign","psychostimulant",-0.210361435548084,0.263933333333333
2013,"Clark","psychostimulant",-0.118392671589503,0.3624
2013,"Clermont","psychostimulant",0.787792885771647,0.9876
2013,"Clinton","psychostimulant",0.846201337176,0.9942
2013,"Columbiana","psychostimulant",-0.127157207906836,0.369866666666667
2013,"Coshocton","psychostimulant",0.112147356351826,0.635933333333333
2013,"Crawford","psychostimulant",-0.142436314186358,0.3382
2013,"Cuyahoga","psychostimulant",-0.088031925165254,0.381666666666667
2013,"Darke","psychostimulant",0.0154245116575566,0.519
2013,"Defiance","psychostimulant",-0.374385373809611,0.197666666666667
2013,"Delaware","psychostimulant",-0.275617744389145,0.186533333333333
2013,"Erie","psychostimulant",-0.160987653675201,0.352866666666667
2013,"Fairfield","psychostimulant",0.139791820997884,0.671333333333333
2013,"Fayette","psychostimulant",0.588783197791711,0.9632
2013,"Franklin","psychostimulant",-0.0472055183768129,0.426733333333333
2013,"Fulton","psychostimulant",-0.583885377998541,0.118733333333333
2013,"Gallia","psychostimulant",0.36564835318726,0.803266666666667
2013,"Geauga","psychostimulant",-0.0337669172765427,0.461333333333333
2013,"Greene","psychostimulant",0.0343533737207553,0.546866666666667
2013,"Guernsey","psychostimulant",0.240970097351229,0.756666666666667
2013,"Hamilton","psychostimulant",0.163311063321181,0.6774
2013,"Hancock","psychostimulant",-0.45115892297321,0.0804666666666667
2013,"Hardin","psychostimulant",-0.347043878091056,0.1434
2013,"Harrison","psychostimulant",0.00732670749406457,0.507666666666667
2013,"Henry","psychostimulant",-0.623942894248471,0.0442666666666667
2013,"Highland","psychostimulant",0.820414213477178,0.9938
2013,"Hocking","psychostimulant",0.279158070371189,0.8012
2013,"Holmes","psychostimulant",-0.132352419122216,0.344733333333333
2013,"Huron","psychostimulant",-0.267805777109251,0.199866666666667
2013,"Jackson","psychostimulant",0.419168075592261,0.874133333333333
2013,"Jefferson","psychostimulant",-0.0816941928127885,0.423266666666667
2013,"Knox","psychostimulant",0.0703639814613238,0.594933333333333
2013,"Lake","psychostimulant",0.097618597374706,0.594933333333333
2013,"Lawrence","psychostimulant",0.362413625910786,0.791733333333333
2013,"Licking","psychostimulant",0.131140566691211,0.679666666666667
2013,"Logan","psychostimulant",-0.163698936331141,0.3248
2013,"Lorain","psychostimulant",0.00685406473777249,0.508133333333333
2013,"Lucas","psychostimulant",-0.965633668398237,0.00873333333333333
2013,"Madison","psychostimulant",0.00899777592385086,0.511733333333333
2013,"Mahoning","psychostimulant",-0.0948617784621476,0.396
2013,"Marion","psychostimulant",-0.0524005412034505,0.435133333333333
2013,"Medina","psychostimulant",-0.0865946315841507,0.4006
2013,"Meigs","psychostimulant",0.369817949941376,0.791933333333333
2013,"Mercer","psychostimulant",-0.527602680352369,0.124333333333333
2013,"Miami","psychostimulant",-0.203670144789355,0.279866666666667
2013,"Monroe","psychostimulant",-0.131299725597544,0.397333333333333
2013,"Montgomery","psychostimulant",0.103563899274332,0.6396
2013,"Morgan","psychostimulant",0.0128721737020863,0.512266666666667
2013,"Morrow","psychostimulant",-0.0513089509106166,0.440533333333333
2013,"Muskingum","psychostimulant",0.0825021070184736,0.5992
2013,"Noble","psychostimulant",0.146856760230474,0.653666666666667
2013,"Ottawa","psychostimulant",-0.869625221988677,0.0375333333333333
2013,"Paulding","psychostimulant",-0.382501632908959,0.218933333333333
2013,"Perry","psychostimulant",0.228081976324987,0.758
2013,"Pickaway","psychostimulant",0.200337962765539,0.737266666666667
2013,"Pike","psychostimulant",0.812978670221027,0.984066666666667
2013,"Portage","psychostimulant",0.0227413107115298,0.527466666666667
2013,"Preble","psychostimulant",0.160971536190288,0.6428
2013,"Putnam","psychostimulant",-0.641113875502719,0.0386666666666667
2013,"Richland","psychostimulant",-0.224897513232568,0.254133333333333
2013,"Ross","psychostimulant",0.564893208634465,0.966866666666667
2013,"Sandusky","psychostimulant",-0.362988638701024,0.167
2013,"Scioto","psychostimulant",0.65279658952966,0.946
2013,"Seneca","psychostimulant",-0.548026543107243,0.0554666666666667
2013,"Shelby","psychostimulant",-0.127002334950516,0.358733333333333
2013,"Stark","psychostimulant",0.137324103796647,0.693866666666667
2013,"Summit","psychostimulant",0.385742697381217,0.897
2013,"Trumbull","psychostimulant",-0.132842208148665,0.3606
2013,"Tuscarawas","psychostimulant",-0.0774650292451391,0.4086
2013,"Union","psychostimulant",-0.224643879807216,0.232533333333333
2013,"Van Wert","psychostimulant",-0.40326707549907,0.1548
2013,"Vinton","psychostimulant",0.396014571488208,0.864733333333333
2013,"Warren","psychostimulant",0.119040560886141,0.6482
2013,"Washington","psychostimulant",0.0881279057033025,0.585266666666667
2013,"Wayne","psychostimulant",0.388112746766583,0.881866666666667
2013,"Williams","psychostimulant",-0.37080461206951,0.225933333333333
2013,"Wood","psychostimulant",-0.716317636412778,0.0168666666666667
2013,"Wyandot","psychostimulant",-0.293931172609499,0.209333333333333
2014,"Adams","psychostimulant",0.963201232490928,0.992266666666667
2014,"Allen","psychostimulant",-0.559594911426769,0.0682666666666667
2014,"Ashland","psychostimulant",-0.234143826765752,0.227933333333333
2014,"Ashtabula","psychostimulant",0.607508410195613,0.930333333333333
2014,"Athens","psychostimulant",0.0407405983522805,0.546466666666667
2014,"Auglaize","psychostimulant",-0.498429117340862,0.0775333333333333
2014,"Belmont","psychostimulant",-0.189523492922012,0.3062
2014,"Brown","psychostimulant",0.979227566190469,0.995466666666667
2014,"Butler","psychostimulant",0.743405831988445,0.982066666666667
2014,"Carroll","psychostimulant",-0.136628252956977,0.362066666666667
2014,"Champaign","psychostimulant",-0.192506381544407,0.289
2014,"Clark","psychostimulant",-0.0442159807512838,0.447
2014,"Clermont","psychostimulant",0.761212129873433,0.987333333333333
2014,"Clinton","psychostimulant",0.932236816364317,0.997266666666667
2014,"Columbiana","psychostimulant",-0.197439728640371,0.310666666666667
2014,"Coshocton","psychostimulant",0.0661814479401277,0.5818
2014,"Crawford","psychostimulant",-0.117706999766495,0.3626
2014,"Cuyahoga","psychostimulant",-0.0918294338507085,0.376133333333333
2014,"Darke","psychostimulant",0.17751268825095,0.697933333333333
2014,"Defiance","psychostimulant",-0.299625427340978,0.253533333333333
2014,"Delaware","psychostimulant",-0.404413008834481,0.104933333333333
2014,"Erie","psychostimulant",-0.120142698646191,0.391666666666667
2014,"Fairfield","psychostimulant",0.0928300873774398,0.6124
2014,"Fayette","psychostimulant",0.627159679027022,0.9708
2014,"Franklin","psychostimulant",-0.17560925679926,0.249866666666667
2014,"Fulton","psychostimulant",-0.618911721449014,0.1046
2014,"Gallia","psychostimulant",0.333984887699531,0.7854
2014,"Geauga","psychostimulant",0.0282978577523596,0.534133333333333
2014,"Greene","psychostimulant",0.0646845484219723,0.581333333333333
2014,"Guernsey","psychostimulant",0.228553185416175,0.736733333333333
2014,"Hamilton","psychostimulant",0.0867162485770183,0.602066666666667
2014,"Hancock","psychostimulant",-0.425247959211242,0.0982
2014,"Hardin","psychostimulant",-0.347881508782454,0.147133333333333
2014,"Harrison","psychostimulant",-0.032679652225709,0.469333333333333
2014,"Henry","psychostimulant",-0.631160274323048,0.0472
2014,"Highland","psychostimulant",0.827914804194176,0.994066666666667
2014,"Hocking","psychostimulant",0.242577563583453,0.766333333333333
2014,"Holmes","psychostimulant",-0.201931976717362,0.279066666666667
2014,"Huron","psychostimulant",-0.285628537321227,0.1846
2014,"Jackson","psychostimulant",0.392551517387456,0.862733333333333
2014,"Jefferson","psychostimulant",-0.129153657188792,0.376133333333333
2014,"Knox","psychostimulant",0.0607372797465476,0.575666666666667
2014,"Lake","psychostimulant",0.13621700330193,0.641266666666667
2014,"Lawrence","psychostimulant",0.358654508203887,0.787333333333333
2014,"Licking","psychostimulant",0.0440711722172368,0.561266666666667
2014,"Logan","psychostimulant",-0.142065811513336,0.3436
2014,"Lorain","psychostimulant",-0.0233298269463343,0.4694
2014,"Lucas","psychostimulant",-1.07429722082784,0.00413333333333333
2014,"Madison","psychostimulant",-0.00135410332647135,0.498466666666667
2014,"Mahoning","psychostimulant",-0.137370109124722,0.347533333333333
2014,"Marion","psychostimulant",-0.07400943958338,0.409266666666667
2014,"Medina","psychostimulant",-0.135204514715695,0.340466666666667
2014,"Meigs","psychostimulant",0.313539986235494,0.752066666666667
2014,"Mercer","psychostimulant",-0.497792518249403,0.1404
2014,"Miami","psychostimulant",-0.117704016893472,0.364066666666667
2014,"Monroe","psychostimulant",-0.224895205746539,0.3272
2014,"Montgomery","psychostimulant",0.276747988791273,0.830266666666667
2014,"Morgan","psychostimulant",-0.0551578608218874,0.4454
2014,"Morrow","psychostimulant",-0.0547864344588549,0.4422
2014,"Muskingum","psychostimulant",0.0345042477613401,0.543533333333333
2014,"Noble","psychostimulant",0.127024645782097,0.628666666666667
2014,"Ottawa","psychostimulant",-0.945816139991302,0.03
2014,"Paulding","psychostimulant",-0.302650350622194,0.2734
2014,"Perry","psychostimulant",0.209189121604054,0.7318
2014,"Pickaway","psychostimulant",0.157718241428938,0.685933333333333
2014,"Pike","psychostimulant",0.849248686293969,0.9874
2014,"Portage","psychostimulant",0.0798860823568471,0.599133333333333
2014,"Preble","psychostimulant",0.338039940039038,0.7902
2014,"Putnam","psychostimulant",-0.641975190600867,0.0402666666666667
2014,"Richland","psychostimulant",-0.243092291454389,0.232466666666667
2014,"Ross","psychostimulant",0.562761405873508,0.965266666666667
2014,"Sandusky","psychostimulant",-0.330999790694704,0.193066666666667
2014,"Scioto","psychostimulant",0.660804725734825,0.950533333333333
2014,"Seneca","psychostimulant",-0.584393015780784,0.0509333333333333
2014,"Shelby","psychostimulant",-0.0370350007106053,0.461533333333333
2014,"Stark","psychostimulant",0.151623253701828,0.706733333333333
2014,"Summit","psychostimulant",0.440354141538998,0.928266666666667
2014,"Trumbull","psychostimulant",-0.082407633236588,0.412533333333333
2014,"Tuscarawas","psychostimulant",-0.146485768550372,0.334333333333333
2014,"Union","psychostimulant",-0.269454381180945,0.1954
2014,"Van Wert","psychostimulant",-0.341273869304971,0.202733333333333
2014,"Vinton","psychostimulant",0.341204259593206,0.8228
2014,"Warren","psychostimulant",0.101875357663473,0.626133333333333
2014,"Washington","psychostimulant",0.0581404875458434,0.556866666666667
2014,"Wayne","psychostimulant",0.439098904336696,0.908266666666667
2014,"Williams","psychostimulant",-0.296930786019398,0.273
2014,"Wood","psychostimulant",-0.749544973484517,0.0131333333333333
2014,"Wyandot","psychostimulant",-0.293422900574086,0.2208
2015,"Adams","psychostimulant",0.917886390465086,0.9912
2015,"Allen","psychostimulant",-0.584796140054786,0.0537333333333333
2015,"Ashland","psychostimulant",-0.345858510712896,0.141266666666667
2015,"Ashtabula","psychostimulant",0.660488537350377,0.954666666666667
2015,"Athens","psychostimulant",0.057218978451265,0.566466666666667
2015,"Auglaize","psychostimulant",-0.481249329378683,0.0876666666666667
2015,"Belmont","psychostimulant",-0.282873417209316,0.2254
2015,"Brown","psychostimulant",0.962997328132736,0.9952
2015,"Butler","psychostimulant",0.973102001055353,0.997133333333333
2015,"Carroll","psychostimulant",-0.218914229939162,0.287666666666667
2015,"Champaign","psychostimulant",-0.0999275911027851,0.385333333333333
2015,"Clark","psychostimulant",0.119806812630466,0.6484
2015,"Clermont","psychostimulant",0.723540631874034,0.9856
2015,"Clinton","psychostimulant",1.07149223189899,0.999
2015,"Columbiana","psychostimulant",-0.31976496027589,0.204333333333333
2015,"Coshocton","psychostimulant",0.0426640863152912,0.553333333333333
2015,"Crawford","psychostimulant",-0.152221036348313,0.327066666666667
2015,"Cuyahoga","psychostimulant",-0.132557140711101,0.312333333333333
2015,"Darke","psychostimulant",0.40056500671059,0.884133333333333
2015,"Defiance","psychostimulant",-0.36917620349004,0.201
2015,"Delaware","psychostimulant",-0.524039438486225,0.0569333333333333
2015,"Erie","psychostimulant",-0.244220102704058,0.275466666666667
2015,"Fairfield","psychostimulant",0.181910134945649,0.723066666666667
2015,"Fayette","psychostimulant",0.728704523108859,0.986066666666667
2015,"Franklin","psychostimulant",-0.184489445741685,0.236733333333333
2015,"Fulton","psychostimulant",-0.726188203471202,0.0682
2015,"Gallia","psychostimulant",0.381028056614985,0.8156
2015,"Geauga","psychostimulant",0.0182295739457226,0.522
2015,"Greene","psychostimulant",0.181023496314082,0.730533333333333
2015,"Guernsey","psychostimulant",0.201656754471121,0.717466666666667
2015,"Hamilton","psychostimulant",0.0853760244369397,0.6076
2015,"Hancock","psychostimulant",-0.456915885173339,0.0818
2015,"Hardin","psychostimulant",-0.360674003530941,0.138333333333333
2015,"Harrison","psychostimulant",-0.121953691792017,0.3812
2015,"Henry","psychostimulant",-0.725156771635226,0.0292666666666667
2015,"Highland","psychostimulant",0.810767687892409,0.9934
2015,"Hocking","psychostimulant",0.316999976977058,0.824
2015,"Holmes","psychostimulant",-0.286615073686958,0.211266666666667
2015,"Huron","psychostimulant",-0.426290279029893,0.0915333333333333
2015,"Jackson","psychostimulant",0.419922028339265,0.881333333333333
2015,"Jefferson","psychostimulant",-0.197860891604606,0.31
2015,"Knox","psychostimulant",0.0269635888314899,0.535066666666667
2015,"Lake","psychostimulant",0.114655208563384,0.621933333333333
2015,"Lawrence","psychostimulant",0.365258403142324,0.799
2015,"Licking","psychostimulant",0.0516351041071459,0.5724
2015,"Logan","psychostimulant",-0.0858910663481299,0.405466666666667
2015,"Lorain","psychostimulant",-0.170661474533135,0.289533333333333
2015,"Lucas","psychostimulant",-1.23986038126757,0.000933333333333333
2015,"Madison","psychostimulant",0.0451433876265261,0.563133333333333
2015,"Mahoning","psychostimulant",-0.214198542073502,0.2666
2015,"Marion","psychostimulant",-0.104399120730472,0.375666666666667
2015,"Medina","psychostimulant",-0.190180827702421,0.2828
2015,"Meigs","psychostimulant",0.368407471739273,0.7866
2015,"Mercer","psychostimulant",-0.467102367480658,0.156666666666667
2015,"Miami","psychostimulant",0.0540768563556092,0.558733333333333
2015,"Monroe","psychostimulant",-0.262407402132624,0.302933333333333
2015,"Montgomery","psychostimulant",0.515966427595026,0.968666666666667
2015,"Morgan","psychostimulant",-0.0489372515639467,0.453533333333333
2015,"Morrow","psychostimulant",-0.114530644184166,0.376533333333333
2015,"Muskingum","psychostimulant",0.0537876734845849,0.5612
2015,"Noble","psychostimulant",0.150358215192752,0.6514
2015,"Ottawa","psychostimulant",-1.10942483700016,0.0134666666666667
2015,"Paulding","psychostimulant",-0.387208052177343,0.226066666666667
2015,"Perry","psychostimulant",0.293053550882133,0.8104
2015,"Pickaway","psychostimulant",0.209063582124934,0.7426
2015,"Pike","psychostimulant",0.910581945756111,0.993533333333333
2015,"Portage","psychostimulant",0.139922866742057,0.6744
2015,"Preble","psychostimulant",0.590212163442934,0.926333333333333
2015,"Putnam","psychostimulant",-0.73327012977245,0.0228666666666667
2015,"Richland","psychostimulant",-0.313182464547886,0.1766
2015,"Ross","psychostimulant",0.6383236186477,0.9828
2015,"Sandusky","psychostimulant",-0.43301805817564,0.124933333333333
2015,"Scioto","psychostimulant",0.697352573329405,0.9654
2015,"Seneca","psychostimulant",-0.700226138184138,0.0261333333333333
2015,"Shelby","psychostimulant",0.115231340558729,0.625066666666667
2015,"Stark","psychostimulant",0.139677723166849,0.698133333333333
2015,"Summit","psychostimulant",0.583758878680519,0.973
2015,"Trumbull","psychostimulant",-0.106969577995718,0.382466666666667
2015,"Tuscarawas","psychostimulant",-0.217682214454674,0.259133333333333
2015,"Union","psychostimulant",-0.273165355879438,0.192666666666667
2015,"Van Wert","psychostimulant",-0.335873523955845,0.209666666666667
2015,"Vinton","psychostimulant",0.370515699409257,0.839266666666667
2015,"Warren","psychostimulant",0.16323107242018,0.704866666666667
2015,"Washington","psychostimulant",0.108601741359557,0.612866666666667
2015,"Wayne","psychostimulant",0.49899629440609,0.9358
2015,"Williams","psychostimulant",-0.319186126325819,0.258133333333333
2015,"Wood","psychostimulant",-0.862984337932144,0.0062
2015,"Wyandot","psychostimulant",-0.32522380217235,0.196933333333333
2016,"Adams","psychostimulant",0.826770785892677,0.9848
2016,"Allen","psychostimulant",-0.671856113540953,0.0329333333333333
2016,"Ashland","psychostimulant",-0.377740914156455,0.122666666666667
2016,"Ashtabula","psychostimulant",0.838240075208089,0.9862
2016,"Athens","psychostimulant",0.0326337431152182,0.541066666666667
2016,"Auglaize","psychostimulant",-0.52390121158896,0.0696666666666667
2016,"Belmont","psychostimulant",-0.385097053957837,0.144066666666667
2016,"Brown","psychostimulant",0.921542571062267,0.994333333333333
2016,"Butler","psychostimulant",1.04205070719374,0.998333333333333
2016,"Carroll","psychostimulant",-0.26787187546054,0.2426
2016,"Champaign","psychostimulant",-0.0618991616747841,0.427466666666667
2016,"Clark","psychostimulant",0.221774284181696,0.761466666666667
2016,"Clermont","psychostimulant",0.714649933102337,0.987466666666667
2016,"Clinton","psychostimulant",1.12932434620178,0.999733333333333
2016,"Columbiana","psychostimulant",-0.428464792896757,0.1302
2016,"Coshocton","psychostimulant",0.0184909139714607,0.520466666666667
2016,"Crawford","psychostimulant",-0.146827675954211,0.332266666666667
2016,"Cuyahoga","psychostimulant",-0.0499648031248076,0.4262
2016,"Darke","psychostimulant",0.517405782124335,0.943333333333333
2016,"Defiance","psychostimulant",-0.425722653273358,0.170133333333333
2016,"Delaware","psychostimulant",-0.664649215895191,0.0230666666666667
2016,"Erie","psychostimulant",-0.243370888485028,0.274133333333333
2016,"Fairfield","psychostimulant",0.12470404528062,0.6598
2016,"Fayette","psychostimulant",0.798558383137979,0.992866666666667
2016,"Franklin","psychostimulant",-0.360341185663133,0.0817333333333333
2016,"Fulton","psychostimulant",-0.790382962265358,0.051
2016,"Gallia","psychostimulant",0.434578774117962,0.863333333333333
2016,"Geauga","psychostimulant",0.164442979362624,0.6886
2016,"Greene","psychostimulant",0.249905714420166,0.805666666666667
2016,"Guernsey","psychostimulant",0.172502474754664,0.698466666666667
2016,"Hamilton","psychostimulant",0.111960399928361,0.638133333333333
2016,"Hancock","psychostimulant",-0.506801689953374,0.0572666666666667
2016,"Hardin","psychostimulant",-0.401387308474139,0.112666666666667
2016,"Harrison","psychostimulant",-0.195457385670844,0.309666666666667
2016,"Henry","psychostimulant",-0.80011963532544,0.0176666666666667
2016,"Highland","psychostimulant",0.769984410853999,0.99
2016,"Hocking","psychostimulant",0.326769260784931,0.8382
2016,"Holmes","psychostimulant",-0.31848979547351,0.183333333333333
2016,"Huron","psychostimulant",-0.488169622452093,0.0644
2016,"Jackson","psychostimulant",0.447499069820026,0.898866666666667
2016,"Jefferson","psychostimulant",-0.222878810409178,0.280133333333333
2016,"Knox","psychostimulant",0.000626795713646084,0.5008
2016,"Lake","psychostimulant",0.294093324040614,0.801133333333333
2016,"Lawrence","psychostimulant",0.405900788087682,0.84
2016,"Licking","psychostimulant",-0.0198012347809697,0.470266666666667
2016,"Logan","psychostimulant",-0.0615809689888204,0.430733333333333
2016,"Lorain","psychostimulant",-0.176493644798554,0.2772
2016,"Lucas","psychostimulant",-1.33496345192871,4e-04
2016,"Madison","psychostimulant",0.0401014603286368,0.551266666666667
2016,"Mahoning","psychostimulant",-0.254593725059851,0.2284
2016,"Marion","psychostimulant",-0.127631297434342,0.350066666666667
2016,"Medina","psychostimulant",-0.166768963276478,0.303933333333333
2016,"Meigs","psychostimulant",0.402303520042634,0.8232
2016,"Mercer","psychostimulant",-0.492635111495869,0.1394
2016,"Miami","psychostimulant",0.174352606890569,0.699933333333333
2016,"Monroe","psychostimulant",-0.358312228175139,0.236
2016,"Montgomery","psychostimulant",0.653772399314911,0.992866666666667
2016,"Morgan","psychostimulant",-0.101602280469506,0.399533333333333
2016,"Morrow","psychostimulant",-0.148969097947231,0.338933333333333
2016,"Muskingum","psychostimulant",0.0320908207956161,0.544266666666667
2016,"Noble","psychostimulant",0.0718919507315712,0.575666666666667
2016,"Ottawa","psychostimulant",-1.22391738227387,0.00626666666666667
2016,"Paulding","psychostimulant",-0.483136698610558,0.1702
2016,"Perry","psychostimulant",0.278800648497113,0.801066666666667
2016,"Pickaway","psychostimulant",0.190234911953624,0.726666666666667
2016,"Pike","psychostimulant",0.938566132755997,0.996
2016,"Portage","psychostimulant",0.297442103760853,0.838466666666667
2016,"Preble","psychostimulant",0.766847414978641,0.974266666666667
2016,"Putnam","psychostimulant",-0.848550331789648,0.0114666666666667
2016,"Richland","psychostimulant",-0.313579387552903,0.169066666666667
2016,"Ross","psychostimulant",0.675481931761322,0.989133333333333
2016,"Sandusky","psychostimulant",-0.472297242309474,0.105466666666667
2016,"Scioto","psychostimulant",0.727110989029433,0.974866666666667
2016,"Seneca","psychostimulant",-0.780198319849739,0.0160666666666667
2016,"Shelby","psychostimulant",0.227665001227838,0.741
2016,"Stark","psychostimulant",0.183958054094891,0.761466666666667
2016,"Summit","psychostimulant",0.844471954276044,0.9974
2016,"Trumbull","psychostimulant",0.0270075735787506,0.532133333333333
2016,"Tuscarawas","psychostimulant",-0.247194903794297,0.229266666666667
2016,"Union","psychostimulant",-0.318648646942798,0.148466666666667
2016,"Van Wert","psychostimulant",-0.353583242833685,0.190133333333333
2016,"Vinton","psychostimulant",0.374808843919771,0.849266666666667
2016,"Warren","psychostimulant",0.216969806869682,0.767
2016,"Washington","psychostimulant",0.129166195159317,0.633533333333333
2016,"Wayne","psychostimulant",0.6763287402322,0.9806
2016,"Williams","psychostimulant",-0.293902831916488,0.270933333333333
2016,"Wood","psychostimulant",-0.962647046200244,0.00313333333333333
2016,"Wyandot","psychostimulant",-0.350564850805724,0.179133333333333
2017,"Adams","psychostimulant",1.05634501581108,0.9984
2017,"Allen","psychostimulant",-0.918756060756596,0.00513333333333333
2017,"Ashland","psychostimulant",-0.579990050876437,0.0356666666666667
2017,"Ashtabula","psychostimulant",0.729291986340511,0.9746
2017,"Athens","psychostimulant",0.0816038458437028,0.599533333333333
2017,"Auglaize","psychostimulant",-0.603908749799702,0.0440666666666667
2017,"Belmont","psychostimulant",-0.395081711732938,0.134266666666667
2017,"Brown","psychostimulant",1.25342124095153,0.999733333333333
2017,"Butler","psychostimulant",1.38202226948659,1
2017,"Carroll","psychostimulant",-0.286748644478339,0.2194
2017,"Champaign","psychostimulant",0.101792907021699,0.618666666666667
2017,"Clark","psychostimulant",0.504743650742108,0.956333333333333
2017,"Clermont","psychostimulant",1.114077505919,0.9998
2017,"Clinton","psychostimulant",1.48683398801213,1
2017,"Columbiana","psychostimulant",-0.512897719967361,0.0839333333333333
2017,"Coshocton","psychostimulant",-0.0473306548753711,0.4432
2017,"Crawford","psychostimulant",-0.256819913205331,0.218466666666667
2017,"Cuyahoga","psychostimulant",-0.140199389727313,0.297666666666667
2017,"Darke","psychostimulant",0.745390725591075,0.989466666666667
2017,"Defiance","psychostimulant",-0.806825728107805,0.029
2017,"Delaware","psychostimulant",-0.776557755017478,0.00793333333333333
2017,"Erie","psychostimulant",-0.4986645051415,0.0995333333333333
2017,"Fairfield","psychostimulant",0.0760967779800069,0.600133333333333
2017,"Fayette","psychostimulant",1.05700818099022,0.999666666666667
2017,"Franklin","psychostimulant",-0.387072184823215,0.0614666666666667
2017,"Fulton","psychostimulant",-1.16784930939463,0.00553333333333333
2017,"Gallia","psychostimulant",0.817693987135978,0.9856
2017,"Geauga","psychostimulant",0.0432199881195639,0.549266666666667
2017,"Greene","psychostimulant",0.528306495307765,0.969666666666667
2017,"Guernsey","psychostimulant",0.163741687676976,0.689066666666667
2017,"Hamilton","psychostimulant",0.537395674353224,0.970533333333333
2017,"Hancock","psychostimulant",-0.798262914643866,0.00613333333333333
2017,"Hardin","psychostimulant",-0.536024027346403,0.055
2017,"Harrison","psychostimulant",-0.216794903980647,0.288133333333333
2017,"Henry","psychostimulant",-1.18037348981949,0.000933333333333333
2017,"Highland","psychostimulant",1.01314669247949,0.9992
2017,"Hocking","psychostimulant",0.396207327856638,0.8876
2017,"Holmes","psychostimulant",-0.465168625825078,0.0874666666666667
2017,"Huron","psychostimulant",-0.755538067235409,0.0100666666666667
2017,"Jackson","psychostimulant",0.791332412233594,0.991733333333333
2017,"Jefferson","psychostimulant",-0.155067250978312,0.334933333333333
2017,"Knox","psychostimulant",-0.1368066696754,0.326333333333333
2017,"Lake","psychostimulant",0.223906628326208,0.747733333333333
2017,"Lawrence","psychostimulant",0.879497561034253,0.993066666666667
2017,"Licking","psychostimulant",-0.100828051056853,0.356133333333333
2017,"Logan","psychostimulant",-0.0151273762088524,0.4818
2017,"Lorain","psychostimulant",-0.401524121775773,0.0869333333333333
2017,"Lucas","psychostimulant",-1.77074595373964,0
2017,"Madison","psychostimulant",0.148236141521666,0.688533333333333
2017,"Mahoning","psychostimulant",-0.263697626017166,0.205866666666667
2017,"Marion","psychostimulant",-0.165154734560922,0.300133333333333
2017,"Medina","psychostimulant",-0.349137874194672,0.136466666666667
2017,"Meigs","psychostimulant",0.682456206451067,0.952533333333333
2017,"Mercer","psychostimulant",-0.590535495189392,0.0914666666666667
2017,"Miami","psychostimulant",0.466916495173392,0.9328
2017,"Monroe","psychostimulant",-0.356444095420976,0.234466666666667
2017,"Montgomery","psychostimulant",0.986967525465744,0.999866666666667
2017,"Morgan","psychostimulant",-0.0822538105302006,0.416266666666667
2017,"Morrow","psychostimulant",-0.22345298822759,0.263866666666667
2017,"Muskingum","psychostimulant",0.0703702697863273,0.593266666666667
2017,"Noble","psychostimulant",0.0794733103571564,0.584933333333333
2017,"Ottawa","psychostimulant",-1.64852124508092,0.000466666666666667
2017,"Paulding","psychostimulant",-0.799725755519045,0.0522
2017,"Perry","psychostimulant",0.280013838346023,0.804666666666667
2017,"Pickaway","psychostimulant",0.329914558663228,0.859066666666667
2017,"Pike","psychostimulant",1.2332852428317,0.999933333333333
2017,"Portage","psychostimulant",0.287137879700929,0.8376
2017,"Preble","psychostimulant",1.1084371023399,0.998133333333333
2017,"Putnam","psychostimulant",-1.19355952572766,0.000666666666666667
2017,"Richland","psychostimulant",-0.396068349739744,0.108933333333333
2017,"Ross","psychostimulant",0.912100482692331,0.9992
2017,"Sandusky","psychostimulant",-0.847237797577405,0.00886666666666667
2017,"Scioto","psychostimulant",1.112421360247,0.999066666666667
2017,"Seneca","psychostimulant",-1.07996245418116,8e-04
2017,"Shelby","psychostimulant",0.420961632229911,0.892
2017,"Stark","psychostimulant",0.170881524786849,0.7448
2017,"Summit","psychostimulant",0.721168758157465,0.991666666666667
2017,"Trumbull","psychostimulant",0.0205446157315123,0.525066666666667
2017,"Tuscarawas","psychostimulant",-0.307375093725095,0.1756
2017,"Union","psychostimulant",-0.332656831776617,0.1378
2017,"Van Wert","psychostimulant",-0.547342900351874,0.0789333333333333
2017,"Vinton","psychostimulant",0.564968442510571,0.9448
2017,"Warren","psychostimulant",0.571508048421192,0.978666666666667
2017,"Washington","psychostimulant",0.252995829544983,0.7572
2017,"Wayne","psychostimulant",0.507383406952438,0.946066666666667
2017,"Williams","psychostimulant",-0.686085373041795,0.0696
2017,"Wood","psychostimulant",-1.35664671247243,0
2017,"Wyandot","psychostimulant",-0.499169576116227,0.0935333333333333
2018,"Adams","psychostimulant",1.14123295519301,0.999466666666667
2018,"Allen","psychostimulant",-0.96425893341424,0.0034
2018,"Ashland","psychostimulant",-0.691115229475904,0.0156666666666667
2018,"Ashtabula","psychostimulant",0.235915570248995,0.746133333333333
2018,"Athens","psychostimulant",0.273262599604353,0.803933333333333
2018,"Auglaize","psychostimulant",-0.681760361462165,0.0247333333333333
2018,"Belmont","psychostimulant",-0.273703411318005,0.2244
2018,"Brown","psychostimulant",1.11402499119658,0.9996
2018,"Butler","psychostimulant",1.0603604884752,0.999066666666667
2018,"Carroll","psychostimulant",-0.257440073566324,0.239333333333333
2018,"Champaign","psychostimulant",0.0823440686391091,0.601333333333333
2018,"Clark","psychostimulant",0.413054966873836,0.921733333333333
2018,"Clermont","psychostimulant",0.807051337745619,0.995066666666667
2018,"Clinton","psychostimulant",1.29756413171669,1
2018,"Columbiana","psychostimulant",-0.523212839109352,0.0773333333333333
2018,"Coshocton","psychostimulant",0.0658119504221728,0.582933333333333
2018,"Crawford","psychostimulant",-0.17029651219336,0.301466666666667
2018,"Cuyahoga","psychostimulant",-0.394369717960317,0.0614
2018,"Darke","psychostimulant",0.588589891940722,0.9686
2018,"Defiance","psychostimulant",-0.756714142647998,0.0345333333333333
2018,"Delaware","psychostimulant",-0.658040833216504,0.0212
2018,"Erie","psychostimulant",-0.573460078864625,0.0655333333333333
2018,"Fairfield","psychostimulant",0.215537262643746,0.7738
2018,"Fayette","psychostimulant",1.01260433618953,0.999466666666667
2018,"Franklin","psychostimulant",-0.0967176090813719,0.343933333333333
2018,"Fulton","psychostimulant",-1.04507970605636,0.0110666666666667
2018,"Gallia","psychostimulant",1.17815322474923,0.999466666666667
2018,"Geauga","psychostimulant",-0.379646688846998,0.115133333333333
2018,"Greene","psychostimulant",0.346902148060177,0.895533333333333
2018,"Guernsey","psychostimulant",0.275442797339986,0.802466666666667
2018,"Hamilton","psychostimulant",0.388630497820043,0.916733333333333
2018,"Hancock","psychostimulant",-0.773546352169731,0.00513333333333333
2018,"Hardin","psychostimulant",-0.518410463902038,0.0573333333333333
2018,"Harrison","psychostimulant",-0.158313969547782,0.343066666666667
2018,"Henry","psychostimulant",-1.1226218027655,0.00146666666666667
2018,"Highland","psychostimulant",0.978367107969219,0.999066666666667
2018,"Hocking","psychostimulant",0.61589664710734,0.9736
2018,"Holmes","psychostimulant",-0.512352017209603,0.0709333333333333
2018,"Huron","psychostimulant",-0.828253208249131,0.00533333333333333
2018,"Jackson","psychostimulant",1.07799237421987,0.9998
2018,"Jefferson","psychostimulant",-0.0517649964400632,0.443133333333333
2018,"Knox","psychostimulant",-0.129874678652726,0.3378
2018,"Lake","psychostimulant",-0.171679936918349,0.307666666666667
2018,"Lawrence","psychostimulant",1.20133468897429,0.999666666666667
2018,"Licking","psychostimulant",0.0508665625066925,0.578466666666667
2018,"Logan","psychostimulant",-0.105876606543181,0.3736
2018,"Lorain","psychostimulant",-0.552702380318639,0.0306
2018,"Lucas","psychostimulant",-1.71885362345448,0
2018,"Madison","psychostimulant",0.125901277401419,0.665933333333333
2018,"Mahoning","psychostimulant",-0.319029930943568,0.1544
2018,"Marion","psychostimulant",0.0132006423198339,0.518866666666667
2018,"Medina","psychostimulant",-0.603649991160168,0.0326666666666667
2018,"Meigs","psychostimulant",1.08415717333859,0.997266666666667
2018,"Mercer","psychostimulant",-0.716056365324412,0.0504666666666667
2018,"Miami","psychostimulant",0.355829097096248,0.876866666666667
2018,"Monroe","psychostimulant",-0.208557876541984,0.338866666666667
2018,"Montgomery","psychostimulant",0.778716408978003,0.998
2018,"Morgan","psychostimulant",0.123642463314014,0.623666666666667
2018,"Morrow","psychostimulant",-0.0955543609381395,0.393866666666667
2018,"Muskingum","psychostimulant",0.340167497284493,0.874133333333333
2018,"Noble","psychostimulant",0.262972113116971,0.764
2018,"Ottawa","psychostimulant",-1.65716700705825,0.000333333333333333
2018,"Paulding","psychostimulant",-0.841536103818559,0.0412666666666667
2018,"Perry","psychostimulant",0.538699595155789,0.952133333333333
2018,"Pickaway","psychostimulant",0.527304247602458,0.964666666666667
2018,"Pike","psychostimulant",1.38292831206075,1
2018,"Portage","psychostimulant",-0.00376251969612425,0.4946
2018,"Preble","psychostimulant",0.785641241615386,0.9828
2018,"Putnam","psychostimulant",-1.20546294037228,0.000466666666666667
2018,"Richland","psychostimulant",-0.327079869240232,0.1454
2018,"Ross","psychostimulant",1.12165057380953,0.999933333333333
2018,"Sandusky","psychostimulant",-0.87749564106002,0.00606666666666667
2018,"Scioto","psychostimulant",1.48290529691783,1
2018,"Seneca","psychostimulant",-1.07778815134822,0.0012
2018,"Shelby","psychostimulant",0.384031911634169,0.872066666666667
2018,"Stark","psychostimulant",0.0679043844038809,0.604
2018,"Summit","psychostimulant",0.424686272493551,0.926266666666667
2018,"Trumbull","psychostimulant",-0.196783054176342,0.2562
2018,"Tuscarawas","psychostimulant",-0.255089411423877,0.2098
2018,"Union","psychostimulant",-0.28529425427567,0.168933333333333
2018,"Van Wert","psychostimulant",-0.584707414114936,0.0622
2018,"Vinton","psychostimulant",0.838339286632007,0.9914
2018,"Warren","psychostimulant",0.309136214067511,0.870933333333333
2018,"Washington","psychostimulant",0.395567025497776,0.868933333333333
2018,"Wayne","psychostimulant",0.301255123025546,0.834666666666667
2018,"Williams","psychostimulant",-0.617751252820525,0.0813333333333333
2018,"Wood","psychostimulant",-1.3621954367258,0
2018,"Wyandot","psychostimulant",-0.467151041802405,0.107666666666667
2019,"Adams","psychostimulant",1.04361945248551,0.998533333333333
2019,"Allen","psychostimulant",-0.846309482846773,0.0062
2019,"Ashland","psychostimulant",-0.646647274755536,0.0233333333333333
2019,"Ashtabula","psychostimulant",0.231716562811399,0.7466
2019,"Athens","psychostimulant",0.212972259252006,0.751066666666667
2019,"Auglaize","psychostimulant",-0.661949835720341,0.03
2019,"Belmont","psychostimulant",-0.323319692106225,0.1688
2019,"Brown","psychostimulant",0.834662718243706,0.993933333333333
2019,"Butler","psychostimulant",0.862492370964622,0.9956
2019,"Carroll","psychostimulant",-0.313567157253128,0.195466666666667
2019,"Champaign","psychostimulant",0.0754202480023929,0.5952
2019,"Clark","psychostimulant",0.325864937474823,0.872133333333333
2019,"Clermont","psychostimulant",0.67638307948787,0.989466666666667
2019,"Clinton","psychostimulant",1.13869143729437,0.999933333333333
2019,"Columbiana","psychostimulant",-0.636214118789886,0.0389333333333333
2019,"Coshocton","psychostimulant",0.037332670340668,0.545333333333333
2019,"Crawford","psychostimulant",-0.00350844789347346,0.4956
2019,"Cuyahoga","psychostimulant",-0.35970729309409,0.0776
2019,"Darke","psychostimulant",0.447009480542952,0.921466666666667
2019,"Defiance","psychostimulant",-0.483495665056016,0.112533333333333
2019,"Delaware","psychostimulant",-0.588116206642997,0.0329333333333333
2019,"Erie","psychostimulant",-0.449929122157102,0.1156
2019,"Fairfield","psychostimulant",0.166731353353776,0.7166
2019,"Fayette","psychostimulant",0.904039966411584,0.997466666666667
2019,"Franklin","psychostimulant",-0.0618256478049707,0.3982
2019,"Fulton","psychostimulant",-0.808989951682815,0.0333333333333333
2019,"Gallia","psychostimulant",1.18595108761132,0.999733333333333
2019,"Geauga","psychostimulant",-0.439909014489543,0.085
2019,"Greene","psychostimulant",0.206262447345245,0.767333333333333
2019,"Guernsey","psychostimulant",0.154750901652817,0.6806
2019,"Hamilton","psychostimulant",0.307056597962862,0.864133333333333
2019,"Hancock","psychostimulant",-0.644248984675416,0.019
2019,"Hardin","psychostimulant",-0.465311271796454,0.0766666666666667
2019,"Harrison","psychostimulant",-0.287283949408884,0.2316
2019,"Henry","psychostimulant",-0.92396369539624,0.00446666666666667
2019,"Highland","psychostimulant",0.875647565137761,0.9978
2019,"Hocking","psychostimulant",0.526754144836632,0.9494
2019,"Holmes","psychostimulant",-0.54969683862621,0.062
2019,"Huron","psychostimulant",-0.712628014470826,0.014
2019,"Jackson","psychostimulant",1.0065863137701,0.9994
2019,"Jefferson","psychostimulant",-0.173002651777328,0.3076
2019,"Knox","psychostimulant",-0.116651999770868,0.3502
2019,"Lake","psychostimulant",-0.0800137143943275,0.398266666666667
2019,"Lawrence","psychostimulant",1.09062437462202,0.998733333333333
2019,"Licking","psychostimulant",-0.024389162617935,0.462
2019,"Logan","psychostimulant",-0.132110458254268,0.3504
2019,"Lorain","psychostimulant",-0.408585924249582,0.0754666666666667
2019,"Lucas","psychostimulant",-1.38581185831624,0
2019,"Madison","psychostimulant",0.0775081874220405,0.6004
2019,"Mahoning","psychostimulant",-0.453944094466693,0.073
2019,"Marion","psychostimulant",0.0706324642113045,0.587333333333333
2019,"Medina","psychostimulant",-0.60646892249565,0.0312
2019,"Meigs","psychostimulant",1.16872420223684,0.999
2019,"Mercer","psychostimulant",-0.724662722507168,0.0476
2019,"Miami","psychostimulant",0.299643988774612,0.834733333333333
2019,"Monroe","psychostimulant",-0.349085530888144,0.240066666666667
2019,"Montgomery","psychostimulant",0.63755366379844,0.992466666666667
2019,"Morgan","psychostimulant",0.0575457373362595,0.5598
2019,"Morrow","psychostimulant",0.0498110576638917,0.5602
2019,"Muskingum","psychostimulant",0.362415097442615,0.892066666666667
2019,"Noble","psychostimulant",0.155619095033102,0.663333333333333
2019,"Ottawa","psychostimulant",-1.41336015579996,0.00133333333333333
2019,"Paulding","psychostimulant",-0.692546648688297,0.0720666666666667
2019,"Perry","psychostimulant",0.537333950003206,0.958066666666667
2019,"Pickaway","psychostimulant",0.496258412295097,0.951066666666667
2019,"Pike","psychostimulant",1.29649271445234,1
2019,"Portage","psychostimulant",-0.0561267545763329,0.42
2019,"Preble","psychostimulant",0.628320956242065,0.9574
2019,"Putnam","psychostimulant",-1.04309954303829,0.00173333333333333
2019,"Richland","psychostimulant",-0.184101266528392,0.266333333333333
2019,"Ross","psychostimulant",1.05056900125756,0.999933333333333
2019,"Sandusky","psychostimulant",-0.708558020650489,0.0209333333333333
2019,"Scioto","psychostimulant",1.56371269136482,1
2019,"Seneca","psychostimulant",-0.930680078680997,0.0046
2019,"Shelby","psychostimulant",0.408474343955826,0.890466666666667
2019,"Stark","psychostimulant",0.0161609806711539,0.5266
2019,"Summit","psychostimulant",0.444589009064832,0.936133333333333
2019,"Trumbull","psychostimulant",-0.241600441240667,0.216466666666667
2019,"Tuscarawas","psychostimulant",-0.297445858231605,0.174266666666667
2019,"Union","psychostimulant",-0.274550943339793,0.178733333333333
2019,"Van Wert","psychostimulant",-0.475603076562041,0.1026
2019,"Vinton","psychostimulant",0.808373874941609,0.9906
2019,"Warren","psychostimulant",0.206596931346213,0.763133333333333
2019,"Washington","psychostimulant",0.257535827323149,0.777666666666667
2019,"Wayne","psychostimulant",0.274633040340496,0.8126
2019,"Williams","psychostimulant",-0.333777642263063,0.216866666666667
2019,"Wood","psychostimulant",-1.18313269132825,0.000133333333333333
2019,"Wyandot","psychostimulant",-0.403284071449157,0.143133333333333
2020,"Adams","psychostimulant",0.830575994521805,0.988666666666667
2020,"Allen","psychostimulant",-0.773284192279672,0.0124
2020,"Ashland","psychostimulant",-0.576290768257336,0.0430666666666667
2020,"Ashtabula","psychostimulant",0.0908140537775022,0.600066666666667
2020,"Athens","psychostimulant",0.385696792125078,0.884733333333333
2020,"Auglaize","psychostimulant",-0.64035217056043,0.0349333333333333
2020,"Belmont","psychostimulant",-0.248370940789668,0.237866666666667
2020,"Brown","psychostimulant",0.529035328635767,0.9356
2020,"Butler","psychostimulant",0.661949776942199,0.9788
2020,"Carroll","psychostimulant",-0.232428695989159,0.270733333333333
2020,"Champaign","psychostimulant",0.0842900330845945,0.599933333333333
2020,"Clark","psychostimulant",0.289948383098168,0.8394
2020,"Clermont","psychostimulant",0.305994361456778,0.842466666666667
2020,"Clinton","psychostimulant",0.894627713675193,0.997866666666667
2020,"Columbiana","psychostimulant",-0.529475347974086,0.0738666666666667
2020,"Coshocton","psychostimulant",0.0834456798777994,0.601066666666667
2020,"Crawford","psychostimulant",-0.00925056549011591,0.489
2020,"Cuyahoga","psychostimulant",-0.386034499876203,0.0668
2020,"Darke","psychostimulant",0.414871991255845,0.903066666666667
2020,"Defiance","psychostimulant",-0.424389291168486,0.1444
2020,"Delaware","psychostimulant",-0.596661842121001,0.0368666666666667
2020,"Erie","psychostimulant",-0.418149832542433,0.136333333333333
2020,"Fairfield","psychostimulant",0.233685609118468,0.787066666666667
2020,"Fayette","psychostimulant",0.779085959528161,0.9924
2020,"Franklin","psychostimulant",0.00679696160087254,0.511133333333333
2020,"Fulton","psychostimulant",-0.690101242454357,0.0586666666666667
2020,"Gallia","psychostimulant",1.38579939888647,1
2020,"Geauga","psychostimulant",-0.512135280688514,0.0596
2020,"Greene","psychostimulant",0.0256288255212687,0.536466666666667
2020,"Guernsey","psychostimulant",0.108028389756995,0.621733333333333
2020,"Hamilton","psychostimulant",-0.0377987534252914,0.446533333333333
2020,"Hancock","psychostimulant",-0.566303017474022,0.0338
2020,"Hardin","psychostimulant",-0.44363530096476,0.0923333333333333
2020,"Harrison","psychostimulant",-0.27465050206344,0.249733333333333
2020,"Henry","psychostimulant",-0.874724868305371,0.00826666666666667
2020,"Highland","psychostimulant",0.669796517100676,0.981533333333333
2020,"Hocking","psychostimulant",0.558784953993073,0.956866666666667
2020,"Holmes","psychostimulant",-0.492912795831015,0.0814
2020,"Huron","psychostimulant",-0.649871729143077,0.0223333333333333
2020,"Jackson","psychostimulant",1.07050576702913,0.999866666666667
2020,"Jefferson","psychostimulant",-0.198850952548142,0.2916
2020,"Knox","psychostimulant",-0.0751214483872948,0.4024
2020,"Lake","psychostimulant",-0.0348914503309772,0.453533333333333
2020,"Lawrence","psychostimulant",1.21617501275039,0.999666666666667
2020,"Licking","psychostimulant",-0.064484855285169,0.411866666666667
2020,"Logan","psychostimulant",-0.190858171162126,0.2956
2020,"Lorain","psychostimulant",-0.296310213747494,0.151933333333333
2020,"Lucas","psychostimulant",-1.33122414922336,6.66666666666667e-05
2020,"Madison","psychostimulant",0.0353058789301687,0.548
2020,"Mahoning","psychostimulant",-0.334684899799696,0.139533333333333
2020,"Marion","psychostimulant",0.115656062056462,0.640933333333333
2020,"Medina","psychostimulant",-0.591025910232858,0.0377333333333333
2020,"Meigs","psychostimulant",1.37415368834868,0.999666666666667
2020,"Mercer","psychostimulant",-0.651497820914011,0.0703333333333333
2020,"Miami","psychostimulant",0.344709458816002,0.868
2020,"Monroe","psychostimulant",-0.287836856767912,0.284066666666667
2020,"Montgomery","psychostimulant",0.564540485914628,0.983066666666667
2020,"Morgan","psychostimulant",0.148405513609647,0.6472
2020,"Morrow","psychostimulant",0.119190181959728,0.632933333333333
2020,"Muskingum","psychostimulant",0.376780119955895,0.896866666666667
2020,"Noble","psychostimulant",0.181733791854198,0.690466666666667
2020,"Ottawa","psychostimulant",-1.42423694416959,0.00133333333333333
2020,"Paulding","psychostimulant",-0.633686457014903,0.0968666666666667
2020,"Perry","psychostimulant",0.585310621374502,0.9686
2020,"Pickaway","psychostimulant",0.538586632124011,0.961466666666667
2020,"Pike","psychostimulant",1.17664439404023,0.999866666666667
2020,"Portage","psychostimulant",-0.116971887503781,0.345866666666667
2020,"Preble","psychostimulant",0.562660263990607,0.937266666666667
2020,"Putnam","psychostimulant",-0.990472806360208,0.00286666666666667
2020,"Richland","psychostimulant",-0.143510677587254,0.3176
2020,"Ross","psychostimulant",1.02146554897364,0.999866666666667
2020,"Sandusky","psychostimulant",-0.753144093115144,0.0178
2020,"Scioto","psychostimulant",1.58067340762737,1
2020,"Seneca","psychostimulant",-0.866105476529007,0.00746666666666667
2020,"Shelby","psychostimulant",0.466737982599417,0.9172
2020,"Stark","psychostimulant",0.0188957594832406,0.527
2020,"Summit","psychostimulant",0.327449324698191,0.872266666666667
2020,"Trumbull","psychostimulant",-0.241971257491222,0.220066666666667
2020,"Tuscarawas","psychostimulant",-0.230765762681506,0.2338
2020,"Union","psychostimulant",-0.31272080304839,0.1526
2020,"Van Wert","psychostimulant",-0.472617979931122,0.1094
2020,"Vinton","psychostimulant",0.976126329671104,0.997066666666667
2020,"Warren","psychostimulant",-0.0198879406645744,0.473
2020,"Washington","psychostimulant",0.357465146038805,0.851533333333333
2020,"Wayne","psychostimulant",0.22975452228264,0.767666666666667
2020,"Williams","psychostimulant",-0.276335214715488,0.253733333333333
2020,"Wood","psychostimulant",-1.19763838292442,0.000133333333333333
2020,"Wyandot","psychostimulant",-0.369431378206794,0.1726
