"year","county","log_smr_median","race","substance"
2010,"Adams",-0.784751257240742,"White","cocaine"
2010,"Allen",-0.709842133508125,"White","cocaine"
2010,"Ashland",-0.718552180366133,"White","cocaine"
2010,"Ashtabula",-0.620014420699911,"White","cocaine"
2010,"Athens",-0.769148040620111,"White","cocaine"
2010,"Auglaize",-0.784262856199191,"White","cocaine"
2010,"Belmont",-0.919584111961877,"White","cocaine"
2010,"Brown",-0.544010999869883,"White","cocaine"
2010,"Butler",0.116526565424891,"White","cocaine"
2010,"Carroll",-0.52154007831939,"White","cocaine"
2010,"Champaign",-0.493217331914889,"White","cocaine"
2010,"Clark",-0.213114195223004,"White","cocaine"
2010,"Clermont",-0.381607077508879,"White","cocaine"
2010,"Clinton",-0.423677502131157,"White","cocaine"
2010,"Columbiana",-0.356281134639778,"White","cocaine"
2010,"Coshocton",-0.754175722232223,"White","cocaine"
2010,"Crawford",-0.811944948090101,"White","cocaine"
2010,"Cuyahoga",0.319866830547744,"White","cocaine"
2010,"Darke",-0.364692059627068,"White","cocaine"
2010,"Defiance",-1.0129744038221,"White","cocaine"
2010,"Delaware",-0.694627118952843,"White","cocaine"
2010,"Erie",-0.925068170778431,"White","cocaine"
2010,"Fairfield",-0.629658867551552,"White","cocaine"
2010,"Fayette",-0.414031748056199,"White","cocaine"
2010,"Franklin",0.644049593898159,"White","cocaine"
2010,"Fulton",-1.09953629309003,"White","cocaine"
2010,"Gallia",-0.729340479484918,"White","cocaine"
2010,"Geauga",-0.242548270612513,"White","cocaine"
2010,"Greene",-0.733052468271457,"White","cocaine"
2010,"Guernsey",-0.618397066036995,"White","cocaine"
2010,"Hamilton",0.214005249056226,"White","cocaine"
2010,"Hancock",-0.988284421207231,"White","cocaine"
2010,"Hardin",-0.837611578053275,"White","cocaine"
2010,"Harrison",-0.672230520419221,"White","cocaine"
2010,"Henry",-1.07709724736842,"White","cocaine"
2010,"Highland",-0.703194612731149,"White","cocaine"
2010,"Hocking",-0.517970958107284,"White","cocaine"
2010,"Holmes",-0.846861652792174,"White","cocaine"
2010,"Huron",-0.935006172784026,"White","cocaine"
2010,"Jackson",-0.629418778690488,"White","cocaine"
2010,"Jefferson",-0.739403062555485,"White","cocaine"
2010,"Knox",-0.61684135229471,"White","cocaine"
2010,"Lake",0.208970701588955,"White","cocaine"
2010,"Lawrence",-0.601900590322493,"White","cocaine"
2010,"Licking",-0.695700240170752,"White","cocaine"
2010,"Logan",-0.546944450749701,"White","cocaine"
2010,"Lorain",-0.608307309224436,"White","cocaine"
2010,"Lucas",-0.515177643194974,"White","cocaine"
2010,"Madison",-0.476830951191046,"White","cocaine"
2010,"Mahoning",0.527335031756577,"White","cocaine"
2010,"Marion",-0.215649695826293,"White","cocaine"
2010,"Medina",-0.717410577561264,"White","cocaine"
2010,"Meigs",-0.765187262427081,"White","cocaine"
2010,"Mercer",-0.947798817480792,"White","cocaine"
2010,"Miami",-0.509768291267693,"White","cocaine"
2010,"Monroe",-0.824582071126946,"White","cocaine"
2010,"Montgomery",-0.357883119402403,"White","cocaine"
2010,"Morgan",-0.89303765521647,"White","cocaine"
2010,"Morrow",-0.486048364971151,"White","cocaine"
2010,"Muskingum",-0.777863570726247,"White","cocaine"
2010,"Noble",-0.843756766192112,"White","cocaine"
2010,"Ottawa",-1.0809704744209,"White","cocaine"
2010,"Paulding",-1.09730803036429,"White","cocaine"
2010,"Perry",-0.582261394930089,"White","cocaine"
2010,"Pickaway",-0.298569776094901,"White","cocaine"
2010,"Pike",-0.662293528872689,"White","cocaine"
2010,"Portage",-0.508608049192603,"White","cocaine"
2010,"Preble",-0.516555294277224,"White","cocaine"
2010,"Putnam",-0.992088848647915,"White","cocaine"
2010,"Richland",-0.523330367671012,"White","cocaine"
2010,"Ross",-0.439600913918749,"White","cocaine"
2010,"Sandusky",-0.99471607926471,"White","cocaine"
2010,"Scioto",-0.760583664659465,"White","cocaine"
2010,"Seneca",-1.03130203616789,"White","cocaine"
2010,"Shelby",-0.712003978473736,"White","cocaine"
2010,"Stark",-0.191466103974755,"White","cocaine"
2010,"Summit",-0.214303026460544,"White","cocaine"
2010,"Trumbull",-0.142149582937421,"White","cocaine"
2010,"Tuscarawas",-0.371164445011352,"White","cocaine"
2010,"Union",-0.461240706418225,"White","cocaine"
2010,"Van Wert",-0.827097682267873,"White","cocaine"
2010,"Vinton",-0.684246551688144,"White","cocaine"
2010,"Warren",-0.623116385711144,"White","cocaine"
2010,"Washington",-0.979562221674475,"White","cocaine"
2010,"Wayne",-0.635737274455617,"White","cocaine"
2010,"Williams",-1.15967091670206,"White","cocaine"
2010,"Wood",-1.16065967101925,"White","cocaine"
2010,"Wyandot",-0.918944288812205,"White","cocaine"
2011,"Adams",-0.524239290302515,"White","cocaine"
2011,"Allen",-0.625971726734898,"White","cocaine"
2011,"Ashland",-0.634482640293579,"White","cocaine"
2011,"Ashtabula",-0.591679618709268,"White","cocaine"
2011,"Athens",-0.619179109489766,"White","cocaine"
2011,"Auglaize",-0.698161229799432,"White","cocaine"
2011,"Belmont",-0.975956673611298,"White","cocaine"
2011,"Brown",-0.0307826232097159,"White","cocaine"
2011,"Butler",0.410183927763417,"White","cocaine"
2011,"Carroll",-0.336541740142541,"White","cocaine"
2011,"Champaign",-0.146196889980602,"White","cocaine"
2011,"Clark",0.559794888155406,"White","cocaine"
2011,"Clermont",0.200323423857054,"White","cocaine"
2011,"Clinton",-0.0916895951432993,"White","cocaine"
2011,"Columbiana",-0.0631313416694026,"White","cocaine"
2011,"Coshocton",-0.779907078797444,"White","cocaine"
2011,"Crawford",-0.790295065076102,"White","cocaine"
2011,"Cuyahoga",0.615704596402796,"White","cocaine"
2011,"Darke",-0.00288057950368895,"White","cocaine"
2011,"Defiance",-0.997328082370339,"White","cocaine"
2011,"Delaware",-0.94225611365063,"White","cocaine"
2011,"Erie",-0.858464801496567,"White","cocaine"
2011,"Fairfield",-0.83151130229126,"White","cocaine"
2011,"Fayette",0.0885708501918866,"White","cocaine"
2011,"Franklin",0.824665510229154,"White","cocaine"
2011,"Fulton",-1.15266568524244,"White","cocaine"
2011,"Gallia",-0.485975040168839,"White","cocaine"
2011,"Geauga",-0.0314116365681146,"White","cocaine"
2011,"Greene",-0.587732702133191,"White","cocaine"
2011,"Guernsey",-0.420501478220383,"White","cocaine"
2011,"Hamilton",1.07231278251526,"White","cocaine"
2011,"Hancock",-1.00852376058996,"White","cocaine"
2011,"Hardin",-0.866821947718412,"White","cocaine"
2011,"Harrison",-0.614120377919946,"White","cocaine"
2011,"Henry",-1.17262906081869,"White","cocaine"
2011,"Highland",-0.390660713828123,"White","cocaine"
2011,"Hocking",-0.181075118773184,"White","cocaine"
2011,"Holmes",-0.994898168273664,"White","cocaine"
2011,"Huron",-0.97965230235499,"White","cocaine"
2011,"Jackson",-0.219699379403222,"White","cocaine"
2011,"Jefferson",-0.668057749423717,"White","cocaine"
2011,"Knox",-0.413629409239942,"White","cocaine"
2011,"Lake",0.542134227110425,"White","cocaine"
2011,"Lawrence",-0.0176355774532181,"White","cocaine"
2011,"Licking",-0.665378127170898,"White","cocaine"
2011,"Logan",-0.502515933609415,"White","cocaine"
2011,"Lorain",-0.372306592441783,"White","cocaine"
2011,"Lucas",-0.322363848542183,"White","cocaine"
2011,"Madison",-0.152584302731961,"White","cocaine"
2011,"Mahoning",0.690386918428514,"White","cocaine"
2011,"Marion",0.29497617132804,"White","cocaine"
2011,"Medina",-0.470187700162366,"White","cocaine"
2011,"Meigs",-0.607636207337646,"White","cocaine"
2011,"Mercer",-0.987742388166357,"White","cocaine"
2011,"Miami",-0.465595826224184,"White","cocaine"
2011,"Monroe",-0.825942151032198,"White","cocaine"
2011,"Montgomery",0.655435200914649,"White","cocaine"
2011,"Morgan",-1.01258981020145,"White","cocaine"
2011,"Morrow",-0.444951643603591,"White","cocaine"
2011,"Muskingum",-0.947175250645157,"White","cocaine"
2011,"Noble",-0.903323252499755,"White","cocaine"
2011,"Ottawa",-1.17747861124051,"White","cocaine"
2011,"Paulding",-1.2486550954604,"White","cocaine"
2011,"Perry",-0.616399026505558,"White","cocaine"
2011,"Pickaway",0.300279195545918,"White","cocaine"
2011,"Pike",-0.300735480774793,"White","cocaine"
2011,"Portage",-0.514980189989504,"White","cocaine"
2011,"Preble",-0.107622599336443,"White","cocaine"
2011,"Putnam",-1.01771912727145,"White","cocaine"
2011,"Richland",-0.240164814644678,"White","cocaine"
2011,"Ross",-0.0506552754217365,"White","cocaine"
2011,"Sandusky",-1.00319618997579,"White","cocaine"
2011,"Scioto",-0.326451741649646,"White","cocaine"
2011,"Seneca",-1.13289230921643,"White","cocaine"
2011,"Shelby",-0.559997896640748,"White","cocaine"
2011,"Stark",0.178988493318983,"White","cocaine"
2011,"Summit",-0.546864372704524,"White","cocaine"
2011,"Trumbull",0.0945505567049123,"White","cocaine"
2011,"Tuscarawas",-0.29368139693678,"White","cocaine"
2011,"Union",-0.640068786609047,"White","cocaine"
2011,"Van Wert",-0.705600092651104,"White","cocaine"
2011,"Vinton",-0.477928417303933,"White","cocaine"
2011,"Warren",-0.198585828067641,"White","cocaine"
2011,"Washington",-1.07986351187571,"White","cocaine"
2011,"Wayne",-0.408858670177064,"White","cocaine"
2011,"Williams",-1.29503581803651,"White","cocaine"
2011,"Wood",-1.24526322041269,"White","cocaine"
2011,"Wyandot",-0.999061286118233,"White","cocaine"
2012,"Adams",-0.645783880122484,"White","cocaine"
2012,"Allen",0.0239249850743373,"White","cocaine"
2012,"Ashland",-0.549463597440709,"White","cocaine"
2012,"Ashtabula",-0.216029982986366,"White","cocaine"
2012,"Athens",-0.770300303743717,"White","cocaine"
2012,"Auglaize",-0.639115787198735,"White","cocaine"
2012,"Belmont",-0.911086982233146,"White","cocaine"
2012,"Brown",-0.00245773040023589,"White","cocaine"
2012,"Butler",0.87068063330779,"White","cocaine"
2012,"Carroll",-0.0389695537260286,"White","cocaine"
2012,"Champaign",-0.0181292681844845,"White","cocaine"
2012,"Clark",0.752040963341934,"White","cocaine"
2012,"Clermont",0.410634096830527,"White","cocaine"
2012,"Clinton",-0.245657367322712,"White","cocaine"
2012,"Columbiana",0.214206235175015,"White","cocaine"
2012,"Coshocton",-0.724840745232659,"White","cocaine"
2012,"Crawford",-0.456764243560315,"White","cocaine"
2012,"Cuyahoga",0.96391030896704,"White","cocaine"
2012,"Darke",0.551888072513017,"White","cocaine"
2012,"Defiance",-0.384730111665152,"White","cocaine"
2012,"Delaware",-0.865100584067018,"White","cocaine"
2012,"Erie",-0.613880430749687,"White","cocaine"
2012,"Fairfield",-0.913807242570337,"White","cocaine"
2012,"Fayette",0.146461923977627,"White","cocaine"
2012,"Franklin",1.03829206358186,"White","cocaine"
2012,"Fulton",-0.487485480704282,"White","cocaine"
2012,"Gallia",-0.529370819021195,"White","cocaine"
2012,"Geauga",0.187472612227567,"White","cocaine"
2012,"Greene",-0.702966257905172,"White","cocaine"
2012,"Guernsey",-0.334818614029703,"White","cocaine"
2012,"Hamilton",0.892591132113109,"White","cocaine"
2012,"Hancock",-0.54508114032455,"White","cocaine"
2012,"Hardin",-0.648796900067526,"White","cocaine"
2012,"Harrison",-0.490518443444588,"White","cocaine"
2012,"Henry",-0.680117946093047,"White","cocaine"
2012,"Highland",-0.626260734408542,"White","cocaine"
2012,"Hocking",-0.462996928172,"White","cocaine"
2012,"Holmes",-1.07408520721306,"White","cocaine"
2012,"Huron",-0.666640321967886,"White","cocaine"
2012,"Jackson",-0.349407036092364,"White","cocaine"
2012,"Jefferson",-0.47287531408946,"White","cocaine"
2012,"Knox",-0.215441113196321,"White","cocaine"
2012,"Lake",0.464954138395061,"White","cocaine"
2012,"Lawrence",-0.102413623991223,"White","cocaine"
2012,"Licking",-0.79851427234565,"White","cocaine"
2012,"Logan",-0.291424761411412,"White","cocaine"
2012,"Lorain",0.224511039580038,"White","cocaine"
2012,"Lucas",0.775153090518385,"White","cocaine"
2012,"Madison",-0.135548416441817,"White","cocaine"
2012,"Mahoning",0.924542745421247,"White","cocaine"
2012,"Marion",0.918052322288491,"White","cocaine"
2012,"Medina",-0.364970342103779,"White","cocaine"
2012,"Meigs",-0.661435612558077,"White","cocaine"
2012,"Mercer",-0.873058266763574,"White","cocaine"
2012,"Miami",-0.305264132026941,"White","cocaine"
2012,"Monroe",-0.799256327300329,"White","cocaine"
2012,"Montgomery",0.453460384534604,"White","cocaine"
2012,"Morgan",-1.19040960975574,"White","cocaine"
2012,"Morrow",-0.418407027175152,"White","cocaine"
2012,"Muskingum",-1.02075989209478,"White","cocaine"
2012,"Noble",-0.939691629265641,"White","cocaine"
2012,"Ottawa",-0.622457386392534,"White","cocaine"
2012,"Paulding",-0.954001122667527,"White","cocaine"
2012,"Perry",-0.93712281368045,"White","cocaine"
2012,"Pickaway",0.263047473705538,"White","cocaine"
2012,"Pike",-0.29347019904631,"White","cocaine"
2012,"Portage",-0.296489212176062,"White","cocaine"
2012,"Preble",-0.035889575331174,"White","cocaine"
2012,"Putnam",-0.557882927311866,"White","cocaine"
2012,"Richland",0.0674253183325661,"White","cocaine"
2012,"Ross",0.311776335472522,"White","cocaine"
2012,"Sandusky",-0.467256968312739,"White","cocaine"
2012,"Scioto",-0.631547172355727,"White","cocaine"
2012,"Seneca",-0.792762409074855,"White","cocaine"
2012,"Shelby",-0.571990925861513,"White","cocaine"
2012,"Stark",0.217445955483923,"White","cocaine"
2012,"Summit",-0.302707343093441,"White","cocaine"
2012,"Trumbull",0.123047851250599,"White","cocaine"
2012,"Tuscarawas",-0.387039337977742,"White","cocaine"
2012,"Union",-0.692983257022504,"White","cocaine"
2012,"Van Wert",-0.513682664213171,"White","cocaine"
2012,"Vinton",-0.52480141519622,"White","cocaine"
2012,"Warren",-0.179308516583839,"White","cocaine"
2012,"Washington",-1.15671944303033,"White","cocaine"
2012,"Wayne",-0.279724696324905,"White","cocaine"
2012,"Williams",-0.7656083564849,"White","cocaine"
2012,"Wood",-0.676142918941068,"White","cocaine"
2012,"Wyandot",-0.776990422519658,"White","cocaine"
2013,"Adams",-0.395012667307792,"White","cocaine"
2013,"Allen",0.122270372551138,"White","cocaine"
2013,"Ashland",-0.349562817801044,"White","cocaine"
2013,"Ashtabula",-0.123355454863783,"White","cocaine"
2013,"Athens",-0.857396670737809,"White","cocaine"
2013,"Auglaize",-0.631592871938908,"White","cocaine"
2013,"Belmont",-0.581998413883637,"White","cocaine"
2013,"Brown",0.5344940513447,"White","cocaine"
2013,"Butler",1.38821048739131,"White","cocaine"
2013,"Carroll",0.0117545246813048,"White","cocaine"
2013,"Champaign",0.21895070238374,"White","cocaine"
2013,"Clark",0.817018971328082,"White","cocaine"
2013,"Clermont",0.708141361013689,"White","cocaine"
2013,"Clinton",-0.0251062217762206,"White","cocaine"
2013,"Columbiana",0.714048414851916,"White","cocaine"
2013,"Coshocton",-0.446227573130728,"White","cocaine"
2013,"Crawford",-0.129530320199049,"White","cocaine"
2013,"Cuyahoga",0.981528187551831,"White","cocaine"
2013,"Darke",0.725060072541079,"White","cocaine"
2013,"Defiance",-0.28111267808543,"White","cocaine"
2013,"Delaware",-0.747094045466489,"White","cocaine"
2013,"Erie",-0.382939825838616,"White","cocaine"
2013,"Fairfield",-0.90424047881071,"White","cocaine"
2013,"Fayette",0.551783877965127,"White","cocaine"
2013,"Franklin",0.88577321222995,"White","cocaine"
2013,"Fulton",-0.507104362536778,"White","cocaine"
2013,"Gallia",-0.206451008125392,"White","cocaine"
2013,"Geauga",0.0430034476109272,"White","cocaine"
2013,"Greene",-0.462650548541906,"White","cocaine"
2013,"Guernsey",0.0766545815942553,"White","cocaine"
2013,"Hamilton",1.16801659976696,"White","cocaine"
2013,"Hancock",-0.439765192353199,"White","cocaine"
2013,"Hardin",-0.556382105991563,"White","cocaine"
2013,"Harrison",-0.177794346980504,"White","cocaine"
2013,"Henry",-0.569538858278414,"White","cocaine"
2013,"Highland",-0.506946160554582,"White","cocaine"
2013,"Hocking",-0.488756162198226,"White","cocaine"
2013,"Holmes",-0.994563336793576,"White","cocaine"
2013,"Huron",-0.36316869272144,"White","cocaine"
2013,"Jackson",-0.0578548068104077,"White","cocaine"
2013,"Jefferson",-0.0079210412845955,"White","cocaine"
2013,"Knox",0.298186892657258,"White","cocaine"
2013,"Lake",0.317409124150479,"White","cocaine"
2013,"Lawrence",0.168312201590564,"White","cocaine"
2013,"Licking",-0.467491253195977,"White","cocaine"
2013,"Logan",-0.00942516183929681,"White","cocaine"
2013,"Lorain",0.717602993912878,"White","cocaine"
2013,"Lucas",0.894405667384387,"White","cocaine"
2013,"Madison",0.0617649274328101,"White","cocaine"
2013,"Mahoning",1.2382628818731,"White","cocaine"
2013,"Marion",0.992293988771036,"White","cocaine"
2013,"Medina",-0.308990017256404,"White","cocaine"
2013,"Meigs",-0.398613198967166,"White","cocaine"
2013,"Mercer",-0.82632596194114,"White","cocaine"
2013,"Miami",-0.135993725087335,"White","cocaine"
2013,"Monroe",-0.846553588302215,"White","cocaine"
2013,"Montgomery",0.608227634206616,"White","cocaine"
2013,"Morgan",-1.1732551463716,"White","cocaine"
2013,"Morrow",-0.302651068279868,"White","cocaine"
2013,"Muskingum",-0.789879583499349,"White","cocaine"
2013,"Noble",-0.802134149964844,"White","cocaine"
2013,"Ottawa",-0.377970996080101,"White","cocaine"
2013,"Paulding",-0.957444041631712,"White","cocaine"
2013,"Perry",-1.00279764065815,"White","cocaine"
2013,"Pickaway",0.484754111217942,"White","cocaine"
2013,"Pike",-0.15675172037031,"White","cocaine"
2013,"Portage",0.121702641966218,"White","cocaine"
2013,"Preble",0.229967048295827,"White","cocaine"
2013,"Putnam",-0.332211324258589,"White","cocaine"
2013,"Richland",0.701868114552727,"White","cocaine"
2013,"Ross",1.13018088989559,"White","cocaine"
2013,"Sandusky",-0.286926756626546,"White","cocaine"
2013,"Scioto",-0.434685745611058,"White","cocaine"
2013,"Seneca",-0.835189520060719,"White","cocaine"
2013,"Shelby",-0.559936917758039,"White","cocaine"
2013,"Stark",0.760522411634363,"White","cocaine"
2013,"Summit",0.0690145100915754,"White","cocaine"
2013,"Trumbull",0.58731911753252,"White","cocaine"
2013,"Tuscarawas",-0.0254082875165755,"White","cocaine"
2013,"Union",-0.727629467824768,"White","cocaine"
2013,"Van Wert",-0.455709253055337,"White","cocaine"
2013,"Vinton",-0.29798272290655,"White","cocaine"
2013,"Warren",0.0120636887002752,"White","cocaine"
2013,"Washington",-0.984665026941011,"White","cocaine"
2013,"Wayne",0.0168877801618959,"White","cocaine"
2013,"Williams",-0.617992499209426,"White","cocaine"
2013,"Wood",-0.207998760685002,"White","cocaine"
2013,"Wyandot",-0.730695768311262,"White","cocaine"
2014,"Adams",-0.582748019341444,"White","cocaine"
2014,"Allen",0.153652567584993,"White","cocaine"
2014,"Ashland",-0.0315385359574515,"White","cocaine"
2014,"Ashtabula",0.195852137110538,"White","cocaine"
2014,"Athens",-0.985191632056882,"White","cocaine"
2014,"Auglaize",-0.328961358266353,"White","cocaine"
2014,"Belmont",-0.553315896342183,"White","cocaine"
2014,"Brown",0.507987034377304,"White","cocaine"
2014,"Butler",1.71647969673027,"White","cocaine"
2014,"Carroll",-0.0162155483787416,"White","cocaine"
2014,"Champaign",0.626410433894835,"White","cocaine"
2014,"Clark",1.3336087918838,"White","cocaine"
2014,"Clermont",1.3078359934181,"White","cocaine"
2014,"Clinton",0.0358417157381314,"White","cocaine"
2014,"Columbiana",0.700495507063718,"White","cocaine"
2014,"Coshocton",-0.232422907472568,"White","cocaine"
2014,"Crawford",0.534085380046238,"White","cocaine"
2014,"Cuyahoga",1.16939514724512,"White","cocaine"
2014,"Darke",1.10599904701652,"White","cocaine"
2014,"Defiance",-0.0907777696870523,"White","cocaine"
2014,"Delaware",-0.295190987610544,"White","cocaine"
2014,"Erie",0.251662845513215,"White","cocaine"
2014,"Fairfield",-1.0057877412618,"White","cocaine"
2014,"Fayette",1.18180674116895,"White","cocaine"
2014,"Franklin",1.05219437029161,"White","cocaine"
2014,"Fulton",-0.0744217903489284,"White","cocaine"
2014,"Gallia",-0.305668627498567,"White","cocaine"
2014,"Geauga",0.104510342892408,"White","cocaine"
2014,"Greene",0.256608792189264,"White","cocaine"
2014,"Guernsey",0.0290687031274056,"White","cocaine"
2014,"Hamilton",1.52190534084663,"White","cocaine"
2014,"Hancock",0.119339632631049,"White","cocaine"
2014,"Hardin",-0.220785886950182,"White","cocaine"
2014,"Harrison",-0.0169488981756529,"White","cocaine"
2014,"Henry",-0.128841362692245,"White","cocaine"
2014,"Highland",-0.472203532682798,"White","cocaine"
2014,"Hocking",-0.571927863116419,"White","cocaine"
2014,"Holmes",-1.02975658744269,"White","cocaine"
2014,"Huron",0.230378731699879,"White","cocaine"
2014,"Jackson",-0.163144702483909,"White","cocaine"
2014,"Jefferson",0.243783341320908,"White","cocaine"
2014,"Knox",0.126835335506938,"White","cocaine"
2014,"Lake",0.37318586387418,"White","cocaine"
2014,"Lawrence",-0.0440796903504551,"White","cocaine"
2014,"Licking",-0.534450131566861,"White","cocaine"
2014,"Logan",0.440047509797452,"White","cocaine"
2014,"Lorain",0.955607919658973,"White","cocaine"
2014,"Lucas",1.34023978594181,"White","cocaine"
2014,"Madison",0.561706687471347,"White","cocaine"
2014,"Mahoning",1.03183830697994,"White","cocaine"
2014,"Marion",1.54277061313052,"White","cocaine"
2014,"Medina",0.0744090708041073,"White","cocaine"
2014,"Meigs",-0.278387110135467,"White","cocaine"
2014,"Mercer",-0.477512294510584,"White","cocaine"
2014,"Miami",0.39381135964254,"White","cocaine"
2014,"Monroe",-1.03305027906831,"White","cocaine"
2014,"Montgomery",1.19507691802067,"White","cocaine"
2014,"Morgan",-1.30423540503654,"White","cocaine"
2014,"Morrow",-0.0447814926273234,"White","cocaine"
2014,"Muskingum",-0.856170147029939,"White","cocaine"
2014,"Noble",-0.829030747891919,"White","cocaine"
2014,"Ottawa",0.322755242808458,"White","cocaine"
2014,"Paulding",-0.695801259811485,"White","cocaine"
2014,"Perry",-1.18185227963909,"White","cocaine"
2014,"Pickaway",0.31897179654785,"White","cocaine"
2014,"Pike",-0.160574448627375,"White","cocaine"
2014,"Portage",0.707459642204069,"White","cocaine"
2014,"Preble",0.580793076527886,"White","cocaine"
2014,"Putnam",0.254426188418364,"White","cocaine"
2014,"Richland",1.09525365768732,"White","cocaine"
2014,"Ross",1.4037015660723,"White","cocaine"
2014,"Sandusky",0.387091808859796,"White","cocaine"
2014,"Scioto",-0.592895543507962,"White","cocaine"
2014,"Seneca",-0.556476224935822,"White","cocaine"
2014,"Shelby",-0.228182035374682,"White","cocaine"
2014,"Stark",0.886951538479226,"White","cocaine"
2014,"Summit",0.371071755952761,"White","cocaine"
2014,"Trumbull",1.26406432982955,"White","cocaine"
2014,"Tuscarawas",0.0567965553701789,"White","cocaine"
2014,"Union",-0.549405449344582,"White","cocaine"
2014,"Van Wert",-0.0883269734282604,"White","cocaine"
2014,"Vinton",-0.242686687432038,"White","cocaine"
2014,"Warren",0.160790458451932,"White","cocaine"
2014,"Washington",-0.854132877638495,"White","cocaine"
2014,"Wayne",0.286588478402068,"White","cocaine"
2014,"Williams",-0.0825193879816929,"White","cocaine"
2014,"Wood",0.506521916596963,"White","cocaine"
2014,"Wyandot",-0.446060283530138,"White","cocaine"
2015,"Adams",-0.582767369087449,"White","cocaine"
2015,"Allen",0.706711604410476,"White","cocaine"
2015,"Ashland",0.194156108966298,"White","cocaine"
2015,"Ashtabula",0.259572443893778,"White","cocaine"
2015,"Athens",-0.875788345437404,"White","cocaine"
2015,"Auglaize",0.142273408952573,"White","cocaine"
2015,"Belmont",-0.226377997291349,"White","cocaine"
2015,"Brown",0.630722738411576,"White","cocaine"
2015,"Butler",2.00910922591834,"White","cocaine"
2015,"Carroll",0.161344500198214,"White","cocaine"
2015,"Champaign",1.12906225309476,"White","cocaine"
2015,"Clark",2.1228090043946,"White","cocaine"
2015,"Clermont",1.43860710687101,"White","cocaine"
2015,"Clinton",-0.0209757608654668,"White","cocaine"
2015,"Columbiana",1.01186025270393,"White","cocaine"
2015,"Coshocton",-0.112284862878371,"White","cocaine"
2015,"Crawford",0.933222506168493,"White","cocaine"
2015,"Cuyahoga",1.22328542554259,"White","cocaine"
2015,"Darke",1.50266285456706,"White","cocaine"
2015,"Defiance",-0.170299430678631,"White","cocaine"
2015,"Delaware",-0.065101668435958,"White","cocaine"
2015,"Erie",1.0043624424262,"White","cocaine"
2015,"Fairfield",-1.096666793195,"White","cocaine"
2015,"Fayette",0.973190332535328,"White","cocaine"
2015,"Franklin",1.50142742164819,"White","cocaine"
2015,"Fulton",0.328684639607738,"White","cocaine"
2015,"Gallia",-0.0894894597415216,"White","cocaine"
2015,"Geauga",0.0648153683911999,"White","cocaine"
2015,"Greene",0.547273396882294,"White","cocaine"
2015,"Guernsey",0.0187900517459796,"White","cocaine"
2015,"Hamilton",1.93370197176355,"White","cocaine"
2015,"Hancock",0.73304819944618,"White","cocaine"
2015,"Hardin",0.210473986798132,"White","cocaine"
2015,"Harrison",0.0535102616428102,"White","cocaine"
2015,"Henry",0.177150814392955,"White","cocaine"
2015,"Highland",-0.336455428684769,"White","cocaine"
2015,"Hocking",-0.506524399567495,"White","cocaine"
2015,"Holmes",-1.08528850065796,"White","cocaine"
2015,"Huron",0.320126893629263,"White","cocaine"
2015,"Jackson",-0.202574320616824,"White","cocaine"
2015,"Jefferson",0.740221378865716,"White","cocaine"
2015,"Knox",0.27399800901423,"White","cocaine"
2015,"Lake",0.929326542222285,"White","cocaine"
2015,"Lawrence",0.336216351207012,"White","cocaine"
2015,"Licking",-0.884934889751845,"White","cocaine"
2015,"Logan",0.998856015921059,"White","cocaine"
2015,"Lorain",1.3059135204857,"White","cocaine"
2015,"Lucas",1.17791624695925,"White","cocaine"
2015,"Madison",0.878839391129768,"White","cocaine"
2015,"Mahoning",1.29122748274345,"White","cocaine"
2015,"Marion",1.42588977714185,"White","cocaine"
2015,"Medina",0.208504017150833,"White","cocaine"
2015,"Meigs",0.137432572182161,"White","cocaine"
2015,"Mercer",-0.30326923070133,"White","cocaine"
2015,"Miami",0.571390871774048,"White","cocaine"
2015,"Monroe",-1.02054702022739,"White","cocaine"
2015,"Montgomery",1.90379876535431,"White","cocaine"
2015,"Morgan",-1.29036111092976,"White","cocaine"
2015,"Morrow",0.292250617520783,"White","cocaine"
2015,"Muskingum",-0.681884559673024,"White","cocaine"
2015,"Noble",-0.695521702055876,"White","cocaine"
2015,"Ottawa",0.800476191846313,"White","cocaine"
2015,"Paulding",-0.520704729372453,"White","cocaine"
2015,"Perry",-1.23323866924586,"White","cocaine"
2015,"Pickaway",0.300137171549464,"White","cocaine"
2015,"Pike",0.0996314576252058,"White","cocaine"
2015,"Portage",1.12380438426194,"White","cocaine"
2015,"Preble",1.08245717709429,"White","cocaine"
2015,"Putnam",0.456494008280925,"White","cocaine"
2015,"Richland",1.67879906606246,"White","cocaine"
2015,"Ross",1.69783199037839,"White","cocaine"
2015,"Sandusky",1.07759455244507,"White","cocaine"
2015,"Scioto",-0.345078792817754,"White","cocaine"
2015,"Seneca",-0.297809663428043,"White","cocaine"
2015,"Shelby",0.268721387197899,"White","cocaine"
2015,"Stark",0.673426900238632,"White","cocaine"
2015,"Summit",0.43359667590845,"White","cocaine"
2015,"Trumbull",1.83931877883837,"White","cocaine"
2015,"Tuscarawas",0.119470086299204,"White","cocaine"
2015,"Union",-0.293483022259581,"White","cocaine"
2015,"Van Wert",0.394310698058609,"White","cocaine"
2015,"Vinton",-0.252165021027071,"White","cocaine"
2015,"Warren",0.666546860672857,"White","cocaine"
2015,"Washington",-0.418554711221347,"White","cocaine"
2015,"Wayne",0.385400583683694,"White","cocaine"
2015,"Williams",0.144061831547024,"White","cocaine"
2015,"Wood",0.662144434530386,"White","cocaine"
2015,"Wyandot",-0.189208581143873,"White","cocaine"
2016,"Adams",-0.53980722477903,"White","cocaine"
2016,"Allen",0.914214006892853,"White","cocaine"
2016,"Ashland",0.320890084433314,"White","cocaine"
2016,"Ashtabula",0.964477971139256,"White","cocaine"
2016,"Athens",-0.85852274838003,"White","cocaine"
2016,"Auglaize",0.524485622394615,"White","cocaine"
2016,"Belmont",0.166333360384486,"White","cocaine"
2016,"Brown",0.249837615026328,"White","cocaine"
2016,"Butler",2.09654179750708,"White","cocaine"
2016,"Carroll",0.581887141569465,"White","cocaine"
2016,"Champaign",1.36152425666219,"White","cocaine"
2016,"Clark",2.40877617674133,"White","cocaine"
2016,"Clermont",1.36986843029369,"White","cocaine"
2016,"Clinton",-0.0593290270547255,"White","cocaine"
2016,"Columbiana",0.8711497194947,"White","cocaine"
2016,"Coshocton",0.299848404171424,"White","cocaine"
2016,"Crawford",1.06777976128251,"White","cocaine"
2016,"Cuyahoga",2.17777724619826,"White","cocaine"
2016,"Darke",1.90711955337781,"White","cocaine"
2016,"Defiance",-0.231972443489921,"White","cocaine"
2016,"Delaware",0.19194459647698,"White","cocaine"
2016,"Erie",1.64181920024554,"White","cocaine"
2016,"Fairfield",-0.961805238483459,"White","cocaine"
2016,"Fayette",0.823141528763526,"White","cocaine"
2016,"Franklin",1.68018032780263,"White","cocaine"
2016,"Fulton",0.286231414200685,"White","cocaine"
2016,"Gallia",0.349869473534851,"White","cocaine"
2016,"Geauga",0.707784840976382,"White","cocaine"
2016,"Greene",0.791392937321996,"White","cocaine"
2016,"Guernsey",0.376692821017649,"White","cocaine"
2016,"Hamilton",1.99998040569657,"White","cocaine"
2016,"Hancock",0.936973494874746,"White","cocaine"
2016,"Hardin",0.473589318402756,"White","cocaine"
2016,"Harrison",0.345401782218087,"White","cocaine"
2016,"Henry",0.211508130331992,"White","cocaine"
2016,"Highland",-0.13596547669084,"White","cocaine"
2016,"Hocking",-0.323716403957612,"White","cocaine"
2016,"Holmes",-0.992209867532847,"White","cocaine"
2016,"Huron",0.50351415000795,"White","cocaine"
2016,"Jackson",-0.0678185277247829,"White","cocaine"
2016,"Jefferson",1.42673306940389,"White","cocaine"
2016,"Knox",0.602253703491223,"White","cocaine"
2016,"Lake",1.49654706791349,"White","cocaine"
2016,"Lawrence",0.705151120439467,"White","cocaine"
2016,"Licking",-1.12793457962462,"White","cocaine"
2016,"Logan",1.57814951046401,"White","cocaine"
2016,"Lorain",2.29557645086569,"White","cocaine"
2016,"Lucas",1.44631537024698,"White","cocaine"
2016,"Madison",1.14343374345654,"White","cocaine"
2016,"Mahoning",1.90304851083416,"White","cocaine"
2016,"Marion",1.78013474449451,"White","cocaine"
2016,"Medina",0.802816483674086,"White","cocaine"
2016,"Meigs",0.853765256433164,"White","cocaine"
2016,"Mercer",-0.0533183831553621,"White","cocaine"
2016,"Miami",1.25201465283999,"White","cocaine"
2016,"Monroe",-0.914092492976991,"White","cocaine"
2016,"Montgomery",2.39864105908529,"White","cocaine"
2016,"Morgan",-1.19137474960624,"White","cocaine"
2016,"Morrow",0.860456964433455,"White","cocaine"
2016,"Muskingum",-0.236113562324373,"White","cocaine"
2016,"Noble",-0.410980418038154,"White","cocaine"
2016,"Ottawa",0.765610137558506,"White","cocaine"
2016,"Paulding",-0.439566723663902,"White","cocaine"
2016,"Perry",-1.16004016331843,"White","cocaine"
2016,"Pickaway",0.35914861699169,"White","cocaine"
2016,"Pike",0.263643260497754,"White","cocaine"
2016,"Portage",1.00596644755385,"White","cocaine"
2016,"Preble",1.81210528944033,"White","cocaine"
2016,"Putnam",0.527071871371373,"White","cocaine"
2016,"Richland",2.01695813715423,"White","cocaine"
2016,"Ross",1.92508733685533,"White","cocaine"
2016,"Sandusky",1.43668827193064,"White","cocaine"
2016,"Scioto",0.186273373632321,"White","cocaine"
2016,"Seneca",0.0178846164535965,"White","cocaine"
2016,"Shelby",1.02440647061392,"White","cocaine"
2016,"Stark",0.979718235220801,"White","cocaine"
2016,"Summit",1.60773513079613,"White","cocaine"
2016,"Trumbull",2.36085213250807,"White","cocaine"
2016,"Tuscarawas",0.303563278571569,"White","cocaine"
2016,"Union",0.0238547640640399,"White","cocaine"
2016,"Van Wert",0.715078744004075,"White","cocaine"
2016,"Vinton",-0.134577406791456,"White","cocaine"
2016,"Warren",1.29759285971656,"White","cocaine"
2016,"Washington",0.0527028059983045,"White","cocaine"
2016,"Wayne",0.690559780865507,"White","cocaine"
2016,"Williams",0.170956612384152,"White","cocaine"
2016,"Wood",0.719649075807965,"White","cocaine"
2016,"Wyandot",0.064615364190605,"White","cocaine"
2017,"Adams",-0.219406090149052,"White","cocaine"
2017,"Allen",0.65530127229089,"White","cocaine"
2017,"Ashland",0.0341644773366721,"White","cocaine"
2017,"Ashtabula",0.652174415609689,"White","cocaine"
2017,"Athens",-0.614142695868229,"White","cocaine"
2017,"Auglaize",0.608714326436776,"White","cocaine"
2017,"Belmont",1.11254072838087,"White","cocaine"
2017,"Brown",0.232314678153535,"White","cocaine"
2017,"Butler",2.18492377179354,"White","cocaine"
2017,"Carroll",1.13241891275421,"White","cocaine"
2017,"Champaign",2.03573289577894,"White","cocaine"
2017,"Clark",2.82172703291244,"White","cocaine"
2017,"Clermont",1.52866594246258,"White","cocaine"
2017,"Clinton",0.366542875635991,"White","cocaine"
2017,"Columbiana",1.52619028311879,"White","cocaine"
2017,"Coshocton",0.516757138555019,"White","cocaine"
2017,"Crawford",1.16060209504701,"White","cocaine"
2017,"Cuyahoga",2.37060091325699,"White","cocaine"
2017,"Darke",2.25262434915238,"White","cocaine"
2017,"Defiance",-0.284354425692374,"White","cocaine"
2017,"Delaware",0.878036504033273,"White","cocaine"
2017,"Erie",1.4082588163466,"White","cocaine"
2017,"Fairfield",-0.209731412767652,"White","cocaine"
2017,"Fayette",0.972613482329932,"White","cocaine"
2017,"Franklin",1.8844646726911,"White","cocaine"
2017,"Fulton",-0.116656048777502,"White","cocaine"
2017,"Gallia",0.717076488623297,"White","cocaine"
2017,"Geauga",0.640339206519221,"White","cocaine"
2017,"Greene",1.71707335585183,"White","cocaine"
2017,"Guernsey",0.326864643403418,"White","cocaine"
2017,"Hamilton",2.57189637737468,"White","cocaine"
2017,"Hancock",1.164690495869,"White","cocaine"
2017,"Hardin",0.620449866238237,"White","cocaine"
2017,"Harrison",0.870065265694873,"White","cocaine"
2017,"Henry",0.287166602504175,"White","cocaine"
2017,"Highland",0.215655573077269,"White","cocaine"
2017,"Hocking",0.21835434048687,"White","cocaine"
2017,"Holmes",-0.973993527522995,"White","cocaine"
2017,"Huron",0.612867927426934,"White","cocaine"
2017,"Jackson",0.31560032560587,"White","cocaine"
2017,"Jefferson",1.9002276767073,"White","cocaine"
2017,"Knox",0.403811979792508,"White","cocaine"
2017,"Lake",1.86645745880834,"White","cocaine"
2017,"Lawrence",0.983490040889285,"White","cocaine"
2017,"Licking",-0.956037689103332,"White","cocaine"
2017,"Logan",1.58913884497923,"White","cocaine"
2017,"Lorain",2.27370375365657,"White","cocaine"
2017,"Lucas",1.78206840004976,"White","cocaine"
2017,"Madison",1.54122489906882,"White","cocaine"
2017,"Mahoning",2.59437053396383,"White","cocaine"
2017,"Marion",1.5723586934396,"White","cocaine"
2017,"Medina",0.606094010690126,"White","cocaine"
2017,"Meigs",0.759341607782947,"White","cocaine"
2017,"Mercer",-0.0697140982678801,"White","cocaine"
2017,"Miami",1.70023362875337,"White","cocaine"
2017,"Monroe",-0.624305181870013,"White","cocaine"
2017,"Montgomery",2.95908856526946,"White","cocaine"
2017,"Morgan",-0.928189508137444,"White","cocaine"
2017,"Morrow",1.27808812631825,"White","cocaine"
2017,"Muskingum",0.45491849676537,"White","cocaine"
2017,"Noble",0.0577954426055212,"White","cocaine"
2017,"Ottawa",0.144422683422396,"White","cocaine"
2017,"Paulding",-0.475487923482045,"White","cocaine"
2017,"Perry",-0.827296513360246,"White","cocaine"
2017,"Pickaway",0.883515775086669,"White","cocaine"
2017,"Pike",0.563150765293979,"White","cocaine"
2017,"Portage",0.79820307372494,"White","cocaine"
2017,"Preble",1.57200502384619,"White","cocaine"
2017,"Putnam",0.212538728964817,"White","cocaine"
2017,"Richland",2.18046841637803,"White","cocaine"
2017,"Ross",1.93798643818237,"White","cocaine"
2017,"Sandusky",1.16082859160814,"White","cocaine"
2017,"Scioto",0.790019283623155,"White","cocaine"
2017,"Seneca",0.430048333826478,"White","cocaine"
2017,"Shelby",1.55539535119361,"White","cocaine"
2017,"Stark",0.931403043829159,"White","cocaine"
2017,"Summit",1.81250238354589,"White","cocaine"
2017,"Trumbull",2.70805644243702,"White","cocaine"
2017,"Tuscarawas",0.580315524478252,"White","cocaine"
2017,"Union",0.441379428192432,"White","cocaine"
2017,"Van Wert",0.586385437479064,"White","cocaine"
2017,"Vinton",0.0890914026612517,"White","cocaine"
2017,"Warren",1.22820679796122,"White","cocaine"
2017,"Washington",0.224905824872993,"White","cocaine"
2017,"Wayne",0.22848876569186,"White","cocaine"
2017,"Williams",-0.294823492301422,"White","cocaine"
2017,"Wood",0.491556304269296,"White","cocaine"
2017,"Wyandot",0.0486384151670783,"White","cocaine"
2018,"Adams",0.362855219463357,"White","cocaine"
2018,"Allen",0.574527638289227,"White","cocaine"
2018,"Ashland",0.115248673599168,"White","cocaine"
2018,"Ashtabula",0.579024093095605,"White","cocaine"
2018,"Athens",0.0356755515302724,"White","cocaine"
2018,"Auglaize",0.0534035697684627,"White","cocaine"
2018,"Belmont",1.11560058981667,"White","cocaine"
2018,"Brown",0.584101412781436,"White","cocaine"
2018,"Butler",1.7981717174625,"White","cocaine"
2018,"Carroll",1.19481952040123,"White","cocaine"
2018,"Champaign",1.42210209357674,"White","cocaine"
2018,"Clark",2.2202653490161,"White","cocaine"
2018,"Clermont",1.33036248358391,"White","cocaine"
2018,"Clinton",0.483219519078911,"White","cocaine"
2018,"Columbiana",1.0217255307778,"White","cocaine"
2018,"Coshocton",0.703796517748,"White","cocaine"
2018,"Crawford",0.846575289109831,"White","cocaine"
2018,"Cuyahoga",2.08555955511696,"White","cocaine"
2018,"Darke",1.54013193023607,"White","cocaine"
2018,"Defiance",-0.308631210370454,"White","cocaine"
2018,"Delaware",0.927263836779061,"White","cocaine"
2018,"Erie",0.608487270597495,"White","cocaine"
2018,"Fairfield",-0.0571339554824112,"White","cocaine"
2018,"Fayette",0.925302641235194,"White","cocaine"
2018,"Franklin",1.98889398724398,"White","cocaine"
2018,"Fulton",-0.1407842029982,"White","cocaine"
2018,"Gallia",1.10719737190964,"White","cocaine"
2018,"Geauga",0.497090819625577,"White","cocaine"
2018,"Greene",1.2500193249113,"White","cocaine"
2018,"Guernsey",0.342810217714168,"White","cocaine"
2018,"Hamilton",2.19361947730094,"White","cocaine"
2018,"Hancock",0.753126435762295,"White","cocaine"
2018,"Hardin",0.408400592222797,"White","cocaine"
2018,"Harrison",0.938552087088645,"White","cocaine"
2018,"Henry",0.645391088625564,"White","cocaine"
2018,"Highland",0.395427059437553,"White","cocaine"
2018,"Hocking",0.359670699678316,"White","cocaine"
2018,"Holmes",-0.797253834605016,"White","cocaine"
2018,"Huron",0.466152930850209,"White","cocaine"
2018,"Jackson",0.834108100176129,"White","cocaine"
2018,"Jefferson",1.90585520539273,"White","cocaine"
2018,"Knox",0.473724935760446,"White","cocaine"
2018,"Lake",1.92568441762688,"White","cocaine"
2018,"Lawrence",1.53584326662773,"White","cocaine"
2018,"Licking",-0.32237545159367,"White","cocaine"
2018,"Logan",1.30690535796114,"White","cocaine"
2018,"Lorain",2.14467822529532,"White","cocaine"
2018,"Lucas",1.52580435564895,"White","cocaine"
2018,"Madison",1.28408497836477,"White","cocaine"
2018,"Mahoning",2.49401246269322,"White","cocaine"
2018,"Marion",1.40718096621543,"White","cocaine"
2018,"Medina",0.830398887886001,"White","cocaine"
2018,"Meigs",0.98242196016193,"White","cocaine"
2018,"Mercer",-0.497139161196893,"White","cocaine"
2018,"Miami",1.34958193566996,"White","cocaine"
2018,"Monroe",-0.237326610756655,"White","cocaine"
2018,"Montgomery",1.98534669497551,"White","cocaine"
2018,"Morgan",-0.400908011467281,"White","cocaine"
2018,"Morrow",1.02593153099252,"White","cocaine"
2018,"Muskingum",1.49667326654767,"White","cocaine"
2018,"Noble",0.507651414782589,"White","cocaine"
2018,"Ottawa",-0.192026170285197,"White","cocaine"
2018,"Paulding",-0.409142104872583,"White","cocaine"
2018,"Perry",-0.19778578971839,"White","cocaine"
2018,"Pickaway",1.16914765566313,"White","cocaine"
2018,"Pike",0.754533765832199,"White","cocaine"
2018,"Portage",0.706722534812331,"White","cocaine"
2018,"Preble",1.17480423845489,"White","cocaine"
2018,"Putnam",0.135443239539896,"White","cocaine"
2018,"Richland",1.76853065410511,"White","cocaine"
2018,"Ross",2.23843262987991,"White","cocaine"
2018,"Sandusky",0.702133462976275,"White","cocaine"
2018,"Scioto",1.3375259187028,"White","cocaine"
2018,"Seneca",0.413061778785605,"White","cocaine"
2018,"Shelby",1.14316385447383,"White","cocaine"
2018,"Stark",0.906112857095136,"White","cocaine"
2018,"Summit",1.02416866670428,"White","cocaine"
2018,"Trumbull",2.19225943467928,"White","cocaine"
2018,"Tuscarawas",0.623960169511722,"White","cocaine"
2018,"Union",0.94827264374973,"White","cocaine"
2018,"Van Wert",0.098771237279519,"White","cocaine"
2018,"Vinton",0.611833772052876,"White","cocaine"
2018,"Warren",0.755440696161214,"White","cocaine"
2018,"Washington",0.748694228414213,"White","cocaine"
2018,"Wayne",-0.206476026504347,"White","cocaine"
2018,"Williams",-0.389968803262126,"White","cocaine"
2018,"Wood",0.154580988235256,"White","cocaine"
2018,"Wyandot",0.0849900792588216,"White","cocaine"
2019,"Adams",0.474630006798261,"White","cocaine"
2019,"Allen",0.248923767537332,"White","cocaine"
2019,"Ashland",0.3030450314311,"White","cocaine"
2019,"Ashtabula",0.327098785823932,"White","cocaine"
2019,"Athens",0.357188540291225,"White","cocaine"
2019,"Auglaize",-0.13819043756739,"White","cocaine"
2019,"Belmont",1.64321538490043,"White","cocaine"
2019,"Brown",0.586851961881205,"White","cocaine"
2019,"Butler",1.44330374544582,"White","cocaine"
2019,"Carroll",1.21123360186195,"White","cocaine"
2019,"Champaign",1.40155421739896,"White","cocaine"
2019,"Clark",2.06780027667935,"White","cocaine"
2019,"Clermont",1.18601276614501,"White","cocaine"
2019,"Clinton",0.846188813485565,"White","cocaine"
2019,"Columbiana",1.37957712434207,"White","cocaine"
2019,"Coshocton",0.644441145279048,"White","cocaine"
2019,"Crawford",0.874238487582747,"White","cocaine"
2019,"Cuyahoga",2.01699235073738,"White","cocaine"
2019,"Darke",1.34330436254272,"White","cocaine"
2019,"Defiance",-0.379702160791728,"White","cocaine"
2019,"Delaware",0.771944699467506,"White","cocaine"
2019,"Erie",0.466483529944278,"White","cocaine"
2019,"Fairfield",0.312860779790587,"White","cocaine"
2019,"Fayette",0.796839510497912,"White","cocaine"
2019,"Franklin",1.99974195619071,"White","cocaine"
2019,"Fulton",-0.0132051672745071,"White","cocaine"
2019,"Gallia",0.810364891536345,"White","cocaine"
2019,"Geauga",1.12436355594021,"White","cocaine"
2019,"Greene",1.11649794940713,"White","cocaine"
2019,"Guernsey",0.460060864992873,"White","cocaine"
2019,"Hamilton",2.14896882873781,"White","cocaine"
2019,"Hancock",0.200234283920352,"White","cocaine"
2019,"Hardin",0.214275194944205,"White","cocaine"
2019,"Harrison",0.933505165623564,"White","cocaine"
2019,"Henry",0.953145101029109,"White","cocaine"
2019,"Highland",0.583416758502292,"White","cocaine"
2019,"Hocking",0.406959329364329,"White","cocaine"
2019,"Holmes",-0.506805166653294,"White","cocaine"
2019,"Huron",0.93457723792824,"White","cocaine"
2019,"Jackson",0.617802226789537,"White","cocaine"
2019,"Jefferson",2.12343089600837,"White","cocaine"
2019,"Knox",0.749489050828037,"White","cocaine"
2019,"Lake",1.92917878105868,"White","cocaine"
2019,"Lawrence",1.16039604600997,"White","cocaine"
2019,"Licking",0.154189671467997,"White","cocaine"
2019,"Logan",1.12709012003925,"White","cocaine"
2019,"Lorain",2.16632903993229,"White","cocaine"
2019,"Lucas",1.8149301656166,"White","cocaine"
2019,"Madison",1.27597119725638,"White","cocaine"
2019,"Mahoning",2.52875999939734,"White","cocaine"
2019,"Marion",1.44682492865613,"White","cocaine"
2019,"Medina",0.677189487520028,"White","cocaine"
2019,"Meigs",0.80553748250961,"White","cocaine"
2019,"Mercer",-0.614739897274961,"White","cocaine"
2019,"Miami",1.41717493696034,"White","cocaine"
2019,"Monroe",-0.0240853466426913,"White","cocaine"
2019,"Montgomery",1.96966556648553,"White","cocaine"
2019,"Morgan",-0.165604358822261,"White","cocaine"
2019,"Morrow",1.07869636708873,"White","cocaine"
2019,"Muskingum",1.65515828438709,"White","cocaine"
2019,"Noble",0.565397106462046,"White","cocaine"
2019,"Ottawa",0.0163558961329658,"White","cocaine"
2019,"Paulding",-0.478653954588109,"White","cocaine"
2019,"Perry",0.0451962866454928,"White","cocaine"
2019,"Pickaway",1.66401122031529,"White","cocaine"
2019,"Pike",0.470182442856764,"White","cocaine"
2019,"Portage",0.789750817890837,"White","cocaine"
2019,"Preble",1.42333083785379,"White","cocaine"
2019,"Putnam",0.0827339677495551,"White","cocaine"
2019,"Richland",2.10873281919216,"White","cocaine"
2019,"Ross",1.78160996771298,"White","cocaine"
2019,"Sandusky",0.879342767567993,"White","cocaine"
2019,"Scioto",1.29493275866619,"White","cocaine"
2019,"Seneca",0.749553796478595,"White","cocaine"
2019,"Shelby",1.09249521854604,"White","cocaine"
2019,"Stark",1.52940937281839,"White","cocaine"
2019,"Summit",1.2610421083599,"White","cocaine"
2019,"Trumbull",2.49399683612365,"White","cocaine"
2019,"Tuscarawas",0.66137733709333,"White","cocaine"
2019,"Union",1.14072144937449,"White","cocaine"
2019,"Van Wert",-0.110128980607268,"White","cocaine"
2019,"Vinton",0.81614770938393,"White","cocaine"
2019,"Warren",0.630754368804643,"White","cocaine"
2019,"Washington",0.820587608438175,"White","cocaine"
2019,"Wayne",-0.161639547496312,"White","cocaine"
2019,"Williams",-0.184100891148284,"White","cocaine"
2019,"Wood",0.40850892472698,"White","cocaine"
2019,"Wyandot",0.076714380000886,"White","cocaine"
2020,"Adams",0.783277564275656,"White","cocaine"
2020,"Allen",0.704344509149869,"White","cocaine"
2020,"Ashland",0.687144360477631,"White","cocaine"
2020,"Ashtabula",-0.0157279372295046,"White","cocaine"
2020,"Athens",0.616772150499901,"White","cocaine"
2020,"Auglaize",-0.0633876862869609,"White","cocaine"
2020,"Belmont",1.51646651875111,"White","cocaine"
2020,"Brown",0.534086573721065,"White","cocaine"
2020,"Butler",1.83842066169098,"White","cocaine"
2020,"Carroll",1.25284260213618,"White","cocaine"
2020,"Champaign",1.22387126417786,"White","cocaine"
2020,"Clark",1.78647241954236,"White","cocaine"
2020,"Clermont",1.20136104657817,"White","cocaine"
2020,"Clinton",0.68073531277889,"White","cocaine"
2020,"Columbiana",1.47959779125959,"White","cocaine"
2020,"Coshocton",0.835620884182619,"White","cocaine"
2020,"Crawford",1.13056414794522,"White","cocaine"
2020,"Cuyahoga",1.89877161072743,"White","cocaine"
2020,"Darke",1.16996387803563,"White","cocaine"
2020,"Defiance",-0.192480226866762,"White","cocaine"
2020,"Delaware",0.7065829167899,"White","cocaine"
2020,"Erie",0.790361985220642,"White","cocaine"
2020,"Fairfield",1.04537363373867,"White","cocaine"
2020,"Fayette",1.00369330248816,"White","cocaine"
2020,"Franklin",2.11509895922464,"White","cocaine"
2020,"Fulton",0.341616227301408,"White","cocaine"
2020,"Gallia",0.809591694030015,"White","cocaine"
2020,"Geauga",1.05670436669466,"White","cocaine"
2020,"Greene",0.985189132123811,"White","cocaine"
2020,"Guernsey",0.489026377656675,"White","cocaine"
2020,"Hamilton",2.06986597177053,"White","cocaine"
2020,"Hancock",0.176776237982234,"White","cocaine"
2020,"Hardin",0.314320992271322,"White","cocaine"
2020,"Harrison",0.988150569951361,"White","cocaine"
2020,"Henry",1.18625685633215,"White","cocaine"
2020,"Highland",1.03360603301182,"White","cocaine"
2020,"Hocking",0.761368296586521,"White","cocaine"
2020,"Holmes",-0.246447839434081,"White","cocaine"
2020,"Huron",1.2684819129985,"White","cocaine"
2020,"Jackson",0.73134552263201,"White","cocaine"
2020,"Jefferson",2.57106248044117,"White","cocaine"
2020,"Knox",1.04535666647253,"White","cocaine"
2020,"Lake",1.58083071258459,"White","cocaine"
2020,"Lawrence",1.25016835187831,"White","cocaine"
2020,"Licking",0.450650644417208,"White","cocaine"
2020,"Logan",1.10274982463806,"White","cocaine"
2020,"Lorain",2.02988987287066,"White","cocaine"
2020,"Lucas",2.13959572640744,"White","cocaine"
2020,"Madison",0.97926220436076,"White","cocaine"
2020,"Mahoning",2.45924020907332,"White","cocaine"
2020,"Marion",1.69245902837822,"White","cocaine"
2020,"Medina",0.643105569358073,"White","cocaine"
2020,"Meigs",0.790346393932894,"White","cocaine"
2020,"Mercer",-0.521027359971345,"White","cocaine"
2020,"Miami",0.901852720662152,"White","cocaine"
2020,"Monroe",0.14284634653231,"White","cocaine"
2020,"Montgomery",1.9900896749474,"White","cocaine"
2020,"Morgan",0.0749508272950391,"White","cocaine"
2020,"Morrow",1.68307567542597,"White","cocaine"
2020,"Muskingum",1.65607151546339,"White","cocaine"
2020,"Noble",0.649512540092083,"White","cocaine"
2020,"Ottawa",0.348682650011535,"White","cocaine"
2020,"Paulding",-0.277637412422231,"White","cocaine"
2020,"Perry",0.214293825169005,"White","cocaine"
2020,"Pickaway",1.87387211230035,"White","cocaine"
2020,"Pike",0.68150060098458,"White","cocaine"
2020,"Portage",0.922650336926336,"White","cocaine"
2020,"Preble",1.00834834936108,"White","cocaine"
2020,"Putnam",0.370664000361361,"White","cocaine"
2020,"Richland",2.11902290722746,"White","cocaine"
2020,"Ross",2.24497876555609,"White","cocaine"
2020,"Sandusky",0.643428363998963,"White","cocaine"
2020,"Scioto",1.79248168578633,"White","cocaine"
2020,"Seneca",0.874928115190414,"White","cocaine"
2020,"Shelby",0.869044406275266,"White","cocaine"
2020,"Stark",1.64927160267314,"White","cocaine"
2020,"Summit",1.09290825972565,"White","cocaine"
2020,"Trumbull",2.42287938604737,"White","cocaine"
2020,"Tuscarawas",0.53925714381989,"White","cocaine"
2020,"Union",1.17228559049148,"White","cocaine"
2020,"Van Wert",0.012792580330074,"White","cocaine"
2020,"Vinton",1.12379388527721,"White","cocaine"
2020,"Warren",0.765086337625344,"White","cocaine"
2020,"Washington",0.699636704469684,"White","cocaine"
2020,"Wayne",-0.154706367644398,"White","cocaine"
2020,"Williams",-0.0386574257437219,"White","cocaine"
2020,"Wood",0.45662446724011,"White","cocaine"
2020,"Wyandot",0.255631543187711,"White","cocaine"
2010,"Adams",0.286600984833611,"Black","cocaine"
2010,"Allen",0.164685136013122,"Black","cocaine"
2010,"Ashland",0.316522517222142,"Black","cocaine"
2010,"Ashtabula",0.442316494477486,"Black","cocaine"
2010,"Athens",0.233257017715678,"Black","cocaine"
2010,"Auglaize",0.358690381018669,"Black","cocaine"
2010,"Belmont",0.256408633931582,"Black","cocaine"
2010,"Brown",0.388288285082078,"Black","cocaine"
2010,"Butler",0.564523406156484,"Black","cocaine"
2010,"Carroll",0.418628385431719,"Black","cocaine"
2010,"Champaign",0.505821738676375,"Black","cocaine"
2010,"Clark",0.725029398605792,"Black","cocaine"
2010,"Clermont",0.54251520928548,"Black","cocaine"
2010,"Clinton",0.442000236954506,"Black","cocaine"
2010,"Columbiana",0.486399244403,"Black","cocaine"
2010,"Coshocton",0.301091654679138,"Black","cocaine"
2010,"Crawford",0.256517451194216,"Black","cocaine"
2010,"Cuyahoga",1.05276864295968,"Black","cocaine"
2010,"Darke",0.42593552240468,"Black","cocaine"
2010,"Defiance",0.0897737444114757,"Black","cocaine"
2010,"Delaware",0.347844722412144,"Black","cocaine"
2010,"Erie",0.177463724927945,"Black","cocaine"
2010,"Fairfield",0.29493764362209,"Black","cocaine"
2010,"Fayette",0.457597601872129,"Black","cocaine"
2010,"Franklin",1.18800575199715,"Black","cocaine"
2010,"Fulton",0.0495661160949776,"Black","cocaine"
2010,"Gallia",0.418200452339522,"Black","cocaine"
2010,"Geauga",0.567103541019065,"Black","cocaine"
2010,"Greene",0.369959240879018,"Black","cocaine"
2010,"Guernsey",0.30881931467941,"Black","cocaine"
2010,"Hamilton",0.870966212453113,"Black","cocaine"
2010,"Hancock",0.298263738426963,"Black","cocaine"
2010,"Hardin",0.260703081070424,"Black","cocaine"
2010,"Harrison",0.326209035784807,"Black","cocaine"
2010,"Henry",0.0800279270382944,"Black","cocaine"
2010,"Highland",0.339833751085566,"Black","cocaine"
2010,"Hocking",0.357654615186381,"Black","cocaine"
2010,"Holmes",0.282922218274052,"Black","cocaine"
2010,"Huron",0.219668561906469,"Black","cocaine"
2010,"Jackson",0.337267290963209,"Black","cocaine"
2010,"Jefferson",0.469504415500945,"Black","cocaine"
2010,"Knox",0.332433674125677,"Black","cocaine"
2010,"Lake",0.61495989906679,"Black","cocaine"
2010,"Lawrence",0.319004046015497,"Black","cocaine"
2010,"Licking",0.29266414612854,"Black","cocaine"
2010,"Logan",0.365506852663807,"Black","cocaine"
2010,"Lorain",0.418919134837517,"Black","cocaine"
2010,"Lucas",-0.00365331942783602,"Black","cocaine"
2010,"Madison",0.479607690769359,"Black","cocaine"
2010,"Mahoning",0.837104780318888,"Black","cocaine"
2010,"Marion",0.386907714028002,"Black","cocaine"
2010,"Medina",0.402047946867467,"Black","cocaine"
2010,"Meigs",0.274131765020984,"Black","cocaine"
2010,"Mercer",0.187473078057449,"Black","cocaine"
2010,"Miami",0.417933119347643,"Black","cocaine"
2010,"Monroe",0.186062698232331,"Black","cocaine"
2010,"Montgomery",0.357832780374265,"Black","cocaine"
2010,"Morgan",0.185368499468568,"Black","cocaine"
2010,"Morrow",0.362142237203592,"Black","cocaine"
2010,"Muskingum",0.243881084283502,"Black","cocaine"
2010,"Noble",0.213531558621794,"Black","cocaine"
2010,"Ottawa",0.0709424015355474,"Black","cocaine"
2010,"Paulding",0.05831033604249,"Black","cocaine"
2010,"Perry",0.281245109437438,"Black","cocaine"
2010,"Pickaway",0.459107760318273,"Black","cocaine"
2010,"Pike",0.40332848942675,"Black","cocaine"
2010,"Portage",0.535209867627184,"Black","cocaine"
2010,"Preble",0.466467701963879,"Black","cocaine"
2010,"Putnam",0.121078348038838,"Black","cocaine"
2010,"Richland",0.362569482082985,"Black","cocaine"
2010,"Ross",0.479193764519411,"Black","cocaine"
2010,"Sandusky",0.120458302710587,"Black","cocaine"
2010,"Scioto",0.286922823137526,"Black","cocaine"
2010,"Seneca",0.121470791778978,"Black","cocaine"
2010,"Shelby",0.332581370674058,"Black","cocaine"
2010,"Stark",0.443949255748906,"Black","cocaine"
2010,"Summit",0.456063779830409,"Black","cocaine"
2010,"Trumbull",0.533499945188101,"Black","cocaine"
2010,"Tuscarawas",0.37698413158063,"Black","cocaine"
2010,"Union",0.389880604409716,"Black","cocaine"
2010,"Van Wert",0.191142721347009,"Black","cocaine"
2010,"Vinton",0.313957131603082,"Black","cocaine"
2010,"Warren",0.388508006101327,"Black","cocaine"
2010,"Washington",0.170453059032083,"Black","cocaine"
2010,"Wayne",0.368544607927849,"Black","cocaine"
2010,"Williams",0.0180592885017624,"Black","cocaine"
2010,"Wood",0.0769371640000391,"Black","cocaine"
2010,"Wyandot",0.193397911409839,"Black","cocaine"
2011,"Adams",0.578106904381892,"Black","cocaine"
2011,"Allen",0.256481571928331,"Black","cocaine"
2011,"Ashland",0.447659506026882,"Black","cocaine"
2011,"Ashtabula",0.532597217907985,"Black","cocaine"
2011,"Athens",0.346895114063696,"Black","cocaine"
2011,"Auglaize",0.437263061849176,"Black","cocaine"
2011,"Belmont",0.35819464546944,"Black","cocaine"
2011,"Brown",0.75382437598276,"Black","cocaine"
2011,"Butler",1.02461925890008,"Black","cocaine"
2011,"Carroll",0.590881654076634,"Black","cocaine"
2011,"Champaign",0.846367563814522,"Black","cocaine"
2011,"Clark",1.28074066213944,"Black","cocaine"
2011,"Clermont",1.01539786770236,"Black","cocaine"
2011,"Clinton",0.78641012677756,"Black","cocaine"
2011,"Columbiana",0.679096449035566,"Black","cocaine"
2011,"Coshocton",0.398855687650605,"Black","cocaine"
2011,"Crawford",0.375625808011991,"Black","cocaine"
2011,"Cuyahoga",1.30765415875064,"Black","cocaine"
2011,"Darke",0.713684025682782,"Black","cocaine"
2011,"Defiance",0.169278217882512,"Black","cocaine"
2011,"Delaware",0.440377300239339,"Black","cocaine"
2011,"Erie",0.2821277952744,"Black","cocaine"
2011,"Fairfield",0.337501966496739,"Black","cocaine"
2011,"Fayette",0.810410436736419,"Black","cocaine"
2011,"Franklin",1.39717660810909,"Black","cocaine"
2011,"Fulton",0.0975824188243969,"Black","cocaine"
2011,"Gallia",0.659919616772652,"Black","cocaine"
2011,"Geauga",0.719123289643157,"Black","cocaine"
2011,"Greene",0.673125261933387,"Black","cocaine"
2011,"Guernsey",0.431273510410534,"Black","cocaine"
2011,"Hamilton",1.35985718760422,"Black","cocaine"
2011,"Hancock",0.390910732497758,"Black","cocaine"
2011,"Hardin",0.35208916914366,"Black","cocaine"
2011,"Harrison",0.452502544960171,"Black","cocaine"
2011,"Henry",0.141621823649106,"Black","cocaine"
2011,"Highland",0.637621857842361,"Black","cocaine"
2011,"Hocking",0.561639006290807,"Black","cocaine"
2011,"Holmes",0.345609212835863,"Black","cocaine"
2011,"Huron",0.328731619811134,"Black","cocaine"
2011,"Jackson",0.646088849890886,"Black","cocaine"
2011,"Jefferson",0.789912552279886,"Black","cocaine"
2011,"Knox",0.46565226913898,"Black","cocaine"
2011,"Lake",0.77389397415144,"Black","cocaine"
2011,"Lawrence",0.657476187242753,"Black","cocaine"
2011,"Licking",0.337587618146214,"Black","cocaine"
2011,"Logan",0.526298752902769,"Black","cocaine"
2011,"Lorain",0.563439292225693,"Black","cocaine"
2011,"Lucas",0.132156388223797,"Black","cocaine"
2011,"Madison",0.783837923373796,"Black","cocaine"
2011,"Mahoning",1.09757402829882,"Black","cocaine"
2011,"Marion",0.583005052498275,"Black","cocaine"
2011,"Medina",0.560553477609443,"Black","cocaine"
2011,"Meigs",0.472774204699978,"Black","cocaine"
2011,"Mercer",0.273346492604722,"Black","cocaine"
2011,"Miami",0.674562239756714,"Black","cocaine"
2011,"Monroe",0.234740587282662,"Black","cocaine"
2011,"Montgomery",0.744043795658227,"Black","cocaine"
2011,"Morgan",0.210700716727035,"Black","cocaine"
2011,"Morrow",0.500772720940619,"Black","cocaine"
2011,"Muskingum",0.290123241582975,"Black","cocaine"
2011,"Noble",0.269687604271182,"Black","cocaine"
2011,"Ottawa",0.119765725667925,"Black","cocaine"
2011,"Paulding",0.073173307136819,"Black","cocaine"
2011,"Perry",0.355215382209479,"Black","cocaine"
2011,"Pickaway",0.729000272975725,"Black","cocaine"
2011,"Pike",0.802310147690076,"Black","cocaine"
2011,"Portage",0.666498824901144,"Black","cocaine"
2011,"Preble",0.816680678611636,"Black","cocaine"
2011,"Putnam",0.188598132709631,"Black","cocaine"
2011,"Richland",0.623315608799879,"Black","cocaine"
2011,"Ross",0.909538823365801,"Black","cocaine"
2011,"Sandusky",0.178248961747273,"Black","cocaine"
2011,"Scioto",0.611596893767718,"Black","cocaine"
2011,"Seneca",0.154751384326454,"Black","cocaine"
2011,"Shelby",0.517344048561498,"Black","cocaine"
2011,"Stark",0.688375397959613,"Black","cocaine"
2011,"Summit",0.483839963759672,"Black","cocaine"
2011,"Trumbull",0.699615422172926,"Black","cocaine"
2011,"Tuscarawas",0.494334970889543,"Black","cocaine"
2011,"Union",0.506314044466146,"Black","cocaine"
2011,"Van Wert",0.311673071832351,"Black","cocaine"
2011,"Vinton",0.547910129203034,"Black","cocaine"
2011,"Warren",0.689083044909208,"Black","cocaine"
2011,"Washington",0.228606073827452,"Black","cocaine"
2011,"Wayne",0.49106551639581,"Black","cocaine"
2011,"Williams",0.0376002632412638,"Black","cocaine"
2011,"Wood",0.125900336270765,"Black","cocaine"
2011,"Wyandot",0.262377469725568,"Black","cocaine"
2012,"Adams",0.568011621279397,"Black","cocaine"
2012,"Allen",0.616588026737519,"Black","cocaine"
2012,"Ashland",0.648874738987486,"Black","cocaine"
2012,"Ashtabula",0.719364922148848,"Black","cocaine"
2012,"Athens",0.319599099504787,"Black","cocaine"
2012,"Auglaize",0.623625485323683,"Black","cocaine"
2012,"Belmont",0.493098124032805,"Black","cocaine"
2012,"Brown",0.801073203913841,"Black","cocaine"
2012,"Butler",1.18794617956208,"Black","cocaine"
2012,"Carroll",0.781590567670865,"Black","cocaine"
2012,"Champaign",1.13592524813292,"Black","cocaine"
2012,"Clark",1.47516271302316,"Black","cocaine"
2012,"Clermont",1.04512286948961,"Black","cocaine"
2012,"Clinton",0.868692922911718,"Black","cocaine"
2012,"Columbiana",0.894470832246458,"Black","cocaine"
2012,"Coshocton",0.504801742128265,"Black","cocaine"
2012,"Crawford",0.659861264450302,"Black","cocaine"
2012,"Cuyahoga",1.68420389378279,"Black","cocaine"
2012,"Darke",0.984257898024004,"Black","cocaine"
2012,"Defiance",0.607779824876542,"Black","cocaine"
2012,"Delaware",0.612762916901428,"Black","cocaine"
2012,"Erie",0.626081102024126,"Black","cocaine"
2012,"Fairfield",0.318278584591016,"Black","cocaine"
2012,"Fayette",0.928800955464774,"Black","cocaine"
2012,"Franklin",1.28459200054193,"Black","cocaine"
2012,"Fulton",0.57326785711532,"Black","cocaine"
2012,"Gallia",0.684866041026054,"Black","cocaine"
2012,"Geauga",0.921945664842275,"Black","cocaine"
2012,"Greene",0.811156650975441,"Black","cocaine"
2012,"Guernsey",0.551630017637804,"Black","cocaine"
2012,"Hamilton",1.14502178629712,"Black","cocaine"
2012,"Hancock",0.660567279748492,"Black","cocaine"
2012,"Hardin",0.59187050856835,"Black","cocaine"
2012,"Harrison",0.602423289278937,"Black","cocaine"
2012,"Henry",0.578114239695607,"Black","cocaine"
2012,"Highland",0.649927022320194,"Black","cocaine"
2012,"Hocking",0.562963267873674,"Black","cocaine"
2012,"Holmes",0.425990030693135,"Black","cocaine"
2012,"Huron",0.616171991239304,"Black","cocaine"
2012,"Jackson",0.68216551176374,"Black","cocaine"
2012,"Jefferson",1.05060544020614,"Black","cocaine"
2012,"Knox",0.634305967717392,"Black","cocaine"
2012,"Lake",0.92100744761706,"Black","cocaine"
2012,"Lawrence",0.674331007147819,"Black","cocaine"
2012,"Licking",0.3607765757408,"Black","cocaine"
2012,"Logan",0.741404135523958,"Black","cocaine"
2012,"Lorain",1.00809914821213,"Black","cocaine"
2012,"Lucas",0.953252463697369,"Black","cocaine"
2012,"Madison",0.956246215024939,"Black","cocaine"
2012,"Mahoning",1.22652977057811,"Black","cocaine"
2012,"Marion",0.900951837969114,"Black","cocaine"
2012,"Medina",0.785059120595031,"Black","cocaine"
2012,"Meigs",0.511415532644927,"Black","cocaine"
2012,"Mercer",0.45905763091626,"Black","cocaine"
2012,"Miami",0.864062584100231,"Black","cocaine"
2012,"Monroe",0.28371154051788,"Black","cocaine"
2012,"Montgomery",0.827612695858881,"Black","cocaine"
2012,"Morgan",0.188928898815933,"Black","cocaine"
2012,"Morrow",0.706092261619759,"Black","cocaine"
2012,"Muskingum",0.341517715934123,"Black","cocaine"
2012,"Noble",0.314543275817165,"Black","cocaine"
2012,"Ottawa",0.56772248598566,"Black","cocaine"
2012,"Paulding",0.379066049842134,"Black","cocaine"
2012,"Perry",0.316427101735655,"Black","cocaine"
2012,"Pickaway",0.798608170797862,"Black","cocaine"
2012,"Pike",0.788355952508818,"Black","cocaine"
2012,"Portage",0.911270771184535,"Black","cocaine"
2012,"Preble",0.98541972550272,"Black","cocaine"
2012,"Putnam",0.558414359475867,"Black","cocaine"
2012,"Richland",0.873061547827346,"Black","cocaine"
2012,"Ross",1.03579714779733,"Black","cocaine"
2012,"Sandusky",0.554594925934165,"Black","cocaine"
2012,"Scioto",0.599100614950011,"Black","cocaine"
2012,"Seneca",0.45649030442779,"Black","cocaine"
2012,"Shelby",0.680703891313818,"Black","cocaine"
2012,"Stark",0.753691831002305,"Black","cocaine"
2012,"Summit",0.812770932302676,"Black","cocaine"
2012,"Trumbull",0.937657575552753,"Black","cocaine"
2012,"Tuscarawas",0.619168128465527,"Black","cocaine"
2012,"Union",0.650687857981003,"Black","cocaine"
2012,"Van Wert",0.578931408973669,"Black","cocaine"
2012,"Vinton",0.585352575697788,"Black","cocaine"
2012,"Warren",0.732711139479074,"Black","cocaine"
2012,"Washington",0.248136001242691,"Black","cocaine"
2012,"Wayne",0.666916228446554,"Black","cocaine"
2012,"Williams",0.447531299545435,"Black","cocaine"
2012,"Wood",0.541173320412212,"Black","cocaine"
2012,"Wyandot",0.51358132696399,"Black","cocaine"
2013,"Adams",0.771759484013997,"Black","cocaine"
2013,"Allen",0.824088965549811,"Black","cocaine"
2013,"Ashland",0.869041238776783,"Black","cocaine"
2013,"Ashtabula",0.812245819383016,"Black","cocaine"
2013,"Athens",0.41861439395938,"Black","cocaine"
2013,"Auglaize",0.720396995353888,"Black","cocaine"
2013,"Belmont",0.760117902817116,"Black","cocaine"
2013,"Brown",1.06423777322561,"Black","cocaine"
2013,"Butler",1.47867262304641,"Black","cocaine"
2013,"Carroll",1.01405116129436,"Black","cocaine"
2013,"Champaign",1.28733682956594,"Black","cocaine"
2013,"Clark",1.52615658648533,"Black","cocaine"
2013,"Clermont",1.21209794942569,"Black","cocaine"
2013,"Clinton",1.13680364864145,"Black","cocaine"
2013,"Columbiana",1.20323611211973,"Black","cocaine"
2013,"Coshocton",0.729339667064161,"Black","cocaine"
2013,"Crawford",0.881500340428867,"Black","cocaine"
2013,"Cuyahoga",1.7230925570114,"Black","cocaine"
2013,"Darke",1.16612492697921,"Black","cocaine"
2013,"Defiance",0.804872975913149,"Black","cocaine"
2013,"Delaware",0.842252841093972,"Black","cocaine"
2013,"Erie",0.741368193680535,"Black","cocaine"
2013,"Fairfield",0.393367279099306,"Black","cocaine"
2013,"Fayette",1.18272553612989,"Black","cocaine"
2013,"Franklin",1.43495344214982,"Black","cocaine"
2013,"Fulton",0.689177902037334,"Black","cocaine"
2013,"Gallia",0.932517302178619,"Black","cocaine"
2013,"Geauga",1.0160726788063,"Black","cocaine"
2013,"Greene",0.929061169837359,"Black","cocaine"
2013,"Guernsey",0.798913368212271,"Black","cocaine"
2013,"Hamilton",1.54725319451787,"Black","cocaine"
2013,"Hancock",0.749337152257671,"Black","cocaine"
2013,"Hardin",0.717422211567801,"Black","cocaine"
2013,"Harrison",0.848962896919653,"Black","cocaine"
2013,"Henry",0.739241290969273,"Black","cocaine"
2013,"Highland",0.857681008309514,"Black","cocaine"
2013,"Hocking",0.691353539466928,"Black","cocaine"
2013,"Holmes",0.584917760650384,"Black","cocaine"
2013,"Huron",0.828847970926427,"Black","cocaine"
2013,"Jackson",0.91999851856981,"Black","cocaine"
2013,"Jefferson",1.30896974550199,"Black","cocaine"
2013,"Knox",0.871308431158639,"Black","cocaine"
2013,"Lake",0.957696523930723,"Black","cocaine"
2013,"Lawrence",0.901981779785279,"Black","cocaine"
2013,"Licking",0.497305356820552,"Black","cocaine"
2013,"Logan",0.91201488263665,"Black","cocaine"
2013,"Lorain",1.38513097508454,"Black","cocaine"
2013,"Lucas",1.14109675680161,"Black","cocaine"
2013,"Madison",1.03900832583246,"Black","cocaine"
2013,"Mahoning",1.59203383382933,"Black","cocaine"
2013,"Marion",1.12903402775992,"Black","cocaine"
2013,"Medina",0.962827640960136,"Black","cocaine"
2013,"Meigs",0.717452871054842,"Black","cocaine"
2013,"Mercer",0.551627513601369,"Black","cocaine"
2013,"Miami",1.03930275995245,"Black","cocaine"
2013,"Monroe",0.39759559315087,"Black","cocaine"
2013,"Montgomery",0.92703238210378,"Black","cocaine"
2013,"Morgan",0.286487314860422,"Black","cocaine"
2013,"Morrow",0.911723539114184,"Black","cocaine"
2013,"Muskingum",0.522094493083709,"Black","cocaine"
2013,"Noble",0.479467072962022,"Black","cocaine"
2013,"Ottawa",0.757749015883485,"Black","cocaine"
2013,"Paulding",0.474057412366259,"Black","cocaine"
2013,"Perry",0.399679959039089,"Black","cocaine"
2013,"Pickaway",0.957529586727024,"Black","cocaine"
2013,"Pike",0.972810147099451,"Black","cocaine"
2013,"Portage",1.19531624215775,"Black","cocaine"
2013,"Preble",1.18862609511778,"Black","cocaine"
2013,"Putnam",0.718477620479107,"Black","cocaine"
2013,"Richland",1.23102574857277,"Black","cocaine"
2013,"Ross",1.25305606861169,"Black","cocaine"
2013,"Sandusky",0.750018493004812,"Black","cocaine"
2013,"Scioto",0.824897018233179,"Black","cocaine"
2013,"Seneca",0.590641688607625,"Black","cocaine"
2013,"Shelby",0.813065323766411,"Black","cocaine"
2013,"Stark",1.0515507425589,"Black","cocaine"
2013,"Summit",0.912571660989839,"Black","cocaine"
2013,"Trumbull",1.28490602673209,"Black","cocaine"
2013,"Tuscarawas",0.859455353703794,"Black","cocaine"
2013,"Union",0.749760571309666,"Black","cocaine"
2013,"Van Wert",0.735512599973167,"Black","cocaine"
2013,"Vinton",0.786573595178763,"Black","cocaine"
2013,"Warren",0.894838786052083,"Black","cocaine"
2013,"Washington",0.382659488922949,"Black","cocaine"
2013,"Wayne",0.8746278558052,"Black","cocaine"
2013,"Williams",0.585789366182382,"Black","cocaine"
2013,"Wood",0.735807880674722,"Black","cocaine"
2013,"Wyandot",0.631960622603985,"Black","cocaine"
2014,"Adams",0.789856909227698,"Black","cocaine"
2014,"Allen",1.0387174630565,"Black","cocaine"
2014,"Ashland",1.07263533265621,"Black","cocaine"
2014,"Ashtabula",0.976891016763185,"Black","cocaine"
2014,"Athens",0.424039452999429,"Black","cocaine"
2014,"Auglaize",0.967461065682629,"Black","cocaine"
2014,"Belmont",0.918943941279603,"Black","cocaine"
2014,"Brown",1.1492985083373,"Black","cocaine"
2014,"Butler",1.78183318624385,"Black","cocaine"
2014,"Carroll",1.10902649483946,"Black","cocaine"
2014,"Champaign",1.60268860033621,"Black","cocaine"
2014,"Clark",1.91647428109536,"Black","cocaine"
2014,"Clermont",1.38062876279765,"Black","cocaine"
2014,"Clinton",1.21452750018582,"Black","cocaine"
2014,"Columbiana",1.33346246833724,"Black","cocaine"
2014,"Coshocton",0.841956066899568,"Black","cocaine"
2014,"Crawford",1.20804581299028,"Black","cocaine"
2014,"Cuyahoga",1.58817132600306,"Black","cocaine"
2014,"Darke",1.46876035453469,"Black","cocaine"
2014,"Defiance",0.998240901194627,"Black","cocaine"
2014,"Delaware",1.00745767980957,"Black","cocaine"
2014,"Erie",1.03156525880039,"Black","cocaine"
2014,"Fairfield",0.398700022237251,"Black","cocaine"
2014,"Fayette",1.44242317418634,"Black","cocaine"
2014,"Franklin",1.46661193514339,"Black","cocaine"
2014,"Fulton",1.03505058129302,"Black","cocaine"
2014,"Gallia",0.983752771820397,"Black","cocaine"
2014,"Geauga",1.13840919280438,"Black","cocaine"
2014,"Greene",1.22343329753831,"Black","cocaine"
2014,"Guernsey",0.89307984725776,"Black","cocaine"
2014,"Hamilton",1.70393624341747,"Black","cocaine"
2014,"Hancock",1.04727596120193,"Black","cocaine"
2014,"Hardin",0.972478038583839,"Black","cocaine"
2014,"Harrison",0.956101758948114,"Black","cocaine"
2014,"Henry",1.08339381447821,"Black","cocaine"
2014,"Highland",0.945657635944135,"Black","cocaine"
2014,"Hocking",0.723554540129125,"Black","cocaine"
2014,"Holmes",0.657901229143713,"Black","cocaine"
2014,"Huron",1.15405483072009,"Black","cocaine"
2014,"Jackson",0.963275970677003,"Black","cocaine"
2014,"Jefferson",1.50274218594619,"Black","cocaine"
2014,"Knox",0.99424725942558,"Black","cocaine"
2014,"Lake",1.06950150876213,"Black","cocaine"
2014,"Lawrence",0.8806784569691,"Black","cocaine"
2014,"Licking",0.537953291257829,"Black","cocaine"
2014,"Logan",1.22199010633085,"Black","cocaine"
2014,"Lorain",1.55716580022344,"Black","cocaine"
2014,"Lucas",1.63721002790167,"Black","cocaine"
2014,"Madison",1.23189180485756,"Black","cocaine"
2014,"Mahoning",1.60655005632901,"Black","cocaine"
2014,"Marion",1.3511685225056,"Black","cocaine"
2014,"Medina",1.18887483394268,"Black","cocaine"
2014,"Meigs",0.802034525734944,"Black","cocaine"
2014,"Mercer",0.809651051597198,"Black","cocaine"
2014,"Miami",1.39155210618218,"Black","cocaine"
2014,"Monroe",0.41282362837572,"Black","cocaine"
2014,"Montgomery",1.17112937878419,"Black","cocaine"
2014,"Morgan",0.286270246499327,"Black","cocaine"
2014,"Morrow",1.15931886570999,"Black","cocaine"
2014,"Muskingum",0.58266188572428,"Black","cocaine"
2014,"Noble",0.524067652665448,"Black","cocaine"
2014,"Ottawa",1.17590374317746,"Black","cocaine"
2014,"Paulding",0.726506256175745,"Black","cocaine"
2014,"Perry",0.38782395691992,"Black","cocaine"
2014,"Pickaway",1.02827747572867,"Black","cocaine"
2014,"Pike",1.02036708054635,"Black","cocaine"
2014,"Portage",1.33820663712428,"Black","cocaine"
2014,"Preble",1.45343778941675,"Black","cocaine"
2014,"Putnam",1.03895733669758,"Black","cocaine"
2014,"Richland",1.54983016117227,"Black","cocaine"
2014,"Ross",1.3643821963318,"Black","cocaine"
2014,"Sandusky",1.14257403958781,"Black","cocaine"
2014,"Scioto",0.85478431847682,"Black","cocaine"
2014,"Seneca",0.904409769910895,"Black","cocaine"
2014,"Shelby",1.10227343481447,"Black","cocaine"
2014,"Stark",1.2610326269325,"Black","cocaine"
2014,"Summit",1.35279452836182,"Black","cocaine"
2014,"Trumbull",1.62027532144945,"Black","cocaine"
2014,"Tuscarawas",0.964256686928801,"Black","cocaine"
2014,"Union",0.953292176973569,"Black","cocaine"
2014,"Van Wert",1.03978520976094,"Black","cocaine"
2014,"Vinton",0.856700796977606,"Black","cocaine"
2014,"Warren",1.08194128761466,"Black","cocaine"
2014,"Washington",0.444290268738602,"Black","cocaine"
2014,"Wayne",1.04107314545836,"Black","cocaine"
2014,"Williams",0.923794363749604,"Black","cocaine"
2014,"Wood",1.11017887401857,"Black","cocaine"
2014,"Wyandot",0.914727017638525,"Black","cocaine"
2015,"Adams",0.899990015245827,"Black","cocaine"
2015,"Allen",1.41914134187771,"Black","cocaine"
2015,"Ashland",1.23225881378812,"Black","cocaine"
2015,"Ashtabula",1.10613478774781,"Black","cocaine"
2015,"Athens",0.542105582397308,"Black","cocaine"
2015,"Auglaize",1.25695240046639,"Black","cocaine"
2015,"Belmont",1.21674423377901,"Black","cocaine"
2015,"Brown",1.2660385681615,"Black","cocaine"
2015,"Butler",2.1504970555834,"Black","cocaine"
2015,"Carroll",1.26849490271773,"Black","cocaine"
2015,"Champaign",1.9757378976237,"Black","cocaine"
2015,"Clark",2.26221587975282,"Black","cocaine"
2015,"Clermont",1.4828987269273,"Black","cocaine"
2015,"Clinton",1.28905722280382,"Black","cocaine"
2015,"Columbiana",1.57970191351636,"Black","cocaine"
2015,"Coshocton",0.960851268993527,"Black","cocaine"
2015,"Crawford",1.45285094454926,"Black","cocaine"
2015,"Cuyahoga",1.69057664282371,"Black","cocaine"
2015,"Darke",1.80250620232727,"Black","cocaine"
2015,"Defiance",1.09980030337799,"Black","cocaine"
2015,"Delaware",1.04803402945701,"Black","cocaine"
2015,"Erie",1.33598631262891,"Black","cocaine"
2015,"Fairfield",0.446077130526994,"Black","cocaine"
2015,"Fayette",1.6050412402884,"Black","cocaine"
2015,"Franklin",1.73050519622215,"Black","cocaine"
2015,"Fulton",1.23890727399185,"Black","cocaine"
2015,"Gallia",1.22906481880524,"Black","cocaine"
2015,"Geauga",1.22521837952987,"Black","cocaine"
2015,"Greene",1.56933953612386,"Black","cocaine"
2015,"Guernsey",1.05043598724251,"Black","cocaine"
2015,"Hamilton",1.99395889894784,"Black","cocaine"
2015,"Hancock",1.29310892908814,"Black","cocaine"
2015,"Hardin",1.23501624118901,"Black","cocaine"
2015,"Harrison",1.11168865497104,"Black","cocaine"
2015,"Henry",1.29068877625105,"Black","cocaine"
2015,"Highland",1.06475561535037,"Black","cocaine"
2015,"Hocking",0.814184019235213,"Black","cocaine"
2015,"Holmes",0.722203224863728,"Black","cocaine"
2015,"Huron",1.38460192710895,"Black","cocaine"
2015,"Jackson",1.12903783182877,"Black","cocaine"
2015,"Jefferson",1.86611061566104,"Black","cocaine"
2015,"Knox",1.14238052218373,"Black","cocaine"
2015,"Lake",1.2918758128904,"Black","cocaine"
2015,"Lawrence",1.09308295915542,"Black","cocaine"
2015,"Licking",0.566440586767137,"Black","cocaine"
2015,"Logan",1.55536101181632,"Black","cocaine"
2015,"Lorain",1.75994962158227,"Black","cocaine"
2015,"Lucas",1.68722724385091,"Black","cocaine"
2015,"Madison",1.41989148742879,"Black","cocaine"
2015,"Mahoning",1.87659271833337,"Black","cocaine"
2015,"Marion",1.50416729576154,"Black","cocaine"
2015,"Medina",1.36099821442952,"Black","cocaine"
2015,"Meigs",1.02865124937819,"Black","cocaine"
2015,"Mercer",1.04014496203914,"Black","cocaine"
2015,"Miami",1.74161689368244,"Black","cocaine"
2015,"Monroe",0.520476128686601,"Black","cocaine"
2015,"Montgomery",1.83461684062998,"Black","cocaine"
2015,"Morgan",0.377947686425667,"Black","cocaine"
2015,"Morrow",1.38270218484888,"Black","cocaine"
2015,"Muskingum",0.719551715555281,"Black","cocaine"
2015,"Noble",0.671933195662567,"Black","cocaine"
2015,"Ottawa",1.42701102381576,"Black","cocaine"
2015,"Paulding",0.91180502007945,"Black","cocaine"
2015,"Perry",0.445881783673629,"Black","cocaine"
2015,"Pickaway",1.11219407662582,"Black","cocaine"
2015,"Pike",1.19310245969924,"Black","cocaine"
2015,"Portage",1.53082342856031,"Black","cocaine"
2015,"Preble",1.76669724206038,"Black","cocaine"
2015,"Putnam",1.26201212430449,"Black","cocaine"
2015,"Richland",2.03095934949943,"Black","cocaine"
2015,"Ross",1.57020644810061,"Black","cocaine"
2015,"Sandusky",1.45383267536571,"Black","cocaine"
2015,"Scioto",1.06453067400252,"Black","cocaine"
2015,"Seneca",1.12300035421455,"Black","cocaine"
2015,"Shelby",1.42486674732088,"Black","cocaine"
2015,"Stark",1.39915381865375,"Black","cocaine"
2015,"Summit",1.42875787621633,"Black","cocaine"
2015,"Trumbull",2.0053498393642,"Black","cocaine"
2015,"Tuscarawas",1.07010019773271,"Black","cocaine"
2015,"Union",1.12968170545875,"Black","cocaine"
2015,"Van Wert",1.35148020514515,"Black","cocaine"
2015,"Vinton",0.986583867954401,"Black","cocaine"
2015,"Warren",1.34195546094199,"Black","cocaine"
2015,"Washington",0.636502917054603,"Black","cocaine"
2015,"Wayne",1.1460459046526,"Black","cocaine"
2015,"Williams",1.10940866493587,"Black","cocaine"
2015,"Wood",1.34140161520138,"Black","cocaine"
2015,"Wyandot",1.14172417884576,"Black","cocaine"
2016,"Adams",0.999069978292386,"Black","cocaine"
2016,"Allen",1.67837994328385,"Black","cocaine"
2016,"Ashland",1.45596964571422,"Black","cocaine"
2016,"Ashtabula",1.48361465198071,"Black","cocaine"
2016,"Athens",0.688307328546228,"Black","cocaine"
2016,"Auglaize",1.48491944678573,"Black","cocaine"
2016,"Belmont",1.48533124138935,"Black","cocaine"
2016,"Brown",1.22568225496011,"Black","cocaine"
2016,"Butler",2.19820833861215,"Black","cocaine"
2016,"Carroll",1.51738073053962,"Black","cocaine"
2016,"Champaign",2.35347821793991,"Black","cocaine"
2016,"Clark",2.68427850885167,"Black","cocaine"
2016,"Clermont",1.41562302779684,"Black","cocaine"
2016,"Clinton",1.29396477773795,"Black","cocaine"
2016,"Columbiana",1.70111506566081,"Black","cocaine"
2016,"Coshocton",1.18381608183404,"Black","cocaine"
2016,"Crawford",1.64301221018406,"Black","cocaine"
2016,"Cuyahoga",2.21529383498403,"Black","cocaine"
2016,"Darke",2.10481841610685,"Black","cocaine"
2016,"Defiance",1.13591026762588,"Black","cocaine"
2016,"Delaware",1.15099155997463,"Black","cocaine"
2016,"Erie",1.68197648467953,"Black","cocaine"
2016,"Fairfield",0.555791141061219,"Black","cocaine"
2016,"Fayette",1.7586879205744,"Black","cocaine"
2016,"Franklin",1.89558323369258,"Black","cocaine"
2016,"Fulton",1.27865171140511,"Black","cocaine"
2016,"Gallia",1.57579872477977,"Black","cocaine"
2016,"Geauga",1.52949475936276,"Black","cocaine"
2016,"Greene",1.66613067196194,"Black","cocaine"
2016,"Guernsey",1.34087337840196,"Black","cocaine"
2016,"Hamilton",1.83015248509703,"Black","cocaine"
2016,"Hancock",1.42434188556416,"Black","cocaine"
2016,"Hardin",1.44272716684837,"Black","cocaine"
2016,"Harrison",1.36109714418676,"Black","cocaine"
2016,"Henry",1.38030375611581,"Black","cocaine"
2016,"Highland",1.15753767804565,"Black","cocaine"
2016,"Hocking",0.945165788130577,"Black","cocaine"
2016,"Holmes",0.895084438144542,"Black","cocaine"
2016,"Huron",1.61819240224855,"Black","cocaine"
2016,"Jackson",1.3619248960513,"Black","cocaine"
2016,"Jefferson",2.39981349172936,"Black","cocaine"
2016,"Knox",1.32785976883819,"Black","cocaine"
2016,"Lake",1.72539962435619,"Black","cocaine"
2016,"Lawrence",1.33293029677586,"Black","cocaine"
2016,"Licking",0.660502147040309,"Black","cocaine"
2016,"Logan",1.87881929682401,"Black","cocaine"
2016,"Lorain",2.42587753780689,"Black","cocaine"
2016,"Lucas",1.68117191324107,"Black","cocaine"
2016,"Madison",1.57606589024089,"Black","cocaine"
2016,"Mahoning",2.23871979955189,"Black","cocaine"
2016,"Marion",1.75073970640688,"Black","cocaine"
2016,"Medina",1.59954702081343,"Black","cocaine"
2016,"Meigs",1.33367215962248,"Black","cocaine"
2016,"Mercer",1.26002925599553,"Black","cocaine"
2016,"Miami",2.1943173419845,"Black","cocaine"
2016,"Monroe",0.703754881703923,"Black","cocaine"
2016,"Montgomery",2.55044341947439,"Black","cocaine"
2016,"Morgan",0.522345152014287,"Black","cocaine"
2016,"Morrow",1.63429121048731,"Black","cocaine"
2016,"Muskingum",0.959033580134705,"Black","cocaine"
2016,"Noble",0.887270726283085,"Black","cocaine"
2016,"Ottawa",1.50494678977765,"Black","cocaine"
2016,"Paulding",1.02674926756273,"Black","cocaine"
2016,"Perry",0.562816026073385,"Black","cocaine"
2016,"Pickaway",1.17856150264974,"Black","cocaine"
2016,"Pike",1.3517248123119,"Black","cocaine"
2016,"Portage",1.70616213821217,"Black","cocaine"
2016,"Preble",2.04219619614885,"Black","cocaine"
2016,"Putnam",1.38775437667044,"Black","cocaine"
2016,"Richland",2.32013004580244,"Black","cocaine"
2016,"Ross",1.85002370461378,"Black","cocaine"
2016,"Sandusky",1.6894539997578,"Black","cocaine"
2016,"Scioto",1.34218249262091,"Black","cocaine"
2016,"Seneca",1.30734506753895,"Black","cocaine"
2016,"Shelby",1.78021267664403,"Black","cocaine"
2016,"Stark",1.51975243217425,"Black","cocaine"
2016,"Summit",2.08793413385339,"Black","cocaine"
2016,"Trumbull",2.53887754896224,"Black","cocaine"
2016,"Tuscarawas",1.27749269252598,"Black","cocaine"
2016,"Union",1.29371489672178,"Black","cocaine"
2016,"Van Wert",1.62277702360872,"Black","cocaine"
2016,"Vinton",1.1662971366169,"Black","cocaine"
2016,"Warren",1.38692806089302,"Black","cocaine"
2016,"Washington",0.868798990024892,"Black","cocaine"
2016,"Wayne",1.39252626351564,"Black","cocaine"
2016,"Williams",1.16245005682954,"Black","cocaine"
2016,"Wood",1.48632459762267,"Black","cocaine"
2016,"Wyandot",1.32783706835182,"Black","cocaine"
2017,"Adams",1.26374776531888,"Black","cocaine"
2017,"Allen",1.69439517305674,"Black","cocaine"
2017,"Ashland",1.50388262274833,"Black","cocaine"
2017,"Ashtabula",1.57471585475956,"Black","cocaine"
2017,"Athens",0.918409113937892,"Black","cocaine"
2017,"Auglaize",1.60533885813223,"Black","cocaine"
2017,"Belmont",1.98366792216089,"Black","cocaine"
2017,"Brown",1.41166850899497,"Black","cocaine"
2017,"Butler",2.34104412436778,"Black","cocaine"
2017,"Carroll",1.84760541986789,"Black","cocaine"
2017,"Champaign",2.56781179796787,"Black","cocaine"
2017,"Clark",3.15214614897071,"Black","cocaine"
2017,"Clermont",1.61478950994237,"Black","cocaine"
2017,"Clinton",1.51716100226335,"Black","cocaine"
2017,"Columbiana",2.06809043230246,"Black","cocaine"
2017,"Coshocton",1.41406996849666,"Black","cocaine"
2017,"Crawford",1.76804383177086,"Black","cocaine"
2017,"Cuyahoga",2.50929217336466,"Black","cocaine"
2017,"Darke",2.36171110119796,"Black","cocaine"
2017,"Defiance",1.09719492568512,"Black","cocaine"
2017,"Delaware",1.43252441474484,"Black","cocaine"
2017,"Erie",1.6136438186727,"Black","cocaine"
2017,"Fairfield",0.993035246556962,"Black","cocaine"
2017,"Fayette",1.96543299302646,"Black","cocaine"
2017,"Franklin",2.3096237984688,"Black","cocaine"
2017,"Fulton",1.20977800723721,"Black","cocaine"
2017,"Gallia",1.80865658217782,"Black","cocaine"
2017,"Geauga",1.6071450950946,"Black","cocaine"
2017,"Greene",1.84380869919841,"Black","cocaine"
2017,"Guernsey",1.51299713137593,"Black","cocaine"
2017,"Hamilton",2.51131594145625,"Black","cocaine"
2017,"Hancock",1.48964085124905,"Black","cocaine"
2017,"Hardin",1.57265288703013,"Black","cocaine"
2017,"Harrison",1.70522470679232,"Black","cocaine"
2017,"Henry",1.42233433299365,"Black","cocaine"
2017,"Highland",1.40618454533122,"Black","cocaine"
2017,"Hocking",1.24675862043848,"Black","cocaine"
2017,"Holmes",0.998618799862039,"Black","cocaine"
2017,"Huron",1.71118347234063,"Black","cocaine"
2017,"Jackson",1.69999726679588,"Black","cocaine"
2017,"Jefferson",3.04602608258635,"Black","cocaine"
2017,"Knox",1.44771741349987,"Black","cocaine"
2017,"Lake",1.82742755361011,"Black","cocaine"
2017,"Lawrence",1.60259904214281,"Black","cocaine"
2017,"Licking",0.954767692453679,"Black","cocaine"
2017,"Logan",2.12683563026955,"Black","cocaine"
2017,"Lorain",2.73066939085913,"Black","cocaine"
2017,"Lucas",2.02675636619998,"Black","cocaine"
2017,"Madison",1.76298450976974,"Black","cocaine"
2017,"Mahoning",2.47478507226403,"Black","cocaine"
2017,"Marion",2.02026586893395,"Black","cocaine"
2017,"Medina",1.64954100638657,"Black","cocaine"
2017,"Meigs",1.50676570948931,"Black","cocaine"
2017,"Mercer",1.33829339305652,"Black","cocaine"
2017,"Miami",2.4215009118056,"Black","cocaine"
2017,"Monroe",0.993534939620854,"Black","cocaine"
2017,"Montgomery",3.00128620250642,"Black","cocaine"
2017,"Morgan",0.784067993610781,"Black","cocaine"
2017,"Morrow",1.83690724826538,"Black","cocaine"
2017,"Muskingum",1.33688895023251,"Black","cocaine"
2017,"Noble",1.20383219388429,"Black","cocaine"
2017,"Ottawa",1.39940528683968,"Black","cocaine"
2017,"Paulding",1.0426744439177,"Black","cocaine"
2017,"Perry",0.844399691487653,"Black","cocaine"
2017,"Pickaway",1.46483719739532,"Black","cocaine"
2017,"Pike",1.65658977947835,"Black","cocaine"
2017,"Portage",1.72001454451594,"Black","cocaine"
2017,"Preble",2.17003653349364,"Black","cocaine"
2017,"Putnam",1.38914158180707,"Black","cocaine"
2017,"Richland",2.29553916825218,"Black","cocaine"
2017,"Ross",2.04279167865864,"Black","cocaine"
2017,"Sandusky",1.74073321747858,"Black","cocaine"
2017,"Scioto",1.74907841051902,"Black","cocaine"
2017,"Seneca",1.42815128716423,"Black","cocaine"
2017,"Shelby",2.08739463332003,"Black","cocaine"
2017,"Stark",1.64443286418456,"Black","cocaine"
2017,"Summit",2.18716714256252,"Black","cocaine"
2017,"Trumbull",2.68791379832038,"Black","cocaine"
2017,"Tuscarawas",1.5244964943617,"Black","cocaine"
2017,"Union",1.52599992561091,"Black","cocaine"
2017,"Van Wert",1.58023605864125,"Black","cocaine"
2017,"Vinton",1.4255831269195,"Black","cocaine"
2017,"Warren",1.48287529015635,"Black","cocaine"
2017,"Washington",1.11737821113181,"Black","cocaine"
2017,"Wayne",1.43129599642667,"Black","cocaine"
2017,"Williams",1.06906834123695,"Black","cocaine"
2017,"Wood",1.55592814257724,"Black","cocaine"
2017,"Wyandot",1.41780222005915,"Black","cocaine"
2018,"Adams",1.67147311407697,"Black","cocaine"
2018,"Allen",1.60339828143667,"Black","cocaine"
2018,"Ashland",1.7001895089703,"Black","cocaine"
2018,"Ashtabula",1.67139144376753,"Black","cocaine"
2018,"Athens",1.35636229983853,"Black","cocaine"
2018,"Auglaize",1.5285491546272,"Black","cocaine"
2018,"Belmont",2.30078239173672,"Black","cocaine"
2018,"Brown",1.68415618383443,"Black","cocaine"
2018,"Butler",2.14274873487793,"Black","cocaine"
2018,"Carroll",2.04575022039982,"Black","cocaine"
2018,"Champaign",2.52896352375073,"Black","cocaine"
2018,"Clark",3.06898541392281,"Black","cocaine"
2018,"Clermont",1.79920309645326,"Black","cocaine"
2018,"Clinton",1.6966871134311,"Black","cocaine"
2018,"Columbiana",2.15335487518575,"Black","cocaine"
2018,"Coshocton",1.73446495752021,"Black","cocaine"
2018,"Crawford",1.83803346122526,"Black","cocaine"
2018,"Cuyahoga",2.36795091036715,"Black","cocaine"
2018,"Darke",2.32416897566885,"Black","cocaine"
2018,"Defiance",1.15803732081375,"Black","cocaine"
2018,"Delaware",1.64614861423385,"Black","cocaine"
2018,"Erie",1.51206251293808,"Black","cocaine"
2018,"Fairfield",1.25728563806679,"Black","cocaine"
2018,"Fayette",2.18650098454911,"Black","cocaine"
2018,"Franklin",2.51452781380286,"Black","cocaine"
2018,"Fulton",1.28919818864734,"Black","cocaine"
2018,"Gallia",2.2325626666043,"Black","cocaine"
2018,"Geauga",1.78234506001517,"Black","cocaine"
2018,"Greene",1.76965414558582,"Black","cocaine"
2018,"Guernsey",1.75720707506468,"Black","cocaine"
2018,"Hamilton",2.60264297205334,"Black","cocaine"
2018,"Hancock",1.49836453075968,"Black","cocaine"
2018,"Hardin",1.60350447798935,"Black","cocaine"
2018,"Harrison",1.93962654967392,"Black","cocaine"
2018,"Henry",1.55353659242084,"Black","cocaine"
2018,"Highland",1.68778075493103,"Black","cocaine"
2018,"Hocking",1.60628681721245,"Black","cocaine"
2018,"Holmes",1.20169431626934,"Black","cocaine"
2018,"Huron",1.80504875613854,"Black","cocaine"
2018,"Jackson",2.05489618052831,"Black","cocaine"
2018,"Jefferson",3.38874094845408,"Black","cocaine"
2018,"Knox",1.66887903513611,"Black","cocaine"
2018,"Lake",2.06146757286457,"Black","cocaine"
2018,"Lawrence",2.04918993977742,"Black","cocaine"
2018,"Licking",1.30498324143638,"Black","cocaine"
2018,"Logan",2.0551252670944,"Black","cocaine"
2018,"Lorain",2.5769220645675,"Black","cocaine"
2018,"Lucas",1.65232641815609,"Black","cocaine"
2018,"Madison",1.86454062847387,"Black","cocaine"
2018,"Mahoning",2.95916541764751,"Black","cocaine"
2018,"Marion",2.06094959398552,"Black","cocaine"
2018,"Medina",1.75085124114425,"Black","cocaine"
2018,"Meigs",1.8679353343941,"Black","cocaine"
2018,"Mercer",1.2145121322363,"Black","cocaine"
2018,"Miami",2.26461253683493,"Black","cocaine"
2018,"Monroe",1.35639033742971,"Black","cocaine"
2018,"Montgomery",2.72114902104496,"Black","cocaine"
2018,"Morgan",1.23065669843253,"Black","cocaine"
2018,"Morrow",1.95413725850046,"Black","cocaine"
2018,"Muskingum",1.93108396375622,"Black","cocaine"
2018,"Noble",1.59633455360129,"Black","cocaine"
2018,"Ottawa",1.36535804281796,"Black","cocaine"
2018,"Paulding",1.0842684069954,"Black","cocaine"
2018,"Perry",1.28504230306417,"Black","cocaine"
2018,"Pickaway",1.79567218856264,"Black","cocaine"
2018,"Pike",2.07059206503624,"Black","cocaine"
2018,"Portage",1.94838896673752,"Black","cocaine"
2018,"Preble",2.10342750304531,"Black","cocaine"
2018,"Putnam",1.41251095834025,"Black","cocaine"
2018,"Richland",2.66752602587107,"Black","cocaine"
2018,"Ross",2.34742056809496,"Black","cocaine"
2018,"Sandusky",1.63998940758489,"Black","cocaine"
2018,"Scioto",2.31478650725486,"Black","cocaine"
2018,"Seneca",1.47924412296088,"Black","cocaine"
2018,"Shelby",2.083672286696,"Black","cocaine"
2018,"Stark",1.92153317742434,"Black","cocaine"
2018,"Summit",2.01161392227282,"Black","cocaine"
2018,"Trumbull",2.83817441074253,"Black","cocaine"
2018,"Tuscarawas",1.77297897894855,"Black","cocaine"
2018,"Union",1.73774929707649,"Black","cocaine"
2018,"Van Wert",1.48135310399101,"Black","cocaine"
2018,"Vinton",1.83203866522352,"Black","cocaine"
2018,"Warren",1.51550526303536,"Black","cocaine"
2018,"Washington",1.54738536626943,"Black","cocaine"
2018,"Wayne",1.60521679819359,"Black","cocaine"
2018,"Williams",1.13253100698754,"Black","cocaine"
2018,"Wood",1.67879578042088,"Black","cocaine"
2018,"Wyandot",1.49081941223749,"Black","cocaine"
2019,"Adams",1.78879873446505,"Black","cocaine"
2019,"Allen",1.54778815758213,"Black","cocaine"
2019,"Ashland",1.98420404403646,"Black","cocaine"
2019,"Ashtabula",1.8856676982392,"Black","cocaine"
2019,"Athens",1.56741788945636,"Black","cocaine"
2019,"Auglaize",1.56810094295171,"Black","cocaine"
2019,"Belmont",2.43816046163092,"Black","cocaine"
2019,"Brown",1.81027083030063,"Black","cocaine"
2019,"Butler",2.36291817907109,"Black","cocaine"
2019,"Carroll",2.28836589923458,"Black","cocaine"
2019,"Champaign",2.70521283430528,"Black","cocaine"
2019,"Clark",2.95064884751375,"Black","cocaine"
2019,"Clermont",1.9645726439295,"Black","cocaine"
2019,"Clinton",1.8641455089714,"Black","cocaine"
2019,"Columbiana",2.31968675033669,"Black","cocaine"
2019,"Coshocton",1.99978330781995,"Black","cocaine"
2019,"Crawford",2.03230059289428,"Black","cocaine"
2019,"Cuyahoga",2.6338505539132,"Black","cocaine"
2019,"Darke",2.34020546997047,"Black","cocaine"
2019,"Defiance",1.26725954091209,"Black","cocaine"
2019,"Delaware",1.76076739546856,"Black","cocaine"
2019,"Erie",1.72383162836734,"Black","cocaine"
2019,"Fairfield",1.5790772876342,"Black","cocaine"
2019,"Fayette",2.22238029628781,"Black","cocaine"
2019,"Franklin",2.85506079460448,"Black","cocaine"
2019,"Fulton",1.52301681765403,"Black","cocaine"
2019,"Gallia",2.14942106195898,"Black","cocaine"
2019,"Geauga",2.11247359983677,"Black","cocaine"
2019,"Greene",1.74679137530856,"Black","cocaine"
2019,"Guernsey",1.95091392830018,"Black","cocaine"
2019,"Hamilton",2.64283124915255,"Black","cocaine"
2019,"Hancock",1.57295587173796,"Black","cocaine"
2019,"Hardin",1.69237630730967,"Black","cocaine"
2019,"Harrison",2.14460869613582,"Black","cocaine"
2019,"Henry",1.77605471434816,"Black","cocaine"
2019,"Highland",1.82859574017684,"Black","cocaine"
2019,"Hocking",1.80401284658269,"Black","cocaine"
2019,"Holmes",1.46507886061883,"Black","cocaine"
2019,"Huron",2.10525865648392,"Black","cocaine"
2019,"Jackson",2.04151272035395,"Black","cocaine"
2019,"Jefferson",3.56119338132853,"Black","cocaine"
2019,"Knox",1.91565253913535,"Black","cocaine"
2019,"Lake",2.38596632834914,"Black","cocaine"
2019,"Lawrence",2.02619618369241,"Black","cocaine"
2019,"Licking",1.61141824103097,"Black","cocaine"
2019,"Logan",2.10711316499572,"Black","cocaine"
2019,"Lorain",2.49485924199276,"Black","cocaine"
2019,"Lucas",2.28815520373389,"Black","cocaine"
2019,"Madison",2.00197148247699,"Black","cocaine"
2019,"Mahoning",3.18688781320944,"Black","cocaine"
2019,"Marion",2.32008493630321,"Black","cocaine"
2019,"Medina",1.90558185940924,"Black","cocaine"
2019,"Meigs",1.93962698359743,"Black","cocaine"
2019,"Mercer",1.24220249889115,"Black","cocaine"
2019,"Miami",2.37719411966314,"Black","cocaine"
2019,"Monroe",1.58906090317578,"Black","cocaine"
2019,"Montgomery",2.9607579789881,"Black","cocaine"
2019,"Morgan",1.47211888265883,"Black","cocaine"
2019,"Morrow",2.16837714061718,"Black","cocaine"
2019,"Muskingum",2.20924919470503,"Black","cocaine"
2019,"Noble",1.81336382907711,"Black","cocaine"
2019,"Ottawa",1.60354937854063,"Black","cocaine"
2019,"Paulding",1.15892518327341,"Black","cocaine"
2019,"Perry",1.54083894427234,"Black","cocaine"
2019,"Pickaway",2.03493676106839,"Black","cocaine"
2019,"Pike",2.04296208150857,"Black","cocaine"
2019,"Portage",2.25735463258929,"Black","cocaine"
2019,"Preble",2.27871670314495,"Black","cocaine"
2019,"Putnam",1.52804238900775,"Black","cocaine"
2019,"Richland",2.81115936587108,"Black","cocaine"
2019,"Ross",2.3904770672615,"Black","cocaine"
2019,"Sandusky",1.82466749782251,"Black","cocaine"
2019,"Scioto",2.42763677219891,"Black","cocaine"
2019,"Seneca",1.71379249437368,"Black","cocaine"
2019,"Shelby",2.10649247879778,"Black","cocaine"
2019,"Stark",2.40873204787471,"Black","cocaine"
2019,"Summit",2.31705150682184,"Black","cocaine"
2019,"Trumbull",3.01562357757859,"Black","cocaine"
2019,"Tuscarawas",2.05737727933067,"Black","cocaine"
2019,"Union",1.93131913275884,"Black","cocaine"
2019,"Van Wert",1.47507489577155,"Black","cocaine"
2019,"Vinton",1.95094553869963,"Black","cocaine"
2019,"Warren",1.6926163779144,"Black","cocaine"
2019,"Washington",1.76024128784514,"Black","cocaine"
2019,"Wayne",1.79990874654203,"Black","cocaine"
2019,"Williams",1.33012389864686,"Black","cocaine"
2019,"Wood",1.94402224579308,"Black","cocaine"
2019,"Wyandot",1.61847101427273,"Black","cocaine"
2020,"Adams",2.07149816241339,"Black","cocaine"
2020,"Allen",1.88086070214267,"Black","cocaine"
2020,"Ashland",2.27385177176159,"Black","cocaine"
2020,"Ashtabula",1.78544140505674,"Black","cocaine"
2020,"Athens",1.82174045837019,"Black","cocaine"
2020,"Auglaize",1.70287103969842,"Black","cocaine"
2020,"Belmont",2.59608122685541,"Black","cocaine"
2020,"Brown",1.99896571860611,"Black","cocaine"
2020,"Butler",2.60359329743381,"Black","cocaine"
2020,"Carroll",2.4472667416206,"Black","cocaine"
2020,"Champaign",2.75655229677262,"Black","cocaine"
2020,"Clark",3.1663846075385,"Black","cocaine"
2020,"Clermont",2.21568852083219,"Black","cocaine"
2020,"Clinton",2.01330842961629,"Black","cocaine"
2020,"Columbiana",2.4552628091942,"Black","cocaine"
2020,"Coshocton",2.29344224348485,"Black","cocaine"
2020,"Crawford",2.28288035085062,"Black","cocaine"
2020,"Cuyahoga",2.59514067438322,"Black","cocaine"
2020,"Darke",2.37249517846223,"Black","cocaine"
2020,"Defiance",1.49394988776562,"Black","cocaine"
2020,"Delaware",2.02082501869203,"Black","cocaine"
2020,"Erie",1.88848948261888,"Black","cocaine"
2020,"Fairfield",1.79705883890504,"Black","cocaine"
2020,"Fayette",2.39166497941271,"Black","cocaine"
2020,"Franklin",3.07665828989909,"Black","cocaine"
2020,"Fulton",1.81121319433426,"Black","cocaine"
2020,"Gallia",2.28187799501553,"Black","cocaine"
2020,"Geauga",2.19214287746017,"Black","cocaine"
2020,"Greene",1.84789633493624,"Black","cocaine"
2020,"Guernsey",2.09755211396048,"Black","cocaine"
2020,"Hamilton",2.741414564052,"Black","cocaine"
2020,"Hancock",1.77946211386573,"Black","cocaine"
2020,"Hardin",1.8826231371395,"Black","cocaine"
2020,"Harrison",2.30179807687742,"Black","cocaine"
2020,"Henry",2.03276686670544,"Black","cocaine"
2020,"Highland",2.1066154216238,"Black","cocaine"
2020,"Hocking",2.09623361531346,"Black","cocaine"
2020,"Holmes",1.67360424054086,"Black","cocaine"
2020,"Huron",2.40727245282915,"Black","cocaine"
2020,"Jackson",2.26766609601408,"Black","cocaine"
2020,"Jefferson",3.72984636008653,"Black","cocaine"
2020,"Knox",2.17820822983686,"Black","cocaine"
2020,"Lake",2.26546489241578,"Black","cocaine"
2020,"Lawrence",2.25730492643614,"Black","cocaine"
2020,"Licking",2.00974203577161,"Black","cocaine"
2020,"Logan",2.20400292593086,"Black","cocaine"
2020,"Lorain",2.47150342519385,"Black","cocaine"
2020,"Lucas",2.48670689166284,"Black","cocaine"
2020,"Madison",2.13991387642507,"Black","cocaine"
2020,"Mahoning",3.22514393533991,"Black","cocaine"
2020,"Marion",2.51213505812014,"Black","cocaine"
2020,"Medina",2.02679390254699,"Black","cocaine"
2020,"Meigs",2.10939303929038,"Black","cocaine"
2020,"Mercer",1.36947155411815,"Black","cocaine"
2020,"Miami",2.29808372090206,"Black","cocaine"
2020,"Monroe",1.76209510514987,"Black","cocaine"
2020,"Montgomery",3.02811778642463,"Black","cocaine"
2020,"Morgan",1.70246510421776,"Black","cocaine"
2020,"Morrow",2.47558947804406,"Black","cocaine"
2020,"Muskingum",2.41731871132993,"Black","cocaine"
2020,"Noble",1.9994607153314,"Black","cocaine"
2020,"Ottawa",1.86695266469274,"Black","cocaine"
2020,"Paulding",1.37782805273711,"Black","cocaine"
2020,"Perry",1.81731979667172,"Black","cocaine"
2020,"Pickaway",2.32046081541326,"Black","cocaine"
2020,"Pike",2.28363224482762,"Black","cocaine"
2020,"Portage",2.43213748106973,"Black","cocaine"
2020,"Preble",2.30709444203458,"Black","cocaine"
2020,"Putnam",1.75880659011641,"Black","cocaine"
2020,"Richland",2.93676178996504,"Black","cocaine"
2020,"Ross",2.83524317858431,"Black","cocaine"
2020,"Sandusky",1.97715934053412,"Black","cocaine"
2020,"Scioto",2.93294124698585,"Black","cocaine"
2020,"Seneca",1.93730613034402,"Black","cocaine"
2020,"Shelby",2.12467137401575,"Black","cocaine"
2020,"Stark",2.55722628838941,"Black","cocaine"
2020,"Summit",2.29566066795321,"Black","cocaine"
2020,"Trumbull",2.97405129668503,"Black","cocaine"
2020,"Tuscarawas",2.15108745303092,"Black","cocaine"
2020,"Union",2.11529466545822,"Black","cocaine"
2020,"Van Wert",1.66085904956953,"Black","cocaine"
2020,"Vinton",2.21717220411047,"Black","cocaine"
2020,"Warren",1.83162014973056,"Black","cocaine"
2020,"Washington",1.91965349418743,"Black","cocaine"
2020,"Wayne",1.98645661567088,"Black","cocaine"
2020,"Williams",1.54813998823784,"Black","cocaine"
2020,"Wood",2.14364615583432,"Black","cocaine"
2020,"Wyandot",1.84820234621346,"Black","cocaine"
2010,"Adams",0.439055682640993,"White","psychostimulant"
2010,"Allen",-0.0622725534598393,"White","psychostimulant"
2010,"Ashland",0.230529782976949,"White","psychostimulant"
2010,"Ashtabula",0.409797326851578,"White","psychostimulant"
2010,"Athens",0.241090164789343,"White","psychostimulant"
2010,"Auglaize",-0.0453828774788782,"White","psychostimulant"
2010,"Belmont",0.165912570020049,"White","psychostimulant"
2010,"Brown",0.469777760749921,"White","psychostimulant"
2010,"Butler",0.365076751215654,"White","psychostimulant"
2010,"Carroll",0.205011957226398,"White","psychostimulant"
2010,"Champaign",0.0514404956601078,"White","psychostimulant"
2010,"Clark",0.0404027702852064,"White","psychostimulant"
2010,"Clermont",0.348015075867584,"White","psychostimulant"
2010,"Clinton",0.400405826493788,"White","psychostimulant"
2010,"Columbiana",0.183544756476962,"White","psychostimulant"
2010,"Coshocton",0.280140475824183,"White","psychostimulant"
2010,"Crawford",0.138079727111727,"White","psychostimulant"
2010,"Cuyahoga",0.433882468282592,"White","psychostimulant"
2010,"Darke",0.107902651938731,"White","psychostimulant"
2010,"Defiance",-0.00396247321702554,"White","psychostimulant"
2010,"Delaware",0.158210438508531,"White","psychostimulant"
2010,"Erie",0.132253295842427,"White","psychostimulant"
2010,"Fairfield",0.221134154211474,"White","psychostimulant"
2010,"Fayette",0.329407591169241,"White","psychostimulant"
2010,"Franklin",0.195153313860448,"White","psychostimulant"
2010,"Fulton",-0.0271400246410185,"White","psychostimulant"
2010,"Gallia",0.27076189733798,"White","psychostimulant"
2010,"Geauga",0.290201292352408,"White","psychostimulant"
2010,"Greene",0.092050030704786,"White","psychostimulant"
2010,"Guernsey",0.290507325541832,"White","psychostimulant"
2010,"Hamilton",0.249789903102406,"White","psychostimulant"
2010,"Hancock",-0.00992158917353499,"White","psychostimulant"
2010,"Hardin",0.0389023604331403,"White","psychostimulant"
2010,"Harrison",0.231833352459846,"White","psychostimulant"
2010,"Henry",-0.0633686572012967,"White","psychostimulant"
2010,"Highland",0.41826980879048,"White","psychostimulant"
2010,"Hocking",0.260672208342068,"White","psychostimulant"
2010,"Holmes",0.192147726652458,"White","psychostimulant"
2010,"Huron",0.173759329267856,"White","psychostimulant"
2010,"Jackson",0.27618450003656,"White","psychostimulant"
2010,"Jefferson",0.167046197552934,"White","psychostimulant"
2010,"Knox",0.344562469357051,"White","psychostimulant"
2010,"Lake",0.480915829333157,"White","psychostimulant"
2010,"Lawrence",0.244656346771104,"White","psychostimulant"
2010,"Licking",0.326244328271675,"White","psychostimulant"
2010,"Logan",0.0832967538966946,"White","psychostimulant"
2010,"Lorain",0.235621443869944,"White","psychostimulant"
2010,"Lucas",-0.218939529714036,"White","psychostimulant"
2010,"Madison",0.144878170578811,"White","psychostimulant"
2010,"Mahoning",0.290563144584366,"White","psychostimulant"
2010,"Marion",0.173921055862834,"White","psychostimulant"
2010,"Medina",0.251318249897307,"White","psychostimulant"
2010,"Meigs",0.362190775611325,"White","psychostimulant"
2010,"Mercer",-0.0517810221502983,"White","psychostimulant"
2010,"Miami",0.0197163040473574,"White","psychostimulant"
2010,"Monroe",0.155559069927048,"White","psychostimulant"
2010,"Montgomery",0.0582475635859696,"White","psychostimulant"
2010,"Morgan",0.196763161987192,"White","psychostimulant"
2010,"Morrow",0.179342212042067,"White","psychostimulant"
2010,"Muskingum",0.184961871206773,"White","psychostimulant"
2010,"Noble",0.252345029034877,"White","psychostimulant"
2010,"Ottawa",-0.123346168414901,"White","psychostimulant"
2010,"Paulding",0.00349880414363285,"White","psychostimulant"
2010,"Perry",0.258534702665961,"White","psychostimulant"
2010,"Pickaway",0.278022092212022,"White","psychostimulant"
2010,"Pike",0.459611165177815,"White","psychostimulant"
2010,"Portage",0.254388156334058,"White","psychostimulant"
2010,"Preble",0.132790955616048,"White","psychostimulant"
2010,"Putnam",-0.0820612097340058,"White","psychostimulant"
2010,"Richland",0.111916256225909,"White","psychostimulant"
2010,"Ross",0.410435333636425,"White","psychostimulant"
2010,"Sandusky",0.0575840467899722,"White","psychostimulant"
2010,"Scioto",0.311345576804991,"White","psychostimulant"
2010,"Seneca",-0.0148631010349406,"White","psychostimulant"
2010,"Shelby",0.0614145880406297,"White","psychostimulant"
2010,"Stark",0.278399814446697,"White","psychostimulant"
2010,"Summit",0.313247076245862,"White","psychostimulant"
2010,"Trumbull",0.376381652804211,"White","psychostimulant"
2010,"Tuscarawas",0.232104620633265,"White","psychostimulant"
2010,"Union",0.0764999862628054,"White","psychostimulant"
2010,"Van Wert",-0.00654550107632425,"White","psychostimulant"
2010,"Vinton",0.320994151416403,"White","psychostimulant"
2010,"Warren",0.159372473675463,"White","psychostimulant"
2010,"Washington",0.196652487643531,"White","psychostimulant"
2010,"Wayne",0.448545274909316,"White","psychostimulant"
2010,"Williams",-0.00424965578628768,"White","psychostimulant"
2010,"Wood",-0.091685363349692,"White","psychostimulant"
2010,"Wyandot",0.0614803159065861,"White","psychostimulant"
2011,"Adams",1.12437155315793,"White","psychostimulant"
2011,"Allen",0.170910580319224,"White","psychostimulant"
2011,"Ashland",0.750135209011056,"White","psychostimulant"
2011,"Ashtabula",1.06328879163994,"White","psychostimulant"
2011,"Athens",0.736212032861938,"White","psychostimulant"
2011,"Auglaize",0.200685412290832,"White","psychostimulant"
2011,"Belmont",0.599183203808295,"White","psychostimulant"
2011,"Brown",1.21769022118479,"White","psychostimulant"
2011,"Butler",0.864770191876025,"White","psychostimulant"
2011,"Carroll",0.660365970341546,"White","psychostimulant"
2011,"Champaign",0.385133915272154,"White","psychostimulant"
2011,"Clark",0.370740213731063,"White","psychostimulant"
2011,"Clermont",0.991659720800769,"White","psychostimulant"
2011,"Clinton",1.06960620197096,"White","psychostimulant"
2011,"Columbiana",0.652731229235387,"White","psychostimulant"
2011,"Coshocton",0.808474547635158,"White","psychostimulant"
2011,"Crawford",0.547306620076051,"White","psychostimulant"
2011,"Cuyahoga",0.99416929926291,"White","psychostimulant"
2011,"Darke",0.493766848631028,"White","psychostimulant"
2011,"Defiance",0.318241002443015,"White","psychostimulant"
2011,"Delaware",0.601555130209401,"White","psychostimulant"
2011,"Erie",0.560299988326926,"White","psychostimulant"
2011,"Fairfield",0.704673669537303,"White","psychostimulant"
2011,"Fayette",0.921475154785813,"White","psychostimulant"
2011,"Franklin",0.644166614999505,"White","psychostimulant"
2011,"Fulton",0.280708409910534,"White","psychostimulant"
2011,"Gallia",0.788897905186577,"White","psychostimulant"
2011,"Geauga",0.815729933790865,"White","psychostimulant"
2011,"Greene",0.442926221209882,"White","psychostimulant"
2011,"Guernsey",0.858629804944188,"White","psychostimulant"
2011,"Hamilton",0.6827051650687,"White","psychostimulant"
2011,"Hancock",0.292192167906084,"White","psychostimulant"
2011,"Hardin",0.357355721756585,"White","psychostimulant"
2011,"Harrison",0.724926937685828,"White","psychostimulant"
2011,"Henry",0.181661534281978,"White","psychostimulant"
2011,"Highland",1.10560749058795,"White","psychostimulant"
2011,"Hocking",0.767368919019732,"White","psychostimulant"
2011,"Holmes",0.634328089913485,"White","psychostimulant"
2011,"Huron",0.652206564724518,"White","psychostimulant"
2011,"Jackson",0.796767167635663,"White","psychostimulant"
2011,"Jefferson",0.615081060690694,"White","psychostimulant"
2011,"Knox",0.787682341883805,"White","psychostimulant"
2011,"Lake",1.27856758933718,"White","psychostimulant"
2011,"Lawrence",0.740582430196335,"White","psychostimulant"
2011,"Licking",0.7733789102039,"White","psychostimulant"
2011,"Logan",0.453845894956699,"White","psychostimulant"
2011,"Lorain",0.766533492396708,"White","psychostimulant"
2011,"Lucas",-0.0919899647224671,"White","psychostimulant"
2011,"Madison",0.562088043277776,"White","psychostimulant"
2011,"Mahoning",0.877689514932757,"White","psychostimulant"
2011,"Marion",0.635674741836899,"White","psychostimulant"
2011,"Medina",0.790357168046526,"White","psychostimulant"
2011,"Meigs",0.980384869143783,"White","psychostimulant"
2011,"Mercer",0.192150225063961,"White","psychostimulant"
2011,"Miami",0.317086527983972,"White","psychostimulant"
2011,"Monroe",0.570937350528821,"White","psychostimulant"
2011,"Montgomery",0.413221684080882,"White","psychostimulant"
2011,"Morgan",0.641097288771477,"White","psychostimulant"
2011,"Morrow",0.62213885443981,"White","psychostimulant"
2011,"Muskingum",0.611285821878923,"White","psychostimulant"
2011,"Noble",0.761939848416709,"White","psychostimulant"
2011,"Ottawa",0.071492501824955,"White","psychostimulant"
2011,"Paulding",0.30983396505444,"White","psychostimulant"
2011,"Perry",0.75081455427469,"White","psychostimulant"
2011,"Pickaway",0.803448595842542,"White","psychostimulant"
2011,"Pike",1.16516005011954,"White","psychostimulant"
2011,"Portage",0.754639029356457,"White","psychostimulant"
2011,"Preble",0.526417397712751,"White","psychostimulant"
2011,"Putnam",0.150493538725117,"White","psychostimulant"
2011,"Richland",0.477706150787057,"White","psychostimulant"
2011,"Ross",0.925672040688112,"White","psychostimulant"
2011,"Sandusky",0.419147363279064,"White","psychostimulant"
2011,"Scioto",0.885272560820826,"White","psychostimulant"
2011,"Seneca",0.261134147827038,"White","psychostimulant"
2011,"Shelby",0.408081999704808,"White","psychostimulant"
2011,"Stark",0.885329720740352,"White","psychostimulant"
2011,"Summit",0.947808432750757,"White","psychostimulant"
2011,"Trumbull",0.854475685401317,"White","psychostimulant"
2011,"Tuscarawas",0.740138981043728,"White","psychostimulant"
2011,"Union",0.430848737433135,"White","psychostimulant"
2011,"Van Wert",0.29217800313708,"White","psychostimulant"
2011,"Vinton",0.880167849826578,"White","psychostimulant"
2011,"Warren",0.602679430457949,"White","psychostimulant"
2011,"Washington",0.647276696739843,"White","psychostimulant"
2011,"Wayne",1.19739124801268,"White","psychostimulant"
2011,"Williams",0.310351900385134,"White","psychostimulant"
2011,"Wood",0.119863018547268,"White","psychostimulant"
2011,"Wyandot",0.421489567115251,"White","psychostimulant"
2012,"Adams",1.80950547776539,"White","psychostimulant"
2012,"Allen",0.525618218558658,"White","psychostimulant"
2012,"Ashland",1.07759527696317,"White","psychostimulant"
2012,"Ashtabula",1.57746468223806,"White","psychostimulant"
2012,"Athens",1.23805136716006,"White","psychostimulant"
2012,"Auglaize",0.536530531534782,"White","psychostimulant"
2012,"Belmont",1.02473931828906,"White","psychostimulant"
2012,"Brown",1.81928136723174,"White","psychostimulant"
2012,"Butler",1.36758262621165,"White","psychostimulant"
2012,"Carroll",1.06995097076385,"White","psychostimulant"
2012,"Champaign",0.769612722707997,"White","psychostimulant"
2012,"Clark",0.758773517889714,"White","psychostimulant"
2012,"Clermont",1.72685575159572,"White","psychostimulant"
2012,"Clinton",1.77052560224635,"White","psychostimulant"
2012,"Columbiana",1.07670633177709,"White","psychostimulant"
2012,"Coshocton",1.32368523112613,"White","psychostimulant"
2012,"Crawford",0.985261780097246,"White","psychostimulant"
2012,"Cuyahoga",1.14232228207148,"White","psychostimulant"
2012,"Darke",0.979464376333741,"White","psychostimulant"
2012,"Defiance",0.758533864111797,"White","psychostimulant"
2012,"Delaware",0.941742248263866,"White","psychostimulant"
2012,"Erie",1.00853518169923,"White","psychostimulant"
2012,"Fairfield",1.19985679502061,"White","psychostimulant"
2012,"Fayette",1.51375259718606,"White","psychostimulant"
2012,"Franklin",0.859816196214484,"White","psychostimulant"
2012,"Fulton",0.733661986196996,"White","psychostimulant"
2012,"Gallia",1.26489917317118,"White","psychostimulant"
2012,"Geauga",1.21366266809317,"White","psychostimulant"
2012,"Greene",0.835778987382404,"White","psychostimulant"
2012,"Guernsey",1.41161405752871,"White","psychostimulant"
2012,"Hamilton",1.11755646748489,"White","psychostimulant"
2012,"Hancock",0.686037446473953,"White","psychostimulant"
2012,"Hardin",0.748328959947762,"White","psychostimulant"
2012,"Harrison",1.18538529361165,"White","psychostimulant"
2012,"Henry",0.547003817962164,"White","psychostimulant"
2012,"Highland",1.79912476431297,"White","psychostimulant"
2012,"Hocking",1.24660224778171,"White","psychostimulant"
2012,"Holmes",1.02308729238637,"White","psychostimulant"
2012,"Huron",1.00038906902174,"White","psychostimulant"
2012,"Jackson",1.27801772829959,"White","psychostimulant"
2012,"Jefferson",1.01464709896843,"White","psychostimulant"
2012,"Knox",1.24213900342476,"White","psychostimulant"
2012,"Lake",1.71362707071603,"White","psychostimulant"
2012,"Lawrence",1.22016842562449,"White","psychostimulant"
2012,"Licking",1.25938796328701,"White","psychostimulant"
2012,"Logan",0.913057746977842,"White","psychostimulant"
2012,"Lorain",1.3501657752646,"White","psychostimulant"
2012,"Lucas",0.171909064446202,"White","psychostimulant"
2012,"Madison",1.00390907177491,"White","psychostimulant"
2012,"Mahoning",1.27079212869086,"White","psychostimulant"
2012,"Marion",1.16566024791477,"White","psychostimulant"
2012,"Medina",1.3028414287526,"White","psychostimulant"
2012,"Meigs",1.38908829884767,"White","psychostimulant"
2012,"Mercer",0.53054312492837,"White","psychostimulant"
2012,"Miami",0.696346661093766,"White","psychostimulant"
2012,"Monroe",0.97555074526001,"White","psychostimulant"
2012,"Montgomery",0.895842566276433,"White","psychostimulant"
2012,"Morgan",1.06509009724529,"White","psychostimulant"
2012,"Morrow",1.07199306055402,"White","psychostimulant"
2012,"Muskingum",1.03775049712221,"White","psychostimulant"
2012,"Noble",1.26533278884153,"White","psychostimulant"
2012,"Ottawa",0.365578890892746,"White","psychostimulant"
2012,"Paulding",0.745651452239176,"White","psychostimulant"
2012,"Perry",1.2464199064119,"White","psychostimulant"
2012,"Pickaway",1.18073303313473,"White","psychostimulant"
2012,"Pike",1.70174338007384,"White","psychostimulant"
2012,"Portage",1.16404005919321,"White","psychostimulant"
2012,"Preble",1.00592749838732,"White","psychostimulant"
2012,"Putnam",0.488236517884062,"White","psychostimulant"
2012,"Richland",0.850027692237597,"White","psychostimulant"
2012,"Ross",1.43909217722119,"White","psychostimulant"
2012,"Sandusky",0.837819583419949,"White","psychostimulant"
2012,"Scioto",1.43303119297419,"White","psychostimulant"
2012,"Seneca",0.586000061963393,"White","psychostimulant"
2012,"Shelby",0.844714457487866,"White","psychostimulant"
2012,"Stark",1.36379846193418,"White","psychostimulant"
2012,"Summit",1.66114830447724,"White","psychostimulant"
2012,"Trumbull",1.09906521426729,"White","psychostimulant"
2012,"Tuscarawas",1.06052532334251,"White","psychostimulant"
2012,"Union",0.816406398841372,"White","psychostimulant"
2012,"Van Wert",0.702181511262331,"White","psychostimulant"
2012,"Vinton",1.4101445172939,"White","psychostimulant"
2012,"Warren",0.954945533500949,"White","psychostimulant"
2012,"Washington",1.10531755190652,"White","psychostimulant"
2012,"Wayne",1.80007935374002,"White","psychostimulant"
2012,"Williams",0.750350853241305,"White","psychostimulant"
2012,"Wood",0.444283472223864,"White","psychostimulant"
2012,"Wyandot",0.831352198781441,"White","psychostimulant"
2013,"Adams",2.6588590326506,"White","psychostimulant"
2013,"Allen",0.910993340434906,"White","psychostimulant"
2013,"Ashland",1.29554900643516,"White","psychostimulant"
2013,"Ashtabula",1.97356873291794,"White","psychostimulant"
2013,"Athens",1.63852177183103,"White","psychostimulant"
2013,"Auglaize",0.932850250945069,"White","psychostimulant"
2013,"Belmont",1.44172947292048,"White","psychostimulant"
2013,"Brown",2.59351604057096,"White","psychostimulant"
2013,"Butler",2.25248061785958,"White","psychostimulant"
2013,"Carroll",1.39947481063076,"White","psychostimulant"
2013,"Champaign",1.25881943609317,"White","psychostimulant"
2013,"Clark",1.27210215868614,"White","psychostimulant"
2013,"Clermont",2.64354485618562,"White","psychostimulant"
2013,"Clinton",2.46614826108781,"White","psychostimulant"
2013,"Columbiana",1.44696772656827,"White","psychostimulant"
2013,"Coshocton",1.67849930698089,"White","psychostimulant"
2013,"Crawford",1.3879147682686,"White","psychostimulant"
2013,"Cuyahoga",1.32800678230912,"White","psychostimulant"
2013,"Darke",1.59388445993259,"White","psychostimulant"
2013,"Defiance",1.21133078736448,"White","psychostimulant"
2013,"Delaware",1.18484235826617,"White","psychostimulant"
2013,"Erie",1.37359326674301,"White","psychostimulant"
2013,"Fairfield",1.65794075091596,"White","psychostimulant"
2013,"Fayette",2.25177826314068,"White","psychostimulant"
2013,"Franklin",1.48014747100807,"White","psychostimulant"
2013,"Fulton",0.980782848549576,"White","psychostimulant"
2013,"Gallia",1.83814902542185,"White","psychostimulant"
2013,"Geauga",1.45293516851642,"White","psychostimulant"
2013,"Greene",1.37164336520553,"White","psychostimulant"
2013,"Guernsey",1.97676436249946,"White","psychostimulant"
2013,"Hamilton",1.64382333913837,"White","psychostimulant"
2013,"Hancock",1.08653112428693,"White","psychostimulant"
2013,"Hardin",1.16723941646657,"White","psychostimulant"
2013,"Harrison",1.60530932288777,"White","psychostimulant"
2013,"Henry",0.882529054338478,"White","psychostimulant"
2013,"Highland",2.50480269155037,"White","psychostimulant"
2013,"Hocking",1.79673713668995,"White","psychostimulant"
2013,"Holmes",1.29403829159884,"White","psychostimulant"
2013,"Huron",1.30275052740505,"White","psychostimulant"
2013,"Jackson",1.87480021631318,"White","psychostimulant"
2013,"Jefferson",1.37504146447299,"White","psychostimulant"
2013,"Knox",1.67969192023306,"White","psychostimulant"
2013,"Lake",1.6259369952742,"White","psychostimulant"
2013,"Lawrence",1.83931285818712,"White","psychostimulant"
2013,"Licking",1.86906515199171,"White","psychostimulant"
2013,"Logan",1.45684983123097,"White","psychostimulant"
2013,"Lorain",1.6133684632575,"White","psychostimulant"
2013,"Lucas",0.449219880051632,"White","psychostimulant"
2013,"Madison",1.55758150067266,"White","psychostimulant"
2013,"Mahoning",1.48438835046657,"White","psychostimulant"
2013,"Marion",1.57640495051847,"White","psychostimulant"
2013,"Medina",1.38757565847412,"White","psychostimulant"
2013,"Meigs",1.88324592579427,"White","psychostimulant"
2013,"Mercer",0.938715743250719,"White","psychostimulant"
2013,"Miami",1.19704398072488,"White","psychostimulant"
2013,"Monroe",1.36972756153149,"White","psychostimulant"
2013,"Montgomery",1.4726518760438,"White","psychostimulant"
2013,"Morgan",1.50754781886951,"White","psychostimulant"
2013,"Morrow",1.50498296224612,"White","psychostimulant"
2013,"Muskingum",1.45944016579998,"White","psychostimulant"
2013,"Noble",1.76276213922187,"White","psychostimulant"
2013,"Ottawa",0.615783471773191,"White","psychostimulant"
2013,"Paulding",1.21867849423719,"White","psychostimulant"
2013,"Perry",1.76683583210588,"White","psychostimulant"
2013,"Pickaway",1.66763313119372,"White","psychostimulant"
2013,"Pike",2.38845176348287,"White","psychostimulant"
2013,"Portage",1.44899706292524,"White","psychostimulant"
2013,"Preble",1.6388432388235,"White","psychostimulant"
2013,"Putnam",0.829959013771389,"White","psychostimulant"
2013,"Richland",1.16331879182223,"White","psychostimulant"
2013,"Ross",2.09744686500309,"White","psychostimulant"
2013,"Sandusky",1.24997820070098,"White","psychostimulant"
2013,"Scioto",2.136202837893,"White","psychostimulant"
2013,"Seneca",0.882757945829241,"White","psychostimulant"
2013,"Shelby",1.37093525200003,"White","psychostimulant"
2013,"Stark",1.74446770124099,"White","psychostimulant"
2013,"Summit",2.06777762575964,"White","psychostimulant"
2013,"Trumbull",1.26111379666052,"White","psychostimulant"
2013,"Tuscarawas",1.34235219269579,"White","psychostimulant"
2013,"Union",1.25574245445034,"White","psychostimulant"
2013,"Van Wert",1.14712826727274,"White","psychostimulant"
2013,"Vinton",2.03212479329244,"White","psychostimulant"
2013,"Warren",1.49502597905711,"White","psychostimulant"
2013,"Washington",1.55864523639296,"White","psychostimulant"
2013,"Wayne",2.02295928672094,"White","psychostimulant"
2013,"Williams",1.17265806425616,"White","psychostimulant"
2013,"Wood",0.766056300494124,"White","psychostimulant"
2013,"Wyandot",1.23230038470445,"White","psychostimulant"
2014,"Adams",3.18160768822074,"White","psychostimulant"
2014,"Allen",1.38432607398248,"White","psychostimulant"
2014,"Ashland",1.6412790602647,"White","psychostimulant"
2014,"Ashtabula",2.83399790612852,"White","psychostimulant"
2014,"Athens",1.9574159599015,"White","psychostimulant"
2014,"Auglaize",1.35399642306395,"White","psychostimulant"
2014,"Belmont",1.69528735134356,"White","psychostimulant"
2014,"Brown",3.03966667241169,"White","psychostimulant"
2014,"Butler",3.01515804382675,"White","psychostimulant"
2014,"Carroll",1.78388185578486,"White","psychostimulant"
2014,"Champaign",1.70462935160806,"White","psychostimulant"
2014,"Clark",1.7798964601279,"White","psychostimulant"
2014,"Clermont",2.94905144838627,"White","psychostimulant"
2014,"Clinton",3.04668991935593,"White","psychostimulant"
2014,"Columbiana",1.81959175193154,"White","psychostimulant"
2014,"Coshocton",2.05351725030297,"White","psychostimulant"
2014,"Crawford",1.88162865520071,"White","psychostimulant"
2014,"Cuyahoga",1.83629758676143,"White","psychostimulant"
2014,"Darke",2.26217955784625,"White","psychostimulant"
2014,"Defiance",1.79287333990906,"White","psychostimulant"
2014,"Delaware",1.45981089785096,"White","psychostimulant"
2014,"Erie",1.91817383537873,"White","psychostimulant"
2014,"Fairfield",2.09498632289506,"White","psychostimulant"
2014,"Fayette",2.71143935415092,"White","psychostimulant"
2014,"Franklin",1.60562646696897,"White","psychostimulant"
2014,"Fulton",1.3522042994537,"White","psychostimulant"
2014,"Gallia",2.24866400162577,"White","psychostimulant"
2014,"Geauga",2.01786352536346,"White","psychostimulant"
2014,"Greene",1.83801342121996,"White","psychostimulant"
2014,"Guernsey",2.43268930428969,"White","psychostimulant"
2014,"Hamilton",1.93886826324538,"White","psychostimulant"
2014,"Hancock",1.59907620452968,"White","psychostimulant"
2014,"Hardin",1.61471452105961,"White","psychostimulant"
2014,"Harrison",2.0577213924582,"White","psychostimulant"
2014,"Henry",1.32558599255783,"White","psychostimulant"
2014,"Highland",2.93977640390781,"White","psychostimulant"
2014,"Hocking",2.23129096499329,"White","psychostimulant"
2014,"Holmes",1.652269153954,"White","psychostimulant"
2014,"Huron",1.75620753057084,"White","psychostimulant"
2014,"Jackson",2.27328325503747,"White","psychostimulant"
2014,"Jefferson",1.78413448501901,"White","psychostimulant"
2014,"Knox",2.19564268033127,"White","psychostimulant"
2014,"Lake",2.0430069138773,"White","psychostimulant"
2014,"Lawrence",2.30872466493057,"White","psychostimulant"
2014,"Licking",2.0973076385371,"White","psychostimulant"
2014,"Logan",1.87485719299849,"White","psychostimulant"
2014,"Lorain",2.06482079676594,"White","psychostimulant"
2014,"Lucas",0.708822810625892,"White","psychostimulant"
2014,"Madison",2.05434090872441,"White","psychostimulant"
2014,"Mahoning",1.85580763983467,"White","psychostimulant"
2014,"Marion",1.9037076889823,"White","psychostimulant"
2014,"Medina",1.7314948134389,"White","psychostimulant"
2014,"Meigs",2.24980984054906,"White","psychostimulant"
2014,"Mercer",1.41718556878922,"White","psychostimulant"
2014,"Miami",1.71391825805581,"White","psychostimulant"
2014,"Monroe",1.71634804347079,"White","psychostimulant"
2014,"Montgomery",2.23021390265053,"White","psychostimulant"
2014,"Morgan",1.87204066891437,"White","psychostimulant"
2014,"Morrow",1.99077310296917,"White","psychostimulant"
2014,"Muskingum",1.8256678764031,"White","psychostimulant"
2014,"Noble",2.25063861676273,"White","psychostimulant"
2014,"Ottawa",0.973141856379254,"White","psychostimulant"
2014,"Paulding",1.79824985042019,"White","psychostimulant"
2014,"Perry",2.22572766310275,"White","psychostimulant"
2014,"Pickaway",2.02340794139204,"White","psychostimulant"
2014,"Pike",2.89201580611561,"White","psychostimulant"
2014,"Portage",2.00165560422794,"White","psychostimulant"
2014,"Preble",2.26888985201955,"White","psychostimulant"
2014,"Putnam",1.24832671327649,"White","psychostimulant"
2014,"Richland",1.57490441129314,"White","psychostimulant"
2014,"Ross",2.48490708108241,"White","psychostimulant"
2014,"Sandusky",1.80300022474902,"White","psychostimulant"
2014,"Scioto",2.52222660277444,"White","psychostimulant"
2014,"Seneca",1.26986340281475,"White","psychostimulant"
2014,"Shelby",1.91755497432339,"White","psychostimulant"
2014,"Stark",2.21461997560357,"White","psychostimulant"
2014,"Summit",2.37527583474859,"White","psychostimulant"
2014,"Trumbull",1.75896173154849,"White","psychostimulant"
2014,"Tuscarawas",1.67083618934739,"White","psychostimulant"
2014,"Union",1.65580953959835,"White","psychostimulant"
2014,"Van Wert",1.68068629591547,"White","psychostimulant"
2014,"Vinton",2.37845577607954,"White","psychostimulant"
2014,"Warren",1.80771668794649,"White","psychostimulant"
2014,"Washington",1.99639276185818,"White","psychostimulant"
2014,"Wayne",2.53422181186331,"White","psychostimulant"
2014,"Williams",1.71424900964569,"White","psychostimulant"
2014,"Wood",1.19901705382948,"White","psychostimulant"
2014,"Wyandot",1.69847798360381,"White","psychostimulant"
2015,"Adams",3.48419146034306,"White","psychostimulant"
2015,"Allen",1.85932057051714,"White","psychostimulant"
2015,"Ashland",1.93887238289594,"White","psychostimulant"
2015,"Ashtabula",3.33383153311512,"White","psychostimulant"
2015,"Athens",2.43182291424006,"White","psychostimulant"
2015,"Auglaize",1.78533498905967,"White","psychostimulant"
2015,"Belmont",2.01128417209785,"White","psychostimulant"
2015,"Brown",3.43751935250706,"White","psychostimulant"
2015,"Butler",3.83784646912926,"White","psychostimulant"
2015,"Carroll",2.1459841476568,"White","psychostimulant"
2015,"Champaign",2.24525663086525,"White","psychostimulant"
2015,"Clark",2.42007748255528,"White","psychostimulant"
2015,"Clermont",3.21211345963244,"White","psychostimulant"
2015,"Clinton",3.8094950820089,"White","psychostimulant"
2015,"Columbiana",2.08207224717366,"White","psychostimulant"
2015,"Coshocton",2.48160550879074,"White","psychostimulant"
2015,"Crawford",2.33712018297924,"White","psychostimulant"
2015,"Cuyahoga",2.26047625618524,"White","psychostimulant"
2015,"Darke",3.07135332123259,"White","psychostimulant"
2015,"Defiance",2.13419599729989,"White","psychostimulant"
2015,"Delaware",1.6655077529945,"White","psychostimulant"
2015,"Erie",2.20639384815812,"White","psychostimulant"
2015,"Fairfield",2.81484289809677,"White","psychostimulant"
2015,"Fayette",3.30089990513444,"White","psychostimulant"
2015,"Franklin",2.16675346442041,"White","psychostimulant"
2015,"Fulton",1.67936234138274,"White","psychostimulant"
2015,"Gallia",2.74850529707284,"White","psychostimulant"
2015,"Geauga",2.44119761915114,"White","psychostimulant"
2015,"Greene",2.46127538372069,"White","psychostimulant"
2015,"Guernsey",2.84080242748306,"White","psychostimulant"
2015,"Hamilton",2.35484489067431,"White","psychostimulant"
2015,"Hancock",2.11556116554091,"White","psychostimulant"
2015,"Hardin",2.06801526400437,"White","psychostimulant"
2015,"Harrison",2.37265635771065,"White","psychostimulant"
2015,"Henry",1.67476068895614,"White","psychostimulant"
2015,"Highland",3.180511086425,"White","psychostimulant"
2015,"Hocking",2.79301256174249,"White","psychostimulant"
2015,"Holmes",1.97551792011712,"White","psychostimulant"
2015,"Huron",2.01093101530108,"White","psychostimulant"
2015,"Jackson",2.75933447538692,"White","psychostimulant"
2015,"Jefferson",2.19076433571009,"White","psychostimulant"
2015,"Knox",2.65046250327272,"White","psychostimulant"
2015,"Lake",2.44776796572144,"White","psychostimulant"
2015,"Lawrence",2.72409281360778,"White","psychostimulant"
2015,"Licking",2.61606888218283,"White","psychostimulant"
2015,"Logan",2.36235893658613,"White","psychostimulant"
2015,"Lorain",2.23741597948925,"White","psychostimulant"
2015,"Lucas",0.956700392672339,"White","psychostimulant"
2015,"Madison",2.53239803853894,"White","psychostimulant"
2015,"Mahoning",2.19074875845516,"White","psychostimulant"
2015,"Marion",2.25373497709664,"White","psychostimulant"
2015,"Medina",2.18630644584936,"White","psychostimulant"
2015,"Meigs",2.74390711175929,"White","psychostimulant"
2015,"Mercer",1.8938297281403,"White","psychostimulant"
2015,"Miami",2.33558579707151,"White","psychostimulant"
2015,"Monroe",2.10922451851872,"White","psychostimulant"
2015,"Montgomery",3.08686293770674,"White","psychostimulant"
2015,"Morgan",2.31766562654237,"White","psychostimulant"
2015,"Morrow",2.32433421675709,"White","psychostimulant"
2015,"Muskingum",2.27526303280117,"White","psychostimulant"
2015,"Noble",2.82195917772235,"White","psychostimulant"
2015,"Ottawa",1.24861159852799,"White","psychostimulant"
2015,"Paulding",2.11433216717726,"White","psychostimulant"
2015,"Perry",2.8430244879933,"White","psychostimulant"
2015,"Pickaway",2.50853277079817,"White","psychostimulant"
2015,"Pike",3.49477320869401,"White","psychostimulant"
2015,"Portage",2.67092645229515,"White","psychostimulant"
2015,"Preble",3.0082517835835,"White","psychostimulant"
2015,"Putnam",1.58010793917333,"White","psychostimulant"
2015,"Richland",1.96157528689494,"White","psychostimulant"
2015,"Ross",3.05010221575617,"White","psychostimulant"
2015,"Sandusky",2.16240960797183,"White","psychostimulant"
2015,"Scioto",3.04431300825024,"White","psychostimulant"
2015,"Seneca",1.57897603582014,"White","psychostimulant"
2015,"Shelby",2.54060344328706,"White","psychostimulant"
2015,"Stark",2.64078998008913,"White","psychostimulant"
2015,"Summit",3.2307763591614,"White","psychostimulant"
2015,"Trumbull",2.14014654953098,"White","psychostimulant"
2015,"Tuscarawas",2.03757002191554,"White","psychostimulant"
2015,"Union",2.12014140538506,"White","psychostimulant"
2015,"Van Wert",2.18298368079761,"White","psychostimulant"
2015,"Vinton",2.83044821352951,"White","psychostimulant"
2015,"Warren",2.28807641519282,"White","psychostimulant"
2015,"Washington",2.5505114055734,"White","psychostimulant"
2015,"Wayne",3.09361232108787,"White","psychostimulant"
2015,"Williams",2.20442305224586,"White","psychostimulant"
2015,"Wood",1.59816049062519,"White","psychostimulant"
2015,"Wyandot",2.13001957780266,"White","psychostimulant"
2016,"Adams",3.7531735271193,"White","psychostimulant"
2016,"Allen",2.21408701983146,"White","psychostimulant"
2016,"Ashland",2.33964863080918,"White","psychostimulant"
2016,"Ashtabula",4.06920963808426,"White","psychostimulant"
2016,"Athens",2.92768233745923,"White","psychostimulant"
2016,"Auglaize",2.14617175368137,"White","psychostimulant"
2016,"Belmont",2.32777095161262,"White","psychostimulant"
2016,"Brown",3.84366036487223,"White","psychostimulant"
2016,"Butler",4.41449913038062,"White","psychostimulant"
2016,"Carroll",2.55530855397226,"White","psychostimulant"
2016,"Champaign",2.73907931374977,"White","psychostimulant"
2016,"Clark",3.1230330264602,"White","psychostimulant"
2016,"Clermont",3.68926803130119,"White","psychostimulant"
2016,"Clinton",4.35225662808012,"White","psychostimulant"
2016,"Columbiana",2.32930627724067,"White","psychostimulant"
2016,"Coshocton",2.9625811811348,"White","psychostimulant"
2016,"Crawford",2.89293123701434,"White","psychostimulant"
2016,"Cuyahoga",2.84098457606255,"White","psychostimulant"
2016,"Darke",3.66658101119873,"White","psychostimulant"
2016,"Defiance",2.54719103467185,"White","psychostimulant"
2016,"Delaware",1.9102464366149,"White","psychostimulant"
2016,"Erie",2.71891314267752,"White","psychostimulant"
2016,"Fairfield",3.29891718211754,"White","psychostimulant"
2016,"Fayette",3.97341893844704,"White","psychostimulant"
2016,"Franklin",2.22025915966759,"White","psychostimulant"
2016,"Fulton",2.07504440745933,"White","psychostimulant"
2016,"Gallia",3.30160939852544,"White","psychostimulant"
2016,"Geauga",3.14743700844586,"White","psychostimulant"
2016,"Greene",3.08513495055367,"White","psychostimulant"
2016,"Guernsey",3.3880823946751,"White","psychostimulant"
2016,"Hamilton",2.9769885208164,"White","psychostimulant"
2016,"Hancock",2.58075087962477,"White","psychostimulant"
2016,"Hardin",2.52829376478782,"White","psychostimulant"
2016,"Harrison",2.73659265311246,"White","psychostimulant"
2016,"Henry",2.06500630933256,"White","psychostimulant"
2016,"Highland",3.51601806685346,"White","psychostimulant"
2016,"Hocking",3.37209976281992,"White","psychostimulant"
2016,"Holmes",2.37227292681568,"White","psychostimulant"
2016,"Huron",2.40263073698671,"White","psychostimulant"
2016,"Jackson",3.26665086848015,"White","psychostimulant"
2016,"Jefferson",2.69881185219311,"White","psychostimulant"
2016,"Knox",3.10549211276899,"White","psychostimulant"
2016,"Lake",3.21070431784291,"White","psychostimulant"
2016,"Lawrence",3.26788232265102,"White","psychostimulant"
2016,"Licking",3.06674440593059,"White","psychostimulant"
2016,"Logan",2.87501178809553,"White","psychostimulant"
2016,"Lorain",2.7363337902276,"White","psychostimulant"
2016,"Lucas",1.33381010259315,"White","psychostimulant"
2016,"Madison",3.04468995084305,"White","psychostimulant"
2016,"Mahoning",2.49557382929681,"White","psychostimulant"
2016,"Marion",2.67301459243234,"White","psychostimulant"
2016,"Medina",2.60486042807846,"White","psychostimulant"
2016,"Meigs",3.24486651275261,"White","psychostimulant"
2016,"Mercer",2.34205614039951,"White","psychostimulant"
2016,"Miami",3.01121829158704,"White","psychostimulant"
2016,"Monroe",2.45265972148878,"White","psychostimulant"
2016,"Montgomery",3.97796198892488,"White","psychostimulant"
2016,"Morgan",2.69547198296658,"White","psychostimulant"
2016,"Morrow",2.72558817850474,"White","psychostimulant"
2016,"Muskingum",2.72389785346281,"White","psychostimulant"
2016,"Noble",3.09605655262318,"White","psychostimulant"
2016,"Ottawa",1.57416450655741,"White","psychostimulant"
2016,"Paulding",2.45077685792327,"White","psychostimulant"
2016,"Perry",3.32349123443746,"White","psychostimulant"
2016,"Pickaway",2.96535804055125,"White","psychostimulant"
2016,"Pike",4.06466836031993,"White","psychostimulant"
2016,"Portage",3.43487434791734,"White","psychostimulant"
2016,"Preble",3.76243135561414,"White","psychostimulant"
2016,"Putnam",1.89682849462531,"White","psychostimulant"
2016,"Richland",2.47045674015329,"White","psychostimulant"
2016,"Ross",3.62550301630755,"White","psychostimulant"
2016,"Sandusky",2.69673841700256,"White","psychostimulant"
2016,"Scioto",3.56715390678562,"White","psychostimulant"
2016,"Seneca",1.90562363845787,"White","psychostimulant"
2016,"Shelby",3.19981288840326,"White","psychostimulant"
2016,"Stark",3.14439067888502,"White","psychostimulant"
2016,"Summit",4.40091304249642,"White","psychostimulant"
2016,"Trumbull",2.8164875631221,"White","psychostimulant"
2016,"Tuscarawas",2.46885137758072,"White","psychostimulant"
2016,"Union",2.59114991990225,"White","psychostimulant"
2016,"Van Wert",2.70196578655012,"White","psychostimulant"
2016,"Vinton",3.29216861688962,"White","psychostimulant"
2016,"Warren",2.92688147038115,"White","psychostimulant"
2016,"Washington",3.16610806880788,"White","psychostimulant"
2016,"Wayne",3.96371487526885,"White","psychostimulant"
2016,"Williams",2.8019498534394,"White","psychostimulant"
2016,"Wood",1.95691481201061,"White","psychostimulant"
2016,"Wyandot",2.60774671965509,"White","psychostimulant"
2017,"Adams",4.34872757592585,"White","psychostimulant"
2017,"Allen",2.35172061231477,"White","psychostimulant"
2017,"Ashland",2.6003001918196,"White","psychostimulant"
2017,"Ashtabula",4.41392295794369,"White","psychostimulant"
2017,"Athens",3.35439640432859,"White","psychostimulant"
2017,"Auglaize",2.48177469733986,"White","psychostimulant"
2017,"Belmont",2.77633103674788,"White","psychostimulant"
2017,"Brown",4.75876555474647,"White","psychostimulant"
2017,"Butler",5.43869214830175,"White","psychostimulant"
2017,"Carroll",3.02907374995142,"White","psychostimulant"
2017,"Champaign",3.41245647321275,"White","psychostimulant"
2017,"Clark",4.07558360050704,"White","psychostimulant"
2017,"Clermont",4.76639601689881,"White","psychostimulant"
2017,"Clinton",5.24683672248061,"White","psychostimulant"
2017,"Columbiana",2.57383463047645,"White","psychostimulant"
2017,"Coshocton",3.35895754823889,"White","psychostimulant"
2017,"Crawford",3.32014487400994,"White","psychostimulant"
2017,"Cuyahoga",3.48252196547367,"White","psychostimulant"
2017,"Darke",4.54266549291025,"White","psychostimulant"
2017,"Defiance",2.57207747009585,"White","psychostimulant"
2017,"Delaware",2.25054118611307,"White","psychostimulant"
2017,"Erie",2.96774232636683,"White","psychostimulant"
2017,"Fairfield",3.6293453142441,"White","psychostimulant"
2017,"Fayette",4.81689405828802,"White","psychostimulant"
2017,"Franklin",2.83453915147531,"White","psychostimulant"
2017,"Fulton",2.17669974001638,"White","psychostimulant"
2017,"Gallia",4.27977685549262,"White","psychostimulant"
2017,"Geauga",3.45071228525771,"White","psychostimulant"
2017,"Greene",3.89620728541804,"White","psychostimulant"
2017,"Guernsey",3.87298965579262,"White","psychostimulant"
2017,"Hamilton",4.07274235375883,"White","psychostimulant"
2017,"Hancock",2.69920618528001,"White","psychostimulant"
2017,"Hardin",2.79068991587235,"White","psychostimulant"
2017,"Harrison",3.18976388105903,"White","psychostimulant"
2017,"Henry",2.16786379707768,"White","psychostimulant"
2017,"Highland",4.13520908484592,"White","psychostimulant"
2017,"Hocking",3.86625910158479,"White","psychostimulant"
2017,"Holmes",2.65459304274298,"White","psychostimulant"
2017,"Huron",2.52556064826418,"White","psychostimulant"
2017,"Jackson",4.19173144953166,"White","psychostimulant"
2017,"Jefferson",3.4308686912526,"White","psychostimulant"
2017,"Knox",3.39070636615133,"White","psychostimulant"
2017,"Lake",3.68823763708421,"White","psychostimulant"
2017,"Lawrence",4.4473523690771,"White","psychostimulant"
2017,"Licking",3.4220952158829,"White","psychostimulant"
2017,"Logan",3.53501702229739,"White","psychostimulant"
2017,"Lorain",2.95138588865999,"White","psychostimulant"
2017,"Lucas",1.35721177715714,"White","psychostimulant"
2017,"Madison",3.52264170218942,"White","psychostimulant"
2017,"Mahoning",3.07351777317465,"White","psychostimulant"
2017,"Marion",3.15880832369959,"White","psychostimulant"
2017,"Medina",2.9354345734638,"White","psychostimulant"
2017,"Meigs",4.04639783676785,"White","psychostimulant"
2017,"Mercer",2.60718775529601,"White","psychostimulant"
2017,"Miami",3.95450454857625,"White","psychostimulant"
2017,"Monroe",2.90707128711901,"White","psychostimulant"
2017,"Montgomery",4.97145953883665,"White","psychostimulant"
2017,"Morgan",3.14996377177638,"White","psychostimulant"
2017,"Morrow",3.16318508883801,"White","psychostimulant"
2017,"Muskingum",3.33768646486227,"White","psychostimulant"
2017,"Noble",3.52625918456139,"White","psychostimulant"
2017,"Ottawa",1.5877234691095,"White","psychostimulant"
2017,"Paulding",2.60069230381656,"White","psychostimulant"
2017,"Perry",3.68295392712538,"White","psychostimulant"
2017,"Pickaway",3.69153564669857,"White","psychostimulant"
2017,"Pike",4.88568155033918,"White","psychostimulant"
2017,"Portage",4.09422360101462,"White","psychostimulant"
2017,"Preble",4.64634184150157,"White","psychostimulant"
2017,"Putnam",1.9804078961978,"White","psychostimulant"
2017,"Richland",3.0327402838526,"White","psychostimulant"
2017,"Ross",4.32796141811321,"White","psychostimulant"
2017,"Sandusky",2.62654411564058,"White","psychostimulant"
2017,"Scioto",4.47942744946305,"White","psychostimulant"
2017,"Seneca",2.02667326544975,"White","psychostimulant"
2017,"Shelby",3.95248595673079,"White","psychostimulant"
2017,"Stark",3.85567466397749,"White","psychostimulant"
2017,"Summit",4.80610517708106,"White","psychostimulant"
2017,"Trumbull",3.4147798418596,"White","psychostimulant"
2017,"Tuscarawas",2.84113353973226,"White","psychostimulant"
2017,"Union",3.06569826379965,"White","psychostimulant"
2017,"Van Wert",3.00047032600686,"White","psychostimulant"
2017,"Vinton",3.8449743097315,"White","psychostimulant"
2017,"Warren",3.90092242335736,"White","psychostimulant"
2017,"Washington",3.95697477994933,"White","psychostimulant"
2017,"Wayne",4.14300990272022,"White","psychostimulant"
2017,"Williams",2.82027176876702,"White","psychostimulant"
2017,"Wood",1.99084691180469,"White","psychostimulant"
2017,"Wyandot",3.01436828310792,"White","psychostimulant"
2018,"Adams",4.9015615880977,"White","psychostimulant"
2018,"Allen",2.67483561601288,"White","psychostimulant"
2018,"Ashland",2.84668275996977,"White","psychostimulant"
2018,"Ashtabula",4.11844186410235,"White","psychostimulant"
2018,"Athens",3.82703823283789,"White","psychostimulant"
2018,"Auglaize",2.82744549410249,"White","psychostimulant"
2018,"Belmont",3.3269750154454,"White","psychostimulant"
2018,"Brown",4.98958105475024,"White","psychostimulant"
2018,"Butler",5.25631475803032,"White","psychostimulant"
2018,"Carroll",3.46099499603162,"White","psychostimulant"
2018,"Champaign",3.9087611870145,"White","psychostimulant"
2018,"Clark",4.41359629370203,"White","psychostimulant"
2018,"Clermont",4.56804316468769,"White","psychostimulant"
2018,"Clinton",5.34153999166928,"White","psychostimulant"
2018,"Columbiana",2.98126018872908,"White","psychostimulant"
2018,"Coshocton",3.9548200277053,"White","psychostimulant"
2018,"Crawford",3.85655000058394,"White","psychostimulant"
2018,"Cuyahoga",3.58628932034269,"White","psychostimulant"
2018,"Darke",4.70528062945032,"White","psychostimulant"
2018,"Defiance",3.08607599145687,"White","psychostimulant"
2018,"Delaware",2.81828126233939,"White","psychostimulant"
2018,"Erie",3.29257141650593,"White","psychostimulant"
2018,"Fairfield",4.00182070887677,"White","psychostimulant"
2018,"Fayette",5.01713125184389,"White","psychostimulant"
2018,"Franklin",3.93717011484563,"White","psychostimulant"
2018,"Fulton",2.83819213347696,"White","psychostimulant"
2018,"Gallia",5.07779573170432,"White","psychostimulant"
2018,"Geauga",3.2334767632885,"White","psychostimulant"
2018,"Greene",4.01868294548527,"White","psychostimulant"
2018,"Guernsey",4.3855361610924,"White","psychostimulant"
2018,"Hamilton",4.28539343162955,"White","psychostimulant"
2018,"Hancock",3.16868288697445,"White","psychostimulant"
2018,"Hardin",3.28006712970812,"White","psychostimulant"
2018,"Harrison",3.65082587661525,"White","psychostimulant"
2018,"Henry",2.75654919073646,"White","psychostimulant"
2018,"Highland",4.46261402037663,"White","psychostimulant"
2018,"Hocking",4.58124415738459,"White","psychostimulant"
2018,"Holmes",3.06662539135035,"White","psychostimulant"
2018,"Huron",2.76779363366108,"White","psychostimulant"
2018,"Jackson",4.92932876614623,"White","psychostimulant"
2018,"Jefferson",4.0680181695695,"White","psychostimulant"
2018,"Knox",3.64289798119366,"White","psychostimulant"
2018,"Lake",3.66083181879714,"White","psychostimulant"
2018,"Lawrence",5.15101666457842,"White","psychostimulant"
2018,"Licking",3.98536324175423,"White","psychostimulant"
2018,"Logan",3.73550352839529,"White","psychostimulant"
2018,"Lorain",3.16727562390647,"White","psychostimulant"
2018,"Lucas",1.84727303612287,"White","psychostimulant"
2018,"Madison",3.77726598649517,"White","psychostimulant"
2018,"Mahoning",3.68466099574594,"White","psychostimulant"
2018,"Marion",4.04371294075227,"White","psychostimulant"
2018,"Medina",3.03404369129951,"White","psychostimulant"
2018,"Meigs",5.00255370597961,"White","psychostimulant"
2018,"Mercer",2.88711355774821,"White","psychostimulant"
2018,"Miami",4.16647102205939,"White","psychostimulant"
2018,"Monroe",3.53888701658027,"White","psychostimulant"
2018,"Montgomery",4.86441476218201,"White","psychostimulant"
2018,"Morgan",3.84157994914594,"White","psychostimulant"
2018,"Morrow",3.76291592758974,"White","psychostimulant"
2018,"Muskingum",4.16870376104681,"White","psychostimulant"
2018,"Noble",4.2144416285476,"White","psychostimulant"
2018,"Ottawa",2.04755356784483,"White","psychostimulant"
2018,"Paulding",2.92465552729559,"White","psychostimulant"
2018,"Perry",4.50204027002466,"White","psychostimulant"
2018,"Pickaway",4.48452494160871,"White","psychostimulant"
2018,"Pike",5.36249985775612,"White","psychostimulant"
2018,"Portage",3.93711118711636,"White","psychostimulant"
2018,"Preble",4.5715994650501,"White","psychostimulant"
2018,"Putnam",2.38137680846733,"White","psychostimulant"
2018,"Richland",3.6193389835504,"White","psychostimulant"
2018,"Ross",5.1522788093449,"White","psychostimulant"
2018,"Sandusky",3.05127893980118,"White","psychostimulant"
2018,"Scioto",5.47414688721897,"White","psychostimulant"
2018,"Seneca",2.44515932969506,"White","psychostimulant"
2018,"Shelby",4.37541634060946,"White","psychostimulant"
2018,"Stark",4.0805865395705,"White","psychostimulant"
2018,"Summit",4.44387154215662,"White","psychostimulant"
2018,"Trumbull",3.7768199647291,"White","psychostimulant"
2018,"Tuscarawas",3.33000656694282,"White","psychostimulant"
2018,"Union",3.4797266410532,"White","psychostimulant"
2018,"Van Wert",3.42102143317108,"White","psychostimulant"
2018,"Vinton",4.54783832420062,"White","psychostimulant"
2018,"Warren",3.92604121939558,"White","psychostimulant"
2018,"Washington",4.37719574822668,"White","psychostimulant"
2018,"Wayne",4.19704718629634,"White","psychostimulant"
2018,"Williams",3.27300769193701,"White","psychostimulant"
2018,"Wood",2.38104903393807,"White","psychostimulant"
2018,"Wyandot",3.41078367530317,"White","psychostimulant"
2019,"Adams",5.29021147997041,"White","psychostimulant"
2019,"Allen",3.27871115190568,"White","psychostimulant"
2019,"Ashland",3.31543771714021,"White","psychostimulant"
2019,"Ashtabula",4.60624657196951,"White","psychostimulant"
2019,"Athens",4.16127827711128,"White","psychostimulant"
2019,"Auglaize",3.2996436796058,"White","psychostimulant"
2019,"Belmont",3.87373955341387,"White","psychostimulant"
2019,"Brown",4.89180874191712,"White","psychostimulant"
2019,"Butler",5.31714254457684,"White","psychostimulant"
2019,"Carroll",3.91980953498543,"White","psychostimulant"
2019,"Champaign",4.37629867273521,"White","psychostimulant"
2019,"Clark",4.6968204023968,"White","psychostimulant"
2019,"Clermont",4.94645102510634,"White","psychostimulant"
2019,"Clinton",5.56075403341446,"White","psychostimulant"
2019,"Columbiana",3.31942011742544,"White","psychostimulant"
2019,"Coshocton",4.35781866515098,"White","psychostimulant"
2019,"Crawford",4.6331938677343,"White","psychostimulant"
2019,"Cuyahoga",4.07729475037284,"White","psychostimulant"
2019,"Darke",4.77884297875035,"White","psychostimulant"
2019,"Defiance",3.93978556623611,"White","psychostimulant"
2019,"Delaware",3.50010904037124,"White","psychostimulant"
2019,"Erie",3.7972230820147,"White","psychostimulant"
2019,"Fairfield",4.39517332385917,"White","psychostimulant"
2019,"Fayette",5.31129976729637,"White","psychostimulant"
2019,"Franklin",4.27471585972674,"White","psychostimulant"
2019,"Fulton",3.43609505101222,"White","psychostimulant"
2019,"Gallia",5.55310092405892,"White","psychostimulant"
2019,"Geauga",3.4595913615831,"White","psychostimulant"
2019,"Greene",4.33305991854716,"White","psychostimulant"
2019,"Guernsey",4.54835174770687,"White","psychostimulant"
2019,"Hamilton",4.67254160926179,"White","psychostimulant"
2019,"Hancock",3.7043431638186,"White","psychostimulant"
2019,"Hardin",3.74445615267421,"White","psychostimulant"
2019,"Harrison",3.85775977990553,"White","psychostimulant"
2019,"Henry",3.25971263367352,"White","psychostimulant"
2019,"Highland",4.9398470847939,"White","psychostimulant"
2019,"Hocking",4.77793992852716,"White","psychostimulant"
2019,"Holmes",3.41711531830084,"White","psychostimulant"
2019,"Huron",3.27389678853543,"White","psychostimulant"
2019,"Jackson",5.17021096413546,"White","psychostimulant"
2019,"Jefferson",4.29250465258661,"White","psychostimulant"
2019,"Knox",4.02175027938904,"White","psychostimulant"
2019,"Lake",4.31410379587411,"White","psychostimulant"
2019,"Lawrence",5.28242678355428,"White","psychostimulant"
2019,"Licking",4.14891477505218,"White","psychostimulant"
2019,"Logan",4.10710246359238,"White","psychostimulant"
2019,"Lorain",3.88492295768771,"White","psychostimulant"
2019,"Lucas",2.85973232141536,"White","psychostimulant"
2019,"Madison",4.22610332556991,"White","psychostimulant"
2019,"Mahoning",3.75123671996203,"White","psychostimulant"
2019,"Marion",4.30980557755274,"White","psychostimulant"
2019,"Medina",3.36939758731981,"White","psychostimulant"
2019,"Meigs",5.65987420222705,"White","psychostimulant"
2019,"Mercer",3.32954772068043,"White","psychostimulant"
2019,"Miami",4.53197661752322,"White","psychostimulant"
2019,"Monroe",3.75985157435714,"White","psychostimulant"
2019,"Montgomery",5.09128747148495,"White","psychostimulant"
2019,"Morgan",4.16223070524071,"White","psychostimulant"
2019,"Morrow",4.43613276484696,"White","psychostimulant"
2019,"Muskingum",4.83294256341656,"White","psychostimulant"
2019,"Noble",4.47204323878969,"White","psychostimulant"
2019,"Ottawa",2.76551819907094,"White","psychostimulant"
2019,"Paulding",3.49386888097205,"White","psychostimulant"
2019,"Perry",5.07839321154242,"White","psychostimulant"
2019,"Pickaway",4.86536242820245,"White","psychostimulant"
2019,"Pike",5.64961661745697,"White","psychostimulant"
2019,"Portage",4.2785128803361,"White","psychostimulant"
2019,"Preble",4.85825012006385,"White","psychostimulant"
2019,"Putnam",2.96512692435911,"White","psychostimulant"
2019,"Richland",4.23375313638222,"White","psychostimulant"
2019,"Ross",5.45892819266417,"White","psychostimulant"
2019,"Sandusky",3.7222173500639,"White","psychostimulant"
2019,"Scioto",6.20697402066874,"White","psychostimulant"
2019,"Seneca",3.02327862745472,"White","psychostimulant"
2019,"Shelby",4.94411070377683,"White","psychostimulant"
2019,"Stark",4.37623048957351,"White","psychostimulant"
2019,"Summit",5.15076767226149,"White","psychostimulant"
2019,"Trumbull",4.18318116358965,"White","psychostimulant"
2019,"Tuscarawas",3.69938838081438,"White","psychostimulant"
2019,"Union",3.95071089075165,"White","psychostimulant"
2019,"Van Wert",4.00413770814369,"White","psychostimulant"
2019,"Vinton",4.94101782454532,"White","psychostimulant"
2019,"Warren",4.36392844248038,"White","psychostimulant"
2019,"Washington",4.57803568005892,"White","psychostimulant"
2019,"Wayne",4.61347760441786,"White","psychostimulant"
2019,"Williams",4.08816533421472,"White","psychostimulant"
2019,"Wood",2.9793818693511,"White","psychostimulant"
2019,"Wyandot",3.80483806693574,"White","psychostimulant"
2020,"Adams",5.35411975983304,"White","psychostimulant"
2020,"Allen",3.81838313045782,"White","psychostimulant"
2020,"Ashland",3.92597845492652,"White","psychostimulant"
2020,"Ashtabula",4.67338719419118,"White","psychostimulant"
2020,"Athens",4.94167323956206,"White","psychostimulant"
2020,"Auglaize",3.73516641880757,"White","psychostimulant"
2020,"Belmont",4.49802285158536,"White","psychostimulant"
2020,"Brown",4.98515669479369,"White","psychostimulant"
2020,"Butler",5.52817061787534,"White","psychostimulant"
2020,"Carroll",4.53263841185634,"White","psychostimulant"
2020,"Champaign",4.81139965807621,"White","psychostimulant"
2020,"Clark",5.05555440651069,"White","psychostimulant"
2020,"Clermont",4.84816783114879,"White","psychostimulant"
2020,"Clinton",5.70154596306484,"White","psychostimulant"
2020,"Columbiana",4.01918323557061,"White","psychostimulant"
2020,"Coshocton",4.91399037421754,"White","psychostimulant"
2020,"Crawford",4.83089274574791,"White","psychostimulant"
2020,"Cuyahoga",4.30500536593277,"White","psychostimulant"
2020,"Darke",5.11050447895138,"White","psychostimulant"
2020,"Defiance",4.42107402475717,"White","psychostimulant"
2020,"Delaware",3.77190000785661,"White","psychostimulant"
2020,"Erie",4.2771349731753,"White","psychostimulant"
2020,"Fairfield",4.98139365091708,"White","psychostimulant"
2020,"Fayette",5.57445833676348,"White","psychostimulant"
2020,"Franklin",4.66066201639508,"White","psychostimulant"
2020,"Fulton",4.09329626138081,"White","psychostimulant"
2020,"Gallia",6.28264325781836,"White","psychostimulant"
2020,"Geauga",3.78144517511883,"White","psychostimulant"
2020,"Greene",4.41635066183777,"White","psychostimulant"
2020,"Guernsey",4.6793467176861,"White","psychostimulant"
2020,"Hamilton",4.63475673813197,"White","psychostimulant"
2020,"Hancock",4.30579268968112,"White","psychostimulant"
2020,"Hardin",4.17581976515261,"White","psychostimulant"
2020,"Harrison",4.2773069314809,"White","psychostimulant"
2020,"Henry",3.70611388955578,"White","psychostimulant"
2020,"Highland",5.09625729448108,"White","psychostimulant"
2020,"Hocking",5.10142948840058,"White","psychostimulant"
2020,"Holmes",3.95056559959707,"White","psychostimulant"
2020,"Huron",3.85821913473517,"White","psychostimulant"
2020,"Jackson",5.6491640564802,"White","psychostimulant"
2020,"Jefferson",4.50484792902962,"White","psychostimulant"
2020,"Knox",4.51791639729207,"White","psychostimulant"
2020,"Lake",4.92201428645194,"White","psychostimulant"
2020,"Lawrence",5.89415853082886,"White","psychostimulant"
2020,"Licking",4.31177247240814,"White","psychostimulant"
2020,"Logan",4.33753105915354,"White","psychostimulant"
2020,"Lorain",4.60743438073851,"White","psychostimulant"
2020,"Lucas",3.33090276486925,"White","psychostimulant"
2020,"Madison",4.60125297625734,"White","psychostimulant"
2020,"Mahoning",4.47176275654735,"White","psychostimulant"
2020,"Marion",4.84396243122336,"White","psychostimulant"
2020,"Medina",3.85154514747032,"White","psychostimulant"
2020,"Meigs",6.29954288454688,"White","psychostimulant"
2020,"Mercer",3.93814258527438,"White","psychostimulant"
2020,"Miami",5.15015498437204,"White","psychostimulant"
2020,"Monroe",4.2527190267384,"White","psychostimulant"
2020,"Montgomery",5.35737241382961,"White","psychostimulant"
2020,"Morgan",4.7344331245744,"White","psychostimulant"
2020,"Morrow",5.02468188017501,"White","psychostimulant"
2020,"Muskingum",5.22815220700111,"White","psychostimulant"
2020,"Noble",4.88467268728268,"White","psychostimulant"
2020,"Ottawa",3.14699061687005,"White","psychostimulant"
2020,"Paulding",4.043978435489,"White","psychostimulant"
2020,"Perry",5.50851749016826,"White","psychostimulant"
2020,"Pickaway",5.4355798952285,"White","psychostimulant"
2020,"Pike",5.85880451860475,"White","psychostimulant"
2020,"Portage",4.48188418535752,"White","psychostimulant"
2020,"Preble",5.28541128690279,"White","psychostimulant"
2020,"Putnam",3.46696018591034,"White","psychostimulant"
2020,"Richland",4.53809845664228,"White","psychostimulant"
2020,"Ross",5.79688136122437,"White","psychostimulant"
2020,"Sandusky",3.93217734377396,"White","psychostimulant"
2020,"Scioto",6.61693079956358,"White","psychostimulant"
2020,"Seneca",3.59407598551606,"White","psychostimulant"
2020,"Shelby",5.54048690332234,"White","psychostimulant"
2020,"Stark",4.64223858765413,"White","psychostimulant"
2020,"Summit",5.05606757037356,"White","psychostimulant"
2020,"Trumbull",4.63700873149127,"White","psychostimulant"
2020,"Tuscarawas",4.27781803259184,"White","psychostimulant"
2020,"Union",4.16658516835924,"White","psychostimulant"
2020,"Van Wert",4.30658178304023,"White","psychostimulant"
2020,"Vinton",5.73026169208122,"White","psychostimulant"
2020,"Warren",4.54539450551353,"White","psychostimulant"
2020,"Washington",5.15585270722528,"White","psychostimulant"
2020,"Wayne",4.90110759098976,"White","psychostimulant"
2020,"Williams",4.53767423623664,"White","psychostimulant"
2020,"Wood",3.21404559275916,"White","psychostimulant"
2020,"Wyandot",4.27813232752918,"White","psychostimulant"
2010,"Adams",-1.29382176654867,"Black","psychostimulant"
2010,"Allen",-1.68995548790573,"Black","psychostimulant"
2010,"Ashland",-1.46613578593638,"Black","psychostimulant"
2010,"Ashtabula",-1.27352309750678,"Black","psychostimulant"
2010,"Athens",-1.44879268089743,"Black","psychostimulant"
2010,"Auglaize",-1.66830972672306,"Black","psychostimulant"
2010,"Belmont",-1.50348481789496,"Black","psychostimulant"
2010,"Brown",-1.27697057195633,"Black","psychostimulant"
2010,"Butler",-1.41087674023532,"Black","psychostimulant"
2010,"Carroll",-1.45611182638605,"Black","psychostimulant"
2010,"Champaign",-1.59243568813636,"Black","psychostimulant"
2010,"Clark",-1.57378786818537,"Black","psychostimulant"
2010,"Clermont",-1.33744220543001,"Black","psychostimulant"
2010,"Clinton",-1.29891336657423,"Black","psychostimulant"
2010,"Columbiana",-1.46107534792722,"Black","psychostimulant"
2010,"Coshocton",-1.42206525236717,"Black","psychostimulant"
2010,"Crawford",-1.51678018024515,"Black","psychostimulant"
2010,"Cuyahoga",-1.1969697131224,"Black","psychostimulant"
2010,"Darke",-1.55618277012355,"Black","psychostimulant"
2010,"Defiance",-1.66080374349966,"Black","psychostimulant"
2010,"Delaware",-1.5309763404934,"Black","psychostimulant"
2010,"Erie",-1.5257981260621,"Black","psychostimulant"
2010,"Fairfield",-1.45604885223743,"Black","psychostimulant"
2010,"Fayette",-1.37291875333651,"Black","psychostimulant"
2010,"Franklin",-1.50120223309689,"Black","psychostimulant"
2010,"Fulton",-1.67989276349534,"Black","psychostimulant"
2010,"Gallia",-1.38840860018074,"Black","psychostimulant"
2010,"Geauga",-1.37060417762306,"Black","psychostimulant"
2010,"Greene",-1.52595642007307,"Black","psychostimulant"
2010,"Guernsey",-1.40847113075975,"Black","psychostimulant"
2010,"Hamilton",-1.40639812722006,"Black","psychostimulant"
2010,"Hancock",-1.65944575145563,"Black","psychostimulant"
2010,"Hardin",-1.61347611472791,"Black","psychostimulant"
2010,"Harrison",-1.45186176400462,"Black","psychostimulant"
2010,"Henry",-1.69998353534917,"Black","psychostimulant"
2010,"Highland",-1.29134081422082,"Black","psychostimulant"
2010,"Hocking",-1.4099900745962,"Black","psychostimulant"
2010,"Holmes",-1.46298261869532,"Black","psychostimulant"
2010,"Huron",-1.53440433463965,"Black","psychostimulant"
2010,"Jackson",-1.38766566886747,"Black","psychostimulant"
2010,"Jefferson",-1.4870830661802,"Black","psychostimulant"
2010,"Knox",-1.40116406441169,"Black","psychostimulant"
2010,"Lake",-1.29860269645632,"Black","psychostimulant"
2010,"Lawrence",-1.40830080015996,"Black","psychostimulant"
2010,"Licking",-1.43312858332505,"Black","psychostimulant"
2010,"Logan",-1.56290776409065,"Black","psychostimulant"
2010,"Lorain",-1.41726082282254,"Black","psychostimulant"
2010,"Lucas",-1.79169732144654,"Black","psychostimulant"
2010,"Madison",-1.51957488839848,"Black","psychostimulant"
2010,"Mahoning",-1.42173802915832,"Black","psychostimulant"
2010,"Marion",-1.49766772164299,"Black","psychostimulant"
2010,"Medina",-1.41853120935358,"Black","psychostimulant"
2010,"Meigs",-1.36069672718717,"Black","psychostimulant"
2010,"Mercer",-1.69227640200786,"Black","psychostimulant"
2010,"Miami",-1.61578362688744,"Black","psychostimulant"
2010,"Monroe",-1.5087665285885,"Black","psychostimulant"
2010,"Montgomery",-1.5464538681694,"Black","psychostimulant"
2010,"Morgan",-1.46456674640194,"Black","psychostimulant"
2010,"Morrow",-1.49337795063634,"Black","psychostimulant"
2010,"Muskingum",-1.45011842109775,"Black","psychostimulant"
2010,"Noble",-1.4410709826201,"Black","psychostimulant"
2010,"Ottawa",-1.75241698713571,"Black","psychostimulant"
2010,"Paulding",-1.65201945651487,"Black","psychostimulant"
2010,"Perry",-1.42511183680298,"Black","psychostimulant"
2010,"Pickaway",-1.43593201397284,"Black","psychostimulant"
2010,"Pike",-1.29770762143338,"Black","psychostimulant"
2010,"Portage",-1.38351676185036,"Black","psychostimulant"
2010,"Preble",-1.51425773284171,"Black","psychostimulant"
2010,"Putnam",-1.70479625843297,"Black","psychostimulant"
2010,"Richland",-1.51777426027163,"Black","psychostimulant"
2010,"Ross",-1.33890462538856,"Black","psychostimulant"
2010,"Sandusky",-1.60801207395777,"Black","psychostimulant"
2010,"Scioto",-1.34057464354337,"Black","psychostimulant"
2010,"Seneca",-1.63327921679855,"Black","psychostimulant"
2010,"Shelby",-1.59310039240929,"Black","psychostimulant"
2010,"Stark",-1.3961788650565,"Black","psychostimulant"
2010,"Summit",-1.33383006268578,"Black","psychostimulant"
2010,"Trumbull",-1.37572184507458,"Black","psychostimulant"
2010,"Tuscarawas",-1.44699158840046,"Black","psychostimulant"
2010,"Union",-1.56098144639288,"Black","psychostimulant"
2010,"Van Wert",-1.6633027165151,"Black","psychostimulant"
2010,"Vinton",-1.37815693970626,"Black","psychostimulant"
2010,"Warren",-1.50244068069163,"Black","psychostimulant"
2010,"Washington",-1.45678028606073,"Black","psychostimulant"
2010,"Wayne",-1.29974090614155,"Black","psychostimulant"
2010,"Williams",-1.64899682519278,"Black","psychostimulant"
2010,"Wood",-1.71731441961642,"Black","psychostimulant"
2010,"Wyandot",-1.58096678955858,"Black","psychostimulant"
2011,"Adams",-0.54286940846799,"Black","psychostimulant"
2011,"Allen",-1.32233474672857,"Black","psychostimulant"
2011,"Ashland",-0.901622997342781,"Black","psychostimulant"
2011,"Ashtabula",-0.528591751634777,"Black","psychostimulant"
2011,"Athens",-0.861738193924004,"Black","psychostimulant"
2011,"Auglaize",-1.29277794282699,"Black","psychostimulant"
2011,"Belmont",-0.952868340495013,"Black","psychostimulant"
2011,"Brown",-0.519302398424803,"Black","psychostimulant"
2011,"Butler",-0.814254231156094,"Black","psychostimulant"
2011,"Carroll",-0.894129564147573,"Black","psychostimulant"
2011,"Champaign",-1.13771983919441,"Black","psychostimulant"
2011,"Clark",-1.1076060973671,"Black","psychostimulant"
2011,"Clermont",-0.665434829701509,"Black","psychostimulant"
2011,"Clinton",-0.592205394170512,"Black","psychostimulant"
2011,"Columbiana",-0.899152807733465,"Black","psychostimulant"
2011,"Coshocton",-0.832840037905821,"Black","psychostimulant"
2011,"Crawford",-1.00843904728031,"Black","psychostimulant"
2011,"Cuyahoga",-0.761329259860154,"Black","psychostimulant"
2011,"Darke",-1.06376775583153,"Black","psychostimulant"
2011,"Defiance",-1.25274696768576,"Black","psychostimulant"
2011,"Delaware",-1.03338857960417,"Black","psychostimulant"
2011,"Erie",-0.983865301357509,"Black","psychostimulant"
2011,"Fairfield",-0.899112695832831,"Black","psychostimulant"
2011,"Fayette",-0.724404928317226,"Black","psychostimulant"
2011,"Franklin",-0.970330312328496,"Black","psychostimulant"
2011,"Fulton",-1.29759489993706,"Black","psychostimulant"
2011,"Gallia",-0.778082467613983,"Black","psychostimulant"
2011,"Geauga",-0.728700573213807,"Black","psychostimulant"
2011,"Greene",-1.00676338174471,"Black","psychostimulant"
2011,"Guernsey",-0.796324286687042,"Black","psychostimulant"
2011,"Hamilton",-0.728248745664661,"Black","psychostimulant"
2011,"Hancock",-1.2387203949606,"Black","psychostimulant"
2011,"Hardin",-1.18053197340602,"Black","psychostimulant"
2011,"Harrison",-0.872694605188917,"Black","psychostimulant"
2011,"Henry",-1.33504145851131,"Black","psychostimulant"
2011,"Highland",-0.567382854095781,"Black","psychostimulant"
2011,"Hocking",-0.811462724625944,"Black","psychostimulant"
2011,"Holmes",-0.893298144679042,"Black","psychostimulant"
2011,"Huron",-1.02604261652441,"Black","psychostimulant"
2011,"Jackson",-0.773800054711825,"Black","psychostimulant"
2011,"Jefferson",-0.938834512929531,"Black","psychostimulant"
2011,"Knox",-0.82984919699188,"Black","psychostimulant"
2011,"Lake",-0.565712909286246,"Black","psychostimulant"
2011,"Lawrence",-0.811568715028578,"Black","psychostimulant"
2011,"Licking",-0.857989665826307,"Black","psychostimulant"
2011,"Logan",-1.09787179885919,"Black","psychostimulant"
2011,"Lorain",-0.791441774357218,"Black","psychostimulant"
2011,"Lucas",-1.5134778282238,"Black","psychostimulant"
2011,"Madison",-1.01209028960697,"Black","psychostimulant"
2011,"Mahoning",-0.824681394716634,"Black","psychostimulant"
2011,"Marion",-0.955314408709992,"Black","psychostimulant"
2011,"Medina",-0.805649859538855,"Black","psychostimulant"
2011,"Meigs",-0.704862354655662,"Black","psychostimulant"
2011,"Mercer",-1.3032273431498,"Black","psychostimulant"
2011,"Miami",-1.17987712003039,"Black","psychostimulant"
2011,"Monroe",-0.980236046526541,"Black","psychostimulant"
2011,"Montgomery",-1.06779747585018,"Black","psychostimulant"
2011,"Morgan",-0.925071261645246,"Black","psychostimulant"
2011,"Morrow",-0.948865290201642,"Black","psychostimulant"
2011,"Muskingum",-0.878179014667536,"Black","psychostimulant"
2011,"Noble",-0.860728943852413,"Black","psychostimulant"
2011,"Ottawa",-1.4264357589514,"Black","psychostimulant"
2011,"Paulding",-1.23825526912124,"Black","psychostimulant"
2011,"Perry",-0.840293934103641,"Black","psychostimulant"
2011,"Pickaway",-0.840244330545936,"Black","psychostimulant"
2011,"Pike",-0.574132354827301,"Black","psychostimulant"
2011,"Portage",-0.757293821510953,"Black","psychostimulant"
2011,"Preble",-1.00131421701243,"Black","psychostimulant"
2011,"Putnam",-1.33858354245928,"Black","psychostimulant"
2011,"Richland",-1.01504311437382,"Black","psychostimulant"
2011,"Ross",-0.682853873982736,"Black","psychostimulant"
2011,"Sandusky",-1.13524350473486,"Black","psychostimulant"
2011,"Scioto",-0.68660619650483,"Black","psychostimulant"
2011,"Seneca",-1.22348857888601,"Black","psychostimulant"
2011,"Shelby",-1.12592575282883,"Black","psychostimulant"
2011,"Stark",-0.758016544582956,"Black","psychostimulant"
2011,"Summit",-0.644312894494639,"Black","psychostimulant"
2011,"Trumbull",-0.781513943286926,"Black","psychostimulant"
2011,"Tuscarawas",-0.84948614485148,"Black","psychostimulant"
2011,"Union",-1.09240656247697,"Black","psychostimulant"
2011,"Van Wert",-1.2531369303402,"Black","psychostimulant"
2011,"Vinton",-0.747470454204725,"Black","psychostimulant"
2011,"Warren",-0.967480309869079,"Black","psychostimulant"
2011,"Washington",-0.898734564225298,"Black","psychostimulant"
2011,"Wayne",-0.557533079701924,"Black","psychostimulant"
2011,"Williams",-1.23799457645092,"Black","psychostimulant"
2011,"Wood",-1.36596660345026,"Black","psychostimulant"
2011,"Wyandot",-1.12229130356814,"Black","psychostimulant"
2012,"Adams",0.168159376130432,"Black","psychostimulant"
2012,"Allen",-0.848338655810976,"Black","psychostimulant"
2012,"Ashland",-0.3939119501277,"Black","psychostimulant"
2012,"Ashtabula",0.0797841064035146,"Black","psychostimulant"
2012,"Athens",-0.297595438998254,"Black","psychostimulant"
2012,"Auglaize",-0.827593832533849,"Black","psychostimulant"
2012,"Belmont",-0.440180121435789,"Black","psychostimulant"
2012,"Brown",0.202076530357207,"Black","psychostimulant"
2012,"Butler",-0.203083750174935,"Black","psychostimulant"
2012,"Carroll",-0.3638909450474,"Black","psychostimulant"
2012,"Champaign",-0.640474380495685,"Black","psychostimulant"
2012,"Clark",-0.559544219737168,"Black","psychostimulant"
2012,"Clermont",0.0273919539864517,"Black","psychostimulant"
2012,"Clinton",0.134799181159226,"Black","psychostimulant"
2012,"Columbiana",-0.384369625274315,"Black","psychostimulant"
2012,"Coshocton",-0.267934083602516,"Black","psychostimulant"
2012,"Crawford",-0.477440255337958,"Black","psychostimulant"
2012,"Cuyahoga",-0.326536438411241,"Black","psychostimulant"
2012,"Darke",-0.483745763586192,"Black","psychostimulant"
2012,"Defiance",-0.70645877548846,"Black","psychostimulant"
2012,"Delaware",-0.569576768571382,"Black","psychostimulant"
2012,"Erie",-0.451884996083552,"Black","psychostimulant"
2012,"Fairfield",-0.344995441458428,"Black","psychostimulant"
2012,"Fayette",-0.0757999834293955,"Black","psychostimulant"
2012,"Franklin",-0.470540687376592,"Black","psychostimulant"
2012,"Fulton",-0.792132818100351,"Black","psychostimulant"
2012,"Gallia",-0.207540465162563,"Black","psychostimulant"
2012,"Geauga",-0.226779821545009,"Black","psychostimulant"
2012,"Greene",-0.465840984338686,"Black","psychostimulant"
2012,"Guernsey",-0.209498121082658,"Black","psychostimulant"
2012,"Hamilton",-0.394452763299755,"Black","psychostimulant"
2012,"Hancock",-0.742383658186769,"Black","psychostimulant"
2012,"Hardin",-0.680260205002407,"Black","psychostimulant"
2012,"Harrison",-0.333580795493651,"Black","psychostimulant"
2012,"Henry",-0.849887330301625,"Black","psychostimulant"
2012,"Highland",0.142224814954098,"Black","psychostimulant"
2012,"Hocking",-0.226907695897085,"Black","psychostimulant"
2012,"Holmes",-0.386395202734292,"Black","psychostimulant"
2012,"Huron",-0.511829396390779,"Black","psychostimulant"
2012,"Jackson",-0.154340070554097,"Black","psychostimulant"
2012,"Jefferson",-0.413885021277659,"Black","psychostimulant"
2012,"Knox",-0.246915835149895,"Black","psychostimulant"
2012,"Lake",-0.0476535761979825,"Black","psychostimulant"
2012,"Lawrence",-0.224761632771586,"Black","psychostimulant"
2012,"Licking",-0.305336364319205,"Black","psychostimulant"
2012,"Logan",-0.559642795742351,"Black","psychostimulant"
2012,"Lorain",-0.166841253903583,"Black","psychostimulant"
2012,"Lucas",-1.10671831221386,"Black","psychostimulant"
2012,"Madison",-0.482938635879418,"Black","psychostimulant"
2012,"Mahoning",-0.344484883648095,"Black","psychostimulant"
2012,"Marion",-0.379335648886379,"Black","psychostimulant"
2012,"Medina",-0.255613013230835,"Black","psychostimulant"
2012,"Meigs",-0.152274639319045,"Black","psychostimulant"
2012,"Mercer",-0.849444223160425,"Black","psychostimulant"
2012,"Miami",-0.670871932257717,"Black","psychostimulant"
2012,"Monroe",-0.474673462424708,"Black","psychostimulant"
2012,"Montgomery",-0.5194950408072,"Black","psychostimulant"
2012,"Morgan",-0.383627293525498,"Black","psychostimulant"
2012,"Morrow",-0.403523400570293,"Black","psychostimulant"
2012,"Muskingum",-0.323601368749264,"Black","psychostimulant"
2012,"Noble",-0.29151305498976,"Black","psychostimulant"
2012,"Ottawa",-0.998760970706897,"Black","psychostimulant"
2012,"Paulding",-0.72257023853978,"Black","psychostimulant"
2012,"Perry",-0.253265791738066,"Black","psychostimulant"
2012,"Pickaway",-0.314696546804876,"Black","psychostimulant"
2012,"Pike",0.0988659265707498,"Black","psychostimulant"
2012,"Portage",-0.22859974828912,"Black","psychostimulant"
2012,"Preble",-0.413857645762071,"Black","psychostimulant"
2012,"Putnam",-0.876177400069567,"Black","psychostimulant"
2012,"Richland",-0.500707605768109,"Black","psychostimulant"
2012,"Ross",-0.047226070239881,"Black","psychostimulant"
2012,"Sandusky",-0.646569039945439,"Black","psychostimulant"
2012,"Scioto",-0.0526461986958978,"Black","psychostimulant"
2012,"Seneca",-0.743226305728873,"Black","psychostimulant"
2012,"Shelby",-0.589120696783928,"Black","psychostimulant"
2012,"Stark",-0.190866662873426,"Black","psychostimulant"
2012,"Summit",-0.0152893635729401,"Black","psychostimulant"
2012,"Trumbull",-0.341416588819706,"Black","psychostimulant"
2012,"Tuscarawas",-0.319805459253894,"Black","psychostimulant"
2012,"Union",-0.588953230405193,"Black","psychostimulant"
2012,"Van Wert",-0.750131599619435,"Black","psychostimulant"
2012,"Vinton",-0.147552309481972,"Black","psychostimulant"
2012,"Warren",-0.442810890354073,"Black","psychostimulant"
2012,"Washington",-0.335627315374409,"Black","psychostimulant"
2012,"Wayne",0.112163330317308,"Black","psychostimulant"
2012,"Williams",-0.687005347524903,"Black","psychostimulant"
2012,"Wood",-0.928326128603246,"Black","psychostimulant"
2012,"Wyandot",-0.599574511037045,"Black","psychostimulant"
2013,"Adams",0.9928819960434,"Black","psychostimulant"
2013,"Allen",-0.35811810292023,"Black","psychostimulant"
2013,"Ashland",-0.00818663767803723,"Black","psychostimulant"
2013,"Ashtabula",0.542489653342628,"Black","psychostimulant"
2013,"Athens",0.255753768375871,"Black","psychostimulant"
2013,"Auglaize",-0.292784600264732,"Black","psychostimulant"
2013,"Belmont",0.0408256114076308,"Black","psychostimulant"
2013,"Brown",1.03548673201542,"Black","psychostimulant"
2013,"Butler",0.578509569527282,"Black","psychostimulant"
2013,"Carroll",0.090713541003202,"Black","psychostimulant"
2013,"Champaign",-0.0490653611188243,"Black","psychostimulant"
2013,"Clark",0.0908462504863612,"Black","psychostimulant"
2013,"Clermont",0.854360130280488,"Black","psychostimulant"
2013,"Clinton",0.950403742342884,"Black","psychostimulant"
2013,"Columbiana",0.0525676455650092,"Black","psychostimulant"
2013,"Coshocton",0.252452930630515,"Black","psychostimulant"
2013,"Crawford",0.0259893891577662,"Black","psychostimulant"
2013,"Cuyahoga",0.0850109454216231,"Black","psychostimulant"
2013,"Darke",0.187105409398244,"Black","psychostimulant"
2013,"Defiance",-0.186275856266558,"Black","psychostimulant"
2013,"Delaware",-0.0921005958178581,"Black","psychostimulant"
2013,"Erie",0.0237468142793964,"Black","psychostimulant"
2013,"Fairfield",0.233988492849716,"Black","psychostimulant"
2013,"Fayette",0.667426088337399,"Black","psychostimulant"
2013,"Franklin",0.266698454097884,"Black","psychostimulant"
2013,"Fulton",-0.367133812328909,"Black","psychostimulant"
2013,"Gallia",0.459808491843202,"Black","psychostimulant"
2013,"Geauga",0.117238884555057,"Black","psychostimulant"
2013,"Greene",0.192772753073238,"Black","psychostimulant"
2013,"Guernsey",0.351963193876563,"Black","psychostimulant"
2013,"Hamilton",0.145011338037785,"Black","psychostimulant"
2013,"Hancock",-0.250107776306181,"Black","psychostimulant"
2013,"Hardin",-0.160230920649997,"Black","psychostimulant"
2013,"Harrison",0.153962834845446,"Black","psychostimulant"
2013,"Henry",-0.399684751608547,"Black","psychostimulant"
2013,"Highland",0.929449005435057,"Black","psychostimulant"
2013,"Hocking",0.399176451424962,"Black","psychostimulant"
2013,"Holmes",0.0405664951674979,"Black","psychostimulant"
2013,"Huron",-0.0931914397105393,"Black","psychostimulant"
2013,"Jackson",0.529195842336035,"Black","psychostimulant"
2013,"Jefferson",0.0715007908952773,"Black","psychostimulant"
2013,"Knox",0.279712982355492,"Black","psychostimulant"
2013,"Lake",0.199579088581673,"Black","psychostimulant"
2013,"Lawrence",0.459446808067055,"Black","psychostimulant"
2013,"Licking",0.280147405505148,"Black","psychostimulant"
2013,"Logan",0.0473871701258188,"Black","psychostimulant"
2013,"Lorain",0.395888128004371,"Black","psychostimulant"
2013,"Lucas",-0.720455214547152,"Black","psychostimulant"
2013,"Madison",0.140136004988785,"Black","psychostimulant"
2013,"Mahoning",-0.00214280750561572,"Black","psychostimulant"
2013,"Marion",0.160677963366162,"Black","psychostimulant"
2013,"Medina",0.0654492951316414,"Black","psychostimulant"
2013,"Meigs",0.476721201136083,"Black","psychostimulant"
2013,"Mercer",-0.304934738486789,"Black","psychostimulant"
2013,"Miami",-0.0472525417890548,"Black","psychostimulant"
2013,"Monroe",0.0483457580461002,"Black","psychostimulant"
2013,"Montgomery",0.167121882724554,"Black","psychostimulant"
2013,"Morgan",0.152281145887416,"Black","psychostimulant"
2013,"Morrow",0.104939721318196,"Black","psychostimulant"
2013,"Muskingum",0.264484577676938,"Black","psychostimulant"
2013,"Noble",0.274035196929155,"Black","psychostimulant"
2013,"Ottawa",-0.610260331310052,"Black","psychostimulant"
2013,"Paulding",-0.183099316244221,"Black","psychostimulant"
2013,"Perry",0.342544509402588,"Black","psychostimulant"
2013,"Pickaway",0.311578485861487,"Black","psychostimulant"
2013,"Pike",0.873179649899082,"Black","psychostimulant"
2013,"Portage",0.168508522811003,"Black","psychostimulant"
2013,"Preble",0.29721542222263,"Black","psychostimulant"
2013,"Putnam",-0.414178614867582,"Black","psychostimulant"
2013,"Richland",-0.0668951712654831,"Black","psychostimulant"
2013,"Ross",0.674197547820459,"Black","psychostimulant"
2013,"Sandusky",-0.164168688167821,"Black","psychostimulant"
2013,"Scioto",0.715417245117766,"Black","psychostimulant"
2013,"Seneca",-0.309725960990352,"Black","psychostimulant"
2013,"Shelby",0.0279060878123532,"Black","psychostimulant"
2013,"Stark",0.260873482639682,"Black","psychostimulant"
2013,"Summit",0.449399955379839,"Black","psychostimulant"
2013,"Trumbull",-0.00937619561103939,"Black","psychostimulant"
2013,"Tuscarawas",0.122762855652144,"Black","psychostimulant"
2013,"Union",-0.0505588753691638,"Black","psychostimulant"
2013,"Van Wert",-0.206683708254831,"Black","psychostimulant"
2013,"Vinton",0.502748095598661,"Black","psychostimulant"
2013,"Warren",0.213937140656328,"Black","psychostimulant"
2013,"Washington",0.224777368615421,"Black","psychostimulant"
2013,"Wayne",0.573661101783077,"Black","psychostimulant"
2013,"Williams",-0.172942657683426,"Black","psychostimulant"
2013,"Wood",-0.490918690506662,"Black","psychostimulant"
2013,"Wyandot",-0.110497431944081,"Black","psychostimulant"
2014,"Adams",1.55848502660167,"Black","psychostimulant"
2014,"Allen",0.195424577083457,"Black","psychostimulant"
2014,"Ashland",0.485337124317007,"Black","psychostimulant"
2014,"Ashtabula",1.35441703967561,"Black","psychostimulant"
2014,"Athens",0.725271635400582,"Black","psychostimulant"
2014,"Auglaize",0.263457730026237,"Black","psychostimulant"
2014,"Belmont",0.515168550731746,"Black","psychostimulant"
2014,"Brown",1.60956543881872,"Black","psychostimulant"
2014,"Butler",1.29642347210537,"Black","psychostimulant"
2014,"Carroll",0.57784064880832,"Black","psychostimulant"
2014,"Champaign",0.523842835327346,"Black","psychostimulant"
2014,"Clark",0.744509611700024,"Black","psychostimulant"
2014,"Clermont",1.37188777680873,"Black","psychostimulant"
2014,"Clinton",1.58203633305269,"Black","psychostimulant"
2014,"Columbiana",0.549387620826862,"Black","psychostimulant"
2014,"Coshocton",0.760152965544513,"Black","psychostimulant"
2014,"Crawford",0.593338686112983,"Black","psychostimulant"
2014,"Cuyahoga",0.395670867291047,"Black","psychostimulant"
2014,"Darke",0.890051032645008,"Black","psychostimulant"
2014,"Defiance",0.431582885867751,"Black","psychostimulant"
2014,"Delaware",0.327021248790338,"Black","psychostimulant"
2014,"Erie",0.590560576707104,"Black","psychostimulant"
2014,"Fairfield",0.725588411599339,"Black","psychostimulant"
2014,"Fayette",1.25597709581374,"Black","psychostimulant"
2014,"Franklin",0.641905726268216,"Black","psychostimulant"
2014,"Fulton",0.148778348329699,"Black","psychostimulant"
2014,"Gallia",0.992973394143388,"Black","psychostimulant"
2014,"Geauga",0.726915250494612,"Black","psychostimulant"
2014,"Greene",0.773302742307252,"Black","psychostimulant"
2014,"Guernsey",0.88302879871353,"Black","psychostimulant"
2014,"Hamilton",0.546692603188252,"Black","psychostimulant"
2014,"Hancock",0.308821180233473,"Black","psychostimulant"
2014,"Hardin",0.402308816017279,"Black","psychostimulant"
2014,"Harrison",0.676146236291246,"Black","psychostimulant"
2014,"Henry",0.150243607814398,"Black","psychostimulant"
2014,"Highland",1.51140335057184,"Black","psychostimulant"
2014,"Hocking",0.924809970918148,"Black","psychostimulant"
2014,"Holmes",0.515137099954485,"Black","psychostimulant"
2014,"Huron",0.441343257923786,"Black","psychostimulant"
2014,"Jackson",1.04573725603747,"Black","psychostimulant"
2014,"Jefferson",0.576989949837295,"Black","psychostimulant"
2014,"Knox",0.860171886587071,"Black","psychostimulant"
2014,"Lake",0.762604654119334,"Black","psychostimulant"
2014,"Lawrence",0.989156236492196,"Black","psychostimulant"
2014,"Licking",0.741175427037108,"Black","psychostimulant"
2014,"Logan",0.647114845850778,"Black","psychostimulant"
2014,"Lorain",0.748377424414368,"Black","psychostimulant"
2014,"Lucas",-0.250189777001524,"Black","psychostimulant"
2014,"Madison",0.671910810358175,"Black","psychostimulant"
2014,"Mahoning",0.490655540656033,"Black","psychostimulant"
2014,"Marion",0.700135210866917,"Black","psychostimulant"
2014,"Medina",0.57140816230529,"Black","psychostimulant"
2014,"Meigs",0.974850285585162,"Black","psychostimulant"
2014,"Mercer",0.258971007757865,"Black","psychostimulant"
2014,"Miami",0.56762297533516,"Black","psychostimulant"
2014,"Monroe",0.513942276504972,"Black","psychostimulant"
2014,"Montgomery",0.84118145199002,"Black","psychostimulant"
2014,"Morgan",0.659170732017117,"Black","psychostimulant"
2014,"Morrow",0.645977116338123,"Black","psychostimulant"
2014,"Muskingum",0.766833542449791,"Black","psychostimulant"
2014,"Noble",0.793740082351365,"Black","psychostimulant"
2014,"Ottawa",-0.141027469949849,"Black","psychostimulant"
2014,"Paulding",0.432806619469032,"Black","psychostimulant"
2014,"Perry",0.884169868440169,"Black","psychostimulant"
2014,"Pickaway",0.817726848277447,"Black","psychostimulant"
2014,"Pike",1.44900312885029,"Black","psychostimulant"
2014,"Portage",0.760896141714108,"Black","psychostimulant"
2014,"Preble",0.991588782866645,"Black","psychostimulant"
2014,"Putnam",0.133748140106638,"Black","psychostimulant"
2014,"Richland",0.45436555782836,"Black","psychostimulant"
2014,"Ross",1.22850952449398,"Black","psychostimulant"
2014,"Sandusky",0.41521965232012,"Black","psychostimulant"
2014,"Scioto",1.25102509322669,"Black","psychostimulant"
2014,"Seneca",0.210487521525114,"Black","psychostimulant"
2014,"Shelby",0.658236346532209,"Black","psychostimulant"
2014,"Stark",0.806915702252726,"Black","psychostimulant"
2014,"Summit",1.05483877173759,"Black","psychostimulant"
2014,"Trumbull",0.557386545653193,"Black","psychostimulant"
2014,"Tuscarawas",0.620135571828789,"Black","psychostimulant"
2014,"Union",0.445159066603796,"Black","psychostimulant"
2014,"Van Wert",0.40908048976652,"Black","psychostimulant"
2014,"Vinton",0.996862626587266,"Black","psychostimulant"
2014,"Warren",0.740261652590335,"Black","psychostimulant"
2014,"Washington",0.731947165947212,"Black","psychostimulant"
2014,"Wayne",1.19491125981303,"Black","psychostimulant"
2014,"Williams",0.441517978669461,"Black","psychostimulant"
2014,"Wood",0.0207370756150284,"Black","psychostimulant"
2014,"Wyandot",0.43971006170367,"Black","psychostimulant"
2015,"Adams",2.05896389095768,"Black","psychostimulant"
2015,"Allen",0.714070710499828,"Black","psychostimulant"
2015,"Ashland",0.932614939252362,"Black","psychostimulant"
2015,"Ashtabula",2.09738706526826,"Black","psychostimulant"
2015,"Athens",1.27984662895884,"Black","psychostimulant"
2015,"Auglaize",0.818370925863295,"Black","psychostimulant"
2015,"Belmont",0.983659890224821,"Black","psychostimulant"
2015,"Brown",2.15080780701714,"Black","psychostimulant"
2015,"Butler",2.04285579419034,"Black","psychostimulant"
2015,"Carroll",1.05455634876613,"Black","psychostimulant"
2015,"Champaign",1.15452891348369,"Black","psychostimulant"
2015,"Clark",1.57585638923293,"Black","psychostimulant"
2015,"Clermont",1.8838160937021,"Black","psychostimulant"
2015,"Clinton",2.29128510691162,"Black","psychostimulant"
2015,"Columbiana",0.996544441098146,"Black","psychostimulant"
2015,"Coshocton",1.28774412537322,"Black","psychostimulant"
2015,"Crawford",1.11708490382939,"Black","psychostimulant"
2015,"Cuyahoga",0.795685832980831,"Black","psychostimulant"
2015,"Darke",1.66145550598214,"Black","psychostimulant"
2015,"Defiance",0.909985768375142,"Black","psychostimulant"
2015,"Delaware",0.767948404644316,"Black","psychostimulant"
2015,"Erie",1.03147363312753,"Black","psychostimulant"
2015,"Fairfield",1.33159802624272,"Black","psychostimulant"
2015,"Fayette",1.87538868515111,"Black","psychostimulant"
2015,"Franklin",0.977092250282341,"Black","psychostimulant"
2015,"Fulton",0.602481261003363,"Black","psychostimulant"
2015,"Gallia",1.560178816818,"Black","psychostimulant"
2015,"Geauga",1.25376059730544,"Black","psychostimulant"
2015,"Greene",1.44647181822573,"Black","psychostimulant"
2015,"Guernsey",1.41349622009152,"Black","psychostimulant"
2015,"Hamilton",1.01967664403787,"Black","psychostimulant"
2015,"Hancock",0.833324934912925,"Black","psychostimulant"
2015,"Hardin",0.942574643419347,"Black","psychostimulant"
2015,"Harrison",1.14254348323627,"Black","psychostimulant"
2015,"Henry",0.607719059902709,"Black","psychostimulant"
2015,"Highland",2.06897294506179,"Black","psychostimulant"
2015,"Hocking",1.53210269816761,"Black","psychostimulant"
2015,"Holmes",0.990551119988347,"Black","psychostimulant"
2015,"Huron",0.874850038461563,"Black","psychostimulant"
2015,"Jackson",1.61937067765799,"Black","psychostimulant"
2015,"Jefferson",1.05026718945047,"Black","psychostimulant"
2015,"Knox",1.43576364176451,"Black","psychostimulant"
2015,"Lake",1.27527031335687,"Black","psychostimulant"
2015,"Lawrence",1.53681246551457,"Black","psychostimulant"
2015,"Licking",1.30024444202584,"Black","psychostimulant"
2015,"Logan",1.30031161109714,"Black","psychostimulant"
2015,"Lorain",1.08666620502071,"Black","psychostimulant"
2015,"Lucas",0.182939089930508,"Black","psychostimulant"
2015,"Madison",1.25506739078683,"Black","psychostimulant"
2015,"Mahoning",0.936999606080612,"Black","psychostimulant"
2015,"Marion",1.26747786989851,"Black","psychostimulant"
2015,"Medina",1.06600767345732,"Black","psychostimulant"
2015,"Meigs",1.56535089459742,"Black","psychostimulant"
2015,"Mercer",0.831653649957081,"Black","psychostimulant"
2015,"Miami",1.26235686699509,"Black","psychostimulant"
2015,"Monroe",1.03004019145013,"Black","psychostimulant"
2015,"Montgomery",1.68380294201012,"Black","psychostimulant"
2015,"Morgan",1.20418231927452,"Black","psychostimulant"
2015,"Morrow",1.13607214195964,"Black","psychostimulant"
2015,"Muskingum",1.3401150966566,"Black","psychostimulant"
2015,"Noble",1.3740410526701,"Black","psychostimulant"
2015,"Ottawa",0.272150974142167,"Black","psychostimulant"
2015,"Paulding",0.9124130522191,"Black","psychostimulant"
2015,"Perry",1.50537930821112,"Black","psychostimulant"
2015,"Pickaway",1.39528024343778,"Black","psychostimulant"
2015,"Pike",2.04174640300695,"Black","psychostimulant"
2015,"Portage",1.35283282655662,"Black","psychostimulant"
2015,"Preble",1.77135681559037,"Black","psychostimulant"
2015,"Putnam",0.614040594703809,"Black","psychostimulant"
2015,"Richland",0.945452498560251,"Black","psychostimulant"
2015,"Ross",1.85060364765443,"Black","psychostimulant"
2015,"Sandusky",0.853863207537931,"Black","psychostimulant"
2015,"Scioto",1.82527362302709,"Black","psychostimulant"
2015,"Seneca",0.657448127147037,"Black","psychostimulant"
2015,"Shelby",1.34080963574542,"Black","psychostimulant"
2015,"Stark",1.35474759472876,"Black","psychostimulant"
2015,"Summit",1.77370674771976,"Black","psychostimulant"
2015,"Trumbull",1.05642459452615,"Black","psychostimulant"
2015,"Tuscarawas",1.11841706289905,"Black","psychostimulant"
2015,"Union",0.997543432410336,"Black","psychostimulant"
2015,"Van Wert",0.956630766968805,"Black","psychostimulant"
2015,"Vinton",1.58090835274822,"Black","psychostimulant"
2015,"Warren",1.32051948120505,"Black","psychostimulant"
2015,"Washington",1.33458435125711,"Black","psychostimulant"
2015,"Wayne",1.8640272395522,"Black","psychostimulant"
2015,"Williams",0.95958532498057,"Black","psychostimulant"
2015,"Wood",0.481755417808529,"Black","psychostimulant"
2015,"Wyandot",0.969156807965109,"Black","psychostimulant"
2016,"Adams",2.5207748292125,"Black","psychostimulant"
2016,"Allen",1.17778246332559,"Black","psychostimulant"
2016,"Ashland",1.45937408582507,"Black","psychostimulant"
2016,"Ashtabula",2.63745303554552,"Black","psychostimulant"
2016,"Athens",1.81107574816652,"Black","psychostimulant"
2016,"Auglaize",1.33553129777359,"Black","psychostimulant"
2016,"Belmont",1.42194500760957,"Black","psychostimulant"
2016,"Brown",2.67872816012501,"Black","psychostimulant"
2016,"Butler",2.74387592850435,"Black","psychostimulant"
2016,"Carroll",1.55491809974557,"Black","psychostimulant"
2016,"Champaign",1.73150887365251,"Black","psychostimulant"
2016,"Clark",2.01657168936453,"Black","psychostimulant"
2016,"Clermont",2.41825082079468,"Black","psychostimulant"
2016,"Clinton",2.9325602687457,"Black","psychostimulant"
2016,"Columbiana",1.46920415350101,"Black","psychostimulant"
2016,"Coshocton",1.81341481973476,"Black","psychostimulant"
2016,"Crawford",1.66841741006735,"Black","psychostimulant"
2016,"Cuyahoga",1.45344231002477,"Black","psychostimulant"
2016,"Darke",2.32152656457252,"Black","psychostimulant"
2016,"Defiance",1.4164591651569,"Black","psychostimulant"
2016,"Delaware",1.16440233176777,"Black","psychostimulant"
2016,"Erie",1.58941102114158,"Black","psychostimulant"
2016,"Fairfield",1.79213282603305,"Black","psychostimulant"
2016,"Fayette",2.48311060018838,"Black","psychostimulant"
2016,"Franklin",1.50094787424412,"Black","psychostimulant"
2016,"Fulton",1.11298221457926,"Black","psychostimulant"
2016,"Gallia",2.16215088293845,"Black","psychostimulant"
2016,"Geauga",1.93065044424126,"Black","psychostimulant"
2016,"Greene",2.09090177056904,"Black","psychostimulant"
2016,"Guernsey",1.94010613944114,"Black","psychostimulant"
2016,"Hamilton",1.54075479471831,"Black","psychostimulant"
2016,"Hancock",1.33174504481794,"Black","psychostimulant"
2016,"Hardin",1.44543707623484,"Black","psychostimulant"
2016,"Harrison",1.62116277643666,"Black","psychostimulant"
2016,"Henry",1.08801497077262,"Black","psychostimulant"
2016,"Highland",2.64278056179805,"Black","psychostimulant"
2016,"Hocking",2.09634794281061,"Black","psychostimulant"
2016,"Holmes",1.51251402507993,"Black","psychostimulant"
2016,"Huron",1.35415153138041,"Black","psychostimulant"
2016,"Jackson",2.19435578682302,"Black","psychostimulant"
2016,"Jefferson",1.57005777839334,"Black","psychostimulant"
2016,"Knox",2.14237677917513,"Black","psychostimulant"
2016,"Lake",1.94699350209027,"Black","psychostimulant"
2016,"Lawrence",2.12267365955638,"Black","psychostimulant"
2016,"Licking",1.792371830286,"Black","psychostimulant"
2016,"Logan",2.02589075513025,"Black","psychostimulant"
2016,"Lorain",1.59218047210414,"Black","psychostimulant"
2016,"Lucas",0.784899493854931,"Black","psychostimulant"
2016,"Madison",1.79681884900382,"Black","psychostimulant"
2016,"Mahoning",1.41497086810127,"Black","psychostimulant"
2016,"Marion",1.8583301983245,"Black","psychostimulant"
2016,"Medina",1.64527546046827,"Black","psychostimulant"
2016,"Meigs",2.1523593719389,"Black","psychostimulant"
2016,"Mercer",1.35688888586047,"Black","psychostimulant"
2016,"Miami",1.90969686571805,"Black","psychostimulant"
2016,"Monroe",1.49174805633244,"Black","psychostimulant"
2016,"Montgomery",2.17423280031806,"Black","psychostimulant"
2016,"Morgan",1.70846101499401,"Black","psychostimulant"
2016,"Morrow",1.66311671012992,"Black","psychostimulant"
2016,"Muskingum",1.89600675837565,"Black","psychostimulant"
2016,"Noble",1.85876882018868,"Black","psychostimulant"
2016,"Ottawa",0.70739110019564,"Black","psychostimulant"
2016,"Paulding",1.37236946459596,"Black","psychostimulant"
2016,"Perry",2.03000263080687,"Black","psychostimulant"
2016,"Pickaway",1.91025620187878,"Black","psychostimulant"
2016,"Pike",2.61225340924643,"Black","psychostimulant"
2016,"Portage",2.03062312082347,"Black","psychostimulant"
2016,"Preble",2.45963790455849,"Black","psychostimulant"
2016,"Putnam",1.05123720315714,"Black","psychostimulant"
2016,"Richland",1.48939875861843,"Black","psychostimulant"
2016,"Ross",2.47067867347963,"Black","psychostimulant"
2016,"Sandusky",1.37364845543579,"Black","psychostimulant"
2016,"Scioto",2.38601021356583,"Black","psychostimulant"
2016,"Seneca",1.14249553657292,"Black","psychostimulant"
2016,"Shelby",1.98471496786531,"Black","psychostimulant"
2016,"Stark",1.97398307427567,"Black","psychostimulant"
2016,"Summit",2.87731612040593,"Black","psychostimulant"
2016,"Trumbull",1.70213068879593,"Black","psychostimulant"
2016,"Tuscarawas",1.65291064327137,"Black","psychostimulant"
2016,"Union",1.50443644549352,"Black","psychostimulant"
2016,"Van Wert",1.49637693535913,"Black","psychostimulant"
2016,"Vinton",2.1425719716496,"Black","psychostimulant"
2016,"Warren",1.88485688767645,"Black","psychostimulant"
2016,"Washington",1.89822128430252,"Black","psychostimulant"
2016,"Wayne",2.76590339602881,"Black","psychostimulant"
2016,"Williams",1.5293587946518,"Black","psychostimulant"
2016,"Wood",0.937252795011777,"Black","psychostimulant"
2016,"Wyandot",1.48775074743666,"Black","psychostimulant"
2017,"Adams",3.27433645164211,"Black","psychostimulant"
2017,"Allen",1.50261844832322,"Black","psychostimulant"
2017,"Ashland",1.82674821957956,"Black","psychostimulant"
2017,"Ashtabula",3.02842329524857,"Black","psychostimulant"
2017,"Athens",2.39914404807425,"Black","psychostimulant"
2017,"Auglaize",1.81434231883322,"Black","psychostimulant"
2017,"Belmont",1.96043215906146,"Black","psychostimulant"
2017,"Brown",3.57547205949886,"Black","psychostimulant"
2017,"Butler",3.49037736656194,"Black","psychostimulant"
2017,"Carroll",2.08921963538213,"Black","psychostimulant"
2017,"Champaign",2.42293842162001,"Black","psychostimulant"
2017,"Clark",2.74067893823709,"Black","psychostimulant"
2017,"Clermont",3.31564186246374,"Black","psychostimulant"
2017,"Clinton",3.95521112209034,"Black","psychostimulant"
2017,"Columbiana",1.99851323495306,"Black","psychostimulant"
2017,"Coshocton",2.30058899621592,"Black","psychostimulant"
2017,"Crawford",2.11537883016486,"Black","psychostimulant"
2017,"Cuyahoga",1.98627399605094,"Black","psychostimulant"
2017,"Darke",3.1388277516047,"Black","psychostimulant"
2017,"Defiance",1.62221977071786,"Black","psychostimulant"
2017,"Delaware",1.60167790035607,"Black","psychostimulant"
2017,"Erie",1.93409977296026,"Black","psychostimulant"
2017,"Fairfield",2.26402978370122,"Black","psychostimulant"
2017,"Fayette",3.26371739562103,"Black","psychostimulant"
2017,"Franklin",1.78805807678857,"Black","psychostimulant"
2017,"Fulton",1.32140415860765,"Black","psychostimulant"
2017,"Gallia",3.03981282422236,"Black","psychostimulant"
2017,"Geauga",2.37408441621306,"Black","psychostimulant"
2017,"Greene",3.04107570369759,"Black","psychostimulant"
2017,"Guernsey",2.48306568566681,"Black","psychostimulant"
2017,"Hamilton",2.6236231965212,"Black","psychostimulant"
2017,"Hancock",1.62505358447092,"Black","psychostimulant"
2017,"Hardin",1.87295708797604,"Black","psychostimulant"
2017,"Harrison",2.14821504248987,"Black","psychostimulant"
2017,"Henry",1.31426574645158,"Black","psychostimulant"
2017,"Highland",3.58969114000889,"Black","psychostimulant"
2017,"Hocking",2.69654033696508,"Black","psychostimulant"
2017,"Holmes",1.93536497420995,"Black","psychostimulant"
2017,"Huron",1.6780776311273,"Black","psychostimulant"
2017,"Jackson",3.04556540696061,"Black","psychostimulant"
2017,"Jefferson",2.17111118749687,"Black","psychostimulant"
2017,"Knox",2.40892658482244,"Black","psychostimulant"
2017,"Lake",2.41313031045962,"Black","psychostimulant"
2017,"Lawrence",3.08009024565195,"Black","psychostimulant"
2017,"Licking",2.29107515230854,"Black","psychostimulant"
2017,"Logan",2.45226447767306,"Black","psychostimulant"
2017,"Lorain",1.91888401014329,"Black","psychostimulant"
2017,"Lucas",0.76226030769672,"Black","psychostimulant"
2017,"Madison",2.42573582862149,"Black","psychostimulant"
2017,"Mahoning",1.91182086129555,"Black","psychostimulant"
2017,"Marion",2.55954887529858,"Black","psychostimulant"
2017,"Medina",2.01332531818155,"Black","psychostimulant"
2017,"Meigs",2.94078458824108,"Black","psychostimulant"
2017,"Mercer",1.81774905798381,"Black","psychostimulant"
2017,"Miami",2.70958412796045,"Black","psychostimulant"
2017,"Monroe",2.03801301511534,"Black","psychostimulant"
2017,"Montgomery",3.14959370359313,"Black","psychostimulant"
2017,"Morgan",2.26796827244541,"Black","psychostimulant"
2017,"Morrow",2.14248200165664,"Black","psychostimulant"
2017,"Muskingum",2.54910191547869,"Black","psychostimulant"
2017,"Noble",2.40864889709009,"Black","psychostimulant"
2017,"Ottawa",0.876205546897728,"Black","psychostimulant"
2017,"Paulding",1.64552863419591,"Black","psychostimulant"
2017,"Perry",2.58831298288208,"Black","psychostimulant"
2017,"Pickaway",2.58802987837904,"Black","psychostimulant"
2017,"Pike",3.42854031182143,"Black","psychostimulant"
2017,"Portage",2.55939096924256,"Black","psychostimulant"
2017,"Preble",3.31913890913282,"Black","psychostimulant"
2017,"Putnam",1.3007193263445,"Black","psychostimulant"
2017,"Richland",1.96280405891864,"Black","psychostimulant"
2017,"Ross",3.37488580138178,"Black","psychostimulant"
2017,"Sandusky",1.58105649286195,"Black","psychostimulant"
2017,"Scioto",3.26280760109804,"Black","psychostimulant"
2017,"Seneca",1.42990151289432,"Black","psychostimulant"
2017,"Shelby",2.70053717301304,"Black","psychostimulant"
2017,"Stark",2.64024758523007,"Black","psychostimulant"
2017,"Summit",2.9752631167107,"Black","psychostimulant"
2017,"Trumbull",2.20420365146527,"Black","psychostimulant"
2017,"Tuscarawas",2.20448500491996,"Black","psychostimulant"
2017,"Union",2.03119823814993,"Black","psychostimulant"
2017,"Van Wert",1.86757675650088,"Black","psychostimulant"
2017,"Vinton",2.85343354126691,"Black","psychostimulant"
2017,"Warren",2.7206595701176,"Black","psychostimulant"
2017,"Washington",2.55208954272035,"Black","psychostimulant"
2017,"Wayne",3.05484038696689,"Black","psychostimulant"
2017,"Williams",1.74056648121955,"Black","psychostimulant"
2017,"Wood",1.13535693737327,"Black","psychostimulant"
2017,"Wyandot",1.9075124492189,"Black","psychostimulant"
2018,"Adams",3.89010913770291,"Black","psychostimulant"
2018,"Allen",2.01648137468806,"Black","psychostimulant"
2018,"Ashland",2.27750692425074,"Black","psychostimulant"
2018,"Ashtabula",3.12544003633951,"Black","psychostimulant"
2018,"Athens",3.09640455898524,"Black","psychostimulant"
2018,"Auglaize",2.28342628137442,"Black","psychostimulant"
2018,"Belmont",2.60964487045032,"Black","psychostimulant"
2018,"Brown",4.15918807960606,"Black","psychostimulant"
2018,"Butler",3.67306677016383,"Black","psychostimulant"
2018,"Carroll",2.65830758834944,"Black","psychostimulant"
2018,"Champaign",2.94567957741269,"Black","psychostimulant"
2018,"Clark",3.15430880770377,"Black","psychostimulant"
2018,"Clermont",3.62693077210295,"Black","psychostimulant"
2018,"Clinton",4.20926222601201,"Black","psychostimulant"
2018,"Columbiana",2.69943017052423,"Black","psychostimulant"
2018,"Coshocton",2.94656706803636,"Black","psychostimulant"
2018,"Crawford",2.74313317780023,"Black","psychostimulant"
2018,"Cuyahoga",2.48323187230831,"Black","psychostimulant"
2018,"Darke",3.70008303852662,"Black","psychostimulant"
2018,"Defiance",2.21497635364548,"Black","psychostimulant"
2018,"Delaware",2.2320252596433,"Black","psychostimulant"
2018,"Erie",2.44061841807397,"Black","psychostimulant"
2018,"Fairfield",2.88927901441501,"Black","psychostimulant"
2018,"Fayette",3.75886311064993,"Black","psychostimulant"
2018,"Franklin",2.57377311728258,"Black","psychostimulant"
2018,"Fulton",1.97288995432793,"Black","psychostimulant"
2018,"Gallia",3.8979249407909,"Black","psychostimulant"
2018,"Geauga",2.5400951474701,"Black","psychostimulant"
2018,"Greene",3.37889381472935,"Black","psychostimulant"
2018,"Guernsey",3.13865968357485,"Black","psychostimulant"
2018,"Hamilton",3.46495177134389,"Black","psychostimulant"
2018,"Hancock",2.18445769234053,"Black","psychostimulant"
2018,"Hardin",2.43041340771586,"Black","psychostimulant"
2018,"Harrison",2.74085656552217,"Black","psychostimulant"
2018,"Henry",1.90760989352316,"Black","psychostimulant"
2018,"Highland",3.98937499595699,"Black","psychostimulant"
2018,"Hocking",3.43383806349,"Black","psychostimulant"
2018,"Holmes",2.43930775872737,"Black","psychostimulant"
2018,"Huron",2.1467930011189,"Black","psychostimulant"
2018,"Jackson",3.83240182591561,"Black","psychostimulant"
2018,"Jefferson",2.78094055528924,"Black","psychostimulant"
2018,"Knox",2.93277432445784,"Black","psychostimulant"
2018,"Lake",2.59124464001639,"Black","psychostimulant"
2018,"Lawrence",3.89370598746226,"Black","psychostimulant"
2018,"Licking",3.09906226509674,"Black","psychostimulant"
2018,"Logan",2.87864519535217,"Black","psychostimulant"
2018,"Lorain",2.33657231996187,"Black","psychostimulant"
2018,"Lucas",1.30201914232947,"Black","psychostimulant"
2018,"Madison",2.94044241102894,"Black","psychostimulant"
2018,"Mahoning",2.37460106814609,"Black","psychostimulant"
2018,"Marion",3.16383626835731,"Black","psychostimulant"
2018,"Medina",2.33860773366986,"Black","psychostimulant"
2018,"Meigs",3.83639327944,"Black","psychostimulant"
2018,"Mercer",2.24765808374444,"Black","psychostimulant"
2018,"Miami",3.15437008313784,"Black","psychostimulant"
2018,"Monroe",2.71566202032918,"Black","psychostimulant"
2018,"Montgomery",3.85624160494552,"Black","psychostimulant"
2018,"Morgan",2.98538536228981,"Black","psychostimulant"
2018,"Morrow",2.81075237949503,"Black","psychostimulant"
2018,"Muskingum",3.51252545001011,"Black","psychostimulant"
2018,"Noble",3.11525479781052,"Black","psychostimulant"
2018,"Ottawa",1.42996147381876,"Black","psychostimulant"
2018,"Paulding",2.14301491931158,"Black","psychostimulant"
2018,"Perry",3.3588546049948,"Black","psychostimulant"
2018,"Pickaway",3.28977053179183,"Black","psychostimulant"
2018,"Pike",4.09570331660182,"Black","psychostimulant"
2018,"Portage",2.85211851115221,"Black","psychostimulant"
2018,"Preble",3.56613705206511,"Black","psychostimulant"
2018,"Putnam",1.81756410356309,"Black","psychostimulant"
2018,"Richland",2.56975298694249,"Black","psychostimulant"
2018,"Ross",3.9522252565689,"Black","psychostimulant"
2018,"Sandusky",2.10397490927071,"Black","psychostimulant"
2018,"Scioto",4.12920935046665,"Black","psychostimulant"
2018,"Seneca",2.01449993694654,"Black","psychostimulant"
2018,"Shelby",3.20005967033768,"Black","psychostimulant"
2018,"Stark",2.98706649514863,"Black","psychostimulant"
2018,"Summit",3.76961994551672,"Black","psychostimulant"
2018,"Trumbull",2.53205292092556,"Black","psychostimulant"
2018,"Tuscarawas",2.8652054535046,"Black","psychostimulant"
2018,"Union",2.61135113065037,"Black","psychostimulant"
2018,"Van Wert",2.37632672055917,"Black","psychostimulant"
2018,"Vinton",3.62933815852331,"Black","psychostimulant"
2018,"Warren",3.01693936033433,"Black","psychostimulant"
2018,"Washington",3.22151454566686,"Black","psychostimulant"
2018,"Wayne",3.54348530358003,"Black","psychostimulant"
2018,"Williams",2.33655189982751,"Black","psychostimulant"
2018,"Wood",1.67297844277403,"Black","psychostimulant"
2018,"Wyandot",2.48046612561634,"Black","psychostimulant"
2019,"Adams",4.35133307469809,"Black","psychostimulant"
2019,"Allen",2.68165313485587,"Black","psychostimulant"
2019,"Ashland",2.85193899973947,"Black","psychostimulant"
2019,"Ashtabula",3.68338745399896,"Black","psychostimulant"
2019,"Athens",3.59662062432107,"Black","psychostimulant"
2019,"Auglaize",2.85103975365157,"Black","psychostimulant"
2019,"Belmont",3.09279192871946,"Black","psychostimulant"
2019,"Brown",4.29277701716163,"Black","psychostimulant"
2019,"Butler",4.02583956596098,"Black","psychostimulant"
2019,"Carroll",3.16496447177605,"Black","psychostimulant"
2019,"Champaign",3.48949521127272,"Black","psychostimulant"
2019,"Clark",3.6040066428972,"Black","psychostimulant"
2019,"Clermont",4.18060626758465,"Black","psychostimulant"
2019,"Clinton",4.60179970152322,"Black","psychostimulant"
2019,"Columbiana",2.97676348468767,"Black","psychostimulant"
2019,"Coshocton",3.4700292467229,"Black","psychostimulant"
2019,"Crawford",3.43574862508383,"Black","psychostimulant"
2019,"Cuyahoga",2.82612495357189,"Black","psychostimulant"
2019,"Darke",3.95240441921735,"Black","psychostimulant"
2019,"Defiance",2.99232850255658,"Black","psychostimulant"
2019,"Delaware",2.82773914539922,"Black","psychostimulant"
2019,"Erie",3.23727158466012,"Black","psychostimulant"
2019,"Fairfield",3.33386192971271,"Black","psychostimulant"
2019,"Fayette",4.21547346434912,"Black","psychostimulant"
2019,"Franklin",3.39656755491708,"Black","psychostimulant"
2019,"Fulton",2.73136046829451,"Black","psychostimulant"
2019,"Gallia",4.45345894242828,"Black","psychostimulant"
2019,"Geauga",3.04032603380361,"Black","psychostimulant"
2019,"Greene",3.5601095346118,"Black","psychostimulant"
2019,"Guernsey",3.56472342138893,"Black","psychostimulant"
2019,"Hamilton",3.81908751160377,"Black","psychostimulant"
2019,"Hancock",2.8425625633043,"Black","psychostimulant"
2019,"Hardin",3.0248749952514,"Black","psychostimulant"
2019,"Harrison",3.18074397491824,"Black","psychostimulant"
2019,"Henry",2.63370637902446,"Black","psychostimulant"
2019,"Highland",4.55836740784039,"Black","psychostimulant"
2019,"Hocking",3.89566174464479,"Black","psychostimulant"
2019,"Holmes",2.95624024633774,"Black","psychostimulant"
2019,"Huron",2.79629374210353,"Black","psychostimulant"
2019,"Jackson",4.32243743053331,"Black","psychostimulant"
2019,"Jefferson",3.22501498023458,"Black","psychostimulant"
2019,"Knox",3.51665430301861,"Black","psychostimulant"
2019,"Lake",3.17434620361229,"Black","psychostimulant"
2019,"Lawrence",4.32816263051572,"Black","psychostimulant"
2019,"Licking",3.40086665420321,"Black","psychostimulant"
2019,"Logan",3.36330382976876,"Black","psychostimulant"
2019,"Lorain",3.11813966360745,"Black","psychostimulant"
2019,"Lucas",2.20491051963859,"Black","psychostimulant"
2019,"Madison",3.4253200153447,"Black","psychostimulant"
2019,"Mahoning",2.77693864145567,"Black","psychostimulant"
2019,"Marion",3.94005784916899,"Black","psychostimulant"
2019,"Medina",2.86667074835104,"Black","psychostimulant"
2019,"Meigs",4.45834613391405,"Black","psychostimulant"
2019,"Mercer",2.80337492726119,"Black","psychostimulant"
2019,"Miami",3.63579993280664,"Black","psychostimulant"
2019,"Monroe",3.13559456894693,"Black","psychostimulant"
2019,"Montgomery",3.79916827173737,"Black","psychostimulant"
2019,"Morgan",3.47555999622321,"Black","psychostimulant"
2019,"Morrow",3.48552839409919,"Black","psychostimulant"
2019,"Muskingum",4.05759154320638,"Black","psychostimulant"
2019,"Noble",3.57750397099607,"Black","psychostimulant"
2019,"Ottawa",2.20013293515032,"Black","psychostimulant"
2019,"Paulding",2.82044081037677,"Black","psychostimulant"
2019,"Perry",3.91511711237086,"Black","psychostimulant"
2019,"Pickaway",3.78874643856093,"Black","psychostimulant"
2019,"Pike",4.56545058637198,"Black","psychostimulant"
2019,"Portage",3.36902321616086,"Black","psychostimulant"
2019,"Preble",3.97780794919115,"Black","psychostimulant"
2019,"Putnam",2.52112355643429,"Black","psychostimulant"
2019,"Richland",3.28561018570291,"Black","psychostimulant"
2019,"Ross",4.53799980159557,"Black","psychostimulant"
2019,"Sandusky",2.79415704188819,"Black","psychostimulant"
2019,"Scioto",4.74979816553856,"Black","psychostimulant"
2019,"Seneca",2.73027922763383,"Black","psychostimulant"
2019,"Shelby",3.76359010338743,"Black","psychostimulant"
2019,"Stark",3.7305407439427,"Black","psychostimulant"
2019,"Summit",3.80831043866165,"Black","psychostimulant"
2019,"Trumbull",2.99488149625385,"Black","psychostimulant"
2019,"Tuscarawas",3.58413950153742,"Black","psychostimulant"
2019,"Union",3.17011854501779,"Black","psychostimulant"
2019,"Van Wert",3.01498422721068,"Black","psychostimulant"
2019,"Vinton",4.14799301506343,"Black","psychostimulant"
2019,"Warren",3.43610249393885,"Black","psychostimulant"
2019,"Washington",3.64405926945381,"Black","psychostimulant"
2019,"Wayne",3.92184480408897,"Black","psychostimulant"
2019,"Williams",3.14374657650342,"Black","psychostimulant"
2019,"Wood",2.37580665009409,"Black","psychostimulant"
2019,"Wyandot",3.0891067145984,"Black","psychostimulant"
2020,"Adams",4.71870307931603,"Black","psychostimulant"
2020,"Allen",3.44239282833792,"Black","psychostimulant"
2020,"Ashland",3.46885458080877,"Black","psychostimulant"
2020,"Ashtabula",4.2521441847373,"Black","psychostimulant"
2020,"Athens",4.27657256678054,"Black","psychostimulant"
2020,"Auglaize",3.42151389576663,"Black","psychostimulant"
2020,"Belmont",3.70582002312571,"Black","psychostimulant"
2020,"Brown",4.52291540586415,"Black","psychostimulant"
2020,"Butler",4.18557775009894,"Black","psychostimulant"
2020,"Carroll",3.79049054628574,"Black","psychostimulant"
2020,"Champaign",4.02663737689558,"Black","psychostimulant"
2020,"Clark",4.23003999780587,"Black","psychostimulant"
2020,"Clermont",4.23918185897365,"Black","psychostimulant"
2020,"Clinton",5.05896430440278,"Black","psychostimulant"
2020,"Columbiana",3.54895298885615,"Black","psychostimulant"
2020,"Coshocton",4.05749990692037,"Black","psychostimulant"
2020,"Crawford",3.98511896380619,"Black","psychostimulant"
2020,"Cuyahoga",3.35121333559764,"Black","psychostimulant"
2020,"Darke",4.42941579314,"Black","psychostimulant"
2020,"Defiance",3.60807273302011,"Black","psychostimulant"
2020,"Delaware",3.36691822847179,"Black","psychostimulant"
2020,"Erie",3.64754665976622,"Black","psychostimulant"
2020,"Fairfield",3.9030292052765,"Black","psychostimulant"
2020,"Fayette",4.64490663266538,"Black","psychostimulant"
2020,"Franklin",4.30078825240293,"Black","psychostimulant"
2020,"Fulton",3.38780386141484,"Black","psychostimulant"
2020,"Gallia",5.16220982854963,"Black","psychostimulant"
2020,"Geauga",3.52758851718774,"Black","psychostimulant"
2020,"Greene",3.87534315060269,"Black","psychostimulant"
2020,"Guernsey",4.06618735138384,"Black","psychostimulant"
2020,"Hamilton",3.64909721775551,"Black","psychostimulant"
2020,"Hancock",3.45679366427372,"Black","psychostimulant"
2020,"Hardin",3.59624416724183,"Black","psychostimulant"
2020,"Harrison",3.73578674020426,"Black","psychostimulant"
2020,"Henry",3.22355155763634,"Black","psychostimulant"
2020,"Highland",4.72470496845447,"Black","psychostimulant"
2020,"Hocking",4.47180735823362,"Black","psychostimulant"
2020,"Holmes",3.54836911001462,"Black","psychostimulant"
2020,"Huron",3.40581011086304,"Black","psychostimulant"
2020,"Jackson",4.9224411654344,"Black","psychostimulant"
2020,"Jefferson",3.74827357680236,"Black","psychostimulant"
2020,"Knox",4.25710761674352,"Black","psychostimulant"
2020,"Lake",3.73354555743146,"Black","psychostimulant"
2020,"Lawrence",4.98340006134047,"Black","psychostimulant"
2020,"Licking",3.85432675068366,"Black","psychostimulant"
2020,"Logan",3.84657050358708,"Black","psychostimulant"
2020,"Lorain",3.70069483649948,"Black","psychostimulant"
2020,"Lucas",2.72100294072676,"Black","psychostimulant"
2020,"Madison",3.9303677431772,"Black","psychostimulant"
2020,"Mahoning",3.53102712500947,"Black","psychostimulant"
2020,"Marion",4.62497350197805,"Black","psychostimulant"
2020,"Medina",3.4231996956949,"Black","psychostimulant"
2020,"Meigs",5.18529350875698,"Black","psychostimulant"
2020,"Mercer",3.4174986357443,"Black","psychostimulant"
2020,"Miami",4.20781842402581,"Black","psychostimulant"
2020,"Monroe",3.73794602259897,"Black","psychostimulant"
2020,"Montgomery",4.57629655858775,"Black","psychostimulant"
2020,"Morgan",4.1078042272764,"Black","psychostimulant"
2020,"Morrow",4.10077463995565,"Black","psychostimulant"
2020,"Muskingum",4.39786186117194,"Black","psychostimulant"
2020,"Noble",4.14002270618394,"Black","psychostimulant"
2020,"Ottawa",2.72275530531172,"Black","psychostimulant"
2020,"Paulding",3.42531263035357,"Black","psychostimulant"
2020,"Perry",4.50271559746463,"Black","psychostimulant"
2020,"Pickaway",4.36051656115359,"Black","psychostimulant"
2020,"Pike",5.00488396862969,"Black","psychostimulant"
2020,"Portage",4.00972922189349,"Black","psychostimulant"
2020,"Preble",4.47078643469906,"Black","psychostimulant"
2020,"Putnam",3.11282850751436,"Black","psychostimulant"
2020,"Richland",4.13884323295275,"Black","psychostimulant"
2020,"Ross",5.01486441986056,"Black","psychostimulant"
2020,"Sandusky",3.29763261076896,"Black","psychostimulant"
2020,"Scioto",5.44371201502262,"Black","psychostimulant"
2020,"Seneca",3.50231498829855,"Black","psychostimulant"
2020,"Shelby",4.36120466624667,"Black","psychostimulant"
2020,"Stark",4.31446716434559,"Black","psychostimulant"
2020,"Summit",4.515447789558,"Black","psychostimulant"
2020,"Trumbull",3.52516679482636,"Black","psychostimulant"
2020,"Tuscarawas",4.19017953349007,"Black","psychostimulant"
2020,"Union",3.67072792273619,"Black","psychostimulant"
2020,"Van Wert",3.57688338479359,"Black","psychostimulant"
2020,"Vinton",4.84861075322586,"Black","psychostimulant"
2020,"Warren",3.76692178571781,"Black","psychostimulant"
2020,"Washington",4.2815675105329,"Black","psychostimulant"
2020,"Wayne",4.51826925049693,"Black","psychostimulant"
2020,"Williams",3.74562062819902,"Black","psychostimulant"
2020,"Wood",2.90320207939854,"Black","psychostimulant"
2020,"Wyandot",3.67179545817431,"Black","psychostimulant"
