"","year","year_int","county","race","O_c","O_fc","O_s","O_fs","E_c","E_fc","E_s","E_fs"
"1",2010,0,"Adams","Black",0,0,0,0,0.00301607002229892,0.00301607002229892,0.000143966374946212,0.000143966374946212
"2",2010,0,"Allen","Black",0,0,0,0,0.227681651258521,0.227681651258521,0.0113399380284525,0.0113399380284525
"3",2010,0,"Ashland","Black",0,0,0,0,0.00803443566225834,0.00803443566225834,0.000382040065947083,0.000382040065947083
"4",2010,0,"Ashtabula","Black",0,0,0,0,0.0757035942441175,0.0757035942441175,0.00385789932843511,0.00385789932843511
"5",2010,0,"Athens","Black",0,0,0,0,0.02872285358976,0.02872285358976,0.00135247577487333,0.00135247577487333
"6",2010,0,"Auglaize","Black",1,1,0,0,0.00440101564516129,0.00440101564516129,0.000176131709490909,0.000176131709490909
"7",2010,0,"Belmont","Black",0,0,0,0,0.0578185641312288,0.0578185641312288,0.0032482744351926,0.0032482744351926
"8",2010,0,"Brown","Black",0,0,0,0,0.00803788498932369,0.00803788498932369,0.00036579642855296,0.00036579642855296
"9",2010,0,"Butler","Black",0,0,0,0,0.496497940890528,0.496497940890528,0.0239558653673909,0.0239558653673909
"10",2010,0,"Carroll","Black",0,0,0,0,0.00324444499947353,0.00324444499947353,0.000166256259516049,0.000166256259516049
"11",2010,0,"Champaign","Black",0,0,0,0,0.0165981622180918,0.0165981622180918,0.000765347856966067,0.000765347856966067
"12",2010,0,"Clark","Black",1,1,0,0,0.209831654957031,0.209831654957031,0.0103750692456198,0.0103750692456198
"13",2010,0,"Clermont","Black",0,0,0,0,0.0468332783443624,0.0468332783443624,0.00238215744129776,0.00238215744129776
"14",2010,0,"Clinton","Black",0,0,0,0,0.0173403941437469,0.0173403941437469,0.000820994218636158,0.000820994218636158
"15",2010,0,"Columbiana","Black",0,0,0,0,0.0610535200233371,0.0610535200233371,0.0030510310928119,0.0030510310928119
"16",2010,0,"Coshocton","Black",0,0,0,0,0.00832681764275454,0.00832681764275454,0.000377602975499655,0.000377602975499655
"17",2010,0,"Crawford","Black",0,0,0,0,0.00720206302251293,0.00720206302251293,0.000363201742809234,0.000363201742809234
"18",2010,0,"Cuyahoga","Black",22,22,1,1,6.68209884504154,6.68209884504154,0.323222635626749,0.323222635626749
"19",2010,0,"Darke","Black",0,0,0,0,0.00517767978108378,0.00517767978108378,0.000238001327146983,0.000238001327146983
"20",2010,0,"Defiance","Black",0,0,0,0,0.0142007545788484,0.0142007545788484,0.000675057337988218,0.000675057337988218
"21",2010,0,"Delaware","Black",0,0,0,0,0.117070421576324,0.117070421576324,0.00510171576347132,0.00510171576347132
"22",2010,0,"Erie","Black",0,0,0,0,0.120156526202011,0.120156526202011,0.00589915687475086,0.00589915687475086
"23",2010,0,"Fairfield","Black",0,0,0,0,0.162744140497702,0.162744140497702,0.00784914252993753,0.00784914252993753
"24",2010,0,"Fayette","Black",0,0,0,0,0.013323890054401,0.013323890054401,0.000641513545980299,0.000641513545980299
"25",2010,0,"Franklin","Black",19,19,0,0,4.45867758163806,4.45867758163806,0.222671106410256,0.222671106410256
"26",2010,0,"Fulton","Black",0,0,0,0,0.00470023856546625,0.00470023856546625,0.000218248985772668,0.000218248985772668
"27",2010,0,"Gallia","Black",1,1,0,0,0.014426396479817,0.014426396479817,0.00068279117591623,0.00068279117591623
"28",2010,0,"Geauga","Black",0,0,0,0,0.0236922311153631,0.0236922311153631,0.00111865130296471,0.00111865130296471
"29",2010,0,"Greene","Black",0,0,0,0,0.171362144595792,0.171362144595792,0.00801073216128791,0.00801073216128791
"30",2010,0,"Guernsey","Black",0,0,0,0,0.0121457648969354,0.0121457648969354,0.000580093297035204,0.000580093297035204
"31",2010,0,"Hamilton","Black",10,10,0,0,3.61942486014612,3.61942486014612,0.177579262990063,0.177579262990063
"32",2010,0,"Hancock","Black",1,1,0,0,0.0239890924809107,0.0239890924809107,0.00129469102449786,0.00129469102449786
"33",2010,0,"Hardin","Black",0,0,0,0,0.00524293557060561,0.00524293557060561,0.000268656473574508,0.000268656473574508
"34",2010,0,"Harrison","Black",0,0,0,0,0.00709735044452419,0.00709735044452419,0.000326684493707794,0.000326684493707794
"35",2010,0,"Henry","Black",0,0,0,0,0.00280610442177424,0.00280610442177424,0.000157449419247838,0.000157449419247838
"36",2010,0,"Highland","Black",0,0,0,0,0.0125049442178988,0.0125049442178988,0.000616326983985563,0.000616326983985563
"37",2010,0,"Hocking","Black",0,0,0,0,0.00465082844650559,0.00465082844650559,0.000245968693903906,0.000245968693903906
"38",2010,0,"Holmes","Black",0,0,0,0,0.00293616602869727,0.00293616602869727,0.000144146384966469,0.000144146384966469
"39",2010,0,"Huron","Black",0,0,0,0,0.0142313834349728,0.0142313834349728,0.00065797424070896,0.00065797424070896
"40",2010,0,"Jackson","Black",0,0,0,0,0.00459456441482284,0.00459456441482284,0.000228396914056276,0.000228396914056276
"41",2010,0,"Jefferson","Black",0,0,0,0,0.0691217875122962,0.0691217875122962,0.00331296884968493,0.00331296884968493
"42",2010,0,"Knox","Black",0,0,0,0,0.0102028581936745,0.0102028581936745,0.000475717797082726,0.000475717797082726
"43",2010,0,"Lake","Black",0,0,0,0,0.138118229602829,0.138118229602829,0.00676837472620302,0.00676837472620302
"44",2010,0,"Lawrence","Black",0,0,0,0,0.0248182686587199,0.0248182686587199,0.00124397777854952,0.00124397777854952
"45",2010,0,"Licking","Black",0,0,0,0,0.10876801465393,0.10876801465393,0.00489736885042691,0.00489736885042691
"46",2010,0,"Logan","Black",0,0,0,0,0.0164153441848395,0.0164153441848395,0.000766185268014101,0.000766185268014101
"47",2010,0,"Lorain","Black",1,1,0,0,0.477548984216332,0.477548984216332,0.0235980183014492,0.0235980183014492
"48",2010,0,"Lucas","Black",0,0,0,0,1.45263729386461,1.45263729386461,0.070935722601567,0.070935722601567
"49",2010,0,"Madison","Black",0,0,0,0,0.0717529677601532,0.0717529677601532,0.003817154518675,0.003817154518675
"50",2010,0,"Mahoning","Black",2,2,0,0,0.638775216738409,0.638775216738409,0.0314669431898861,0.0314669431898861
"51",2010,0,"Marion","Black",0,0,0,0,0.0949547833423667,0.0949547833423667,0.00474171585811614,0.00474171585811614
"52",2010,0,"Medina","Black",0,0,0,0,0.0387917273710172,0.0387917273710172,0.00183853085587306,0.00183853085587306
"53",2010,0,"Meigs","Black",0,0,0,0,0.00447992456198599,0.00447992456198599,0.000196538188105538,0.000196538188105538
"54",2010,0,"Mercer","Black",0,0,0,0,0.00316848479723005,0.00316848479723005,0.000175552781442239,0.000175552781442239
"55",2010,0,"Miami","Black",0,0,0,0,0.0425887280032082,0.0425887280032082,0.00207311841610605,0.00207311841610605
"56",2010,0,"Monroe","Black",0,0,0,0,0.00175221977860999,0.00175221977860999,8.56682147386044e-05,8.56682147386044e-05
"57",2010,0,"Montgomery","Black",2,2,0,0,1.96027538353821,1.96027538353821,0.0955260165928359,0.0955260165928359
"58",2010,0,"Morgan","Black",0,0,0,0,0.0105085988644422,0.0105085988644422,0.000515031679791559,0.000515031679791559
"59",2010,0,"Morrow","Black",0,0,0,0,0.00325099537344493,0.00325099537344493,0.000164264511682691,0.000164264511682691
"60",2010,0,"Muskingum","Black",0,0,0,0,0.0632410685787119,0.0632410685787119,0.00303036115784173,0.00303036115784173
"61",2010,0,"Noble","Black",0,0,0,0,0.0055786364747294,0.0055786364747294,0.00031008220636079,0.00031008220636079
"62",2010,0,"Ottawa","Black",0,0,0,0,0.00686005830154842,0.00686005830154842,0.000330373769238076,0.000330373769238076
"63",2010,0,"Paulding","Black",0,0,0,0,0.00426336160113491,0.00426336160113491,0.000206655903666278,0.000206655903666278
"64",2010,0,"Perry","Black",0,0,0,0,0.00252151612231257,0.00252151612231257,0.000130634690709174,0.000130634690709174
"65",2010,0,"Pickaway","Black",0,0,0,0,0.0449789843575672,0.0449789843575672,0.00237410864014089,0.00237410864014089
"66",2010,0,"Pike","Black",0,0,0,0,0.0062747627028037,0.0062747627028037,0.000306518271151389,0.000306518271151389
"67",2010,0,"Portage","Black",0,0,0,0,0.109126298280762,0.109126298280762,0.00517432790202887,0.00517432790202887
"68",2010,0,"Preble","Black",0,0,0,0,0.00430036184378193,0.00430036184378193,0.000209752077441945,0.000209752077441945
"69",2010,0,"Putnam","Black",0,0,0,0,0.00261114820982886,0.00261114820982886,0.000154442711059773,0.000154442711059773
"70",2010,0,"Richland","Black",0,0,0,0,0.23035752686738,0.23035752686738,0.0119587320107284,0.0119587320107284
"71",2010,0,"Ross","Black",0,0,0,0,0.119228878306587,0.119228878306587,0.00588035405648944,0.00588035405648944
"72",2010,0,"Sandusky","Black",0,0,0,0,0.0326147164874579,0.0326147164874579,0.00165722176987711,0.00165722176987711
"73",2010,0,"Scioto","Black",0,0,0,0,0.0435137235583232,0.0435137235583232,0.00244120782536152,0.00244120782536152
"74",2010,0,"Seneca","Black",0,0,0,0,0.0219414277920276,0.0219414277920276,0.00101904125277948,0.00101904125277948
"75",2010,0,"Shelby","Black",0,0,0,0,0.0193615783020914,0.0193615783020914,0.00090032139497775,0.00090032139497775
"76",2010,0,"Stark","Black",0,0,0,0,0.500420967695975,0.500420967695975,0.0243981848423066,0.0243981848423066
"77",2010,0,"Summit","Black",2,2,0,0,1.36447179526658,1.36447179526658,0.0656449502714045,0.0656449502714045
"78",2010,0,"Trumbull","Black",0,0,0,0,0.303899692621356,0.303899692621356,0.0151677128061241,0.0151677128061241
"79",2010,0,"Tuscarawas","Black",0,0,0,0,0.0148015781833286,0.0148015781833286,0.000712103545443342,0.000712103545443342
"80",2010,0,"Union","Black",0,0,0,0,0.0306263331874612,0.0306263331874612,0.00160238894734392,0.00160238894734392
"81",2010,0,"Van Wert","Black",0,0,0,0,0.00532230830435982,0.00532230830435982,0.000248696815794555,0.000248696815794555
"82",2010,0,"Vinton","Black",0,0,0,0,0.00119824116936613,0.00119824116936613,5.69554160434145e-05,5.69554160434145e-05
"83",2010,0,"Warren","Black",0,0,0,0,0.146231708823959,0.146231708823959,0.00756772247094015,0.00756772247094015
"84",2010,0,"Washington","Black",0,0,0,0,0.0143720630202689,0.0143720630202689,0.000677045843724394,0.000677045843724394
"85",2010,0,"Wayne","Black",0,0,0,0,0.0322690809479775,0.0322690809479775,0.00148044849872096,0.00148044849872096
"86",2010,0,"Williams","Black",0,0,0,0,0.00902804717465898,0.00902804717465898,0.000450398671558507,0.000450398671558507
"87",2010,0,"Wood","Black",0,0,0,0,0.0436020103415552,0.0436020103415552,0.00191538979692942,0.00191538979692942
"88",2010,0,"Wyandot","Black",0,0,0,0,0.00163609242810316,0.00163609242810316,7.5536210045687e-05,7.5536210045687e-05
"89",2011,1,"Adams","Black",0,0,0,0,0.0029923871400597,0.0029923871400597,0.000151170238166121,0.000151170238166121
"90",2011,1,"Allen","Black",0,0,0,0,0.228243003473684,0.228243003473684,0.0113162007999879,0.0113162007999879
"91",2011,1,"Ashland","Black",0,0,0,0,0.00744501255857567,0.00744501255857567,0.000363989409932421,0.000363989409932421
"92",2011,1,"Ashtabula","Black",0,0,0,0,0.076027582900557,0.076027582900557,0.00393555105208694,0.00393555105208694
"93",2011,1,"Athens","Black",0,0,0,0,0.0283409625782481,0.0283409625782481,0.00134823171169936,0.00134823171169936
"94",2011,1,"Auglaize","Black",0,0,0,0,0.00477622824098894,0.00477622824098894,0.000222919517886285,0.000222919517886285
"95",2011,1,"Belmont","Black",0,0,0,0,0.0581772981236778,0.0581772981236778,0.00329790170085698,0.00329790170085698
"96",2011,1,"Brown","Black",0,0,0,0,0.00837739424431342,0.00837739424431342,0.000409633625199641,0.000409633625199641
"97",2011,1,"Butler","Black",2,2,0,0,0.505179321444302,0.505179321444302,0.024357101739382,0.024357101739382
"98",2011,1,"Carroll","Black",0,0,0,0,0.0034183710108191,0.0034183710108191,0.000180002950142601,0.000180002950142601
"99",2011,1,"Champaign","Black",0,0,0,0,0.0162710951036425,0.0162710951036425,0.000761017601546996,0.000761017601546996
"100",2011,1,"Clark","Black",1,2,0,0,0.208734331115418,0.208734331115418,0.0103649129527138,0.0103649129527138
"101",2011,1,"Clermont","Black",1,1,0,0,0.0493528654771897,0.0493528654771897,0.00249172921871792,0.00249172921871792
"102",2011,1,"Clinton","Black",0,0,0,0,0.0178269692235622,0.0178269692235622,0.000850386342576384,0.000850386342576384
"103",2011,1,"Columbiana","Black",0,0,0,0,0.0613281621810122,0.0613281621810122,0.00308108451878152,0.00308108451878152
"104",2011,1,"Coshocton","Black",0,0,0,0,0.00801018401461984,0.00801018401461984,0.000388381546329341,0.000388381546329341
"105",2011,1,"Crawford","Black",0,0,0,0,0.00721285589955005,0.00721285589955005,0.000355871388377725,0.000355871388377725
"106",2011,1,"Cuyahoga","Black",24,25,0,0,6.62244498506729,6.62244498506729,0.323422186173096,0.323422186173096
"107",2011,1,"Darke","Black",0,0,0,0,0.00565924645895325,0.00565924645895325,0.000275828357578845,0.000275828357578845
"108",2011,1,"Defiance","Black",0,0,0,0,0.0143249249940244,0.0143249249940244,0.000688670178089259,0.000688670178089259
"109",2011,1,"Delaware","Black",0,0,0,0,0.120280025619665,0.120280025619665,0.00526328148495031,0.00526328148495031
"110",2011,1,"Erie","Black",0,0,0,0,0.118954843783535,0.118954843783535,0.00588174594072652,0.00588174594072652
"111",2011,1,"Fairfield","Black",0,0,0,0,0.170598423137562,0.170598423137562,0.00809472655922717,0.00809472655922717
"112",2011,1,"Fayette","Black",0,0,0,0,0.0136709740773683,0.0136709740773683,0.000679217570332692,0.000679217570332692
"113",2011,1,"Franklin","Black",20,21,0,0,4.54209455367458,4.54209455367458,0.227912095517928,0.227912095517928
"114",2011,1,"Fulton","Black",0,0,0,0,0.00480706292022613,0.00480706292022613,0.000230041134734182,0.000230041134734182
"115",2011,1,"Gallia","Black",0,0,0,0,0.0141083538397755,0.0141083538397755,0.000649205631027619,0.000649205631027619
"116",2011,1,"Geauga","Black",0,0,0,0,0.0225885765272428,0.0225885765272428,0.00107188048894095,0.00107188048894095
"117",2011,1,"Greene","Black",0,0,0,0,0.176507070683234,0.176507070683234,0.00834468380411616,0.00834468380411616
"118",2011,1,"Guernsey","Black",0,0,0,0,0.0115300749629368,0.0115300749629368,0.000552380442605448,0.000552380442605448
"119",2011,1,"Hamilton","Black",16,16,1,1,3.60595117554639,3.60595117554639,0.178429707543253,0.178429707543253
"120",2011,1,"Hancock","Black",1,1,0,0,0.0239525758110133,0.0239525758110133,0.00127877698263174,0.00127877698263174
"121",2011,1,"Hardin","Black",0,0,0,0,0.00546405987251899,0.00546405987251899,0.000287040101396308,0.000287040101396308
"122",2011,1,"Harrison","Black",0,0,0,0,0.00731896137032767,0.00731896137032767,0.000347220682450019,0.000347220682450019
"123",2011,1,"Henry","Black",0,0,0,0,0.00338421835577187,0.00338421835577187,0.000175753839069302,0.000175753839069302
"124",2011,1,"Highland","Black",0,0,0,0,0.0126583423284999,0.0126583423284999,0.000643186738747416,0.000643186738747416
"125",2011,1,"Hocking","Black",0,0,0,0,0.0049734656559937,0.0049734656559937,0.000267564142266931,0.000267564142266931
"126",2011,1,"Holmes","Black",0,0,0,0,0.00340108938208439,0.00340108938208439,0.000167871517659776,0.000167871517659776
"127",2011,1,"Huron","Black",0,0,0,0,0.014903731878984,0.014903731878984,0.000696979396443176,0.000696979396443176
"128",2011,1,"Jackson","Black",0,0,0,0,0.00463052848398062,0.00463052848398062,0.000231642455633688,0.000231642455633688
"129",2011,1,"Jefferson","Black",1,1,0,0,0.0675289410649342,0.0675289410649342,0.00322668554683818,0.00322668554683818
"130",2011,1,"Knox","Black",0,0,0,0,0.0105772203980795,0.0105772203980795,0.000497291095812705,0.000497291095812705
"131",2011,1,"Lake","Black",0,0,0,0,0.145066981420866,0.145066981420866,0.00711565897325932,0.00711565897325932
"132",2011,1,"Lawrence","Black",0,0,0,0,0.025292491694342,0.025292491694342,0.00130208760898594,0.00130208760898594
"133",2011,1,"Licking","Black",0,0,0,0,0.112318211407979,0.112318211407979,0.00513029053233523,0.00513029053233523
"134",2011,1,"Logan","Black",0,0,0,0,0.0159861641949063,0.0159861641949063,0.000744467219886065,0.000744467219886065
"135",2011,1,"Lorain","Black",0,0,0,0,0.473902921913433,0.473902921913433,0.0234642342233788,0.0234642342233788
"136",2011,1,"Lucas","Black",0,0,0,0,1.45054530916144,1.45054530916144,0.07132197996788,0.07132197996788
"137",2011,1,"Madison","Black",0,0,0,0,0.0684371383625964,0.0684371383625964,0.00364844480858359,0.00364844480858359
"138",2011,1,"Mahoning","Black",3,3,0,0,0.636191507414126,0.636191507414126,0.03155342723126,0.03155342723126
"139",2011,1,"Marion","Black",0,0,0,0,0.0989567066169925,0.0989567066169925,0.00491313633021248,0.00491313633021248
"140",2011,1,"Medina","Black",0,0,0,0,0.0399554471573353,0.0399554471573353,0.00193471721403242,0.00193471721403242
"141",2011,1,"Meigs","Black",0,0,0,0,0.00421848507518651,0.00421848507518651,0.000186861840656587,0.000186861840656587
"142",2011,1,"Mercer","Black",0,0,0,0,0.00308469313915196,0.00308469313915196,0.000165592434282433,0.000165592434282433
"143",2011,1,"Miami","Black",0,0,0,0,0.0421188427352849,0.0421188427352849,0.00203380348579748,0.00203380348579748
"144",2011,1,"Monroe","Black",0,0,0,0,0.00163558529718147,0.00163558529718147,7.00897223103449e-05,7.00897223103449e-05
"145",2011,1,"Montgomery","Black",4,4,0,0,1.9521264817466,1.9521264817466,0.096069676119118,0.096069676119118
"146",2011,1,"Morgan","Black",0,0,0,0,0.010375933924065,0.010375933924065,0.000489429203905893,0.000489429203905893
"147",2011,1,"Morrow","Black",0,0,0,0,0.0036455353271937,0.0036455353271937,0.000165005910458128,0.000165005910458128
"148",2011,1,"Muskingum","Black",0,0,0,0,0.064150141381361,0.064150141381361,0.00311327884404119,0.00311327884404119
"149",2011,1,"Noble","Black",0,0,0,0,0.00586100418913166,0.00586100418913166,0.000319441474347977,0.000319441474347977
"150",2011,1,"Ottawa","Black",0,0,0,0,0.00719305204986722,0.00719305204986722,0.000337703748600444,0.000337703748600444
"151",2011,1,"Paulding","Black",0,0,0,0,0.00426605385240338,0.00426605385240338,0.000201108699582834,0.000201108699582834
"152",2011,1,"Perry","Black",0,0,0,0,0.00280091665388989,0.00280091665388989,0.000136386632076637,0.000136386632076637
"153",2011,1,"Pickaway","Black",0,0,0,0,0.0451646862480388,0.0451646862480388,0.00237919328840741,0.00237919328840741
"154",2011,1,"Pike","Black",1,1,0,0,0.00640472299954153,0.00640472299954153,0.00029037229446888,0.00029037229446888
"155",2011,1,"Portage","Black",0,0,0,0,0.113238100171141,0.113238100171141,0.00530713553679881,0.00530713553679881
"156",2011,1,"Preble","Black",0,0,0,0,0.00464207784622001,0.00464207784622001,0.000216511213535748,0.000216511213535748
"157",2011,1,"Putnam","Black",0,0,0,0,0.00253171390555737,0.00253171390555737,0.000146220808667482,0.000146220808667482
"158",2011,1,"Richland","Black",1,1,0,0,0.224846381029418,0.224846381029418,0.0116766004717611,0.0116766004717611
"159",2011,1,"Ross","Black",1,1,0,0,0.115121018571541,0.115121018571541,0.00568592488824065,0.00568592488824065
"160",2011,1,"Sandusky","Black",0,0,0,0,0.0331805833735377,0.0331805833735377,0.00170983619490841,0.00170983619490841
"161",2011,1,"Scioto","Black",0,0,0,0,0.0432097443083004,0.0432097443083004,0.00245986460844813,0.00245986460844813
"162",2011,1,"Seneca","Black",0,0,0,0,0.0219541937099651,0.0219541937099651,0.00102517817642204,0.00102517817642204
"163",2011,1,"Shelby","Black",0,0,0,0,0.0198899051773316,0.0198899051773316,0.000936185937571885,0.000936185937571885
"164",2011,1,"Stark","Black",2,2,0,0,0.497106627364609,0.497106627364609,0.0243445733978006,0.0243445733978006
"165",2011,1,"Summit","Black",1,1,0,0,1.3675151102516,1.3675151102516,0.0662630781010502,0.0662630781010502
"166",2011,1,"Trumbull","Black",0,0,0,0,0.300456092133444,0.300456092133444,0.0149823151672789,0.0149823151672789
"167",2011,1,"Tuscarawas","Black",0,0,0,0,0.0152749359128191,0.0152749359128191,0.00072389867835003,0.00072389867835003
"168",2011,1,"Union","Black",0,0,0,0,0.033449457422495,0.033449457422495,0.00175775601989924,0.00175775601989924
"169",2011,1,"Van Wert","Black",0,0,0,0,0.00547343813275953,0.00547343813275953,0.000249834642130412,0.000249834642130412
"170",2011,1,"Vinton","Black",0,0,0,0,0.00141244865788286,0.00141244865788286,6.37222320937671e-05,6.37222320937671e-05
"171",2011,1,"Warren","Black",0,0,0,0,0.150562737936356,0.150562737936356,0.00780093670728107,0.00780093670728107
"172",2011,1,"Washington","Black",0,0,0,0,0.0145071946919781,0.0145071946919781,0.000707710872670044,0.000707710872670044
"173",2011,1,"Wayne","Black",0,0,0,0,0.0322045036319145,0.0322045036319145,0.00147420860174222,0.00147420860174222
"174",2011,1,"Williams","Black",0,0,0,0,0.00901564477813503,0.00901564477813503,0.000461344438880749,0.000461344438880749
"175",2011,1,"Wood","Black",0,0,0,0,0.0451441294006425,0.0451441294006425,0.00195785884812664,0.00195785884812664
"176",2011,1,"Wyandot","Black",0,0,0,0,0.001670012660897,0.001670012660897,7.98450115434934e-05,7.98450115434934e-05
"177",2012,2,"Adams","Black",0,0,0,0,0.00303051024729778,0.00303051024729778,0.000153680904471904,0.000153680904471904
"178",2012,2,"Allen","Black",0,0,0,0,0.225794452995891,0.225794452995891,0.0111262153842978,0.0111262153842978
"179",2012,2,"Ashland","Black",0,0,0,0,0.0076516134306692,0.0076516134306692,0.000360758744345963,0.000360758744345963
"180",2012,2,"Ashtabula","Black",0,0,0,0,0.0767513190320222,0.0767513190320222,0.00399097501912584,0.00399097501912584
"181",2012,2,"Athens","Black",0,0,0,0,0.0273122271104969,0.0273122271104969,0.001274414640635,0.001274414640635
"182",2012,2,"Auglaize","Black",0,0,0,0,0.00505929632896429,0.00505929632896429,0.000252144250809132,0.000252144250809132
"183",2012,2,"Belmont","Black",0,0,0,0,0.0583523731442544,0.0583523731442544,0.00333201764994934,0.00333201764994934
"184",2012,2,"Brown","Black",0,0,0,0,0.00793828276738449,0.00793828276738449,0.000369158132063392,0.000369158132063392
"185",2012,2,"Butler","Black",1,1,0,0,0.514104038926997,0.514104038926997,0.0249156838818197,0.0249156838818197
"186",2012,2,"Carroll","Black",0,0,0,0,0.00366644096532996,0.00366644096532996,0.000199621495417906,0.000199621495417906
"187",2012,2,"Champaign","Black",1,1,0,0,0.0161366449096692,0.0161366449096692,0.000771747326398217,0.000771747326398217
"188",2012,2,"Clark","Black",2,2,0,0,0.207255316969114,0.207255316969114,0.0102990776555922,0.0102990776555922
"189",2012,2,"Clermont","Black",0,0,0,0,0.0499189665103724,0.0499189665103724,0.00250340521972691,0.00250340521972691
"190",2012,2,"Clinton","Black",0,0,0,0,0.0179117760719345,0.0179117760719345,0.000873590385481008,0.000873590385481008
"191",2012,2,"Columbiana","Black",0,0,0,0,0.0610117203764847,0.0610117203764847,0.00306507013563645,0.00306507013563645
"192",2012,2,"Coshocton","Black",0,0,0,0,0.00786648668804072,0.00786648668804072,0.000376164296670553,0.000376164296670553
"193",2012,2,"Crawford","Black",0,0,0,0,0.00722804400687692,0.00722804400687692,0.000357161855857823,0.000357161855857823
"194",2012,2,"Cuyahoga","Black",35,37,0,0,6.55533586062505,6.55533586062505,0.322606784192466,0.322606784192466
"195",2012,2,"Darke","Black",0,0,0,0,0.00593641807680228,0.00593641807680228,0.000303821852705141,0.000303821852705141
"196",2012,2,"Defiance","Black",0,0,0,0,0.013607938905662,0.013607938905662,0.000638104487567286,0.000638104487567286
"197",2012,2,"Delaware","Black",0,0,0,0,0.122818577269826,0.122818577269826,0.00540655610574796,0.00540655610574796
"198",2012,2,"Erie","Black",1,1,0,0,0.117705315636386,0.117705315636386,0.00585319253394043,0.00585319253394043
"199",2012,2,"Fairfield","Black",0,0,0,0,0.179489516092292,0.179489516092292,0.00847725624499846,0.00847725624499846
"200",2012,2,"Fayette","Black",0,0,0,0,0.0135331194765035,0.0135331194765035,0.000681996985289235,0.000681996985289235
"201",2012,2,"Franklin","Black",14,15,0,0,4.63198909343895,4.63198909343895,0.233290444411291,0.233290444411291
"202",2012,2,"Fulton","Black",0,0,0,0,0.00580905870239086,0.00580905870239086,0.00026149852532349,0.00026149852532349
"203",2012,2,"Gallia","Black",0,0,0,0,0.0137721431183536,0.0137721431183536,0.000644864210519866,0.000644864210519866
"204",2012,2,"Geauga","Black",0,0,0,0,0.0232554568057283,0.0232554568057283,0.00111825748577123,0.00111825748577123
"205",2012,2,"Greene","Black",1,1,0,0,0.181212759308769,0.181212759308769,0.00868035974267807,0.00868035974267807
"206",2012,2,"Guernsey","Black",0,0,0,0,0.0115921758203686,0.0115921758203686,0.000560487104546639,0.000560487104546639
"207",2012,2,"Hamilton","Black",8,8,0,0,3.59405985649627,3.59405985649627,0.179746940010323,0.179746940010323
"208",2012,2,"Hancock","Black",0,0,0,0,0.0241587747965231,0.0241587747965231,0.00129058379579457,0.00129058379579457
"209",2012,2,"Hardin","Black",0,0,0,0,0.00542262911327076,0.00542262911327076,0.000286305226124679,0.000286305226124679
"210",2012,2,"Harrison","Black",0,0,0,0,0.00738393043433839,0.00738393043433839,0.000357673712477792,0.000357673712477792
"211",2012,2,"Henry","Black",0,0,0,0,0.0035389373789153,0.0035389373789153,0.000186930172965564,0.000186930172965564
"212",2012,2,"Highland","Black",0,0,0,0,0.0127668367280657,0.0127668367280657,0.000628454768056749,0.000628454768056749
"213",2012,2,"Hocking","Black",0,0,0,0,0.00511048892041542,0.00511048892041542,0.000272801571776021,0.000272801571776021
"214",2012,2,"Holmes","Black",0,0,0,0,0.00336357745135662,0.00336357745135662,0.000167521037804466,0.000167521037804466
"215",2012,2,"Huron","Black",0,0,0,0,0.0147554083503263,0.0147554083503263,0.000687645903319487,0.000687645903319487
"216",2012,2,"Jackson","Black",0,0,0,0,0.00467006506532064,0.00467006506532064,0.000226900661692423,0.000226900661692423
"217",2012,2,"Jefferson","Black",1,1,0,0,0.0653552620660355,0.0653552620660355,0.00313264426565842,0.00313264426565842
"218",2012,2,"Knox","Black",0,0,0,0,0.0104109246939211,0.0104109246939211,0.000486039608642206,0.000486039608642206
"219",2012,2,"Lake","Black",0,0,0,0,0.151146620197645,0.151146620197645,0.00758096862942095,0.00758096862942095
"220",2012,2,"Lawrence","Black",0,0,0,0,0.0250264915289655,0.0250264915289655,0.00126961365482873,0.00126961365482873
"221",2012,2,"Licking","Black",0,0,0,0,0.114638881982049,0.114638881982049,0.00521187736492536,0.00521187736492536
"222",2012,2,"Logan","Black",0,0,0,0,0.0167919996412676,0.0167919996412676,0.000808858488392286,0.000808858488392286
"223",2012,2,"Lorain","Black",1,1,0,0,0.46637718744546,0.46637718744546,0.0231445393624928,0.0231445393624928
"224",2012,2,"Lucas","Black",5,5,0,0,1.44407075034003,1.44407075034003,0.0716398010083681,0.0716398010083681
"225",2012,2,"Madison","Black",1,1,0,0,0.069044961715709,0.069044961715709,0.00368984103798494,0.00368984103798494
"226",2012,2,"Mahoning","Black",1,1,0,0,0.625869622817674,0.625869622817674,0.0310793607777593,0.0310793607777593
"227",2012,2,"Marion","Black",0,0,0,0,0.102144281721055,0.102144281721055,0.00506064191717544,0.00506064191717544
"228",2012,2,"Medina","Black",0,0,0,0,0.0419847890602673,0.0419847890602673,0.00205910096879199,0.00205910096879199
"229",2012,2,"Meigs","Black",0,0,0,0,0.00438856618413301,0.00438856618413301,0.000211520383044373,0.000211520383044373
"230",2012,2,"Mercer","Black",0,0,0,0,0.00382932869145406,0.00382932869145406,0.000208883781140449,0.000208883781140449
"231",2012,2,"Miami","Black",0,0,0,0,0.0437878361875169,0.0437878361875169,0.00216272403099816,0.00216272403099816
"232",2012,2,"Monroe","Black",0,0,0,0,0.00189832757236476,0.00189832757236476,9.15284979842173e-05,9.15284979842173e-05
"233",2012,2,"Montgomery","Black",4,4,0,0,1.93869383416921,1.93869383416921,0.0959629014869803,0.0959629014869803
"234",2012,2,"Morgan","Black",0,0,0,0,0.0102361224006277,0.0102361224006277,0.0004910451033349,0.0004910451033349
"235",2012,2,"Morrow","Black",0,0,0,0,0.00422518404043978,0.00422518404043978,0.000196121033580951,0.000196121033580951
"236",2012,2,"Muskingum","Black",0,0,0,0,0.0636004883500703,0.0636004883500703,0.00310063426794237,0.00310063426794237
"237",2012,2,"Noble","Black",0,0,0,0,0.00576059456201502,0.00576059456201502,0.000315942489606403,0.000315942489606403
"238",2012,2,"Ottawa","Black",0,0,0,0,0.00741901089465669,0.00741901089465669,0.00035375599317962,0.00035375599317962
"239",2012,2,"Paulding","Black",0,0,0,0,0.00435365807094052,0.00435365807094052,0.000209830644157002,0.000209830644157002
"240",2012,2,"Perry","Black",0,0,0,0,0.00309798494132425,0.00309798494132425,0.000152591603471873,0.000152591603471873
"241",2012,2,"Pickaway","Black",0,0,0,0,0.0482475182931754,0.0482475182931754,0.002550224318679,0.002550224318679
"242",2012,2,"Pike","Black",0,0,0,0,0.00618982392047836,0.00618982392047836,0.00027935636734523,0.00027935636734523
"243",2012,2,"Portage","Black",0,0,0,0,0.111735099419286,0.111735099419286,0.00517231867590175,0.00517231867590175
"244",2012,2,"Preble","Black",0,0,0,0,0.00448745122867249,0.00448745122867249,0.000208655096485364,0.000208655096485364
"245",2012,2,"Putnam","Black",0,0,0,0,0.00264475914261319,0.00264475914261319,0.000148850801395778,0.000148850801395778
"246",2012,2,"Richland","Black",0,0,0,0,0.222313346808474,0.222313346808474,0.0116324296105773,0.0116324296105773
"247",2012,2,"Ross","Black",1,1,0,0,0.111676511518798,0.111676511518798,0.00552268838541118,0.00552268838541118
"248",2012,2,"Sandusky","Black",0,0,0,0,0.0333830846842383,0.0333830846842383,0.00171456247157345,0.00171456247157345
"249",2012,2,"Scioto","Black",0,0,0,0,0.0429512898252855,0.0429512898252855,0.00244383465360032,0.00244383465360032
"250",2012,2,"Seneca","Black",0,0,0,0,0.0223592449274956,0.0223592449274956,0.00101259014794852,0.00101259014794852
"251",2012,2,"Shelby","Black",0,0,0,0,0.0200616766991712,0.0200616766991712,0.000965669052705222,0.000965669052705222
"252",2012,2,"Stark","Black",0,0,0,0,0.495355707628351,0.495355707628351,0.0243665773368109,0.0243665773368109
"253",2012,2,"Summit","Black",4,4,0,0,1.35854480354294,1.35854480354294,0.0661964686229628,0.0661964686229628
"254",2012,2,"Trumbull","Black",0,0,0,0,0.298250346997738,0.298250346997738,0.0149127164915846,0.0149127164915846
"255",2012,2,"Tuscarawas","Black",0,0,0,0,0.0148310693707241,0.0148310693707241,0.000683154811632162,0.000683154811632162
"256",2012,2,"Union","Black",0,0,0,0,0.0301719322007442,0.0301719322007442,0.00158319681658176,0.00158319681658176
"257",2012,2,"Van Wert","Black",0,0,0,0,0.00564401169312865,0.00564401169312865,0.000270911953404611,0.000270911953404611
"258",2012,2,"Vinton","Black",0,0,0,0,0.00143836890086635,0.00143836890086635,6.30804476401932e-05,6.30804476401932e-05
"259",2012,2,"Warren","Black",0,0,0,0,0.153122215132003,0.153122215132003,0.00786669757216913,0.00786669757216913
"260",2012,2,"Washington","Black",0,0,0,0,0.0148994162621561,0.0148994162621561,0.000753760126136836,0.000753760126136836
"261",2012,2,"Wayne","Black",0,0,0,0,0.032507993204745,0.032507993204745,0.00150413086367006,0.00150413086367006
"262",2012,2,"Williams","Black",0,0,0,0,0.00968763145768126,0.00968763145768126,0.000508396159817188,0.000508396159817188
"263",2012,2,"Wood","Black",0,0,0,0,0.0471789333747571,0.0471789333747571,0.00205095912681809,0.00205095912681809
"264",2012,2,"Wyandot","Black",0,0,0,0,0.00185634053076045,0.00185634053076045,8.34596430506262e-05,8.34596430506262e-05
"265",2013,3,"Adams","Black",0,0,0,0,0.00321810752918799,0.00321810752918799,0.000166901723626578,0.000166901723626578
"266",2013,3,"Allen","Black",1,1,0,0,0.22586811539046,0.22586811539046,0.0111497294507281,0.0111497294507281
"267",2013,3,"Ashland","Black",0,0,0,0,0.00770747785098483,0.00770747785098483,0.000363944329282729,0.000363944329282729
"268",2013,3,"Ashtabula","Black",0,0,0,0,0.0772579589282431,0.0772579589282431,0.00409615939857872,0.00409615939857872
"269",2013,3,"Athens","Black",0,0,0,0,0.0292027762810211,0.0292027762810211,0.00144652941033073,0.00144652941033073
"270",2013,3,"Auglaize","Black",0,0,0,0,0.00553659950416992,0.00553659950416992,0.00027874551450749,0.00027874551450749
"271",2013,3,"Belmont","Black",0,0,0,0,0.058434152292164,0.058434152292164,0.00333467787858169,0.00333467787858169
"272",2013,3,"Brown","Black",0,0,0,0,0.00797277618560923,0.00797277618560923,0.000386001583324388,0.000386001583324388
"273",2013,3,"Butler","Black",2,2,0,0,0.521903684183488,0.521903684183488,0.0252942068309565,0.0252942068309565
"274",2013,3,"Carroll","Black",0,0,0,0,0.00373391315738016,0.00373391315738016,0.000200662144964295,0.000200662144964295
"275",2013,3,"Champaign","Black",0,0,0,0,0.0159904242921706,0.0159904242921706,0.000795115776375045,0.000795115776375045
"276",2013,3,"Clark","Black",0,0,0,0,0.205257058696155,0.205257058696155,0.0102399879835315,0.0102399879835315
"277",2013,3,"Clermont","Black",0,0,0,0,0.0510390026990123,0.0510390026990123,0.00258831420699927,0.00258831420699927
"278",2013,3,"Clinton","Black",1,1,0,0,0.0176019895289529,0.0176019895289529,0.000875419077219724,0.000875419077219724
"279",2013,3,"Columbiana","Black",0,0,0,0,0.061314978528306,0.061314978528306,0.00307452663483961,0.00307452663483961
"280",2013,3,"Coshocton","Black",0,0,0,0,0.00770567696394706,0.00770567696394706,0.000385957713553941,0.000385957713553941
"281",2013,3,"Crawford","Black",0,0,0,0,0.00796098223538038,0.00796098223538038,0.000410786906321098,0.000410786906321098
"282",2013,3,"Cuyahoga","Black",37,38,1,1,6.51277453373774,6.51277453373774,0.32360959298691,0.32360959298691
"283",2013,3,"Darke","Black",0,0,0,0,0.00553686397198145,0.00553686397198145,0.000292377605968221,0.000292377605968221
"284",2013,3,"Defiance","Black",1,1,0,0,0.013484564026322,0.013484564026322,0.000641137806428953,0.000641137806428953
"285",2013,3,"Delaware","Black",1,1,0,0,0.124702748068068,0.124702748068068,0.00546921979926165,0.00546921979926165
"286",2013,3,"Erie","Black",0,0,0,0,0.115086886753721,0.115086886753721,0.00576035767762164,0.00576035767762164
"287",2013,3,"Fairfield","Black",0,0,0,0,0.192514643108588,0.192514643108588,0.00915497637676014,0.00915497637676014
"288",2013,3,"Fayette","Black",0,0,0,0,0.0138523089944219,0.0138523089944219,0.000687204373419094,0.000687204373419094
"289",2013,3,"Franklin","Black",21,21,1,1,4.74225180358283,4.74225180358283,0.240546788525821,0.240546788525821
"290",2013,3,"Fulton","Black",0,0,0,0,0.00535761033285404,0.00535761033285404,0.000256422816402884,0.000256422816402884
"291",2013,3,"Gallia","Black",0,0,0,0,0.0133423776333588,0.0133423776333588,0.000651106632193721,0.000651106632193721
"292",2013,3,"Geauga","Black",0,0,0,0,0.0224818655086781,0.0224818655086781,0.00109041424868328,0.00109041424868328
"293",2013,3,"Greene","Black",0,0,0,0,0.181342400080503,0.181342400080503,0.00892312625850573,0.00892312625850573
"294",2013,3,"Guernsey","Black",0,0,0,0,0.0112212133062415,0.0112212133062415,0.000535817772139313,0.000535817772139313
"295",2013,3,"Hamilton","Black",17,18,0,0,3.60440412678999,3.60440412678999,0.182301745854513,0.182301745854513
"296",2013,3,"Hancock","Black",0,0,0,0,0.0251189700202608,0.0251189700202608,0.00131764659895543,0.00131764659895543
"297",2013,3,"Hardin","Black",0,0,0,0,0.0054533119667594,0.0054533119667594,0.00028320510647592,0.00028320510647592
"298",2013,3,"Harrison","Black",0,0,0,0,0.007314919198298,0.007314919198298,0.000353801371290765,0.000353801371290765
"299",2013,3,"Henry","Black",0,0,0,0,0.00351473220015285,0.00351473220015285,0.000188676243263127,0.000188676243263127
"300",2013,3,"Highland","Black",0,0,0,0,0.0123044217875946,0.0123044217875946,0.000622054464305401,0.000622054464305401
"301",2013,3,"Hocking","Black",0,0,0,0,0.00381460288799459,0.00381460288799459,0.000191257475684777,0.000191257475684777
"302",2013,3,"Holmes","Black",0,0,0,0,0.00311740598405425,0.00311740598405425,0.000157844690355516,0.000157844690355516
"303",2013,3,"Huron","Black",0,0,0,0,0.0146615194434372,0.0146615194434372,0.000688717054986067,0.000688717054986067
"304",2013,3,"Jackson","Black",0,0,0,0,0.00466509815762786,0.00466509815762786,0.000212851555805426,0.000212851555805426
"305",2013,3,"Jefferson","Black",0,0,0,0,0.0639425557937294,0.0639425557937294,0.00307973782454316,0.00307973782454316
"306",2013,3,"Knox","Black",0,0,0,0,0.0104527147148618,0.0104527147148618,0.000490493832068664,0.000490493832068664
"307",2013,3,"Lake","Black",0,0,0,0,0.156864091726377,0.156864091726377,0.00785822596057079,0.00785822596057079
"308",2013,3,"Lawrence","Black",0,0,0,0,0.0250211834017358,0.0250211834017358,0.00126038423706746,0.00126038423706746
"309",2013,3,"Licking","Black",0,0,0,0,0.116015149686145,0.116015149686145,0.00523510563390679,0.00523510563390679
"310",2013,3,"Logan","Black",0,0,0,0,0.0173528593210805,0.0173528593210805,0.00083948901491815,0.00083948901491815
"311",2013,3,"Lorain","Black",3,3,1,1,0.468916597687173,0.468916597687173,0.0232440411153688,0.0232440411153688
"312",2013,3,"Lucas","Black",4,4,0,0,1.44168928824494,1.44168928824494,0.0722675652319409,0.0722675652319409
"313",2013,3,"Madison","Black",0,0,0,0,0.0679770065907514,0.0679770065907514,0.00365584720622634,0.00365584720622634
"314",2013,3,"Mahoning","Black",4,4,0,0,0.613912561117379,0.613912561117379,0.0306372140791217,0.0306372140791217
"315",2013,3,"Marion","Black",1,1,0,0,0.102365577172679,0.102365577172679,0.00508762467801677,0.00508762467801677
"316",2013,3,"Medina","Black",0,0,0,0,0.0433327494642977,0.0433327494642977,0.00215036982075087,0.00215036982075087
"317",2013,3,"Meigs","Black",0,0,0,0,0.00464811695281099,0.00464811695281099,0.000207576725603195,0.000207576725603195
"318",2013,3,"Mercer","Black",0,0,0,0,0.0036384166376319,0.0036384166376319,0.000193697309658556,0.000193697309658556
"319",2013,3,"Miami","Black",0,0,0,0,0.0447783142530795,0.0447783142530795,0.0022063964455035,0.0022063964455035
"320",2013,3,"Monroe","Black",0,0,0,0,0.00229171080620154,0.00229171080620154,0.000108863530086941,0.000108863530086941
"321",2013,3,"Montgomery","Black",4,4,0,0,1.9293302415339,1.9293302415339,0.0959700502629889,0.0959700502629889
"322",2013,3,"Morgan","Black",0,0,0,0,0.0104843372492069,0.0104843372492069,0.000488858360637328,0.000488858360637328
"323",2013,3,"Morrow","Black",0,0,0,0,0.00448332418845162,0.00448332418845162,0.000216437374077383,0.000216437374077383
"324",2013,3,"Muskingum","Black",0,0,0,0,0.0640378365618562,0.0640378365618562,0.0031443639040945,0.0031443639040945
"325",2013,3,"Noble","Black",0,0,0,0,0.00606635752776944,0.00606635752776944,0.000331834061196831,0.000331834061196831
"326",2013,3,"Ottawa","Black",0,0,0,0,0.00765652283679272,0.00765652283679272,0.000374695187412575,0.000374695187412575
"327",2013,3,"Paulding","Black",0,0,0,0,0.00428739649563057,0.00428739649563057,0.00019970231912104,0.00019970231912104
"328",2013,3,"Perry","Black",0,0,0,0,0.00317596102010262,0.00317596102010262,0.000156564394790865,0.000156564394790865
"329",2013,3,"Pickaway","Black",0,0,0,0,0.0490156205785352,0.0490156205785352,0.00258678198366408,0.00258678198366408
"330",2013,3,"Pike","Black",0,0,0,0,0.00658088919474394,0.00658088919474394,0.00029890338457675,0.00029890338457675
"331",2013,3,"Portage","Black",1,1,0,0,0.112100828971455,0.112100828971455,0.00522112610219346,0.00522112610219346
"332",2013,3,"Preble","Black",0,0,0,0,0.00453811206983997,0.00453811206983997,0.000212546102173305,0.000212546102173305
"333",2013,3,"Putnam","Black",0,0,0,0,0.0030944812319685,0.0030944812319685,0.000170363737170655,0.000170363737170655
"334",2013,3,"Richland","Black",1,1,0,0,0.222271791207068,0.222271791207068,0.0116574993535799,0.0116574993535799
"335",2013,3,"Ross","Black",0,0,0,0,0.110293446819217,0.110293446819217,0.00541503573973486,0.00541503573973486
"336",2013,3,"Sandusky","Black",0,0,0,0,0.0336853900208814,0.0336853900208814,0.00172368664025475,0.00172368664025475
"337",2013,3,"Scioto","Black",0,0,0,0,0.042399625108106,0.042399625108106,0.00241151815351586,0.00241151815351586
"338",2013,3,"Seneca","Black",0,0,0,0,0.0234884170744509,0.0234884170744509,0.00106653531624523,0.00106653531624523
"339",2013,3,"Shelby","Black",0,0,0,0,0.0213077384095827,0.0213077384095827,0.00102416542669304,0.00102416542669304
"340",2013,3,"Stark","Black",1,1,0,0,0.497021657889603,0.497021657889603,0.0245839794986566,0.0245839794986566
"341",2013,3,"Summit","Black",1,1,0,0,1.36355996721031,1.36355996721031,0.0670128760555762,0.0670128760555762
"342",2013,3,"Trumbull","Black",1,1,0,0,0.298661696679415,0.298661696679415,0.0151497120107008,0.0151497120107008
"343",2013,3,"Tuscarawas","Black",0,0,0,0,0.0150873507683389,0.0150873507683389,0.000706716639279503,0.000706716639279503
"344",2013,3,"Union","Black",0,0,0,0,0.0319096644537275,0.0319096644537275,0.00171219914741349,0.00171219914741349
"345",2013,3,"Van Wert","Black",0,0,0,0,0.00550074395950794,0.00550074395950794,0.000267047503963768,0.000267047503963768
"346",2013,3,"Vinton","Black",0,0,0,0,0.00161065944224225,0.00161065944224225,7.36113174259252e-05,7.36113174259252e-05
"347",2013,3,"Warren","Black",0,0,0,0,0.15655398438252,0.15655398438252,0.00798996338254623,0.00798996338254623
"348",2013,3,"Washington","Black",0,0,0,0,0.0153677599818847,0.0153677599818847,0.000769774243065773,0.000769774243065773
"349",2013,3,"Wayne","Black",0,0,0,0,0.0332284896442756,0.0332284896442756,0.0015328472875957,0.0015328472875957
"350",2013,3,"Williams","Black",0,0,0,0,0.0100106619807232,0.0100106619807232,0.0005393404067905,0.0005393404067905
"351",2013,3,"Wood","Black",0,0,0,0,0.0503473924026242,0.0503473924026242,0.00227968565958357,0.00227968565958357
"352",2013,3,"Wyandot","Black",0,0,0,0,0.0022974381286852,0.0022974381286852,0.000114690733581647,0.000114690733581647
"353",2014,4,"Adams","Black",0,0,0,0,0.00321055215213424,0.00321055215213424,0.00016496190058936,0.00016496190058936
"354",2014,4,"Allen","Black",0,0,0,0,0.224764153686055,0.224764153686055,0.0110793180445328,0.0110793180445328
"355",2014,4,"Ashland","Black",0,0,0,0,0.00778176891302773,0.00778176891302773,0.000370979893983842,0.000370979893983842
"356",2014,4,"Ashtabula","Black",0,0,0,0,0.0768905715174065,0.0768905715174065,0.00411446245164871,0.00411446245164871
"357",2014,4,"Athens","Black",0,0,0,0,0.0284723614449645,0.0284723614449645,0.00134632096811346,0.00134632096811346
"358",2014,4,"Auglaize","Black",0,0,0,0,0.00517731426300509,0.00517731426300509,0.000264622623588632,0.000264622623588632
"359",2014,4,"Belmont","Black",0,0,0,0,0.0589287782458284,0.0589287782458284,0.00341542464273763,0.00341542464273763
"360",2014,4,"Brown","Black",0,0,0,0,0.00825328575820581,0.00825328575820581,0.000397740814316528,0.000397740814316528
"361",2014,4,"Butler","Black",2,3,0,0,0.538145797414954,0.538145797414954,0.0262550078147712,0.0262550078147712
"362",2014,4,"Carroll","Black",0,0,0,0,0.00366065779902235,0.00366065779902235,0.000186725060612404,0.000186725060612404
"363",2014,4,"Champaign","Black",0,0,0,0,0.0158154443153429,0.0158154443153429,0.000789643568202706,0.000789643568202706
"364",2014,4,"Clark","Black",2,2,0,0,0.206379802664554,0.206379802664554,0.0102967643654631,0.0102967643654631
"365",2014,4,"Clermont","Black",0,0,0,0,0.0543819528672276,0.0543819528672276,0.00280163846884678,0.00280163846884678
"366",2014,4,"Clinton","Black",0,0,0,0,0.017341214489786,0.017341214489786,0.000855367945815418,0.000855367945815418
"367",2014,4,"Columbiana","Black",0,0,0,0,0.0617025351014868,0.0617025351014868,0.00313027162721336,0.00313027162721336
"368",2014,4,"Coshocton","Black",0,0,0,0,0.00818189706099919,0.00818189706099919,0.000406888500873249,0.000406888500873249
"369",2014,4,"Crawford","Black",0,0,0,0,0.0080346865086513,0.0080346865086513,0.000400941939710713,0.000400941939710713
"370",2014,4,"Cuyahoga","Black",29,30,0,0,6.47986910127958,6.47986910127958,0.324964860117139,0.324964860117139
"371",2014,4,"Darke","Black",0,0,0,0,0.006203248382629,0.006203248382629,0.00032009440627107,0.00032009440627107
"372",2014,4,"Defiance","Black",0,0,0,0,0.0138512310660356,0.0138512310660356,0.000680185090113001,0.000680185090113001
"373",2014,4,"Delaware","Black",1,1,0,0,0.128016286993709,0.128016286993709,0.00556749079085601,0.00556749079085601
"374",2014,4,"Erie","Black",0,0,0,0,0.116286129110678,0.116286129110678,0.00583545134732889,0.00583545134732889
"375",2014,4,"Fairfield","Black",0,0,0,0,0.203847077580868,0.203847077580868,0.00965437010389454,0.00965437010389454
"376",2014,4,"Fayette","Black",0,0,0,0,0.0139914857712168,0.0139914857712168,0.000691557826070948,0.000691557826070948
"377",2014,4,"Franklin","Black",20,20,1,1,4.86718386948914,4.86718386948914,0.24929701692129,0.24929701692129
"378",2014,4,"Fulton","Black",0,0,0,0,0.00649697118401349,0.00649697118401349,0.000319664257674464,0.000319664257674464
"379",2014,4,"Gallia","Black",0,0,0,0,0.0136078982115013,0.0136078982115013,0.000669441608561878,0.000669441608561878
"380",2014,4,"Geauga","Black",0,0,0,0,0.0226710265360904,0.0226710265360904,0.00110393367732363,0.00110393367732363
"381",2014,4,"Greene","Black",0,0,0,0,0.183334083612954,0.183334083612954,0.00909369798461262,0.00909369798461262
"382",2014,4,"Guernsey","Black",0,0,0,0,0.0115770898781535,0.0115770898781535,0.000537129747967178,0.000537129747967178
"383",2014,4,"Hamilton","Black",15,19,0,0,3.61550231211086,3.61550231211086,0.184463265380992,0.184463265380992
"384",2014,4,"Hancock","Black",0,0,0,0,0.0259188195621494,0.0259188195621494,0.00136676831379764,0.00136676831379764
"385",2014,4,"Hardin","Black",0,0,0,0,0.00539582480274972,0.00539582480274972,0.000279381150526397,0.000279381150526397
"386",2014,4,"Harrison","Black",0,0,0,0,0.00736656710468812,0.00736656710468812,0.000358632310176992,0.000358632310176992
"387",2014,4,"Henry","Black",0,0,0,0,0.00383361106853202,0.00383361106853202,0.000198725680941393,0.000198725680941393
"388",2014,4,"Highland","Black",0,0,0,0,0.0128046292133546,0.0128046292133546,0.000677239512283134,0.000677239512283134
"389",2014,4,"Hocking","Black",0,0,0,0,0.00403260416222836,0.00403260416222836,0.000192644659213383,0.000192644659213383
"390",2014,4,"Holmes","Black",0,0,0,0,0.00304735615148559,0.00304735615148559,0.000146720421353715,0.000146720421353715
"391",2014,4,"Huron","Black",0,0,0,0,0.0153980092793341,0.0153980092793341,0.000722876286990097,0.000722876286990097
"392",2014,4,"Jackson","Black",0,0,0,0,0.00467994157737233,0.00467994157737233,0.000208005365859103,0.000208005365859103
"393",2014,4,"Jefferson","Black",0,0,0,0,0.0637943921276028,0.0637943921276028,0.00305448252392499,0.00305448252392499
"394",2014,4,"Knox","Black",0,0,0,0,0.0111165161641957,0.0111165161641957,0.000558798982852969,0.000558798982852969
"395",2014,4,"Lake","Black",0,0,0,0,0.162559327312437,0.162559327312437,0.00813155900584057,0.00813155900584057
"396",2014,4,"Lawrence","Black",0,0,0,0,0.0247409751855857,0.0247409751855857,0.00125027148373423,0.00125027148373423
"397",2014,4,"Licking","Black",0,0,0,0,0.118663060052973,0.118663060052973,0.00545021222904798,0.00545021222904798
"398",2014,4,"Logan","Black",0,0,0,0,0.0182853952455002,0.0182853952455002,0.00086089659276005,0.00086089659276005
"399",2014,4,"Lorain","Black",2,2,0,0,0.473070630870001,0.473070630870001,0.023496338672143,0.023496338672143
"400",2014,4,"Lucas","Black",7,9,0,0,1.43827249747306,1.43827249747306,0.0729176422791644,0.0729176422791644
"401",2014,4,"Madison","Black",0,0,0,0,0.0722024113976982,0.0722024113976982,0.00388357953684659,0.00388357953684659
"402",2014,4,"Mahoning","Black",2,2,0,0,0.60865130479345,0.60865130479345,0.0305157604092853,0.0305157604092853
"403",2014,4,"Marion","Black",0,0,0,0,0.103640492427081,0.103640492427081,0.00517025745700395,0.00517025745700395
"404",2014,4,"Medina","Black",0,0,0,0,0.04445899568402,0.04445899568402,0.00224210609588169,0.00224210609588169
"405",2014,4,"Meigs","Black",0,0,0,0,0.00466817457368176,0.00466817457368176,0.000206785839564014,0.000206785839564014
"406",2014,4,"Mercer","Black",0,0,0,0,0.00408401233756544,0.00408401233756544,0.000217795532581179,0.000217795532581179
"407",2014,4,"Miami","Black",0,0,0,0,0.0453034922537065,0.0453034922537065,0.00224542447782786,0.00224542447782786
"408",2014,4,"Monroe","Black",0,0,0,0,0.00196918068328215,0.00196918068328215,9.91948081680385e-05,9.91948081680385e-05
"409",2014,4,"Montgomery","Black",2,3,0,0,1.91514245557579,1.91514245557579,0.0959536159975293,0.0959536159975293
"410",2014,4,"Morgan","Black",0,0,0,0,0.00991802893733131,0.00991802893733131,0.000483894673251828,0.000483894673251828
"411",2014,4,"Morrow","Black",0,0,0,0,0.00431807311913043,0.00431807311913043,0.000220761426635285,0.000220761426635285
"412",2014,4,"Muskingum","Black",0,0,0,0,0.0638866925708138,0.0638866925708138,0.00317396307822422,0.00317396307822422
"413",2014,4,"Noble","Black",0,0,0,0,0.00589462247219635,0.00589462247219635,0.000333528121026436,0.000333528121026436
"414",2014,4,"Ottawa","Black",0,0,0,0,0.00788276343334728,0.00788276343334728,0.000413145712866239,0.000413145712866239
"415",2014,4,"Paulding","Black",0,0,0,0,0.00432290551671403,0.00432290551671403,0.000199556897192388,0.000199556897192388
"416",2014,4,"Perry","Black",0,0,0,0,0.00367816235842287,0.00367816235842287,0.000187276973163918,0.000187276973163918
"417",2014,4,"Pickaway","Black",0,0,0,0,0.0496762863244908,0.0496762863244908,0.00264477211260885,0.00264477211260885
"418",2014,4,"Pike","Black",0,0,0,0,0.00656445691237623,0.00656445691237623,0.000303384109823804,0.000303384109823804
"419",2014,4,"Portage","Black",0,0,0,0,0.11536899355924,0.11536899355924,0.00548787299012571,0.00548787299012571
"420",2014,4,"Preble","Black",0,0,0,0,0.00511673471156979,0.00511673471156979,0.000262985622126316,0.000262985622126316
"421",2014,4,"Putnam","Black",0,0,0,0,0.00319764455882188,0.00319764455882188,0.000166002604562251,0.000166002604562251
"422",2014,4,"Richland","Black",0,0,0,0,0.221858848067298,0.221858848067298,0.0116770237931736,0.0116770237931736
"423",2014,4,"Ross","Black",0,0,0,0,0.109854461038426,0.109854461038426,0.00540538667549011,0.00540538667549011
"424",2014,4,"Sandusky","Black",0,0,0,0,0.0338310959526471,0.0338310959526471,0.00169785301093628,0.00169785301093628
"425",2014,4,"Scioto","Black",0,0,0,0,0.0402759648642479,0.0402759648642479,0.00228399424635717,0.00228399424635717
"426",2014,4,"Seneca","Black",0,0,0,0,0.0236732571592649,0.0236732571592649,0.00108981725333432,0.00108981725333432
"427",2014,4,"Shelby","Black",0,0,0,0,0.022788019012173,0.022788019012173,0.00114658431050899,0.00114658431050899
"428",2014,4,"Stark","Black",1,2,0,0,0.50046424770177,0.50046424770177,0.0248944195979562,0.0248944195979562
"429",2014,4,"Summit","Black",6,7,0,0,1.36442852040885,1.36442852040885,0.0676360549636745,0.0676360549636745
"430",2014,4,"Trumbull","Black",1,1,0,0,0.297845378142626,0.297845378142626,0.0152813099576564,0.0152813099576564
"431",2014,4,"Tuscarawas","Black",0,0,0,0,0.014884746882307,0.014884746882307,0.000744194933167573,0.000744194933167573
"432",2014,4,"Union","Black",0,0,0,0,0.0331900432146552,0.0331900432146552,0.00176804659795596,0.00176804659795596
"433",2014,4,"Van Wert","Black",0,0,0,0,0.00600791474665398,0.00600791474665398,0.000273985196163632,0.000273985196163632
"434",2014,4,"Vinton","Black",0,0,0,0,0.00177695932100301,0.00177695932100301,8.35640390556838e-05,8.35640390556838e-05
"435",2014,4,"Warren","Black",0,0,0,0,0.15598152430416,0.15598152430416,0.00790066311243323,0.00790066311243323
"436",2014,4,"Washington","Black",0,0,0,0,0.0148242779879789,0.0148242779879789,0.000725329638267487,0.000725329638267487
"437",2014,4,"Wayne","Black",0,0,0,0,0.0339500775122705,0.0339500775122705,0.00157825416975014,0.00157825416975014
"438",2014,4,"Williams","Black",0,0,0,0,0.00968463786298831,0.00968463786298831,0.000516603592532983,0.000516603592532983
"439",2014,4,"Wood","Black",0,0,0,0,0.0525495196194168,0.0525495196194168,0.00244456263323357,0.00244456263323357
"440",2014,4,"Wyandot","Black",0,0,0,0,0.00196528844593241,0.00196528844593241,8.98981288787148e-05,8.98981288787148e-05
"441",2015,5,"Adams","Black",0,0,0,0,0.00318608261581271,0.00318608261581271,0.000161615642663846,0.000161615642663846
"442",2015,5,"Allen","Black",1,1,0,0,0.223693118136626,0.223693118136626,0.0110709877300619,0.0110709877300619
"443",2015,5,"Ashland","Black",0,0,0,0,0.00839670152469401,0.00839670152469401,0.00039485775349321,0.00039485775349321
"444",2015,5,"Ashtabula","Black",0,0,1,1,0.076730797859143,0.076730797859143,0.00412271864467115,0.00412271864467115
"445",2015,5,"Athens","Black",0,0,0,0,0.0305688319330293,0.0305688319330293,0.00145467766629857,0.00145467766629857
"446",2015,5,"Auglaize","Black",0,0,0,0,0.00666518114046892,0.00666518114046892,0.000321110810984939,0.000321110810984939
"447",2015,5,"Belmont","Black",1,1,0,0,0.0595969194297397,0.0595969194297397,0.00347424668364518,0.00347424668364518
"448",2015,5,"Brown","Black",0,0,0,0,0.00771392580601195,0.00771392580601195,0.000367256170460276,0.000367256170460276
"449",2015,5,"Butler","Black",3,6,0,0,0.557928472999049,0.557928472999049,0.0274147649916748,0.0274147649916748
"450",2015,5,"Carroll","Black",0,0,0,0,0.00420170101890728,0.00420170101890728,0.000211345420923448,0.000211345420923448
"451",2015,5,"Champaign","Black",0,0,0,0,0.0162606592374202,0.0162606592374202,0.000817196124712857,0.000817196124712857
"452",2015,5,"Clark","Black",0,1,0,1,0.207541304576781,0.207541304576781,0.0102780301706233,0.0102780301706233
"453",2015,5,"Clermont","Black",0,0,0,0,0.0573454197429146,0.0573454197429146,0.00299925044216702,0.00299925044216702
"454",2015,5,"Clinton","Black",0,0,0,0,0.0171877758862373,0.0171877758862373,0.000836473431365698,0.000836473431365698
"455",2015,5,"Columbiana","Black",1,1,0,0,0.0620659375732145,0.0620659375732145,0.00317357932715771,0.00317357932715771
"456",2015,5,"Coshocton","Black",0,0,0,0,0.00854516242080633,0.00854516242080633,0.000413218590396685,0.000413218590396685
"457",2015,5,"Crawford","Black",0,0,0,0,0.00838388170960399,0.00838388170960399,0.000415777610694657,0.000415777610694657
"458",2015,5,"Cuyahoga","Black",25,34,0,0,6.45973766347995,6.45973766347995,0.327247311267765,0.327247311267765
"459",2015,5,"Darke","Black",0,0,0,0,0.00671330549236196,0.00671330549236196,0.000339204696975674,0.000339204696975674
"460",2015,5,"Defiance","Black",0,0,0,0,0.0141570853416452,0.0141570853416452,0.000686074827879068,0.000686074827879068
"461",2015,5,"Delaware","Black",0,0,0,0,0.130436700566454,0.130436700566454,0.00577618517293526,0.00577618517293526
"462",2015,5,"Erie","Black",0,0,0,0,0.115358721170812,0.115358721170812,0.00580035286057354,0.00580035286057354
"463",2015,5,"Fairfield","Black",0,0,0,0,0.210163649562032,0.210163649562032,0.00991592438183358,0.00991592438183358
"464",2015,5,"Fayette","Black",0,0,0,0,0.0135214240499319,0.0135214240499319,0.000673958506358019,0.000673958506358019
"465",2015,5,"Franklin","Black",28,29,0,0,5.01262719122427,5.01262719122427,0.259408024905639,0.259408024905639
"466",2015,5,"Fulton","Black",0,0,0,0,0.00630851201148768,0.00630851201148768,0.000294177482980859,0.000294177482980859
"467",2015,5,"Gallia","Black",0,0,0,0,0.0133528439668575,0.0133528439668575,0.000663238470991003,0.000663238470991003
"468",2015,5,"Geauga","Black",0,0,0,0,0.0222244998424124,0.0222244998424124,0.0010978806889381,0.0010978806889381
"469",2015,5,"Greene","Black",1,2,0,0,0.184700578559389,0.184700578559389,0.0092520047840246,0.0092520047840246
"470",2015,5,"Guernsey","Black",0,0,0,0,0.0115225521086024,0.0115225521086024,0.000565602097570224,0.000565602097570224
"471",2015,5,"Hamilton","Black",13,28,0,0,3.63165682166666,3.63165682166666,0.187008532660407,0.187008532660407
"472",2015,5,"Hancock","Black",0,0,0,0,0.0271185201263856,0.0271185201263856,0.00145676922297862,0.00145676922297862
"473",2015,5,"Hardin","Black",0,0,0,0,0.00524121979987399,0.00524121979987399,0.000262500939857539,0.000262500939857539
"474",2015,5,"Harrison","Black",0,0,0,0,0.00690632180005142,0.00690632180005142,0.000351120149478109,0.000351120149478109
"475",2015,5,"Henry","Black",0,0,0,0,0.0035579411424911,0.0035579411424911,0.000188788264798232,0.000188788264798232
"476",2015,5,"Highland","Black",0,0,0,0,0.0128178579715224,0.0128178579715224,0.000686125809503005,0.000686125809503005
"477",2015,5,"Hocking","Black",0,0,0,0,0.00402942913492079,0.00402942913492079,0.000206626909886784,0.000206626909886784
"478",2015,5,"Holmes","Black",0,0,0,0,0.00334490069160436,0.00334490069160436,0.000163753358838634,0.000163753358838634
"479",2015,5,"Huron","Black",0,0,0,0,0.0154553967053604,0.0154553967053604,0.000742786457506306,0.000742786457506306
"480",2015,5,"Jackson","Black",0,0,0,0,0.00430266861131863,0.00430266861131863,0.000201164710350386,0.000201164710350386
"481",2015,5,"Jefferson","Black",0,0,0,0,0.0627504515545376,0.0627504515545376,0.00301668320619297,0.00301668320619297
"482",2015,5,"Knox","Black",0,0,0,0,0.0109730622470589,0.0109730622470589,0.00053019342400969,0.00053019342400969
"483",2015,5,"Lake","Black",0,0,0,0,0.166818862616362,0.166818862616362,0.0085882512782035,0.0085882512782035
"484",2015,5,"Lawrence","Black",0,0,0,0,0.0251964444344103,0.0251964444344103,0.00129728249938972,0.00129728249938972
"485",2015,5,"Licking","Black",0,0,0,0,0.123216233214253,0.123216233214253,0.005748340426897,0.005748340426897
"486",2015,5,"Logan","Black",0,0,0,0,0.0180713686024471,0.0180713686024471,0.000872144829769238,0.000872144829769238
"487",2015,5,"Lorain","Black",1,1,0,0,0.478800445614561,0.478800445614561,0.0238732432685446,0.0238732432685446
"488",2015,5,"Lucas","Black",7,8,0,0,1.44938474569061,1.44938474569061,0.074655334019702,0.074655334019702
"489",2015,5,"Madison","Black",0,0,0,0,0.0730369979345123,0.0730369979345123,0.0039036178687037,0.0039036178687037
"490",2015,5,"Mahoning","Black",4,4,0,0,0.602196818916523,0.602196818916523,0.0304589090757091,0.0304589090757091
"491",2015,5,"Marion","Black",0,0,0,0,0.103653333050409,0.103653333050409,0.00518137093598621,0.00518137093598621
"492",2015,5,"Medina","Black",1,1,0,0,0.0454198013481339,0.0454198013481339,0.00229188753272129,0.00229188753272129
"493",2015,5,"Meigs","Black",0,0,0,0,0.00458540084610572,0.00458540084610572,0.000210621155127041,0.000210621155127041
"494",2015,5,"Mercer","Black",0,0,0,0,0.004243068392805,0.004243068392805,0.000225133191900097,0.000225133191900097
"495",2015,5,"Miami","Black",0,0,0,0,0.0465747153068581,0.0465747153068581,0.00230219355487203,0.00230219355487203
"496",2015,5,"Monroe","Black",0,0,0,0,0.001957778062481,0.001957778062481,0.000100302773668983,0.000100302773668983
"497",2015,5,"Montgomery","Black",9,11,1,1,1.91228940071812,1.91228940071812,0.096663777554025,0.096663777554025
"498",2015,5,"Morgan","Black",0,0,0,0,0.0100707115184484,0.0100707115184484,0.000481301439931394,0.000481301439931394
"499",2015,5,"Morrow","Black",0,0,0,0,0.00449931302485843,0.00449931302485843,0.000231549739884775,0.000231549739884775
"500",2015,5,"Muskingum","Black",0,0,0,0,0.0650969692716917,0.0650969692716917,0.00329084235224146,0.00329084235224146
"501",2015,5,"Noble","Black",0,0,0,0,0.00594824752440836,0.00594824752440836,0.000336404252031487,0.000336404252031487
"502",2015,5,"Ottawa","Black",0,0,0,0,0.00793315098684822,0.00793315098684822,0.000397078162800466,0.000397078162800466
"503",2015,5,"Paulding","Black",0,0,0,0,0.00452089844832129,0.00452089844832129,0.000199328908249084,0.000199328908249084
"504",2015,5,"Perry","Black",0,0,0,0,0.0035724394355258,0.0035724394355258,0.000185083652536036,0.000185083652536036
"505",2015,5,"Pickaway","Black",0,0,0,0,0.0482840783731928,0.0482840783731928,0.00255057143952,0.00255057143952
"506",2015,5,"Pike","Black",0,0,0,0,0.00682762737370231,0.00682762737370231,0.000328240084608199,0.000328240084608199
"507",2015,5,"Portage","Black",0,1,0,0,0.117291406561136,0.117291406561136,0.00559324935582554,0.00559324935582554
"508",2015,5,"Preble","Black",0,0,0,0,0.00587521463804753,0.00587521463804753,0.00029430942840625,0.00029430942840625
"509",2015,5,"Putnam","Black",0,0,0,0,0.00365995289707326,0.00365995289707326,0.000176141132758977,0.000176141132758977
"510",2015,5,"Richland","Black",2,3,0,0,0.223676125754797,0.223676125754797,0.0118901085737733,0.0118901085737733
"511",2015,5,"Ross","Black",0,0,0,0,0.108929808630079,0.108929808630079,0.0053839314393678,0.0053839314393678
"512",2015,5,"Sandusky","Black",0,0,0,0,0.0349032579291979,0.0349032579291979,0.00177038750626673,0.00177038750626673
"513",2015,5,"Scioto","Black",0,0,0,0,0.0412423373523314,0.0412423373523314,0.00237352911458909,0.00237352911458909
"514",2015,5,"Seneca","Black",0,0,0,0,0.0234175346769148,0.0234175346769148,0.00104928247608802,0.00104928247608802
"515",2015,5,"Shelby","Black",0,0,0,0,0.022418888938881,0.022418888938881,0.00114531314881509,0.00114531314881509
"516",2015,5,"Stark","Black",2,3,0,0,0.504199319325757,0.504199319325757,0.0252713737548037,0.0252713737548037
"517",2015,5,"Summit","Black",3,4,0,0,1.37089019304641,1.37089019304641,0.0688115922026065,0.0688115922026065
"518",2015,5,"Trumbull","Black",2,2,0,0,0.296661148590746,0.296661148590746,0.0152786689958551,0.0152786689958551
"519",2015,5,"Tuscarawas","Black",0,0,0,0,0.0152025791636731,0.0152025791636731,0.000762183054910874,0.000762183054910874
"520",2015,5,"Union","Black",0,0,0,0,0.0337752573147955,0.0337752573147955,0.00181095774422208,0.00181095774422208
"521",2015,5,"Van Wert","Black",0,0,0,0,0.00613871777270066,0.00613871777270066,0.000292246012430786,0.000292246012430786
"522",2015,5,"Vinton","Black",0,0,0,0,0.00180641307214518,0.00180641307214518,8.51420770505888e-05,8.51420770505888e-05
"523",2015,5,"Warren","Black",0,1,0,0,0.159802197141966,0.159802197141966,0.0081143002901634,0.0081143002901634
"524",2015,5,"Washington","Black",0,0,0,0,0.0156289501100745,0.0156289501100745,0.000760678355187375,0.000760678355187375
"525",2015,5,"Wayne","Black",0,0,0,0,0.0348768871270828,0.0348768871270828,0.0017112206515073,0.0017112206515073
"526",2015,5,"Williams","Black",0,0,0,0,0.0100643835986332,0.0100643835986332,0.000525022606679245,0.000525022606679245
"527",2015,5,"Wood","Black",0,0,0,0,0.0539529474038273,0.0539529474038273,0.00247065521286558,0.00247065521286558
"528",2015,5,"Wyandot","Black",0,0,0,0,0.00213843381600304,0.00213843381600304,0.00010238407276176,0.00010238407276176
"529",2016,6,"Adams","Black",0,0,0,0,0.00349384817181941,0.00349384817181941,0.000184363762108365,0.000184363762108365
"530",2016,6,"Allen","Black",0,2,0,0,0.228711750387795,0.228711750387795,0.0114422331957175,0.0114422331957175
"531",2016,6,"Ashland","Black",0,0,0,0,0.00877619733647104,0.00877619733647104,0.000417482600642123,0.000417482600642123
"532",2016,6,"Ashtabula","Black",0,0,0,0,0.0776047844900787,0.0776047844900787,0.00421196258337395,0.00421196258337395
"533",2016,6,"Athens","Black",0,0,0,0,0.0300776777811935,0.0300776777811935,0.00137603564741952,0.00137603564741952
"534",2016,6,"Auglaize","Black",0,0,0,0,0.0065866967103854,0.0065866967103854,0.000340200640941513,0.000340200640941513
"535",2016,6,"Belmont","Black",0,0,0,0,0.0589693297142958,0.0589693297142958,0.00348868181940701,0.00348868181940701
"536",2016,6,"Brown","Black",0,0,0,0,0.00790873266080122,0.00790873266080122,0.000377690003554861,0.000377690003554861
"537",2016,6,"Butler","Black",5,6,0,1,0.57753550259312,0.57753550259312,0.0285167634232621,0.0285167634232621
"538",2016,6,"Carroll","Black",0,0,0,0,0.00390661770255728,0.00390661770255728,0.000196782123820718,0.000196782123820718
"539",2016,6,"Champaign","Black",1,2,0,0,0.0161833187271229,0.0161833187271229,0.000831420834006057,0.000831420834006057
"540",2016,6,"Clark","Black",2,4,0,0,0.2056711695313,0.2056711695313,0.0103409686704682,0.0103409686704682
"541",2016,6,"Clermont","Black",0,0,0,0,0.0629337513556732,0.0629337513556732,0.00336798019361741,0.00336798019361741
"542",2016,6,"Clinton","Black",0,0,0,0,0.0175223941926653,0.0175223941926653,0.000863970563967072,0.000863970563967072
"543",2016,6,"Columbiana","Black",0,0,0,0,0.0623058364935561,0.0623058364935561,0.00318024475432937,0.00318024475432937
"544",2016,6,"Coshocton","Black",0,0,0,0,0.00868379057427829,0.00868379057427829,0.000420022807140179,0.000420022807140179
"545",2016,6,"Crawford","Black",0,0,0,0,0.00899437758451328,0.00899437758451328,0.000433794866315772,0.000433794866315772
"546",2016,6,"Cuyahoga","Black",34,61,0,1,6.44152183764893,6.44152183764893,0.330490067714173,0.330490067714173
"547",2016,6,"Darke","Black",0,0,0,0,0.0068210624009065,0.0068210624009065,0.000350482013436174,0.000350482013436174
"548",2016,6,"Defiance","Black",0,0,0,0,0.0140034012975845,0.0140034012975845,0.000676954072638588,0.000676954072638588
"549",2016,6,"Delaware","Black",0,0,0,0,0.137333302724434,0.137333302724434,0.00618398229374859,0.00618398229374859
"550",2016,6,"Erie","Black",0,1,0,0,0.114941354821227,0.114941354821227,0.00585114943980307,0.00585114943980307
"551",2016,6,"Fairfield","Black",0,0,0,0,0.224619308170828,0.224619308170828,0.0109288884672172,0.0109288884672172
"552",2016,6,"Fayette","Black",0,1,0,0,0.0137114715549132,0.0137114715549132,0.000698874492209561,0.000698874492209561
"553",2016,6,"Franklin","Black",20,36,1,2,5.15178867368906,5.15178867368906,0.269430661936666,0.269430661936666
"554",2016,6,"Fulton","Black",0,0,0,0,0.00716922394596767,0.00716922394596767,0.000324169068900002,0.000324169068900002
"555",2016,6,"Gallia","Black",0,1,0,0,0.012777003171093,0.012777003171093,0.000635312933104542,0.000635312933104542
"556",2016,6,"Geauga","Black",0,0,0,0,0.0216376669536213,0.0216376669536213,0.00106349024907477,0.00106349024907477
"557",2016,6,"Greene","Black",1,2,0,0,0.190690384324606,0.190690384324606,0.00984229324045313,0.00984229324045313
"558",2016,6,"Guernsey","Black",0,1,0,0,0.0117682828657592,0.0117682828657592,0.000557640482488544,0.000557640482488544
"559",2016,6,"Hamilton","Black",12,21,0,0,3.63782301023027,3.63782301023027,0.188856865511839,0.188856865511839
"560",2016,6,"Hancock","Black",0,0,0,0,0.0279140572545374,0.0279140572545374,0.00146361645641765,0.00146361645641765
"561",2016,6,"Hardin","Black",0,0,0,0,0.00568026746232795,0.00568026746232795,0.000278209228085213,0.000278209228085213
"562",2016,6,"Harrison","Black",0,0,0,0,0.00708763181093133,0.00708763181093133,0.000382321839915178,0.000382321839915178
"563",2016,6,"Henry","Black",0,0,0,0,0.00422771640055655,0.00422771640055655,0.000212188371857089,0.000212188371857089
"564",2016,6,"Highland","Black",0,0,0,0,0.0137475177088688,0.0137475177088688,0.000732852238588858,0.000732852238588858
"565",2016,6,"Hocking","Black",0,0,0,0,0.00465712717614683,0.00465712717614683,0.000233604889044912,0.000233604889044912
"566",2016,6,"Holmes","Black",0,0,0,0,0.00400318285841585,0.00400318285841585,0.000199598704499582,0.000199598704499582
"567",2016,6,"Huron","Black",0,0,0,0,0.0162170792049536,0.0162170792049536,0.000799518986932251,0.000799518986932251
"568",2016,6,"Jackson","Black",0,0,0,0,0.00479359449046915,0.00479359449046915,0.000228926270660287,0.000228926270660287
"569",2016,6,"Jefferson","Black",1,1,0,0,0.0630722214282496,0.0630722214282496,0.00312497349741585,0.00312497349741585
"570",2016,6,"Knox","Black",0,0,1,1,0.0113889255177048,0.0113889255177048,0.000546950041740303,0.000546950041740303
"571",2016,6,"Lake","Black",0,2,0,0,0.172736356566235,0.172736356566235,0.00895941742700567,0.00895941742700567
"572",2016,6,"Lawrence","Black",0,0,0,0,0.0255231016690347,0.0255231016690347,0.00130041870591574,0.00130041870591574
"573",2016,6,"Licking","Black",0,0,0,0,0.128342944794336,0.128342944794336,0.00610273621524916,0.00610273621524916
"574",2016,6,"Logan","Black",0,0,0,1,0.0180165804530983,0.0180165804530983,0.000865672677331466,0.000865672677331466
"575",2016,6,"Lorain","Black",5,7,0,0,0.483496156787105,0.483496156787105,0.024303004131984,0.024303004131984
"576",2016,6,"Lucas","Black",6,6,1,1,1.46684227404552,1.46684227404552,0.076766240772599,0.076766240772599
"577",2016,6,"Madison","Black",0,1,0,0,0.0650671979576831,0.0650671979576831,0.0034559523205728,0.0034559523205728
"578",2016,6,"Mahoning","Black",5,7,0,0,0.597318876428419,0.597318876428419,0.0305412482038467,0.0305412482038467
"579",2016,6,"Marion","Black",0,0,0,0,0.107361874525183,0.107361874525183,0.00536632646285213,0.00536632646285213
"580",2016,6,"Medina","Black",0,0,0,0,0.0475468211035193,0.0475468211035193,0.0024176844576626,0.0024176844576626
"581",2016,6,"Meigs","Black",0,0,0,0,0.00452672954366999,0.00452672954366999,0.000205592463201565,0.000205592463201565
"582",2016,6,"Mercer","Black",0,0,0,0,0.00430382689074503,0.00430382689074503,0.00020887156845203,0.00020887156845203
"583",2016,6,"Miami","Black",0,2,0,0,0.0471103424878097,0.0471103424878097,0.00233725201479339,0.00233725201479339
"584",2016,6,"Monroe","Black",0,0,0,0,0.00236046816361114,0.00236046816361114,0.000116119403774807,0.000116119403774807
"585",2016,6,"Montgomery","Black",5,28,0,0,1.91762073411714,1.91762073411714,0.0981013099148168,0.0981013099148168
"586",2016,6,"Morgan","Black",0,0,0,0,0.010295910385766,0.010295910385766,0.00048906052029063,0.00048906052029063
"587",2016,6,"Morrow","Black",0,0,0,0,0.00441934648197731,0.00441934648197731,0.000232255160635949,0.000232255160635949
"588",2016,6,"Muskingum","Black",0,0,0,0,0.0643852242472076,0.0643852242472076,0.00321564330733643,0.00321564330733643
"589",2016,6,"Noble","Black",0,0,0,0,0.00578554969574685,0.00578554969574685,0.000324716765291168,0.000324716765291168
"590",2016,6,"Ottawa","Black",0,0,0,0,0.0078474649714563,0.0078474649714563,0.000426333452270006,0.000426333452270006
"591",2016,6,"Paulding","Black",0,0,0,0,0.00436466332189752,0.00436466332189752,0.00019954927166234,0.00019954927166234
"592",2016,6,"Perry","Black",0,0,0,0,0.00346180788819848,0.00346180788819848,0.000184155024524752,0.000184155024524752
"593",2016,6,"Pickaway","Black",0,0,0,0,0.0527913337692033,0.0527913337692033,0.0028120241587276,0.0028120241587276
"594",2016,6,"Pike","Black",0,0,0,0,0.00658053631256357,0.00658053631256357,0.000328386287920451,0.000328386287920451
"595",2016,6,"Portage","Black",1,1,0,0,0.118206039808955,0.118206039808955,0.00573972422725218,0.00573972422725218
"596",2016,6,"Preble","Black",0,0,0,0,0.00574131955974788,0.00574131955974788,0.000307340495120863,0.000307340495120863
"597",2016,6,"Putnam","Black",0,0,0,0,0.0034139431084591,0.0034139431084591,0.000167027948622042,0.000167027948622042
"598",2016,6,"Richland","Black",2,4,0,0,0.221989427266295,0.221989427266295,0.0118094890837034,0.0118094890837034
"599",2016,6,"Ross","Black",0,2,0,0,0.108405473273489,0.108405473273489,0.00541419934653215,0.00541419934653215
"600",2016,6,"Sandusky","Black",0,0,0,0,0.0353049974772022,0.0353049974772022,0.00179591155553566,0.00179591155553566
"601",2016,6,"Scioto","Black",0,0,0,0,0.0405986116729999,0.0405986116729999,0.00234156714908604,0.00234156714908604
"602",2016,6,"Seneca","Black",0,0,0,0,0.0240783168842718,0.0240783168842718,0.00110147891078464,0.00110147891078464
"603",2016,6,"Shelby","Black",0,0,0,0,0.0218076190521991,0.0218076190521991,0.00110773277182744,0.00110773277182744
"604",2016,6,"Stark","Black",1,2,0,0,0.503743909299125,0.503743909299125,0.0254882575085646,0.0254882575085646
"605",2016,6,"Summit","Black",6,14,1,3,1.37649414409284,1.37649414409284,0.0701425487393332,0.0701425487393332
"606",2016,6,"Trumbull","Black",4,6,0,0,0.295157811583952,0.295157811583952,0.0153377309424238,0.0153377309424238
"607",2016,6,"Tuscarawas","Black",0,0,0,0,0.0163686429882348,0.0163686429882348,0.000798236356771835,0.000798236356771835
"608",2016,6,"Union","Black",0,0,0,0,0.0362622967940922,0.0362622967940922,0.00193243349761403,0.00193243349761403
"609",2016,6,"Van Wert","Black",1,1,0,0,0.00573451956099816,0.00573451956099816,0.000273124150323042,0.000273124150323042
"610",2016,6,"Vinton","Black",0,0,0,0,0.00168848428553818,0.00168848428553818,8.74589906167171e-05,8.74589906167171e-05
"611",2016,6,"Warren","Black",0,1,0,0,0.168064255027448,0.168064255027448,0.00860630102600804,0.00860630102600804
"612",2016,6,"Washington","Black",0,0,0,0,0.0150697105211034,0.0150697105211034,0.00073924062711324,0.00073924062711324
"613",2016,6,"Wayne","Black",0,0,1,1,0.0350949891521361,0.0350949891521361,0.00172217331740249,0.00172217331740249
"614",2016,6,"Williams","Black",0,0,0,0,0.0099074326118985,0.0099074326118985,0.000515013928708436,0.000515013928708436
"615",2016,6,"Wood","Black",0,0,0,0,0.0554735206135615,0.0554735206135615,0.0025842662260784,0.0025842662260784
"616",2016,6,"Wyandot","Black",0,0,0,0,0.00213932867117249,0.00213932867117249,0.000103484678948794,0.000103484678948794
"617",2017,7,"Adams","Black",0,0,0,0,0.00352527709925653,0.00352527709925653,0.000171194898995147,0.000171194898995147
"618",2017,7,"Allen","Black",0,2,0,0,0.229948941338203,0.229948941338203,0.011592407279619,0.011592407279619
"619",2017,7,"Ashland","Black",0,0,0,0,0.00848995238508389,0.00848995238508389,0.000401072516893728,0.000401072516893728
"620",2017,7,"Ashtabula","Black",0,1,0,0,0.0787900668112056,0.0787900668112056,0.00429264777369555,0.00429264777369555
"621",2017,7,"Athens","Black",0,0,0,0,0.0313414584058404,0.0313414584058404,0.00144260756312424,0.00144260756312424
"622",2017,7,"Auglaize","Black",0,0,0,0,0.00732692823233479,0.00732692823233479,0.000368312360464083,0.000368312360464083
"623",2017,7,"Belmont","Black",0,1,0,0,0.0588488101304654,0.0588488101304654,0.00347999338407939,0.00347999338407939
"624",2017,7,"Brown","Black",0,0,0,0,0.00784538815494949,0.00784538815494949,0.000399211933102161,0.000399211933102161
"625",2017,7,"Butler","Black",6,8,1,1,0.600619096142857,0.600619096142857,0.0298724446385555,0.0298724446385555
"626",2017,7,"Carroll","Black",0,0,0,0,0.00421053329655983,0.00421053329655983,0.000214867282255166,0.000214867282255166
"627",2017,7,"Champaign","Black",0,0,0,0,0.0159677702107069,0.0159677702107069,0.000837889821954337,0.000837889821954337
"628",2017,7,"Clark","Black",3,7,0,0,0.20555147355947,0.20555147355947,0.0104888039276323,0.0104888039276323
"629",2017,7,"Clermont","Black",0,0,0,0,0.0650133742136515,0.0650133742136515,0.00350121539128911,0.00350121539128911
"630",2017,7,"Clinton","Black",0,0,0,1,0.0173407365878123,0.0173407365878123,0.000896091406211758,0.000896091406211758
"631",2017,7,"Columbiana","Black",1,1,0,0,0.0615309955011453,0.0615309955011453,0.00319160965445853,0.00319160965445853
"632",2017,7,"Coshocton","Black",0,0,0,0,0.00856718943914916,0.00856718943914916,0.00041813190177274,0.00041813190177274
"633",2017,7,"Crawford","Black",0,0,0,0,0.0094855490678577,0.0094855490678577,0.000479668461949859,0.000479668461949859
"634",2017,7,"Cuyahoga","Black",42,85,0,2,6.41456020589365,6.41456020589365,0.333342254134591,0.333342254134591
"635",2017,7,"Darke","Black",0,0,0,0,0.00706238262848908,0.00706238262848908,0.000369350432379756,0.000369350432379756
"636",2017,7,"Defiance","Black",0,0,0,0,0.0140951216439517,0.0140951216439517,0.00068626527603091,0.00068626527603091
"637",2017,7,"Delaware","Black",1,1,0,0,0.143852162644668,0.143852162644668,0.00657392721536242,0.00657392721536242
"638",2017,7,"Erie","Black",0,0,0,0,0.114533788459202,0.114533788459202,0.00589494740826418,0.00589494740826418
"639",2017,7,"Fairfield","Black",1,2,0,0,0.239287066142289,0.239287066142289,0.0116970398810357,0.0116970398810357
"640",2017,7,"Fayette","Black",0,0,0,0,0.0143740232495788,0.0143740232495788,0.00074872055852,0.00074872055852
"641",2017,7,"Franklin","Black",15,58,0,1,5.29712912874071,5.29712912874071,0.279374380843923,0.279374380843923
"642",2017,7,"Fulton","Black",0,0,0,0,0.00754513040058187,0.00754513040058187,0.00036058235955616,0.00036058235955616
"643",2017,7,"Gallia","Black",0,0,0,0,0.0130678307041766,0.0130678307041766,0.000649379813255848,0.000649379813255848
"644",2017,7,"Geauga","Black",0,0,0,0,0.0223337190624542,0.0223337190624542,0.00109671264067869,0.00109671264067869
"645",2017,7,"Greene","Black",0,1,1,1,0.194361359501927,0.194361359501927,0.0100404923913726,0.0100404923913726
"646",2017,7,"Guernsey","Black",0,0,0,0,0.0120473693483914,0.0120473693483914,0.000592904781720162,0.000592904781720162
"647",2017,7,"Hamilton","Black",19,50,0,2,3.65278283133044,3.65278283133044,0.191138368355406,0.191138368355406
"648",2017,7,"Hancock","Black",0,0,0,0,0.0285842677986181,0.0285842677986181,0.00156384786089688,0.00156384786089688
"649",2017,7,"Hardin","Black",0,0,0,0,0.00590842776667554,0.00590842776667554,0.000284300804861943,0.000284300804861943
"650",2017,7,"Harrison","Black",0,0,0,0,0.0070658609398204,0.0070658609398204,0.000387458873718805,0.000387458873718805
"651",2017,7,"Henry","Black",0,0,0,0,0.00422595283485763,0.00422595283485763,0.000230941925418712,0.000230941925418712
"652",2017,7,"Highland","Black",0,0,1,1,0.0135258191958234,0.0135258191958234,0.000731036008489885,0.000731036008489885
"653",2017,7,"Hocking","Black",0,0,0,0,0.00409535936336439,0.00409535936336439,0.000226622545691,0.000226622545691
"654",2017,7,"Holmes","Black",0,0,0,0,0.00386036067768519,0.00386036067768519,0.00019871872794194,0.00019871872794194
"655",2017,7,"Huron","Black",0,0,0,0,0.0164863583581112,0.0164863583581112,0.000829176446082419,0.000829176446082419
"656",2017,7,"Jackson","Black",0,1,0,0,0.00522730394166615,0.00522730394166615,0.000249931999464198,0.000249931999464198
"657",2017,7,"Jefferson","Black",3,3,0,0,0.0620364434782704,0.0620364434782704,0.00312918338030357,0.00312918338030357
"658",2017,7,"Knox","Black",0,0,0,0,0.0115217361531402,0.0115217361531402,0.000566576212545656,0.000566576212545656
"659",2017,7,"Lake","Black",1,1,0,0,0.184941724832193,0.184941724832193,0.00980443509483207,0.00980443509483207
"660",2017,7,"Lawrence","Black",0,0,0,0,0.0243828163326723,0.0243828163326723,0.00125550571750851,0.00125550571750851
"661",2017,7,"Licking","Black",1,1,0,0,0.134762155329318,0.134762155329318,0.00656513623115918,0.00656513623115918
"662",2017,7,"Logan","Black",0,1,0,0,0.019179657060145,0.019179657060145,0.00094066892129792,0.00094066892129792
"663",2017,7,"Lorain","Black",7,12,0,0,0.485056601523355,0.485056601523355,0.0246838471338948,0.0246838471338948
"664",2017,7,"Lucas","Black",8,16,0,0,1.46611384268284,1.46611384268284,0.0775831137545248,0.0775831137545248
"665",2017,7,"Madison","Black",0,0,0,0,0.0709407854585153,0.0709407854585153,0.00380276444187258,0.00380276444187258
"666",2017,7,"Mahoning","Black",2,6,0,0,0.596784920209297,0.596784920209297,0.0309521301087607,0.0309521301087607
"667",2017,7,"Marion","Black",0,2,0,1,0.105203161799468,0.105203161799468,0.00527228872123101,0.00527228872123101
"668",2017,7,"Medina","Black",0,1,0,0,0.0502516184846933,0.0502516184846933,0.00255933475485279,0.00255933475485279
"669",2017,7,"Meigs","Black",0,0,0,0,0.0049468071472934,0.0049468071472934,0.000238670340378251,0.000238670340378251
"670",2017,7,"Mercer","Black",0,0,0,0,0.00464809515624769,0.00464809515624769,0.000227005112123982,0.000227005112123982
"671",2017,7,"Miami","Black",0,1,0,0,0.0488171970181255,0.0488171970181255,0.00249624470489111,0.00249624470489111
"672",2017,7,"Monroe","Black",0,0,0,0,0.00230099461036261,0.00230099461036261,0.000113082920423648,0.000113082920423648
"673",2017,7,"Montgomery","Black",8,43,0,2,1.92547402065956,1.92547402065956,0.0994840970602324,0.0994840970602324
"674",2017,7,"Morgan","Black",0,0,0,0,0.0109294966315146,0.0109294966315146,0.000532818368838655,0.000532818368838655
"675",2017,7,"Morrow","Black",0,0,0,0,0.00528884123334485,0.00528884123334485,0.000268980482854538,0.000268980482854538
"676",2017,7,"Muskingum","Black",0,0,0,0,0.0646417665681588,0.0646417665681588,0.00330828336629763,0.00330828336629763
"677",2017,7,"Noble","Black",0,0,0,0,0.00595150164405453,0.00595150164405453,0.000327476928888022,0.000327476928888022
"678",2017,7,"Ottawa","Black",0,0,0,0,0.00853734216093195,0.00853734216093195,0.000435303737682503,0.000435303737682503
"679",2017,7,"Paulding","Black",0,0,0,0,0.00499536920618661,0.00499536920618661,0.000239901171860343,0.000239901171860343
"680",2017,7,"Perry","Black",0,0,0,0,0.00427016458828079,0.00427016458828079,0.00021631415620828,0.00021631415620828
"681",2017,7,"Pickaway","Black",0,0,0,0,0.0531256586452452,0.0531256586452452,0.00279387788719977,0.00279387788719977
"682",2017,7,"Pike","Black",0,0,0,0,0.00673277904839212,0.00673277904839212,0.000319070623487574,0.000319070623487574
"683",2017,7,"Portage","Black",0,0,0,0,0.119992049208413,0.119992049208413,0.00583927035108563,0.00583927035108563
"684",2017,7,"Preble","Black",0,0,0,0,0.00609363084046002,0.00609363084046002,0.000306567171556357,0.000306567171556357
"685",2017,7,"Putnam","Black",0,0,0,0,0.00364688155390798,0.00364688155390798,0.000179606717107005,0.000179606717107005
"686",2017,7,"Richland","Black",0,0,0,0,0.216039948967008,0.216039948967008,0.0115494683951942,0.0115494683951942
"687",2017,7,"Ross","Black",1,1,0,1,0.113700373839802,0.113700373839802,0.00568126338855205,0.00568126338855205
"688",2017,7,"Sandusky","Black",0,1,0,0,0.0362842386498179,0.0362842386498179,0.00183264786229862,0.00183264786229862
"689",2017,7,"Scioto","Black",0,0,0,0,0.0413451129101298,0.0413451129101298,0.00240035485085331,0.00240035485085331
"690",2017,7,"Seneca","Black",0,0,0,0,0.0247272467589974,0.0247272467589974,0.00114888157231735,0.00114888157231735
"691",2017,7,"Shelby","Black",0,0,0,0,0.0226579006231983,0.0226579006231983,0.00116674481412637,0.00116674481412637
"692",2017,7,"Stark","Black",1,2,0,1,0.507389175225011,0.507389175225011,0.0261316787106394,0.0261316787106394
"693",2017,7,"Summit","Black",8,15,0,0,1.38304652897236,1.38304652897236,0.0713428681515397,0.0713428681515397
"694",2017,7,"Trumbull","Black",3,5,0,0,0.293211178789055,0.293211178789055,0.0154413916977023,0.0154413916977023
"695",2017,7,"Tuscarawas","Black",0,0,0,0,0.0173688774009311,0.0173688774009311,0.000904636825897802,0.000904636825897802
"696",2017,7,"Union","Black",0,0,0,0,0.0369997516462816,0.0369997516462816,0.00194450779412188,0.00194450779412188
"697",2017,7,"Van Wert","Black",0,0,0,0,0.00651178378969456,0.00651178378969456,0.000322022337262508,0.000322022337262508
"698",2017,7,"Vinton","Black",0,0,0,0,0.00161868765790149,0.00161868765790149,7.21975776502207e-05,7.21975776502207e-05
"699",2017,7,"Warren","Black",0,0,0,0,0.169413639254419,0.169413639254419,0.00865266152045299,0.00865266152045299
"700",2017,7,"Washington","Black",0,0,0,0,0.014794219824775,0.014794219824775,0.000726300128012466,0.000726300128012466
"701",2017,7,"Wayne","Black",0,0,0,0,0.0350854256091263,0.0350854256091263,0.00178454061139936,0.00178454061139936
"702",2017,7,"Williams","Black",0,0,0,0,0.0103034105274773,0.0103034105274773,0.000535974951931798,0.000535974951931798
"703",2017,7,"Wood","Black",0,0,0,0,0.0565921799647509,0.0565921799647509,0.00269520646959065,0.00269520646959065
"704",2017,7,"Wyandot","Black",0,0,0,0,0.00239603692382163,0.00239603692382163,0.000118745771272651,0.000118745771272651
"705",2018,8,"Adams","Black",0,0,0,0,0.00323595126708244,0.00323595126708244,0.000166614559426229,0.000166614559426229
"706",2018,8,"Allen","Black",1,1,0,0,0.229019073107128,0.229019073107128,0.0116644876334535,0.0116644876334535
"707",2018,8,"Ashland","Black",0,0,0,0,0.00895539117468089,0.00895539117468089,0.00044635685370966,0.00044635685370966
"708",2018,8,"Ashtabula","Black",0,0,0,0,0.0782229079422204,0.0782229079422204,0.00427819701329539,0.00427819701329539
"709",2018,8,"Athens","Black",0,0,0,0,0.0317506648236338,0.0317506648236338,0.00148533574667024,0.00148533574667024
"710",2018,8,"Auglaize","Black",0,0,0,0,0.00711440037264275,0.00711440037264275,0.000366223490267761,0.000366223490267761
"711",2018,8,"Belmont","Black",2,2,0,0,0.0597098970028881,0.0597098970028881,0.00359290432781819,0.00359290432781819
"712",2018,8,"Brown","Black",0,0,0,1,0.00836196111316338,0.00836196111316338,0.000444126398604773,0.000444126398604773
"713",2018,8,"Butler","Black",2,3,0,1,0.617047258289383,0.617047258289383,0.0309411479425976,0.0309411479425976
"714",2018,8,"Carroll","Black",0,0,0,0,0.00447416080168319,0.00447416080168319,0.000221932247050231,0.000221932247050231
"715",2018,8,"Champaign","Black",0,0,0,0,0.0160676299300612,0.0160676299300612,0.000836244147362236,0.000836244147362236
"716",2018,8,"Clark","Black",1,6,0,0,0.205398866633356,0.205398866633356,0.0105974374854113,0.0105974374854113
"717",2018,8,"Clermont","Black",0,0,0,0,0.0675950104740604,0.0675950104740604,0.00358278567298378,0.00358278567298378
"718",2018,8,"Clinton","Black",0,0,0,0,0.0176064422646925,0.0176064422646925,0.000881294860476758,0.000881294860476758
"719",2018,8,"Columbiana","Black",0,1,0,1,0.0623845775967677,0.0623845775967677,0.00325492609164122,0.00325492609164122
"720",2018,8,"Coshocton","Black",0,0,0,0,0.00903211699649669,0.00903211699649669,0.000439924836958878,0.000439924836958878
"721",2018,8,"Crawford","Black",0,0,0,0,0.00942005585418612,0.00942005585418612,0.000494001246905072,0.000494001246905072
"722",2018,8,"Cuyahoga","Black",35,66,2,5,6.38813482690235,6.38813482690235,0.335196062707997,0.335196062707997
"723",2018,8,"Darke","Black",0,1,0,1,0.00692989370887372,0.00692989370887372,0.000357360851021632,0.000357360851021632
"724",2018,8,"Defiance","Black",0,0,0,0,0.0145856017465277,0.0145856017465277,0.000717029973724925,0.000717029973724925
"725",2018,8,"Delaware","Black",0,1,0,0,0.153800867781186,0.153800867781186,0.00706284872031107,0.00706284872031107
"726",2018,8,"Erie","Black",0,0,0,0,0.11548801995305,0.11548801995305,0.00604538252961463,0.00604538252961463
"727",2018,8,"Fairfield","Black",0,0,0,0,0.246905695181433,0.246905695181433,0.0118954098275151,0.0118954098275151
"728",2018,8,"Fayette","Black",0,1,0,0,0.0143812435273578,0.0143812435273578,0.000716010989889436,0.000716010989889436
"729",2018,8,"Franklin","Black",16,66,1,3,5.43472442925036,5.43472442925036,0.289124535046634,0.289124535046634
"730",2018,8,"Fulton","Black",0,0,0,0,0.00777359267936324,0.00777359267936324,0.000358805787138406,0.000358805787138406
"731",2018,8,"Gallia","Black",1,1,0,0,0.0125791360189919,0.0125791360189919,0.00062773992552841,0.00062773992552841
"732",2018,8,"Geauga","Black",0,0,0,0,0.0221645404407357,0.0221645404407357,0.00109108692430669,0.00109108692430669
"733",2018,8,"Greene","Black",0,1,0,1,0.198480522071106,0.198480522071106,0.0102529376882416,0.0102529376882416
"734",2018,8,"Guernsey","Black",0,0,0,0,0.0124202884173452,0.0124202884173452,0.000616328086011802,0.000616328086011802
"735",2018,8,"Hamilton","Black",14,50,2,8,3.66611811954221,3.66611811954221,0.193019110441947,0.193019110441947
"736",2018,8,"Hancock","Black",0,0,0,0,0.0309237112345925,0.0309237112345925,0.00164405986717062,0.00164405986717062
"737",2018,8,"Hardin","Black",0,0,0,0,0.0061868434114285,0.0061868434114285,0.000305463526997647,0.000305463526997647
"738",2018,8,"Harrison","Black",0,0,0,0,0.0068372666420633,0.0068372666420633,0.000365116924254509,0.000365116924254509
"739",2018,8,"Henry","Black",0,0,0,0,0.00448075389620885,0.00448075389620885,0.000211113219890915,0.000211113219890915
"740",2018,8,"Highland","Black",0,0,0,0,0.0145679179930036,0.0145679179930036,0.000789077100302878,0.000789077100302878
"741",2018,8,"Hocking","Black",0,0,0,0,0.00448087693074624,0.00448087693074624,0.000237548280269952,0.000237548280269952
"742",2018,8,"Holmes","Black",0,0,0,0,0.0040534710197749,0.0040534710197749,0.000198639840584244,0.000198639840584244
"743",2018,8,"Huron","Black",0,0,0,0,0.0170693309378696,0.0170693309378696,0.000873262891068846,0.000873262891068846
"744",2018,8,"Jackson","Black",0,0,0,0,0.00520844443723116,0.00520844443723116,0.00023932224232077,0.00023932224232077
"745",2018,8,"Jefferson","Black",4,4,0,0,0.0612419858634217,0.0612419858634217,0.0030756510143439,0.0030756510143439
"746",2018,8,"Knox","Black",0,0,0,0,0.0123803706326412,0.0123803706326412,0.000605177775930365,0.000605177775930365
"747",2018,8,"Lake","Black",0,1,0,0,0.196083650620049,0.196083650620049,0.0105199143788844,0.0105199143788844
"748",2018,8,"Lawrence","Black",0,0,0,0,0.0249179202238937,0.0249179202238937,0.001250788541978,0.001250788541978
"749",2018,8,"Licking","Black",0,0,1,1,0.138962941538746,0.138962941538746,0.00676746900374948,0.00676746900374948
"750",2018,8,"Logan","Black",0,0,0,0,0.0190754132087995,0.0190754132087995,0.000959862740945093,0.000959862740945093
"751",2018,8,"Lorain","Black",4,7,0,0,0.488979852443946,0.488979852443946,0.0251754049724307,0.0251754049724307
"752",2018,8,"Lucas","Black",2,3,0,0,1.47946723450722,1.47946723450722,0.0791726490280262,0.0791726490280262
"753",2018,8,"Madison","Black",0,0,0,0,0.0695605382616009,0.0695605382616009,0.00372290412484249,0.00372290412484249
"754",2018,8,"Mahoning","Black",4,14,0,0,0.603747268904613,0.603747268904613,0.0317651531009656,0.0317651531009656
"755",2018,8,"Marion","Black",0,0,0,0,0.10556985445667,0.10556985445667,0.00529309307176522,0.00529309307176522
"756",2018,8,"Medina","Black",0,0,0,0,0.052227518921578,0.052227518921578,0.00269879248155338,0.00269879248155338
"757",2018,8,"Meigs","Black",0,0,0,0,0.00504268523012895,0.00504268523012895,0.000260963904605042,0.000260963904605042
"758",2018,8,"Mercer","Black",0,0,0,0,0.00511906195175939,0.00511906195175939,0.000281667968286793,0.000281667968286793
"759",2018,8,"Miami","Black",0,0,0,0,0.0513070523808536,0.0513070523808536,0.00265317920596612,0.00265317920596612
"760",2018,8,"Monroe","Black",0,0,0,0,0.00254705092277721,0.00254705092277721,0.000126818251436695,0.000126818251436695
"761",2018,8,"Montgomery","Black",3,28,2,7,1.93378965730327,1.93378965730327,0.101180818102041,0.101180818102041
"762",2018,8,"Morgan","Black",0,0,0,0,0.0107389526483301,0.0107389526483301,0.00052701041670364,0.00052701041670364
"763",2018,8,"Morrow","Black",0,0,0,0,0.00552549486720963,0.00552549486720963,0.000295370110695928,0.000295370110695928
"764",2018,8,"Muskingum","Black",0,1,0,1,0.0655300642044908,0.0655300642044908,0.0033988545863149,0.0033988545863149
"765",2018,8,"Noble","Black",0,0,0,0,0.00604735891120117,0.00604735891120117,0.000344111321922765,0.000344111321922765
"766",2018,8,"Ottawa","Black",0,0,0,0,0.00843392785902335,0.00843392785902335,0.000432882803180459,0.000432882803180459
"767",2018,8,"Paulding","Black",0,0,0,0,0.00475699227740953,0.00475699227740953,0.000241674064621142,0.000241674064621142
"768",2018,8,"Perry","Black",0,0,0,0,0.00466312479917542,0.00466312479917542,0.000255491610760885,0.000255491610760885
"769",2018,8,"Pickaway","Black",0,0,0,0,0.0536126715969657,0.0536126715969657,0.00281686801850363,0.00281686801850363
"770",2018,8,"Pike","Black",1,1,0,0,0.00719769745009822,0.00719769745009822,0.000362164858591619,0.000362164858591619
"771",2018,8,"Portage","Black",0,1,0,0,0.123407700259962,0.123407700259962,0.0061721911971312,0.0061721911971312
"772",2018,8,"Preble","Black",0,0,0,0,0.00613408671962531,0.00613408671962531,0.000323682996698566,0.000323682996698566
"773",2018,8,"Putnam","Black",0,0,0,0,0.00400094554375531,0.00400094554375531,0.000211863987507918,0.000211863987507918
"774",2018,8,"Richland","Black",3,6,0,0,0.222832567988455,0.222832567988455,0.0119970237427092,0.0119970237427092
"775",2018,8,"Ross","Black",0,1,0,0,0.10679323674989,0.10679323674989,0.00535328260763626,0.00535328260763626
"776",2018,8,"Sandusky","Black",0,0,0,0,0.0368167452709388,0.0368167452709388,0.00191215616944242,0.00191215616944242
"777",2018,8,"Scioto","Black",0,1,0,0,0.0410091175029797,0.0410091175029797,0.00236204238801439,0.00236204238801439
"778",2018,8,"Seneca","Black",0,0,0,0,0.0254397869275051,0.0254397869275051,0.00127803526321367,0.00127803526321367
"779",2018,8,"Shelby","Black",1,1,0,0,0.0238574459029605,0.0238574459029605,0.00127786052094651,0.00127786052094651
"780",2018,8,"Stark","Black",2,3,0,0,0.511985658491812,0.511985658491812,0.0266260728496646,0.0266260728496646
"781",2018,8,"Summit","Black",5,9,3,6,1.39204192270895,1.39204192270895,0.0725903122927563,0.0725903122927563
"782",2018,8,"Trumbull","Black",0,6,0,0,0.281579777198337,0.281579777198337,0.0148099361834314,0.0148099361834314
"783",2018,8,"Tuscarawas","Black",0,0,0,0,0.0176266353881855,0.0176266353881855,0.000905356129466696,0.000905356129466696
"784",2018,8,"Union","Black",0,0,0,0,0.0372313290391909,0.0372313290391909,0.00195722844497686,0.00195722844497686
"785",2018,8,"Van Wert","Black",0,0,0,0,0.00702019720284441,0.00702019720284441,0.000359602768676655,0.000359602768676655
"786",2018,8,"Vinton","Black",0,0,0,0,0.00190897998625992,0.00190897998625992,0.00010013874166592,0.00010013874166592
"787",2018,8,"Warren","Black",0,0,0,0,0.174737565730113,0.174737565730113,0.00902877615229728,0.00902877615229728
"788",2018,8,"Washington","Black",0,0,0,0,0.014909437554319,0.014909437554319,0.000741117509564638,0.000741117509564638
"789",2018,8,"Wayne","Black",1,1,1,1,0.0359481109418443,0.0359481109418443,0.00182016532743092,0.00182016532743092
"790",2018,8,"Williams","Black",0,0,0,0,0.0103608768266531,0.0103608768266531,0.000557115899503597,0.000557115899503597
"791",2018,8,"Wood","Black",1,1,0,0,0.0577867616088883,0.0577867616088883,0.00277890967328731,0.00277890967328731
"792",2018,8,"Wyandot","Black",0,0,0,0,0.00212929254757552,0.00212929254757552,8.93606860036963e-05,8.93606860036963e-05
"793",2019,9,"Adams","Black",0,0,0,0,0.00333008900697009,0.00333008900697009,0.000179574309886693,0.000179574309886693
"794",2019,9,"Allen","Black",0,0,0,0,0.227067868793636,0.227067868793636,0.011534138423976,0.011534138423976
"795",2019,9,"Ashland","Black",0,0,0,0,0.00937624143008929,0.00937624143008929,0.000491689115022138,0.000491689115022138
"796",2019,9,"Ashtabula","Black",0,1,0,0,0.0787616806786966,0.0787616806786966,0.00433006511776974,0.00433006511776974
"797",2019,9,"Athens","Black",0,0,0,0,0.0317886033961811,0.0317886033961811,0.00144109115189928,0.00144109115189928
"798",2019,9,"Auglaize","Black",0,0,0,0,0.00741718854716231,0.00741718854716231,0.000360675504800716,0.000360675504800716
"799",2019,9,"Belmont","Black",0,0,0,0,0.0596636839235946,0.0596636839235946,0.00361253435882482,0.00361253435882482
"800",2019,9,"Brown","Black",0,0,0,0,0.00836870530094491,0.00836870530094491,0.000442671632905474,0.000442671632905474
"801",2019,9,"Butler","Black",2,7,0,2,0.638031940006865,0.638031940006865,0.0323221000126445,0.0323221000126445
"802",2019,9,"Carroll","Black",0,0,0,0,0.00407913960484463,0.00407913960484463,0.000215378895840183,0.000215378895840183
"803",2019,9,"Champaign","Black",0,1,0,0,0.0163384557371587,0.0163384557371587,0.000833132135667697,0.000833132135667697
"804",2019,9,"Clark","Black",0,2,0,0,0.205359858343901,0.205359858343901,0.010637647228959,0.010637647228959
"805",2019,9,"Clermont","Black",0,0,0,1,0.0704081546592942,0.0704081546592942,0.00379653637252562,0.00379653637252562
"806",2019,9,"Clinton","Black",0,0,0,0,0.0181681280920301,0.0181681280920301,0.000909638248599587,0.000909638248599587
"807",2019,9,"Columbiana","Black",0,0,0,0,0.0632147171141247,0.0632147171141247,0.00331778765296354,0.00331778765296354
"808",2019,9,"Coshocton","Black",0,0,0,0,0.00929871918037413,0.00929871918037413,0.000437290523288347,0.000437290523288347
"809",2019,9,"Crawford","Black",0,0,0,0,0.0102660708813253,0.0102660708813253,0.000556598059876224,0.000556598059876224
"810",2019,9,"Cuyahoga","Black",28,89,0,5,6.34892183809598,6.34892183809598,0.335855603109496,0.335855603109496
"811",2019,9,"Darke","Black",0,0,0,0,0.00746226412350489,0.00746226412350489,0.000404980250737145,0.000404980250737145
"812",2019,9,"Defiance","Black",0,0,0,0,0.0154172995768579,0.0154172995768579,0.000739616584370595,0.000739616584370595
"813",2019,9,"Delaware","Black",0,0,0,0,0.164339299153538,0.164339299153538,0.00758993609245244,0.00758993609245244
"814",2019,9,"Erie","Black",1,1,1,1,0.116304197694099,0.116304197694099,0.00614110656692789,0.00614110656692789
"815",2019,9,"Fairfield","Black",0,2,0,0,0.264369028407584,0.264369028407584,0.01273203444462,0.01273203444462
"816",2019,9,"Fayette","Black",0,0,0,0,0.0145056193937055,0.0145056193937055,0.000705553959562068,0.000705553959562068
"817",2019,9,"Franklin","Black",12,97,3,9,5.54432997120868,5.54432997120868,0.296381524399232,0.296381524399232
"818",2019,9,"Fulton","Black",0,0,0,0,0.00829405137702393,0.00829405137702393,0.000409506375785627,0.000409506375785627
"819",2019,9,"Gallia","Black",0,0,0,0,0.0129242927707443,0.0129242927707443,0.000627850845037276,0.000627850845037276
"820",2019,9,"Geauga","Black",0,0,0,0,0.0221403124130653,0.0221403124130653,0.00108868836520783,0.00108868836520783
"821",2019,9,"Greene","Black",0,0,0,0,0.203880164089736,0.203880164089736,0.0106516215719824,0.0106516215719824
"822",2019,9,"Guernsey","Black",0,0,0,0,0.0127814743437516,0.0127814743437516,0.000676948637180514,0.000676948637180514
"823",2019,9,"Hamilton","Black",10,51,4,10,3.66857364377714,3.66857364377714,0.194210987814131,0.194210987814131
"824",2019,9,"Hancock","Black",0,0,0,0,0.0320022076935347,0.0320022076935347,0.00170440340287325,0.00170440340287325
"825",2019,9,"Hardin","Black",0,0,0,0,0.00629616856335178,0.00629616856335178,0.000338583265908029,0.000338583265908029
"826",2019,9,"Harrison","Black",0,0,0,0,0.00703796981804569,0.00703796981804569,0.000385358377692839,0.000385358377692839
"827",2019,9,"Henry","Black",0,0,0,0,0.00491510081563694,0.00491510081563694,0.000254483774749266,0.000254483774749266
"828",2019,9,"Highland","Black",0,0,0,1,0.0143996439685668,0.0143996439685668,0.00078902165912929,0.00078902165912929
"829",2019,9,"Hocking","Black",0,0,0,0,0.00499395297199323,0.00499395297199323,0.000267682444270894,0.000267682444270894
"830",2019,9,"Holmes","Black",0,0,0,0,0.00429914954976276,0.00429914954976276,0.000227312200214617,0.000227312200214617
"831",2019,9,"Huron","Black",0,0,0,0,0.0170689610448352,0.0170689610448352,0.000920682280757032,0.000920682280757032
"832",2019,9,"Jackson","Black",0,0,0,0,0.00544685454047531,0.00544685454047531,0.000260623221596038,0.000260623221596038
"833",2019,9,"Jefferson","Black",2,3,0,0,0.0616450875899066,0.0616450875899066,0.00320549583685921,0.00320549583685921
"834",2019,9,"Knox","Black",0,0,0,0,0.0127374449376863,0.0127374449376863,0.00063018679817346,0.00063018679817346
"835",2019,9,"Lake","Black",2,3,0,0,0.205023151219257,0.205023151219257,0.0110839484545029,0.0110839484545029
"836",2019,9,"Lawrence","Black",0,0,0,0,0.0253380632808556,0.0253380632808556,0.00129230105943019,0.00129230105943019
"837",2019,9,"Licking","Black",0,0,0,0,0.146471928963558,0.146471928963558,0.00717589864311145,0.00717589864311145
"838",2019,9,"Logan","Black",0,0,0,0,0.0197451179658256,0.0197451179658256,0.00103009246370652,0.00103009246370652
"839",2019,9,"Lorain","Black",4,5,1,1,0.490658521161053,0.490658521161053,0.0254623044097435,0.0254623044097435
"840",2019,9,"Lucas","Black",6,17,1,1,1.47455869369715,1.47455869369715,0.0793586392014089,0.0793586392014089
"841",2019,9,"Madison","Black",0,0,0,0,0.0713378659783476,0.0713378659783476,0.00382410250119835,0.00382410250119835
"842",2019,9,"Mahoning","Black",6,15,0,0,0.599234977896994,0.599234977896994,0.0317162971766376,0.0317162971766376
"843",2019,9,"Marion","Black",1,2,0,1,0.103821724778231,0.103821724778231,0.00525144203244823,0.00525144203244823
"844",2019,9,"Medina","Black",0,0,0,0,0.0539540892746539,0.0539540892746539,0.00275941374092347,0.00275941374092347
"845",2019,9,"Meigs","Black",0,0,0,0,0.00521206136935354,0.00521206136935354,0.00027457233809203,0.00027457233809203
"846",2019,9,"Mercer","Black",0,0,0,0,0.00565760083687658,0.00565760083687658,0.000309481539064651,0.000309481539064651
"847",2019,9,"Miami","Black",1,1,0,0,0.0540826850013146,0.0540826850013146,0.00282428958433637,0.00282428958433637
"848",2019,9,"Monroe","Black",0,0,0,0,0.0023206259300275,0.0023206259300275,0.000122588391723087,0.000122588391723087
"849",2019,9,"Montgomery","Black",7,39,0,3,1.93883792513086,1.93883792513086,0.102471232506111,0.102471232506111
"850",2019,9,"Morgan","Black",0,0,0,0,0.0101368479832954,0.0101368479832954,0.000502770772151959,0.000502770772151959
"851",2019,9,"Morrow","Black",0,0,0,0,0.00562174413584196,0.00562174413584196,0.000308736406205756,0.000308736406205756
"852",2019,9,"Muskingum","Black",0,1,0,1,0.0665674764035863,0.0665674764035863,0.00353575237272649,0.00353575237272649
"853",2019,9,"Noble","Black",0,0,0,0,0.00611567536753124,0.00611567536753124,0.000338007798673754,0.000338007798673754
"854",2019,9,"Ottawa","Black",0,0,0,0,0.00885034185721643,0.00885034185721643,0.000458984539864402,0.000458984539864402
"855",2019,9,"Paulding","Black",0,0,0,0,0.00485903387021407,0.00485903387021407,0.000247124177586937,0.000247124177586937
"856",2019,9,"Perry","Black",0,0,0,0,0.0042961278898368,0.0042961278898368,0.000230930565805207,0.000230930565805207
"857",2019,9,"Pickaway","Black",0,0,0,0,0.0546370444869232,0.0546370444869232,0.00284962344767658,0.00284962344767658
"858",2019,9,"Pike","Black",0,0,0,0,0.00737239477575578,0.00737239477575578,0.000377776751413426,0.000377776751413426
"859",2019,9,"Portage","Black",1,1,0,0,0.128684756398379,0.128684756398379,0.00652033672648982,0.00652033672648982
"860",2019,9,"Preble","Black",0,0,0,0,0.00625735432707546,0.00625735432707546,0.00031100614392272,0.00031100614392272
"861",2019,9,"Putnam","Black",0,0,0,0,0.00409924229625252,0.00409924229625252,0.000202238869143326,0.000202238869143326
"862",2019,9,"Richland","Black",1,4,0,0,0.224082328235465,0.224082328235465,0.0121449811374064,0.0121449811374064
"863",2019,9,"Ross","Black",0,0,1,1,0.103098821741313,0.103098821741313,0.00519728758050948,0.00519728758050948
"864",2019,9,"Sandusky","Black",0,0,0,0,0.0376717668157842,0.0376717668157842,0.00194884400529605,0.00194884400529605
"865",2019,9,"Scioto","Black",0,0,0,0,0.042605920074385,0.042605920074385,0.0024821814070694,0.0024821814070694
"866",2019,9,"Seneca","Black",0,0,0,0,0.0259952257339922,0.0259952257339922,0.00132427794877747,0.00132427794877747
"867",2019,9,"Shelby","Black",0,0,0,0,0.0237363127132827,0.0237363127132827,0.0012890564268451,0.0012890564268451
"868",2019,9,"Stark","Black",5,7,2,2,0.51475922891222,0.51475922891222,0.0269529473547985,0.0269529473547985
"869",2019,9,"Summit","Black",8,15,1,2,1.39261106302411,1.39261106302411,0.0731111541675652,0.0731111541675652
"870",2019,9,"Trumbull","Black",1,6,0,0,0.289884630511334,0.289884630511334,0.0156854724519552,0.0156854724519552
"871",2019,9,"Tuscarawas","Black",0,1,0,1,0.0184009015811045,0.0184009015811045,0.000968325766451027,0.000968325766451027
"872",2019,9,"Union","Black",0,0,0,0,0.0371708383169616,0.0371708383169616,0.00195307269093775,0.00195307269093775
"873",2019,9,"Van Wert","Black",0,0,0,0,0.00694763326192553,0.00694763326192553,0.000365161277947103,0.000365161277947103
"874",2019,9,"Vinton","Black",0,0,0,0,0.00190527532331832,0.00190527532331832,0.000101097605581257,0.000101097605581257
"875",2019,9,"Warren","Black",1,1,0,0,0.180736047896246,0.180736047896246,0.00946062981633477,0.00946062981633477
"876",2019,9,"Washington","Black",0,0,0,0,0.0157227449923987,0.0157227449923987,0.000804269969170763,0.000804269969170763
"877",2019,9,"Wayne","Black",0,0,0,0,0.0369491324593174,0.0369491324593174,0.00191013272736534,0.00191013272736534
"878",2019,9,"Williams","Black",0,0,0,0,0.010615888266251,0.010615888266251,0.000567325955744109,0.000567325955744109
"879",2019,9,"Wood","Black",1,1,0,0,0.0597503360875564,0.0597503360875564,0.00300346820365447,0.00300346820365447
"880",2019,9,"Wyandot","Black",0,0,0,0,0.0026358448774453,0.0026358448774453,0.000130414327295919,0.000130414327295919
"881",2010,0,"Adams","White",0,0,0,0,0.496436692445173,0.496436692445173,0.0236088079275125,0.0236088079275125
"882",2010,0,"Allen","White",1,1,0,0,1.57512302222176,1.57512302222176,0.0763388096179396,0.0763388096179396
"883",2010,0,"Ashland","White",0,0,0,0,0.887846439113897,0.887846439113897,0.0425197406255348,0.0425197406255348
"884",2010,0,"Ashtabula","White",0,0,0,0,1.71701567532512,1.71701567532512,0.0814684146519985,0.0814684146519985
"885",2010,0,"Athens","White",0,0,0,0,0.933191663503897,0.933191663503897,0.043616010883777,0.043616010883777
"886",2010,0,"Auglaize","White",0,0,0,0,0.794341342886768,0.794341342886768,0.038049831716431,0.038049831716431
"887",2010,0,"Belmont","White",0,0,0,0,1.21525514590195,1.21525514590195,0.0586351292099133,0.0586351292099133
"888",2010,0,"Brown","White",0,0,0,0,0.797502912178006,0.797502912178006,0.037949662509405,0.037949662509405
"889",2010,0,"Butler","White",8,9,1,1,5.8409012893573,5.8409012893573,0.279722386542063,0.279722386542063
"890",2010,0,"Carroll","White",0,0,0,0,0.511846688141928,0.511846688141928,0.0242248183372589,0.0242248183372589
"891",2010,0,"Champaign","White",0,0,0,0,0.688387384368203,0.688387384368203,0.0322670372832593,0.0322670372832593
"892",2010,0,"Clark","White",1,1,0,0,2.1412329022448,2.1412329022448,0.103016251672146,0.103016251672146
"893",2010,0,"Clermont","White",2,2,0,0,3.55300493973511,3.55300493973511,0.170361836886345,0.170361836886345
"894",2010,0,"Clinton","White",1,1,0,0,0.723475729781083,0.723475729781083,0.0348597324188013,0.0348597324188013
"895",2010,0,"Columbiana","White",0,1,0,0,1.8850655162215,1.8850655162215,0.090073582578464,0.090073582578464
"896",2010,0,"Coshocton","White",0,0,0,0,0.63422161187522,0.63422161187522,0.0305774058715264,0.0305774058715264
"897",2010,0,"Crawford","White",0,0,0,0,0.74705616262455,0.74705616262455,0.0358166671781478,0.0358166671781478
"898",2010,0,"Cuyahoga","White",22,23,2,2,15.4395586120814,15.4395586120814,0.754941151525565,0.754941151525565
"899",2010,0,"Darke","White",1,1,0,0,0.89987461517239,0.89987461517239,0.042976378919213,0.042976378919213
"900",2010,0,"Defiance","White",0,0,0,0,0.659036234896058,0.659036234896058,0.0319685370275455,0.0319685370275455
"901",2010,0,"Delaware","White",2,2,0,0,2.9960570370531,2.9960570370531,0.136577438915936,0.136577438915936
"902",2010,0,"Erie","White",0,0,0,0,1.23643618690645,1.23643618690645,0.0588616476585044,0.0588616476585044
"903",2010,0,"Fairfield","White",2,2,0,0,2.44762063345757,2.44762063345757,0.116553222772269,0.116553222772269
"904",2010,0,"Fayette","White",0,0,0,0,0.492829475084414,0.492829475084414,0.0238963309315857,0.0238963309315857
"905",2010,0,"Franklin","White",31,34,1,1,15.7467732396342,15.7467732396342,0.813629288918132,0.813629288918132
"906",2010,0,"Fulton","White",0,0,0,0,0.751007355062897,0.751007355062897,0.0356699941089656,0.0356699941089656
"907",2010,0,"Gallia","White",0,0,0,0,0.521999598769344,0.521999598769344,0.0252112936849033,0.0252112936849033
"908",2010,0,"Geauga","White",1,1,0,0,1.62332126862676,1.62332126862676,0.0729767789986126,0.0729767789986126
"909",2010,0,"Greene","White",1,1,0,0,2.52029172550099,2.52029172550099,0.122141395862996,0.122141395862996
"910",2010,0,"Guernsey","White",0,0,0,0,0.688822623902037,0.688822623902037,0.0330299347479303,0.0330299347479303
"911",2010,0,"Hamilton","White",13,13,1,1,10.2682552892585,10.2682552892585,0.511808910579588,0.511808910579588
"912",2010,0,"Hancock","White",0,0,0,0,1.26311782636887,1.26311782636887,0.0611720480766971,0.0611720480766971
"913",2010,0,"Hardin","White",0,0,0,0,0.51446284499639,0.51446284499639,0.0243989222754938,0.0243989222754938
"914",2010,0,"Harrison","White",0,0,0,0,0.272643746248614,0.272643746248614,0.0129487259886577,0.0129487259886577
"915",2010,0,"Henry","White",0,0,0,0,0.488355370961865,0.488355370961865,0.023544339042429,0.023544339042429
"916",2010,0,"Highland","White",0,0,0,0,0.740411872927753,0.740411872927753,0.0356492743920369,0.0356492743920369
"917",2010,0,"Hocking","White",0,0,0,0,0.518908654528895,0.518908654528895,0.0247853438410613,0.0247853438410613
"918",2010,0,"Holmes","White",0,0,0,0,0.638314663292276,0.638314663292276,0.031559586528893,0.031559586528893
"919",2010,0,"Huron","White",0,0,0,0,1.03187776997402,1.03187776997402,0.0498283374459165,0.0498283374459165
"920",2010,0,"Jackson","White",0,0,0,0,0.579179534691497,0.579179534691497,0.0282661449779474,0.0282661449779474
"921",2010,0,"Jefferson","White",0,0,0,0,1.14358474166878,1.14358474166878,0.0541755033410823,0.0541755033410823
"922",2010,0,"Knox","White",0,0,1,1,1.01356949199179,1.01356949199179,0.04800123445333,0.04800123445333
"923",2010,0,"Lake","White",6,6,0,0,4.01428079962964,4.01428079962964,0.191270690542327,0.191270690542327
"924",2010,0,"Lawrence","White",0,0,0,0,1.08089640006834,1.08089640006834,0.0522180841092786,0.0522180841092786
"925",2010,0,"Licking","White",1,1,1,1,2.87254353191702,2.87254353191702,0.136061528362395,0.136061528362395
"926",2010,0,"Logan","White",1,1,0,0,0.783562171542174,0.783562171542174,0.0377245307163049,0.0377245307163049
"927",2010,0,"Lorain","White",2,2,0,0,4.876556152948,4.876556152948,0.230414700206921,0.230414700206921
"928",2010,0,"Lucas","White",5,5,0,0,6.13770010745771,6.13770010745771,0.301121762172356,0.301121762172356
"929",2010,0,"Madison","White",0,0,0,0,0.756627387226277,0.756627387226277,0.0355530315430654,0.0355530315430654
"930",2010,0,"Mahoning","White",9,9,0,0,3.49770056340009,3.49770056340009,0.167446273997979,0.167446273997979
"931",2010,0,"Marion","White",1,1,0,0,1.12051231945508,1.12051231945508,0.0544085934308212,0.0544085934308212
"932",2010,0,"Medina","White",0,0,0,0,3.12168582877162,3.12168582877162,0.14455896429583,0.14455896429583
"933",2010,0,"Meigs","White",0,0,0,0,0.419426308502707,0.419426308502707,0.020314690928221,0.020314690928221
"934",2010,0,"Mercer","White",0,0,0,0,0.686227253455725,0.686227253455725,0.0331343058570852,0.0331343058570852
"935",2010,0,"Miami","White",2,2,0,0,1.75480242850585,1.75480242850585,0.0838586160156244,0.0838586160156244
"936",2010,0,"Monroe","White",0,0,0,0,0.252275957768232,0.252275957768232,0.0120643851117494,0.0120643851117494
"937",2010,0,"Montgomery","White",3,3,0,0,7.23449487682236,7.23449487682236,0.356137769545162,0.356137769545162
"938",2010,0,"Morgan","White",0,0,0,0,0.249921688243314,0.249921688243314,0.012019062152008,0.012019062152008
"939",2010,0,"Morrow","White",1,1,0,0,0.623871335410736,0.623871335410736,0.0294574943052443,0.0294574943052443
"940",2010,0,"Muskingum","White",1,1,0,0,1.42987870057636,1.42987870057636,0.0686439200083828,0.0686439200083828
"941",2010,0,"Noble","White",0,0,0,0,0.247766191649114,0.247766191649114,0.0121177781342863,0.0121177781342863
"942",2010,0,"Ottawa","White",0,0,0,0,0.735467070219271,0.735467070219271,0.0346419900115273,0.0346419900115273
"943",2010,0,"Paulding","White",0,0,0,0,0.33894506939741,0.33894506939741,0.016343178333349,0.016343178333349
"944",2010,0,"Perry","White",1,1,0,0,0.640033626801283,0.640033626801283,0.0305624946240742,0.0305624946240742
"945",2010,0,"Pickaway","White",0,0,0,0,0.981468907475246,0.981468907475246,0.0471227896097147,0.0471227896097147
"946",2010,0,"Pike","White",0,0,0,0,0.495597848574106,0.495597848574106,0.0237341491934118,0.0237341491934118
"947",2010,0,"Portage","White",1,1,0,0,2.67814048567386,2.67814048567386,0.125153009813432,0.125153009813432
"948",2010,0,"Preble","White",0,0,0,0,0.743211857330142,0.743211857330142,0.0353928215441595,0.0353928215441595
"949",2010,0,"Putnam","White",0,0,0,0,0.597491579211336,0.597491579211336,0.0285938063077128,0.0285938063077128
"950",2010,0,"Richland","White",1,1,0,0,1.94965388627204,1.94965388627204,0.0939968754390668,0.0939968754390668
"951",2010,0,"Ross","White",1,1,1,1,1.34866757653453,1.34866757653453,0.0650877021408421,0.0650877021408421
"952",2010,0,"Sandusky","White",0,0,0,0,1.04262096005157,1.04262096005157,0.0501762507419034,0.0501762507419034
"953",2010,0,"Scioto","White",0,0,0,0,1.33533065440971,1.33533065440971,0.0651905184081759,0.0651905184081759
"954",2010,0,"Seneca","White",0,0,0,0,0.947714507141898,0.947714507141898,0.045912628077183,0.045912628077183
"955",2010,0,"Shelby","White",0,0,0,0,0.840358645854547,0.840358645854547,0.0402991202734885,0.0402991202734885
"956",2010,0,"Stark","White",5,5,0,0,6.0285751648493,6.0285751648493,0.288825905217225,0.288825905217225
"957",2010,0,"Summit","White",9,9,0,0,8.1628837130195,8.1628837130195,0.394386619354613,0.394386619354613
"958",2010,0,"Trumbull","White",3,3,1,1,3.37027027618417,3.37027027618417,0.160638008074654,0.160638008074654
"959",2010,0,"Tuscarawas","White",1,2,0,0,1.59374121222049,1.59374121222049,0.0774003009215658,0.0774003009215658
"960",2010,0,"Union","White",2,2,0,0,0.935976099935243,0.935976099935243,0.0443070360558654,0.0443070360558654
"961",2010,0,"Van Wert","White",0,0,0,0,0.489792306496631,0.489792306496631,0.0237687935305243,0.0237687935305243
"962",2010,0,"Vinton","White",0,0,0,0,0.2393188580845,0.2393188580845,0.0112993555032655,0.0112993555032655
"963",2010,0,"Warren","White",1,1,0,0,3.66676258578662,3.66676258578662,0.170346092444882,0.170346092444882
"964",2010,0,"Washington","White",0,0,0,0,1.07461123774892,1.07461123774892,0.0512543364372482,0.0512543364372482
"965",2010,0,"Wayne","White",0,0,0,0,1.90394442404902,1.90394442404902,0.0915597320287253,0.0915597320287253
"966",2010,0,"Williams","White",0,0,0,0,0.652108036298525,0.652108036298525,0.0314655408910483,0.0314655408910483
"967",2010,0,"Wood","White",0,0,0,0,2.06363524211532,2.06363524211532,0.0983112173639483,0.0983112173639483
"968",2010,0,"Wyandot","White",0,0,0,0,0.390957743117255,0.390957743117255,0.0188051530812048,0.0188051530812048
"969",2011,1,"Adams","White",0,0,0,0,0.491360245749697,0.491360245749697,0.0234037615262436,0.0234037615262436
"970",2011,1,"Allen","White",0,0,0,0,1.55817797223571,1.55817797223571,0.0759853216877074,0.0759853216877074
"971",2011,1,"Ashland","White",1,1,0,1,0.883051113882772,0.883051113882772,0.0424377869184677,0.0424377869184677
"972",2011,1,"Ashtabula","White",0,0,0,0,1.70320753620948,1.70320753620948,0.0814455102236019,0.0814455102236019
"973",2011,1,"Athens","White",1,1,0,0,0.936903147749131,0.936903147749131,0.0442077670307876,0.0442077670307876
"974",2011,1,"Auglaize","White",1,1,0,0,0.786894084515788,0.786894084515788,0.0379510945058927,0.0379510945058927
"975",2011,1,"Belmont","White",0,0,0,0,1.20435343129133,1.20435343129133,0.058638389160621,0.058638389160621
"976",2011,1,"Brown","White",1,1,1,1,0.788982318397602,0.788982318397602,0.0376466552525591,0.0376466552525591
"977",2011,1,"Butler","White",7,7,1,1,5.8036619442087,5.8036619442087,0.278533590478072,0.278533590478072
"978",2011,1,"Carroll","White",0,0,0,0,0.508450241197032,0.508450241197032,0.0240818719569405,0.0240818719569405
"979",2011,1,"Champaign","White",1,1,0,0,0.683271870203922,0.683271870203922,0.0321833413807286,0.0321833413807286
"980",2011,1,"Clark","White",5,5,0,0,2.12092491218822,2.12092491218822,0.102617143305172,0.102617143305172
"981",2011,1,"Clermont","White",4,4,0,0,3.54949906785584,3.54949906785584,0.171588247283681,0.171588247283681
"982",2011,1,"Clinton","White",1,1,0,0,0.717521141625529,0.717521141625529,0.034794332696581,0.034794332696581
"983",2011,1,"Columbiana","White",1,2,0,0,1.86837390734786,1.86837390734786,0.0897873260965387,0.0897873260965387
"984",2011,1,"Coshocton","White",0,0,0,0,0.630259632742276,0.630259632742276,0.0305914062531791,0.0305914062531791
"985",2011,1,"Crawford","White",0,0,0,0,0.733561588933382,0.733561588933382,0.0352376366512464,0.0352376366512464
"986",2011,1,"Cuyahoga","White",29,29,4,4,15.2798231671962,15.2798231671962,0.75491063312913,0.75491063312913
"987",2011,1,"Darke","White",0,0,0,0,0.891024577775619,0.891024577775619,0.0427089492621055,0.0427089492621055
"988",2011,1,"Defiance","White",0,0,0,0,0.650430892485908,0.650430892485908,0.0317442662340063,0.0317442662340063
"989",2011,1,"Delaware","White",0,0,1,1,3.02283842500757,3.02283842500757,0.137494714130158,0.137494714130158
"990",2011,1,"Erie","White",1,1,0,0,1.22222510221463,1.22222510221463,0.0587173633529612,0.0587173633529612
"991",2011,1,"Fairfield","White",0,0,0,0,2.44807467810986,2.44807467810986,0.11694507053535,0.11694507053535
"992",2011,1,"Fayette","White",1,1,0,0,0.487665487396527,0.487665487396527,0.0236760944023591,0.0236760944023591
"993",2011,1,"Franklin","White",35,36,3,3,15.8761025824229,15.8761025824229,0.82799586907824,0.82799586907824
"994",2011,1,"Fulton","White",0,0,0,0,0.741447907422068,0.741447907422068,0.0355552194239677,0.0355552194239677
"995",2011,1,"Gallia","White",0,0,0,0,0.5186989998604,0.5186989998604,0.0251733349925788,0.0251733349925788
"996",2011,1,"Geauga","White",2,2,0,0,1.60539516503423,1.60539516503423,0.0726420144587832,0.0726420144587832
"997",2011,1,"Greene","White",1,1,0,0,2.53922728396851,2.53922728396851,0.125108649552301,0.125108649552301
"998",2011,1,"Guernsey","White",1,1,0,0,0.682088883109815,0.682088883109815,0.0328029622177064,0.0328029622177064
"999",2011,1,"Hamilton","White",32,32,1,1,10.2065744042774,10.2065744042774,0.515081507705623,0.515081507705623
"1000",2011,1,"Hancock","White",0,0,0,0,1.26314299702989,1.26314299702989,0.0618415303811313,0.0618415303811313
"1001",2011,1,"Hardin","White",0,0,0,0,0.510269743029598,0.510269743029598,0.0242276397387579,0.0242276397387579
"1002",2011,1,"Harrison","White",0,0,0,0,0.269487066303212,0.269487066303212,0.0129378875421313,0.0129378875421313
"1003",2011,1,"Henry","White",0,0,0,0,0.482230914444782,0.482230914444782,0.0234123601121061,0.0234123601121061
"1004",2011,1,"Highland","White",1,1,0,0,0.733761879633574,0.733761879633574,0.0353796331822308,0.0353796331822308
"1005",2011,1,"Hocking","White",2,2,0,0,0.515540530829164,0.515540530829164,0.0247098768090441,0.0247098768090441
"1006",2011,1,"Holmes","White",0,0,0,0,0.641184641076566,0.641184641076566,0.03170883867043,0.03170883867043
"1007",2011,1,"Huron","White",0,0,1,1,1.02188422834171,1.02188422834171,0.0494608418081108,0.0494608418081108
"1008",2011,1,"Jackson","White",1,1,0,0,0.574153163605632,0.574153163605632,0.0281830268787423,0.0281830268787423
"1009",2011,1,"Jefferson","White",0,0,0,0,1.12786147786787,1.12786147786787,0.0536660783991915,0.0536660783991915
"1010",2011,1,"Knox","White",1,1,0,0,1.01254818335553,1.01254818335553,0.0484607315897099,0.0484607315897099
"1011",2011,1,"Lake","White",9,9,2,2,3.97808183157505,3.97808183157505,0.190823607652826,0.190823607652826
"1012",2011,1,"Lawrence","White",1,2,0,0,1.07788901404846,1.07788901404846,0.0522185566807063,0.0522185566807063
"1013",2011,1,"Licking","White",2,2,0,0,2.86305573246883,2.86305573246883,0.136522196430994,0.136522196430994
"1014",2011,1,"Logan","White",0,0,0,0,0.776971790226568,0.776971790226568,0.0376263833386041,0.0376263833386041
"1015",2011,1,"Lorain","White",3,3,0,0,4.8518092371537,4.8518092371537,0.229958717130939,0.229958717130939
"1016",2011,1,"Lucas","White",4,4,0,0,6.0825011676614,6.0825011676614,0.301100636327009,0.301100636327009
"1017",2011,1,"Madison","White",1,1,0,0,0.748635607045698,0.748635607045698,0.0354376478136122,0.0354376478136122
"1018",2011,1,"Mahoning","White",6,7,1,1,3.45875664852636,3.45875664852636,0.166687029955677,0.166687029955677
"1019",2011,1,"Marion","White",2,2,0,0,1.11714414383984,1.11714414383984,0.0544658273603814,0.0544658273603814
"1020",2011,1,"Medina","White",3,3,0,0,3.12165155787078,3.12165155787078,0.145492399773251,0.145492399773251
"1021",2011,1,"Meigs","White",0,0,1,1,0.417684541393524,0.417684541393524,0.0204343377942601,0.0204343377942601
"1022",2011,1,"Mercer","White",0,0,0,0,0.681475801910033,0.681475801910033,0.0331705367770615,0.0331705367770615
"1023",2011,1,"Miami","White",0,0,0,0,1.74768700776013,1.74768700776013,0.0842266613804506,0.0842266613804506
"1024",2011,1,"Monroe","White",0,0,0,0,0.250717496791204,0.250717496791204,0.0120361122368068,0.0120361122368068
"1025",2011,1,"Montgomery","White",18,18,0,0,7.17468982425629,7.17468982425629,0.356811996044411,0.356811996044411
"1026",2011,1,"Morgan","White",0,0,0,0,0.248902805301105,0.248902805301105,0.0120216852244731,0.0120216852244731
"1027",2011,1,"Morrow","White",1,1,0,0,0.620198021797642,0.620198021797642,0.0293898411862108,0.0293898411862108
"1028",2011,1,"Muskingum","White",0,0,0,0,1.42155448685142,1.42155448685142,0.0687041495935813,0.0687041495935813
"1029",2011,1,"Noble","White",0,0,0,0,0.245455454732745,0.245455454732745,0.0121534051915341,0.0121534051915341
"1030",2011,1,"Ottawa","White",0,0,0,0,0.72685721014839,0.72685721014839,0.0346230296524011,0.0346230296524011
"1031",2011,1,"Paulding","White",0,0,0,0,0.334576725400618,0.334576725400618,0.0161879215813086,0.0161879215813086
"1032",2011,1,"Perry","White",1,1,0,0,0.643187628906752,0.643187628906752,0.0310487850846709,0.0310487850846709
"1033",2011,1,"Pickaway","White",2,3,1,1,0.980820870189346,0.980820870189346,0.0471474546810902,0.0471474546810902
"1034",2011,1,"Pike","White",0,0,1,1,0.490409250511948,0.490409250511948,0.0235377325706653,0.0235377325706653
"1035",2011,1,"Portage","White",1,1,0,0,2.65828025083425,2.65828025083425,0.125176679877202,0.125176679877202
"1036",2011,1,"Preble","White",1,1,0,0,0.735841426271908,0.735841426271908,0.035353673391941,0.035353673391941
"1037",2011,1,"Putnam","White",0,0,0,0,0.594309280329101,0.594309280329101,0.0287438001583733,0.0287438001583733
"1038",2011,1,"Richland","White",2,2,0,0,1.9254426608287,1.9254426608287,0.0934420453025148,0.0934420453025148
"1039",2011,1,"Ross","White",0,0,0,0,1.33521743302121,1.33521743302121,0.0647609904462867,0.0647609904462867
"1040",2011,1,"Sandusky","White",0,0,0,0,1.03038506235981,1.03038506235981,0.0499705951461923,0.0499705951461923
"1041",2011,1,"Scioto","White",2,2,0,0,1.32775505151463,1.32775505151463,0.0648376836535114,0.0648376836535114
"1042",2011,1,"Seneca","White",0,0,0,0,0.93975886746465,0.93975886746465,0.045980047237256,0.045980047237256
"1043",2011,1,"Shelby","White",1,1,0,0,0.834113927333013,0.834113927333013,0.040048187679977,0.040048187679977
"1044",2011,1,"Stark","White",8,9,1,1,5.98762593526595,5.98762593526595,0.2889310676032,0.2889310676032
"1045",2011,1,"Summit","White",3,3,0,0,8.09353845030119,8.09353845030119,0.394861061063985,0.394861061063985
"1046",2011,1,"Trumbull","White",5,5,1,1,3.33739855518212,3.33739855518212,0.160088182405056,0.160088182405056
"1047",2011,1,"Tuscarawas","White",1,2,1,1,1.58654032493055,1.58654032493055,0.0774698086256305,0.0774698086256305
"1048",2011,1,"Union","White",0,0,0,0,0.941930003424989,0.941930003424989,0.0446817093513644,0.0446817093513644
"1049",2011,1,"Van Wert","White",1,1,0,0,0.484660942080969,0.484660942080969,0.0236145923426738,0.0236145923426738
"1050",2011,1,"Vinton","White",0,0,0,0,0.237900887026379,0.237900887026379,0.0111805059309107,0.0111805059309107
"1051",2011,1,"Warren","White",3,3,1,1,3.66925111065134,3.66925111065134,0.171109929983346,0.171109929983346
"1052",2011,1,"Washington","White",0,0,0,0,1.06516791840726,1.06516791840726,0.0511280684268419,0.0511280684268419
"1053",2011,1,"Wayne","White",2,2,1,1,1.89330790178543,1.89330790178543,0.0914644511363793,0.0914644511363793
"1054",2011,1,"Williams","White",0,0,0,0,0.648169737425637,0.648169737425637,0.0314504581731969,0.0314504581731969
"1055",2011,1,"Wood","White",0,0,0,0,2.05487037122963,2.05487037122963,0.0985116215082401,0.0985116215082401
"1056",2011,1,"Wyandot","White",0,0,0,0,0.389695994144382,0.389695994144382,0.0188690937826577,0.0188690937826577
"1057",2012,2,"Adams","White",0,0,0,0,0.48419326169801,0.48419326169801,0.0230974306571626,0.0230974306571626
"1058",2012,2,"Allen","White",3,3,0,0,1.5337907949334,1.5337907949334,0.0750903683047332,0.0750903683047332
"1059",2012,2,"Ashland","White",0,0,0,0,0.874045072131566,0.874045072131566,0.0421775397850739,0.0421775397850739
"1060",2012,2,"Ashtabula","White",2,2,0,0,1.67175524617166,1.67175524617166,0.0802079685547966,0.0802079685547966
"1061",2012,2,"Athens","White",1,1,1,1,0.935126723284833,0.935126723284833,0.0444911553658973,0.0444911553658973
"1062",2012,2,"Auglaize","White",0,0,0,0,0.778837335725652,0.778837335725652,0.0376022037845207,0.0376022037845207
"1063",2012,2,"Belmont","White",0,0,0,0,1.18277586511,1.18277586511,0.0578037508505112,0.0578037508505112
"1064",2012,2,"Brown","White",0,0,0,0,0.773887984171514,0.773887984171514,0.0369899127354141,0.0369899127354141
"1065",2012,2,"Butler","White",14,14,0,0,5.72891641280656,5.72891641280656,0.275092600194181,0.275092600194181
"1066",2012,2,"Carroll","White",2,2,0,0,0.497772981874264,0.497772981874264,0.0235656377106959,0.0235656377106959
"1067",2012,2,"Champaign","White",0,0,0,0,0.673116787286728,0.673116787286728,0.0318452398988633,0.0318452398988633
"1068",2012,2,"Clark","White",5,5,0,0,2.09381498432357,2.09381498432357,0.10156989357134,0.10156989357134
"1069",2012,2,"Clermont","White",6,6,1,1,3.51715556805474,3.51715556805474,0.170779991453901,0.170779991453901
"1070",2012,2,"Clinton","White",0,0,1,1,0.707494525608588,0.707494525608588,0.0345438420831964,0.0345438420831964
"1071",2012,2,"Columbiana","White",2,2,0,0,1.83155268471255,1.83155268471255,0.0880737501641681,0.0880737501641681
"1072",2012,2,"Coshocton","White",0,0,1,1,0.622832420637365,0.622832420637365,0.0303519626017732,0.0303519626017732
"1073",2012,2,"Crawford","White",0,0,0,0,0.720027412826274,0.720027412826274,0.0345867783709369,0.0345867783709369
"1074",2012,2,"Cuyahoga","White",38,40,1,1,15.0773814417179,15.0773814417179,0.750276466809065,0.750276466809065
"1075",2012,2,"Darke","White",3,3,0,0,0.877608761706923,0.877608761706923,0.0419851345098119,0.0419851345098119
"1076",2012,2,"Defiance","White",1,1,0,0,0.639802186902035,0.639802186902035,0.0313407189384312,0.0313407189384312
"1077",2012,2,"Delaware","White",1,1,1,1,3.03310518010743,3.03310518010743,0.137697079861381,0.137697079861381
"1078",2012,2,"Erie","White",0,0,0,0,1.20168890571032,1.20168890571032,0.0580221383025763,0.0580221383025763
"1079",2012,2,"Fairfield","White",1,1,1,1,2.41754296139563,2.41754296139563,0.115306400644361,0.115306400644361
"1080",2012,2,"Fayette","White",0,0,0,0,0.481666449978061,0.481666449978061,0.0233284600008699,0.0233284600008699
"1081",2012,2,"Franklin","White",45,47,0,0,15.9891814730132,15.9891814730132,0.841006060323839,0.841006060323839
"1082",2012,2,"Fulton","White",1,1,1,1,0.731487807022336,0.731487807022336,0.035251567686327,0.035251567686327
"1083",2012,2,"Gallia","White",0,0,0,0,0.510515053910996,0.510515053910996,0.0249102199946456,0.0249102199946456
"1084",2012,2,"Geauga","White",3,3,0,0,1.58523990177099,1.58523990177099,0.0721831516036143,0.0721831516036143
"1085",2012,2,"Greene","White",0,0,0,0,2.53512379057672,2.53512379057672,0.126332351097794,0.126332351097794
"1086",2012,2,"Guernsey","White",0,0,0,0,0.674642701732585,0.674642701732585,0.032610247113767,0.032610247113767
"1087",2012,2,"Hamilton","White",24,24,2,2,10.1368399563989,10.1368399563989,0.516032927068431,0.516032927068431
"1088",2012,2,"Hancock","White",1,1,0,0,1.26072770289483,1.26072770289483,0.0618326966151607,0.0618326966151607
"1089",2012,2,"Hardin","White",0,0,0,0,0.502443337028103,0.502443337028103,0.023756289877984,0.023756289877984
"1090",2012,2,"Harrison","White",0,0,0,0,0.264492488852331,0.264492488852331,0.0127263372361157,0.0127263372361157
"1091",2012,2,"Henry","White",0,0,0,0,0.474503717019422,0.474503717019422,0.0230473204253313,0.0230473204253313
"1092",2012,2,"Highland","White",0,0,1,1,0.720557896484286,0.720557896484286,0.0346880643348082,0.0346880643348082
"1093",2012,2,"Hocking","White",0,0,0,0,0.505544113075197,0.505544113075197,0.0241624999700117,0.0241624999700117
"1094",2012,2,"Holmes","White",0,0,0,0,0.643422104818409,0.643422104818409,0.0318531719250346,0.0318531719250346
"1095",2012,2,"Huron","White",0,0,0,0,1.00795164622583,1.00795164622583,0.0486454377793627,0.0486454377793627
"1096",2012,2,"Jackson","White",0,0,0,0,0.564877001190056,0.564877001190056,0.0276536057991044,0.0276536057991044
"1097",2012,2,"Jefferson","White",0,0,0,0,1.10588307641878,1.10588307641878,0.0528959606257303,0.0528959606257303
"1098",2012,2,"Knox","White",0,0,0,0,0.992968470628344,0.992968470628344,0.0474528753873889,0.0474528753873889
"1099",2012,2,"Lake","White",6,6,3,3,3.91884617951448,3.91884617951448,0.189097591025517,0.189097591025517
"1100",2012,2,"Lawrence","White",1,1,0,0,1.06285005470638,1.06285005470638,0.0513509697110296,0.0513509697110296
"1101",2012,2,"Licking","White",0,0,0,0,2.83539008885627,2.83539008885627,0.135717348917635,0.135717348917635
"1102",2012,2,"Logan","White",0,0,0,0,0.768572294907521,0.768572294907521,0.0371445319224666,0.0371445319224666
"1103",2012,2,"Lorain","White",6,6,2,2,4.7884690029651,4.7884690029651,0.227164036888775,0.227164036888775
"1104",2012,2,"Lucas","White",15,15,0,0,5.99291513169874,5.99291513169874,0.298618130640419,0.298618130640419
"1105",2012,2,"Madison","White",0,0,0,0,0.74090451199907,0.74090451199907,0.0352253902644826,0.0352253902644826
"1106",2012,2,"Mahoning","White",9,9,1,1,3.39681650866871,3.39681650866871,0.164547476618707,0.164547476618707
"1107",2012,2,"Marion","White",5,5,1,1,1.10121326232845,1.10121326232845,0.0538657385816681,0.0538657385816681
"1108",2012,2,"Medina","White",2,2,2,2,3.09110023363672,3.09110023363672,0.14435003388853,0.14435003388853
"1109",2012,2,"Meigs","White",0,0,0,0,0.411931996852438,0.411931996852438,0.020244529773141,0.020244529773141
"1110",2012,2,"Mercer","White",0,0,0,0,0.670686629918722,0.670686629918722,0.0327603894791497,0.0327603894791497
"1111",2012,2,"Miami","White",1,1,0,0,1.73336021216155,1.73336021216155,0.083991204149195,0.083991204149195
"1112",2012,2,"Monroe","White",1,1,0,0,0.24644509886107,0.24644509886107,0.011854937365714,0.011854937365714
"1113",2012,2,"Montgomery","White",10,10,1,1,7.08637222532297,7.08637222532297,0.354311579254122,0.354311579254122
"1114",2012,2,"Morgan","White",0,0,0,0,0.245088723383342,0.245088723383342,0.011781786292336,0.011781786292336
"1115",2012,2,"Morrow","White",0,0,0,0,0.61221686178516,0.61221686178516,0.0289908817906166,0.0289908817906166
"1116",2012,2,"Muskingum","White",0,0,0,0,1.40489788131048,1.40489788131048,0.0681357293824185,0.0681357293824185
"1117",2012,2,"Noble","White",0,0,0,0,0.240123172889297,0.240123172889297,0.0119574081586968,0.0119574081586968
"1118",2012,2,"Ottawa","White",0,0,0,0,0.710597858368097,0.710597858368097,0.0339197794017319,0.0339197794017319
"1119",2012,2,"Paulding","White",0,0,0,0,0.329230789824431,0.329230789824431,0.0158991154327888,0.0158991154327888
"1120",2012,2,"Perry","White",0,0,0,0,0.633599476059612,0.633599476059612,0.0304604729316792,0.0304604729316792
"1121",2012,2,"Pickaway","White",1,1,0,0,0.97671279861515,0.97671279861515,0.0470059234783335,0.0470059234783335
"1122",2012,2,"Pike","White",1,1,0,0,0.486584537548437,0.486584537548437,0.0233889457589459,0.0233889457589459
"1123",2012,2,"Portage","White",1,1,0,0,2.61156960762275,2.61156960762275,0.123271071809034,0.123271071809034
"1124",2012,2,"Preble","White",0,0,0,0,0.726495423573042,0.726495423573042,0.0348695869721929,0.0348695869721929
"1125",2012,2,"Putnam","White",0,0,0,0,0.584949978494514,0.584949978494514,0.0283074678191143,0.0283074678191143
"1126",2012,2,"Richland","White",1,1,0,0,1.89066365347985,1.89066365347985,0.0918442397800054,0.0918442397800054
"1127",2012,2,"Ross","White",1,1,0,0,1.3170910518379,1.3170910518379,0.0638445434655285,0.0638445434655285
"1128",2012,2,"Sandusky","White",1,1,0,0,1.01517755694817,1.01517755694817,0.0494411028283096,0.0494411028283096
"1129",2012,2,"Scioto","White",0,0,0,0,1.30718261450389,1.30718261450389,0.063850449161138,0.063850449161138
"1130",2012,2,"Seneca","White",1,1,0,0,0.924062392618801,0.924062392618801,0.0451883511704082,0.0451883511704082
"1131",2012,2,"Shelby","White",0,0,0,0,0.821048516739529,0.821048516739529,0.0393911670221585,0.0393911670221585
"1132",2012,2,"Stark","White",4,6,1,1,5.91675254895495,5.91675254895495,0.287158422728173,0.287158422728173
"1133",2012,2,"Summit","White",5,5,2,3,7.99124218194897,7.99124218194897,0.392451864410638,0.392451864410638
"1134",2012,2,"Trumbull","White",2,2,0,0,3.27163857182833,3.27163857182833,0.157459660229035,0.157459660229035
"1135",2012,2,"Tuscarawas","White",0,0,0,0,1.56843236914067,1.56843236914067,0.0766186610288473,0.0766186610288473
"1136",2012,2,"Union","White",0,0,0,0,0.92784472756457,0.92784472756457,0.0437030159079064,0.0437030159079064
"1137",2012,2,"Van Wert","White",0,0,0,0,0.478267060854411,0.478267060854411,0.0232730806128567,0.0232730806128567
"1138",2012,2,"Vinton","White",0,0,0,0,0.234379777371914,0.234379777371914,0.0110903825591285,0.0110903825591285
"1139",2012,2,"Warren","White",3,3,0,0,3.65398641334713,3.65398641334713,0.170971683816497,0.170971683816497
"1140",2012,2,"Washington","White",0,0,0,0,1.04850855461165,1.04850855461165,0.0505949746639011,0.0505949746639011
"1141",2012,2,"Wayne","White",1,1,2,2,1.87114128824302,1.87114128824302,0.0907382951534379,0.0907382951534379
"1142",2012,2,"Williams","White",0,0,0,0,0.637995519010715,0.637995519010715,0.0310745244835982,0.0310745244835982
"1143",2012,2,"Wood","White",0,0,0,0,2.03688983900549,2.03688983900549,0.0980195184421118,0.0980195184421118
"1144",2012,2,"Wyandot","White",0,0,0,0,0.382578976764965,0.382578976764965,0.0185612113461571,0.0185612113461571
"1145",2013,3,"Adams","White",1,1,1,1,0.478760570670908,0.478760570670908,0.0229034199899905,0.0229034199899905
"1146",2013,3,"Allen","White",3,3,0,0,1.51331088859598,1.51331088859598,0.0743668741363252,0.0743668741363252
"1147",2013,3,"Ashland","White",0,0,0,0,0.864702517567438,0.864702517567438,0.0418849708595248,0.0418849708595248
"1148",2013,3,"Ashtabula","White",1,1,0,0,1.65019259829206,1.65019259829206,0.0795310265875835,0.0795310265875835
"1149",2013,3,"Athens","White",0,0,0,0,0.948298933237178,0.948298933237178,0.046109531021297,0.046109531021297
"1150",2013,3,"Auglaize","White",0,0,0,0,0.772881690258556,0.772881690258556,0.0374569774475507,0.0374569774475507
"1151",2013,3,"Belmont","White",1,1,1,1,1.16960876896979,1.16960876896979,0.0576988889788472,0.0576988889788472
"1152",2013,3,"Brown","White",3,3,1,1,0.762648733535382,0.762648733535382,0.0365785721155664,0.0365785721155664
"1153",2013,3,"Butler","White",24,24,3,3,5.66557072483672,5.66557072483672,0.273001230841611,0.273001230841611
"1154",2013,3,"Carroll","White",0,0,0,0,0.48580868992369,0.48580868992369,0.0230976781361695,0.0230976781361695
"1155",2013,3,"Champaign","White",1,1,0,0,0.664570644586062,0.664570644586062,0.0315864748187984,0.0315864748187984
"1156",2013,3,"Clark","White",4,4,0,0,2.07450378276163,2.07450378276163,0.101210282740153,0.101210282740153
"1157",2013,3,"Clermont","White",6,6,5,5,3.49814850154096,3.49814850154096,0.170109339914165,0.170109339914165
"1158",2013,3,"Clinton","White",1,1,0,0,0.698076208227248,0.698076208227248,0.03407530046644,0.03407530046644
"1159",2013,3,"Columbiana","White",5,5,1,1,1.80363083117309,1.80363083117309,0.0871318656122437,0.0871318656122437
"1160",2013,3,"Coshocton","White",0,0,0,0,0.612545460782132,0.612545460782132,0.0300187183223595,0.0300187183223595
"1161",2013,3,"Crawford","White",0,0,0,0,0.712464733981978,0.712464733981978,0.0342305765681834,0.0342305765681834
"1162",2013,3,"Cuyahoga","White",38,39,2,2,14.8897774928531,14.8897774928531,0.746042633411546,0.746042633411546
"1163",2013,3,"Darke","White",2,2,0,0,0.865465475690248,0.865465475690248,0.0414581067873465,0.0414581067873465
"1164",2013,3,"Defiance","White",1,1,0,0,0.629916715484306,0.629916715484306,0.0309305218742002,0.0309305218742002
"1165",2013,3,"Delaware","White",0,0,0,0,3.06032389816002,3.06032389816002,0.138918644394026,0.138918644394026
"1166",2013,3,"Erie","White",0,0,0,0,1.17829048623799,1.17829048623799,0.0572402794629208,0.0572402794629208
"1167",2013,3,"Fairfield","White",1,1,0,0,2.41114661755566,2.41114661755566,0.115362198665148,0.115362198665148
"1168",2013,3,"Fayette","White",0,0,1,1,0.477743609904595,0.477743609904595,0.0231502189684988,0.0231502189684988
"1169",2013,3,"Franklin","White",38,38,6,6,16.1543423544864,16.1543423544864,0.858831305235008,0.858831305235008
"1170",2013,3,"Fulton","White",0,0,0,0,0.72143178919239,0.72143178919239,0.0348762015493896,0.0348762015493896
"1171",2013,3,"Gallia","White",1,1,0,0,0.503484752824726,0.503484752824726,0.0246613654663237,0.0246613654663237
"1172",2013,3,"Geauga","White",1,1,0,0,1.56242471664381,1.56242471664381,0.0717512936714612,0.0717512936714612
"1173",2013,3,"Greene","White",0,0,0,0,2.5177131135999,2.5177131135999,0.126436419120934,0.126436419120934
"1174",2013,3,"Guernsey","White",2,2,1,1,0.666122753940715,0.666122753940715,0.0323850353287336,0.0323850353287336
"1175",2013,3,"Hamilton","White",31,32,3,3,10.0678556374941,10.0678556374941,0.517267258752007,0.517267258752007
"1176",2013,3,"Hancock","White",0,0,0,0,1.25706187510547,1.25706187510547,0.0624984913183122,0.0624984913183122
"1177",2013,3,"Hardin","White",0,0,0,0,0.498054532287222,0.498054532287222,0.023379878773795,0.023379878773795
"1178",2013,3,"Harrison","White",0,0,0,0,0.260550228933463,0.260550228933463,0.0126011960611829,0.0126011960611829
"1179",2013,3,"Henry","White",0,0,0,0,0.468454683341077,0.468454683341077,0.0227987272491846,0.0227987272491846
"1180",2013,3,"Highland","White",0,0,1,1,0.718987660530118,0.718987660530118,0.0347946463705027,0.0347946463705027
"1181",2013,3,"Hocking","White",0,0,0,0,0.49152292088638,0.49152292088638,0.0234810331518077,0.0234810331518077
"1182",2013,3,"Holmes","White",0,0,0,0,0.649491657023101,0.649491657023101,0.0321913764442649,0.0321913764442649
"1183",2013,3,"Huron","White",0,0,0,0,0.993673040250931,0.993673040250931,0.0480047754842219,0.0480047754842219
"1184",2013,3,"Jackson","White",1,1,0,0,0.55948100904565,0.55948100904565,0.0275519926293371,0.0275519926293371
"1185",2013,3,"Jefferson","White",0,1,0,0,1.09047839456863,1.09047839456863,0.0525159498136232,0.0525159498136232
"1186",2013,3,"Knox","White",4,4,0,0,0.985382664897003,0.985382664897003,0.0473612879113517,0.0473612879113517
"1187",2013,3,"Lake","White",4,5,0,0,3.86991518086379,3.86991518086379,0.188038879053276,0.188038879053276
"1188",2013,3,"Lawrence","White",2,2,0,0,1.05164903787603,1.05164903787603,0.0508597740772213,0.0508597740772213
"1189",2013,3,"Licking","White",3,3,3,3,2.81522371101376,2.81522371101376,0.135265658776066,0.135265658776066
"1190",2013,3,"Logan","White",1,1,1,1,0.759478738660456,0.759478738660456,0.0367417849567526,0.0367417849567526
"1191",2013,3,"Lorain","White",11,11,1,1,4.75835287672022,4.75835287672022,0.226682385730772,0.226682385730772
"1192",2013,3,"Lucas","White",14,15,1,1,5.92718465756983,5.92718465756983,0.297427155256811,0.297427155256811
"1193",2013,3,"Madison","White",0,0,0,0,0.741249917146633,0.741249917146633,0.0355414053805676,0.0355414053805676
"1194",2013,3,"Mahoning","White",13,13,1,1,3.34332980355632,3.34332980355632,0.162786532477551,0.162786532477551
"1195",2013,3,"Marion","White",2,2,1,1,1.08306994926589,1.08306994926589,0.0532042818542293,0.0532042818542293
"1196",2013,3,"Medina","White",1,1,0,0,3.07489320999647,3.07489320999647,0.144216856425589,0.144216856425589
"1197",2013,3,"Meigs","White",0,0,0,0,0.406068175634713,0.406068175634713,0.0199293198385453,0.0199293198385453
"1198",2013,3,"Mercer","White",0,0,0,0,0.661118866221386,0.661118866221386,0.0324411952547116,0.0324411952547116
"1199",2013,3,"Miami","White",1,1,0,0,1.71620633303238,1.71620633303238,0.0832606519303389,0.0832606519303389
"1200",2013,3,"Monroe","White",0,0,0,0,0.243640650809016,0.243640650809016,0.0117919323762167,0.0117919323762167
"1201",2013,3,"Montgomery","White",12,12,0,0,7.0041372436815,7.0041372436815,0.351535658758575,0.351535658758575
"1202",2013,3,"Morgan","White",0,0,0,0,0.243071780360429,0.243071780360429,0.0117331006097998,0.0117331006097998
"1203",2013,3,"Morrow","White",0,0,0,0,0.606120251748276,0.606120251748276,0.028738871320487,0.028738871320487
"1204",2013,3,"Muskingum","White",1,1,0,0,1.38957455761812,1.38957455761812,0.0676076475405239,0.0676076475405239
"1205",2013,3,"Noble","White",0,0,0,0,0.23549745708492,0.23549745708492,0.0117560575564619,0.0117560575564619
"1206",2013,3,"Ottawa","White",0,0,0,0,0.69493899661316,0.69493899661316,0.0332622992802378,0.0332622992802378
"1207",2013,3,"Paulding","White",0,0,0,0,0.323834610428256,0.323834610428256,0.0156766176176304,0.0156766176176304
"1208",2013,3,"Perry","White",0,0,0,0,0.626998897950013,0.626998897950013,0.0302562192701049,0.0302562192701049
"1209",2013,3,"Pickaway","White",3,3,0,0,0.969875824795876,0.969875824795876,0.0466197773809362,0.0466197773809362
"1210",2013,3,"Pike","White",0,0,0,0,0.480383705756296,0.480383705756296,0.0230690145238932,0.0230690145238932
"1211",2013,3,"Portage","White",2,2,0,0,2.59014603889398,2.59014603889398,0.123113989880032,0.123113989880032
"1212",2013,3,"Preble","White",1,1,0,0,0.716558188224453,0.716558188224453,0.0346567282034898,0.0346567282034898
"1213",2013,3,"Putnam","White",0,0,0,0,0.574507170722071,0.574507170722071,0.0278933011688542,0.0278933011688542
"1214",2013,3,"Richland","White",5,5,0,0,1.86197058384014,1.86197058384014,0.0906191688603775,0.0906191688603775
"1215",2013,3,"Ross","White",6,6,1,1,1.30280326492323,1.30280326492323,0.0631450277665753,0.0631450277665753
"1216",2013,3,"Sandusky","White",0,0,0,0,0.999359760916138,0.999359760916138,0.0487748350855251,0.0487748350855251
"1217",2013,3,"Scioto","White",1,1,1,1,1.29505624761143,1.29505624761143,0.0636196807172053,0.0636196807172053
"1218",2013,3,"Seneca","White",0,0,0,0,0.910851152748467,0.910851152748467,0.0445923845956917,0.0445923845956917
"1219",2013,3,"Shelby","White",0,0,0,0,0.81177778240362,0.81177778240362,0.0391089942503051,0.0391089942503051
"1220",2013,3,"Stark","White",13,14,2,2,5.86202916151757,5.86202916151757,0.286240866190399,0.286240866190399
"1221",2013,3,"Summit","White",9,9,5,5,7.91993960204054,7.91993960204054,0.391890289943172,0.391890289943172
"1222",2013,3,"Trumbull","White",5,5,0,0,3.21960217674209,3.21960217674209,0.155803477930937,0.155803477930937
"1223",2013,3,"Tuscarawas","White",2,2,0,0,1.55442723732461,1.55442723732461,0.0760604418467641,0.0760604418467641
"1224",2013,3,"Union","White",0,0,0,0,0.930711990299894,0.930711990299894,0.0436453576556701,0.0436453576556701
"1225",2013,3,"Van Wert","White",0,0,0,0,0.471155617481332,0.471155617481332,0.0229593266643946,0.0229593266643946
"1226",2013,3,"Vinton","White",0,0,1,1,0.234461850034546,0.234461850034546,0.0111727762944276,0.0111727762944276
"1227",2013,3,"Warren","White",4,4,1,1,3.64579239442347,3.64579239442347,0.171079971656145,0.171079971656145
"1228",2013,3,"Washington","White",0,0,0,0,1.03485594819424,1.03485594819424,0.0502434178156018,0.0502434178156018
"1229",2013,3,"Wayne","White",2,2,0,0,1.85702826868926,1.85702826868926,0.090531620979679,0.090531620979679
"1230",2013,3,"Williams","White",0,0,0,0,0.629537398070079,0.629537398070079,0.0306608962583404,0.0306608962583404
"1231",2013,3,"Wood","White",2,2,0,0,2.02345920365529,2.02345920365529,0.0979410710885299,0.0979410710885299
"1232",2013,3,"Wyandot","White",0,0,0,0,0.376773549708554,0.376773549708554,0.0183531814086039,0.0183531814086039
"1233",2014,4,"Adams","White",0,0,1,2,0.473470250145347,0.473470250145347,0.0226974602209711,0.0226974602209711
"1234",2014,4,"Allen","White",0,0,0,0,1.49992120331966,1.49992120331966,0.0740943705145773,0.0740943705145773
"1235",2014,4,"Ashland","White",1,1,0,0,0.859134758935729,0.859134758935729,0.0418393286026949,0.0418393286026949
"1236",2014,4,"Ashtabula","White",3,3,3,3,1.62609054431421,1.62609054431421,0.0788617370293304,0.0788617370293304
"1237",2014,4,"Athens","White",0,0,0,0,0.954959901956518,0.954959901956518,0.0467199711202615,0.0467199711202615
"1238",2014,4,"Auglaize","White",0,0,0,0,0.762293254630383,0.762293254630383,0.0370334227565142,0.0370334227565142
"1239",2014,4,"Belmont","White",0,0,0,0,1.15430840698187,1.15430840698187,0.0572977619556326,0.0572977619556326
"1240",2014,4,"Brown","White",1,1,1,1,0.751620558622402,0.751620558622402,0.0361853358926735,0.0361853358926735
"1241",2014,4,"Butler","White",19,32,4,6,5.62623455201444,5.62623455201444,0.271623375474133,0.271623375474133
"1242",2014,4,"Carroll","White",0,0,0,0,0.476135752130247,0.476135752130247,0.022713638399095,0.022713638399095
"1243",2014,4,"Champaign","White",1,1,0,0,0.65357565662632,0.65357565662632,0.0311498358602492,0.0311498358602492
"1244",2014,4,"Clark","White",4,7,0,0,2.0556663200329,2.0556663200329,0.100790854928613,0.100790854928613
"1245",2014,4,"Clermont","White",11,15,2,4,3.48659895396887,3.48659895396887,0.170465222535502,0.170465222535502
"1246",2014,4,"Clinton","White",0,1,0,0,0.692339412181743,0.692339412181743,0.0338048849189928,0.0338048849189928
"1247",2014,4,"Columbiana","White",3,3,1,1,1.78125309073399,1.78125309073399,0.0865716918856082,0.0865716918856082
"1248",2014,4,"Coshocton","White",1,1,0,0,0.603765313677714,0.603765313677714,0.0297524835518786,0.0297524835518786
"1249",2014,4,"Crawford","White",2,2,0,0,0.700336483119117,0.700336483119117,0.0336524770892064,0.0336524770892064
"1250",2014,4,"Cuyahoga","White",42,48,5,5,14.7041268338346,14.7041268338346,0.742328836679554,0.742328836679554
"1251",2014,4,"Darke","White",2,3,0,0,0.853810296252208,0.853810296252208,0.0407128874477293,0.0407128874477293
"1252",2014,4,"Defiance","White",1,1,1,1,0.625683948053561,0.625683948053561,0.0308617945534257,0.0308617945534257
"1253",2014,4,"Delaware","White",3,3,1,1,3.09260911650518,3.09260911650518,0.140567098015234,0.140567098015234
"1254",2014,4,"Erie","White",1,1,1,1,1.15396260624607,1.15396260624607,0.056453924185076,0.056453924185076
"1255",2014,4,"Fairfield","White",1,1,0,0,2.41191562826188,2.41191562826188,0.115602686296465,0.115602686296465
"1256",2014,4,"Fayette","White",5,5,0,0,0.472716309516691,0.472716309516691,0.0230740723009311,0.0230740723009311
"1257",2014,4,"Franklin","White",44,46,2,2,16.2770240697049,16.2770240697049,0.874460022473146,0.874460022473146
"1258",2014,4,"Fulton","White",0,0,0,0,0.713163449230209,0.713163449230209,0.0346375439832814,0.0346375439832814
"1259",2014,4,"Gallia","White",0,0,0,0,0.495835345223122,0.495835345223122,0.0244185677509179,0.0244185677509179
"1260",2014,4,"Geauga","White",2,2,1,1,1.54574790625264,1.54574790625264,0.0715955257469561,0.0715955257469561
"1261",2014,4,"Greene","White",3,5,0,0,2.51049305475829,2.51049305475829,0.126616276856089,0.126616276856089
"1262",2014,4,"Guernsey","White",1,1,1,1,0.661886688267304,0.661886688267304,0.0324657466517703,0.0324657466517703
"1263",2014,4,"Hamilton","White",26,46,2,3,10.0259719244903,10.0259719244903,0.519558117209509,0.519558117209509
"1264",2014,4,"Hancock","White",0,1,0,0,1.24147963770652,1.24147963770652,0.0620702442518887,0.0620702442518887
"1265",2014,4,"Hardin","White",0,0,0,0,0.494153036259712,0.494153036259712,0.02321830566097,0.02321830566097
"1266",2014,4,"Harrison","White",1,1,1,1,0.256525084308198,0.256525084308198,0.0124216066870512,0.0124216066870512
"1267",2014,4,"Henry","White",0,0,0,0,0.461199767669717,0.461199767669717,0.0224981114903719,0.0224981114903719
"1268",2014,4,"Highland","White",0,0,2,2,0.71241750704891,0.71241750704891,0.0344738491089759,0.0344738491089759
"1269",2014,4,"Hocking","White",0,0,0,0,0.490074197834543,0.490074197834543,0.0235475210046939,0.0235475210046939
"1270",2014,4,"Holmes","White",0,0,0,0,0.654061853041566,0.654061853041566,0.0325596809472099,0.0325596809472099
"1271",2014,4,"Huron","White",0,3,1,1,0.983682927055448,0.983682927055448,0.0477608989854006,0.0477608989854006
"1272",2014,4,"Jackson","White",1,1,0,0,0.556173775121041,0.556173775121041,0.0274507775822341,0.0274507775822341
"1273",2014,4,"Jefferson","White",1,1,0,0,1.07547297126734,1.07547297126734,0.0522878036380704,0.0522878036380704
"1274",2014,4,"Knox","White",0,0,1,1,0.981708396548186,0.981708396548186,0.0474348594998067,0.0474348594998067
"1275",2014,4,"Lake","White",4,4,1,1,3.81874906079156,3.81874906079156,0.186451349327475,0.186451349327475
"1276",2014,4,"Lawrence","White",0,0,1,1,1.04190146786943,1.04190146786943,0.0506309271859522,0.0506309271859522
"1277",2014,4,"Licking","White",3,3,0,0,2.80614850390248,2.80614850390248,0.13535818696509,0.13535818696509
"1278",2014,4,"Logan","White",1,1,0,0,0.754471217419182,0.754471217419182,0.0365346840362604,0.0365346840362604
"1279",2014,4,"Lorain","White",10,12,3,3,4.73825303007493,4.73825303007493,0.226733697685876,0.226733697685876
"1280",2014,4,"Lucas","White",24,24,0,0,5.86930469806514,5.86930469806514,0.297393313436704,0.297393313436704
"1281",2014,4,"Madison","White",2,2,1,1,0.747295696022487,0.747295696022487,0.0359434872028585,0.0359434872028585
"1282",2014,4,"Mahoning","White",7,8,1,1,3.29927421597365,3.29927421597365,0.161651442849365,0.161651442849365
"1283",2014,4,"Marion","White",8,8,0,0,1.07006041866467,1.07006041866467,0.0527742239633586,0.0527742239633586
"1284",2014,4,"Medina","White",3,4,0,0,3.06392374545251,3.06392374545251,0.144123718841932,0.144123718841932
"1285",2014,4,"Meigs","White",0,0,0,0,0.401299097312956,0.401299097312956,0.0196208520316913,0.0196208520316913
"1286",2014,4,"Mercer","White",1,1,0,0,0.655645833522676,0.655645833522676,0.0323804767888495,0.0323804767888495
"1287",2014,4,"Miami","White",1,4,0,0,1.70912536385281,1.70912536385281,0.0834540870202091,0.0834540870202091
"1288",2014,4,"Monroe","White",0,0,0,0,0.23804120203514,0.23804120203514,0.011447872423831,0.011447872423831
"1289",2014,4,"Montgomery","White",11,23,3,3,6.92332565283811,6.92332565283811,0.348911362868685,0.348911362868685
"1290",2014,4,"Morgan","White",0,0,0,0,0.237822052873831,0.237822052873831,0.0114571496896177,0.0114571496896177
"1291",2014,4,"Morrow","White",0,0,0,1,0.60503652237533,0.60503652237533,0.028799516958569,0.028799516958569
"1292",2014,4,"Muskingum","White",0,0,0,0,1.38126129724158,1.38126129724158,0.0673410966293279,0.0673410966293279
"1293",2014,4,"Noble","White",0,0,0,0,0.228037523331877,0.228037523331877,0.0114024900173779,0.0114024900173779
"1294",2014,4,"Ottawa","White",1,1,0,0,0.682466316090389,0.682466316090389,0.0327749800001033,0.0327749800001033
"1295",2014,4,"Paulding","White",0,0,1,1,0.318199441056803,0.318199441056803,0.015475923776629,0.015475923776629
"1296",2014,4,"Perry","White",0,0,0,0,0.622504402165829,0.622504402165829,0.0302717894181574,0.0302717894181574
"1297",2014,4,"Pickaway","White",1,1,0,0,0.973167149728548,0.973167149728548,0.0469850636950914,0.0469850636950914
"1298",2014,4,"Pike","White",0,0,0,0,0.473392487424386,0.473392487424386,0.0227301195360713,0.0227301195360713
"1299",2014,4,"Portage","White",6,6,0,0,2.57058512142474,2.57058512142474,0.122407335025694,0.122407335025694
"1300",2014,4,"Preble","White",0,1,0,0,0.705725613124437,0.705725613124437,0.0342180029550071,0.0342180029550071
"1301",2014,4,"Putnam","White",1,2,0,0,0.56700203058771,0.56700203058771,0.0276453298282962,0.0276453298282962
"1302",2014,4,"Richland","White",5,5,0,0,1.83579905586665,1.83579905586665,0.0897660848706531,0.0897660848706531
"1303",2014,4,"Ross","White",6,6,0,0,1.29389067001245,1.29389067001245,0.0628812241826216,0.0628812241826216
"1304",2014,4,"Sandusky","White",1,1,1,1,0.985621602236492,0.985621602236492,0.0481154129461465,0.0481154129461465
"1305",2014,4,"Scioto","White",0,0,0,0,1.27701802765862,1.27701802765862,0.062975319632512,0.062975319632512
"1306",2014,4,"Seneca","White",0,0,0,0,0.903101455015807,0.903101455015807,0.0442164057798677,0.0442164057798677
"1307",2014,4,"Shelby","White",0,0,0,0,0.801097691191806,0.801097691191806,0.0385690874631319,0.0385690874631319
"1308",2014,4,"Stark","White",11,16,0,3,5.81639620692241,5.81639620692241,0.285777495937981,0.285777495937981
"1309",2014,4,"Summit","White",8,12,1,1,7.84885674331697,7.84885674331697,0.391631388503766,0.391631388503766
"1310",2014,4,"Trumbull","White",11,12,1,1,3.17079266274176,3.17079266274176,0.154254104658637,0.154254104658637
"1311",2014,4,"Tuscarawas","White",2,2,0,0,1.53754060756486,1.53754060756486,0.0756303222645369,0.0756303222645369
"1312",2014,4,"Union","White",0,0,0,0,0.930304733380016,0.930304733380016,0.0438765487349576,0.0438765487349576
"1313",2014,4,"Van Wert","White",0,0,0,0,0.466400160730771,0.466400160730771,0.022684569807086,0.022684569807086
"1314",2014,4,"Vinton","White",1,1,0,0,0.229675138726883,0.229675138726883,0.0109965574774804,0.0109965574774804
"1315",2014,4,"Warren","White",2,3,0,0,3.64048969856066,3.64048969856066,0.170952375375464,0.170952375375464
"1316",2014,4,"Washington","White",0,0,0,0,1.02023410497425,1.02023410497425,0.0497618268019459,0.0497618268019459
"1317",2014,4,"Wayne","White",3,3,0,1,1.84268425510904,1.84268425510904,0.0901938667893933,0.0901938667893933
"1318",2014,4,"Williams","White",1,1,0,0,0.620022829910954,0.620022829910954,0.0303377334142265,0.0303377334142265
"1319",2014,4,"Wood","White",5,5,0,0,2.00639605247181,2.00639605247181,0.0975191607992472,0.0975191607992472
"1320",2014,4,"Wyandot","White",0,0,0,0,0.371803107543378,0.371803107543378,0.0180970847650875,0.0180970847650875
"1321",2015,5,"Adams","White",0,0,0,1,0.468882514706286,0.468882514706286,0.0226199908096006,0.0226199908096006
"1322",2015,5,"Allen","White",3,4,0,1,1.47986873905007,1.47986873905007,0.0733695629586667,0.0733695629586667
"1323",2015,5,"Ashland","White",2,2,0,0,0.853470423209834,0.853470423209834,0.0416859708140294,0.0416859708140294
"1324",2015,5,"Ashtabula","White",1,1,2,2,1.6064545366502,1.6064545366502,0.0782349429564796,0.0782349429564796
"1325",2015,5,"Athens","White",1,1,0,0,0.961396169935303,0.961396169935303,0.0469263035533508,0.0469263035533508
"1326",2015,5,"Auglaize","White",1,1,0,0,0.751140587459617,0.751140587459617,0.0367352336398414,0.0367352336398414
"1327",2015,5,"Belmont","White",1,1,0,0,1.13980330288902,1.13980330288902,0.0567356226622426,0.0567356226622426
"1328",2015,5,"Brown","White",2,3,1,1,0.745734431551454,0.745734431551454,0.0360080938985573,0.0360080938985573
"1329",2015,5,"Butler","White",13,42,7,14,5.58851220336623,5.58851220336623,0.269672176603765,0.269672176603765
"1330",2015,5,"Carroll","White",0,0,0,0,0.466179980881483,0.466179980881483,0.022415779018351,0.022415779018351
"1331",2015,5,"Champaign","White",0,3,0,0,0.648761797928985,0.648761797928985,0.0310861604043106,0.0310861604043106
"1332",2015,5,"Clark","White",8,19,0,0,2.02901449692032,2.02901449692032,0.0999448443344309,0.0999448443344309
"1333",2015,5,"Clermont","White",6,15,1,3,3.47129665370624,3.47129665370624,0.170554577389841,0.170554577389841
"1334",2015,5,"Clinton","White",0,0,2,3,0.687342264811313,0.687342264811313,0.033741663600609,0.033741663600609
"1335",2015,5,"Columbiana","White",6,7,1,1,1.75034609433753,1.75034609433753,0.0852839913743584,0.0852839913743584
"1336",2015,5,"Coshocton","White",0,0,0,0,0.59985477999334,0.59985477999334,0.0296638107083775,0.0296638107083775
"1337",2015,5,"Crawford","White",2,3,0,0,0.692092120250023,0.692092120250023,0.0333494517301762,0.0333494517301762
"1338",2015,5,"Cuyahoga","White",35,47,6,7,14.5014583284357,14.5014583284357,0.736470982916556,0.736470982916556
"1339",2015,5,"Darke","White",4,4,1,2,0.847778685014037,0.847778685014037,0.0406673950253585,0.0406673950253585
"1340",2015,5,"Defiance","White",0,0,0,0,0.619610121324565,0.619610121324565,0.0304376885131137,0.0304376885131137
"1341",2015,5,"Delaware","White",1,3,0,0,3.12447060394793,3.12447060394793,0.141974844064724,0.141974844064724
"1342",2015,5,"Erie","White",1,4,0,0,1.1344765399171,1.1344765399171,0.0557118463639998,0.0557118463639998
"1343",2015,5,"Fairfield","White",0,0,2,3,2.41285326006254,2.41285326006254,0.11625448404596,0.11625448404596
"1344",2015,5,"Fayette","White",0,1,0,0,0.468944343368045,0.468944343368045,0.023031061543325,0.023031061543325
"1345",2015,5,"Franklin","White",68,75,9,10,16.3938587060381,16.3938587060381,0.885279495016347,0.885279495016347
"1346",2015,5,"Fulton","White",1,2,0,0,0.706654573900807,0.706654573900807,0.0343703577320371,0.0343703577320371
"1347",2015,5,"Gallia","White",0,0,0,0,0.488735940307334,0.488735940307334,0.0241460462580061,0.0241460462580061
"1348",2015,5,"Geauga","White",0,0,0,0,1.52893547674814,1.52893547674814,0.0711667224235505,0.0711667224235505
"1349",2015,5,"Greene","White",1,4,0,1,2.49295026820056,2.49295026820056,0.126305373182621,0.126305373182621
"1350",2015,5,"Guernsey","White",0,0,0,0,0.651873285417332,0.651873285417332,0.0321756363147885,0.0321756363147885
"1351",2015,5,"Hamilton","White",30,69,3,4,9.96163468375339,9.96163468375339,0.519186760365911,0.519186760365911
"1352",2015,5,"Hancock","White",2,4,1,1,1.23870377317437,1.23870377317437,0.0624491993986883,0.0624491993986883
"1353",2015,5,"Hardin","White",1,1,0,0,0.488361510240485,0.488361510240485,0.0229505273460157,0.0229505273460157
"1354",2015,5,"Harrison","White",0,0,0,0,0.253099567337166,0.253099567337166,0.0123084373096572,0.0123084373096572
"1355",2015,5,"Henry","White",1,1,0,0,0.456002592848273,0.456002592848273,0.0224105169556167,0.0224105169556167
"1356",2015,5,"Highland","White",0,0,0,0,0.708664297562291,0.708664297562291,0.0343363067909817,0.0343363067909817
"1357",2015,5,"Hocking","White",0,0,0,0,0.485111467554606,0.485111467554606,0.0233105058419313,0.0233105058419313
"1358",2015,5,"Holmes","White",0,0,0,0,0.6574427479504,0.6574427479504,0.0330183095357877,0.0330183095357877
"1359",2015,5,"Huron","White",1,1,0,0,0.973555878072135,0.973555878072135,0.0474956035152465,0.0474956035152465
"1360",2015,5,"Jackson","White",0,0,0,0,0.549864817092096,0.549864817092096,0.0271673007990796,0.0271673007990796
"1361",2015,5,"Jefferson","White",2,2,0,0,1.06308342049128,1.06308342049128,0.0519667141123424,0.0519667141123424
"1362",2015,5,"Knox","White",1,1,0,1,0.974344090077014,0.974344090077014,0.0473828856760555,0.0473828856760555
"1363",2015,5,"Lake","White",6,11,1,1,3.78158670446366,3.78158670446366,0.18519901882131,0.18519901882131
"1364",2015,5,"Lawrence","White",1,2,0,0,1.02934349521676,1.02934349521676,0.050217846865232,0.050217846865232
"1365",2015,5,"Licking","White",1,1,2,2,2.80296248258187,2.80296248258187,0.136226303886837,0.136226303886837
"1366",2015,5,"Logan","White",0,2,0,0,0.746740475240905,0.746740475240905,0.0361660161638674,0.0361660161638674
"1367",2015,5,"Lorain","White",11,16,1,1,4.70826975767401,4.70826975767401,0.225940437609575,0.225940437609575
"1368",2015,5,"Lucas","White",15,17,0,0,5.82077474000432,5.82077474000432,0.29710673970561,0.29710673970561
"1369",2015,5,"Madison","White",2,2,0,0,0.749112194198553,0.749112194198553,0.0362669695468008,0.0362669695468008
"1370",2015,5,"Mahoning","White",7,11,1,2,3.25928533322321,3.25928533322321,0.160533239864853,0.160533239864853
"1371",2015,5,"Marion","White",3,3,0,0,1.05478034398191,1.05478034398191,0.0521832339487569,0.0521832339487569
"1372",2015,5,"Medina","White",3,3,0,2,3.04300993199001,3.04300993199001,0.143827495062522,0.143827495062522
"1373",2015,5,"Meigs","White",0,0,0,0,0.39825288006337,0.39825288006337,0.0194085660987749,0.0194085660987749
"1374",2015,5,"Mercer","White",0,0,0,0,0.648782225696459,0.648782225696459,0.0322792961350108,0.0322792961350108
"1375",2015,5,"Miami","White",1,1,0,0,1.70192425053253,1.70192425053253,0.0834365701465698,0.0834365701465698
"1376",2015,5,"Monroe","White",0,0,0,0,0.23486911149692,0.23486911149692,0.0113526907618659,0.0113526907618659
"1377",2015,5,"Montgomery","White",25,47,4,7,6.85961300345635,6.85961300345635,0.346961218691562,0.346961218691562
"1378",2015,5,"Morgan","White",0,0,0,0,0.234834721602375,0.234834721602375,0.0114310625484255,0.0114310625484255
"1379",2015,5,"Morrow","White",0,0,0,0,0.602319710094635,0.602319710094635,0.0288044753652794,0.0288044753652794
"1380",2015,5,"Muskingum","White",0,0,0,0,1.37809329382828,1.37809329382828,0.0676227309307498,0.0676227309307498
"1381",2015,5,"Noble","White",0,0,2,2,0.224432155912913,0.224432155912913,0.0113082197960185,0.0113082197960185
"1382",2015,5,"Ottawa","White",2,3,0,0,0.670370728716826,0.670370728716826,0.0324199424443071,0.0324199424443071
"1383",2015,5,"Paulding","White",0,0,0,0,0.314287334707042,0.314287334707042,0.0152971330401843,0.0152971330401843
"1384",2015,5,"Perry","White",0,0,1,1,0.620489125488315,0.620489125488315,0.0303509740756708,0.0303509740756708
"1385",2015,5,"Pickaway","White",1,1,0,0,0.973315170831069,0.973315170831069,0.0470742421471774,0.0470742421471774
"1386",2015,5,"Pike","White",0,1,1,1,0.470757064679157,0.470757064679157,0.0228095030751157,0.0228095030751157
"1387",2015,5,"Portage","White",6,11,2,2,2.55297346566918,2.55297346566918,0.122388973424865,0.122388973424865
"1388",2015,5,"Preble","White",0,1,0,0,0.696792010529553,0.696792010529553,0.0338492137801824,0.0338492137801824
"1389",2015,5,"Putnam","White",1,1,0,0,0.557367109176151,0.557367109176151,0.0271598757646399,0.0271598757646399
"1390",2015,5,"Richland","White",10,11,0,0,1.81702569414546,1.81702569414546,0.0893914536767847,0.0893914536767847
"1391",2015,5,"Ross","White",5,8,1,1,1.28577803816548,1.28577803816548,0.0627010650521777,0.0627010650521777
"1392",2015,5,"Sandusky","White",3,4,0,0,0.973432111086025,0.973432111086025,0.047562711033291,0.047562711033291
"1393",2015,5,"Scioto","White",0,0,1,1,1.26563843171494,1.26563843171494,0.0628291289734671,0.0628291289734671
"1394",2015,5,"Seneca","White",0,0,0,0,0.892137582346428,0.892137582346428,0.0437456774726925,0.0437456774726925
"1395",2015,5,"Shelby","White",0,0,0,0,0.795648593923238,0.795648593923238,0.0384776939361526,0.0384776939361526
"1396",2015,5,"Stark","White",7,10,2,4,5.76251762976401,5.76251762976401,0.284411975581352,0.284411975581352
"1397",2015,5,"Summit","White",5,9,4,9,7.77490459878925,7.77490459878925,0.390589221759687,0.390589221759687
"1398",2015,5,"Trumbull","White",17,21,0,0,3.11507072764909,3.11507072764909,0.152271580665187,0.152271580665187
"1399",2015,5,"Tuscarawas","White",0,2,0,0,1.52356960939794,1.52356960939794,0.0752683981956761,0.0752683981956761
"1400",2015,5,"Union","White",0,0,0,0,0.934094124905642,0.934094124905642,0.0444299072020013,0.0444299072020013
"1401",2015,5,"Van Wert","White",0,1,0,0,0.46284998832147,0.46284998832147,0.0225623412795312,0.0225623412795312
"1402",2015,5,"Vinton","White",0,0,0,0,0.227011799416362,0.227011799416362,0.0108620924474162,0.0108620924474162
"1403",2015,5,"Warren","White",2,6,0,0,3.64998251226455,3.64998251226455,0.171627827298294,0.171627827298294
"1404",2015,5,"Washington","White",1,1,0,0,1.00996209331437,1.00996209331437,0.0494547441813272,0.0494547441813272
"1405",2015,5,"Wayne","White",3,3,0,1,1.83006804950073,1.83006804950073,0.0902845255410767,0.0902845255410767
"1406",2015,5,"Williams","White",1,1,0,0,0.610177882951679,0.610177882951679,0.0299909824836796,0.0299909824836796
"1407",2015,5,"Wood","White",3,4,1,1,1.99410085511576,1.99410085511576,0.0969784158995277,0.0969784158995277
"1408",2015,5,"Wyandot","White",0,0,0,0,0.370060323364668,0.370060323364668,0.0179993361039155,0.0179993361039155
"1409",2016,6,"Adams","White",0,0,0,1,0.465769772739025,0.465769772739025,0.0225392543232786,0.0225392543232786
"1410",2016,6,"Allen","White",2,5,0,1,1.46232030524154,1.46232030524154,0.072867498604255,0.072867498604255
"1411",2016,6,"Ashland","White",1,2,0,0,0.848428389484571,0.848428389484571,0.0414970023399581,0.0414970023399581
"1412",2016,6,"Ashtabula","White",3,7,1,6,1.59109544193183,1.59109544193183,0.0782788564258333,0.0782788564258333
"1413",2016,6,"Athens","White",0,0,2,2,0.963267419564167,0.963267419564167,0.0465977212173571,0.0465977212173571
"1414",2016,6,"Auglaize","White",2,2,0,0,0.747338050453167,0.747338050453167,0.0367247144419452,0.0367247144419452
"1415",2016,6,"Belmont","White",0,0,0,0,1.12666547580788,1.12666547580788,0.0565472090653027,0.0565472090653027
"1416",2016,6,"Brown","White",1,1,1,1,0.739823058883751,0.739823058883751,0.0357724192465063,0.0357724192465063
"1417",2016,6,"Butler","White",16,47,9,22,5.5467833984175,5.5467833984175,0.26781100866652,0.26781100866652
"1418",2016,6,"Carroll","White",1,1,0,0,0.459684121363971,0.459684121363971,0.0222675823899136,0.0222675823899136
"1419",2016,6,"Champaign","White",0,1,0,0,0.642285963139146,0.642285963139146,0.0311207545934616,0.0311207545934616
"1420",2016,6,"Clark","White",7,23,0,2,1.99860742128351,1.99860742128351,0.0992609920090525,0.0992609920090525
"1421",2016,6,"Clermont","White",7,15,4,6,3.46131929082613,3.46131929082613,0.171254467609396,0.171254467609396
"1422",2016,6,"Clinton","White",0,0,0,3,0.682571362746405,0.682571362746405,0.0335000375696917,0.0335000375696917
"1423",2016,6,"Columbiana","White",0,2,1,1,1.72047910144555,1.72047910144555,0.0844142696469152,0.0844142696469152
"1424",2016,6,"Coshocton","White",2,2,1,1,0.596086288402299,0.596086288402299,0.0295885605230417,0.0295885605230417
"1425",2016,6,"Crawford","White",1,2,1,1,0.685572268375878,0.685572268375878,0.0333002916619609,0.0333002916619609
"1426",2016,6,"Cuyahoga","White",38,130,3,11,14.2973083237468,14.2973083237468,0.730755611079428,0.730755611079428
"1427",2016,6,"Darke","White",0,6,0,1,0.836630855804874,0.836630855804874,0.0403667499194347,0.0403667499194347
"1428",2016,6,"Defiance","White",0,0,1,1,0.613170750693565,0.613170750693565,0.0301560415862149,0.0301560415862149
"1429",2016,6,"Delaware","White",3,3,0,0,3.14554424083285,3.14554424083285,0.142837591391583,0.142837591391583
"1430",2016,6,"Erie","White",5,8,1,1,1.11506206349495,1.11506206349495,0.0552775409543221,0.0552775409543221
"1431",2016,6,"Fairfield","White",0,0,5,5,2.4093516014256,2.4093516014256,0.116840386230734,0.116840386230734
"1432",2016,6,"Fayette","White",0,1,1,2,0.467979121688514,0.467979121688514,0.0231707291067008,0.0231707291067008
"1433",2016,6,"Franklin","White",67,91,3,5,16.4303963579331,16.4303963579331,0.889282369611809,0.889282369611809
"1434",2016,6,"Fulton","White",0,2,0,0,0.701960291682147,0.701960291682147,0.0343156455218331,0.0343156455218331
"1435",2016,6,"Gallia","White",1,1,0,0,0.482655222297003,0.482655222297003,0.0239951198636645,0.0239951198636645
"1436",2016,6,"Geauga","White",1,5,1,3,1.51323712054536,1.51323712054536,0.0705947994785756,0.0705947994785756
"1437",2016,6,"Greene","White",3,4,1,3,2.48913062253033,2.48913062253033,0.126864196902574,0.126864196902574
"1438",2016,6,"Guernsey","White",3,3,1,2,0.644105141198721,0.644105141198721,0.0319901449063711,0.0319901449063711
"1439",2016,6,"Hamilton","White",29,75,4,10,9.89551865613696,9.89551865613696,0.518484620898483,0.518484620898483
"1440",2016,6,"Hancock","White",1,3,2,2,1.23237491804625,1.23237491804625,0.0624028593481282,0.0624028593481282
"1441",2016,6,"Hardin","White",1,1,1,1,0.484267189406211,0.484267189406211,0.0228988277860769,0.0228988277860769
"1442",2016,6,"Harrison","White",0,0,0,0,0.250047866565603,0.250047866565603,0.0122170677115958,0.0122170677115958
"1443",2016,6,"Henry","White",0,0,0,0,0.450706481852497,0.450706481852497,0.0222851389314933,0.0222851389314933
"1444",2016,6,"Highland","White",1,1,1,1,0.705652712122268,0.705652712122268,0.0343404961730251,0.0343404961730251
"1445",2016,6,"Hocking","White",0,0,2,2,0.482131761281455,0.482131761281455,0.023389895290014,0.023389895290014
"1446",2016,6,"Holmes","White",0,0,0,0,0.657149508892739,0.657149508892739,0.0331685395466302,0.0331685395466302
"1447",2016,6,"Huron","White",0,1,1,1,0.96477603462914,0.96477603462914,0.0471956394609169,0.0471956394609169
"1448",2016,6,"Jackson","White",0,0,0,0,0.547009905703466,0.547009905703466,0.0271317177205025,0.0271317177205025
"1449",2016,6,"Jefferson","White",5,6,0,0,1.04555581485358,1.04555581485358,0.0514104970106509,0.0514104970106509
"1450",2016,6,"Knox","White",2,4,1,2,0.965392881564599,0.965392881564599,0.047095567160107,0.047095567160107
"1451",2016,6,"Lake","White",4,17,2,5,3.74078183512739,3.74078183512739,0.184239896747347,0.184239896747347
"1452",2016,6,"Lawrence","White",3,3,0,0,1.01979532559904,1.01979532559904,0.04983360473454,0.04983360473454
"1453",2016,6,"Licking","White",0,0,4,4,2.80152967653124,2.80152967653124,0.13691771518766,0.13691771518766
"1454",2016,6,"Logan","White",2,6,0,0,0.740070722873499,0.740070722873499,0.0360985925896169,0.0360985925896169
"1455",2016,6,"Lorain","White",18,50,1,4,4.68614864709458,4.68614864709458,0.225610161537622,0.225610161537622
"1456",2016,6,"Lucas","White",16,25,1,1,5.77247045383382,5.77247045383382,0.296464424769316,0.296464424769316
"1457",2016,6,"Madison","White",0,3,0,2,0.731896639151694,0.731896639151694,0.0356033544544876,0.0356033544544876
"1458",2016,6,"Mahoning","White",13,22,0,0,3.20849222512841,3.20849222512841,0.158823166192282,0.158823166192282
"1459",2016,6,"Marion","White",6,9,0,0,1.04788609292698,1.04788609292698,0.0522680437042311,0.0522680437042311
"1460",2016,6,"Medina","White",4,9,1,1,3.032998456119,3.032998456119,0.144051868380604,0.144051868380604
"1461",2016,6,"Meigs","White",3,4,0,0,0.396748490870668,0.396748490870668,0.0193283977644625,0.0193283977644625
"1462",2016,6,"Mercer","White",1,1,1,1,0.644052530618874,0.644052530618874,0.032350667117493,0.032350667117493
"1463",2016,6,"Miami","White",1,7,0,1,1.70088921456549,1.70088921456549,0.0841089063963508,0.0841089063963508
"1464",2016,6,"Monroe","White",0,0,0,0,0.229713021360205,0.229713021360205,0.0110641381594469,0.0110641381594469
"1465",2016,6,"Montgomery","White",23,76,8,20,6.79501096894444,6.79501096894444,0.345136802467679,0.345136802467679
"1466",2016,6,"Morgan","White",0,0,0,0,0.235004514791638,0.235004514791638,0.0114601275610869,0.0114601275610869
"1467",2016,6,"Morrow","White",2,2,0,0,0.600136816089553,0.600136816089553,0.0288990452809331,0.0288990452809331
"1468",2016,6,"Muskingum","White",1,1,0,0,1.3700636491521,1.3700636491521,0.0676565670003771,0.0676565670003771
"1469",2016,6,"Noble","White",0,0,0,0,0.220754632311398,0.220754632311398,0.0112192853142292,0.0112192853142292
"1470",2016,6,"Ottawa","White",2,3,0,0,0.659723445779098,0.659723445779098,0.0322175808567355,0.0322175808567355
"1471",2016,6,"Paulding","White",0,0,0,0,0.309467893582209,0.309467893582209,0.0152218631846847,0.0152218631846847
"1472",2016,6,"Perry","White",0,0,2,2,0.619226239609938,0.619226239609938,0.0304878333391636,0.0304878333391636
"1473",2016,6,"Pickaway","White",1,1,0,0,0.979241878239379,0.979241878239379,0.0478124295723976,0.0478124295723976
"1474",2016,6,"Pike","White",1,1,2,2,0.469109882935071,0.469109882935071,0.0229637467410578,0.0229637467410578
"1475",2016,6,"Portage","White",1,7,3,4,2.532343260961,2.532343260961,0.122066362622501,0.122066362622501
"1476",2016,6,"Preble","White",1,8,1,2,0.688989385813197,0.688989385813197,0.0336120880667611,0.0336120880667611
"1477",2016,6,"Putnam","White",2,2,0,0,0.553300231963511,0.553300231963511,0.02716195193135,0.02716195193135
"1478",2016,6,"Richland","White",9,14,0,0,1.79495252047268,1.79495252047268,0.0887976597006843,0.0887976597006843
"1479",2016,6,"Ross","White",5,11,3,3,1.2765740639688,1.2765740639688,0.062488982015474,0.062488982015474
"1480",2016,6,"Sandusky","White",5,6,3,3,0.964313558171211,0.964313558171211,0.0472817724688445,0.0472817724688445
"1481",2016,6,"Scioto","White",0,2,0,2,1.25514164874564,1.25514164874564,0.0624782733531905,0.0624782733531905
"1482",2016,6,"Seneca","White",0,0,0,0,0.884010796732253,0.884010796732253,0.0434015786109704,0.0434015786109704
"1483",2016,6,"Shelby","White",0,3,1,1,0.787785397271198,0.787785397271198,0.0382546069886436,0.0382546069886436
"1484",2016,6,"Stark","White",5,17,1,5,5.70731467950898,5.70731467950898,0.283312860058825,0.283312860058825
"1485",2016,6,"Summit","White",13,42,13,36,7.69687506615548,7.69687506615548,0.388592096514512,0.388592096514512
"1486",2016,6,"Trumbull","White",11,33,1,2,3.06103407242602,3.06103407242602,0.150436506702887,0.150436506702887
"1487",2016,6,"Tuscarawas","White",1,2,1,1,1.50570936525211,1.50570936525211,0.0746149159821641,0.0746149159821641
"1488",2016,6,"Union","White",1,1,1,1,0.949182539385224,0.949182539385224,0.0456350359228767,0.0456350359228767
"1489",2016,6,"Van Wert","White",1,2,0,1,0.460238871054247,0.460238871054247,0.0225928622621978,0.0225928622621978
"1490",2016,6,"Vinton","White",0,0,0,1,0.223371165333334,0.223371165333334,0.0107757699491201,0.0107757699491201
"1491",2016,6,"Warren","White",7,18,2,3,3.65896458174197,3.65896458174197,0.172909484323563,0.172909484323563
"1492",2016,6,"Washington","White",2,3,1,1,0.998802268160489,0.998802268160489,0.0493060761986593,0.0493060761986593
"1493",2016,6,"Wayne","White",4,6,6,8,1.82293831315395,1.82293831315395,0.0904968004829746,0.0904968004829746
"1494",2016,6,"Williams","White",1,2,2,2,0.603144074809472,0.603144074809472,0.0297382482096311,0.0297382482096311
"1495",2016,6,"Wood","White",3,5,0,1,1.98717750036772,1.98717750036772,0.0970817582425175,0.0970817582425175
"1496",2016,6,"Wyandot","White",0,1,0,0,0.365036383250139,0.365036383250139,0.0177813806407741,0.0177813806407741
"1497",2017,7,"Adams","White",0,0,0,1,0.461683893091071,0.461683893091071,0.0224739780288717,0.0224739780288717
"1498",2017,7,"Allen","White",1,2,0,1,1.44815753554121,1.44815753554121,0.0722860919868151,0.0722860919868151
"1499",2017,7,"Ashland","White",0,0,1,1,0.846850987829672,0.846850987829672,0.0415672127890127,0.0415672127890127
"1500",2017,7,"Ashtabula","White",1,3,7,9,1.57241564249131,1.57241564249131,0.0774676096415433,0.0774676096415433
"1501",2017,7,"Athens","White",0,0,2,2,0.962319755637946,0.962319755637946,0.0464061781964637,0.0464061781964637
"1502",2017,7,"Auglaize","White",0,3,0,0,0.740330671902587,0.740330671902587,0.0364445632813402,0.0364445632813402
"1503",2017,7,"Belmont","White",5,7,0,1,1.10915670631371,1.10915670631371,0.0557341768798954,0.0557341768798954
"1504",2017,7,"Brown","White",0,0,2,6,0.733556488892009,0.733556488892009,0.0358683513507651,0.0358683513507651
"1505",2017,7,"Butler","White",16,51,16,67,5.51378029331526,5.51378029331526,0.267262413928805,0.267262413928805
"1506",2017,7,"Carroll","White",1,3,1,1,0.450911316276156,0.450911316276156,0.0220103260488269,0.0220103260488269
"1507",2017,7,"Champaign","White",2,9,0,1,0.642388532135624,0.642388532135624,0.0313573841698727,0.0313573841698727
"1508",2017,7,"Clark","White",6,36,3,8,1.97290503163341,1.97290503163341,0.0980569427587298,0.0980569427587298
"1509",2017,7,"Clermont","White",5,18,7,25,3.45300142710202,3.45300142710202,0.171532427925537,0.171532427925537
"1510",2017,7,"Clinton","White",1,2,3,9,0.681078075002567,0.681078075002567,0.0333204871964845,0.0333204871964845
"1511",2017,7,"Columbiana","White",11,12,0,0,1.69218557793655,1.69218557793655,0.083475109793881,0.083475109793881
"1512",2017,7,"Coshocton","White",1,2,1,1,0.590315848488876,0.590315848488876,0.029268454316313,0.029268454316313
"1513",2017,7,"Crawford","White",0,4,0,2,0.675127671102323,0.675127671102323,0.0331255331223304,0.0331255331223304
"1514",2017,7,"Cuyahoga","White",31,156,4,27,14.1094318268178,14.1094318268178,0.726160679815981,0.726160679815981
"1515",2017,7,"Darke","White",2,11,1,7,0.829309834346637,0.829309834346637,0.0403777443456651,0.0403777443456651
"1516",2017,7,"Defiance","White",1,1,0,0,0.606733242971563,0.606733242971563,0.0299668658248355,0.0299668658248355
"1517",2017,7,"Delaware","White",0,11,0,1,3.1654222336619,3.1654222336619,0.1430858650358,0.1430858650358
"1518",2017,7,"Erie","White",4,7,1,2,1.10232553533854,1.10232553533854,0.0549662715510236,0.0549662715510236
"1519",2017,7,"Fairfield","White",3,5,2,6,2.40539341124952,2.40539341124952,0.116969983413439,0.116969983413439
"1520",2017,7,"Fayette","White",0,2,0,6,0.465166336082211,0.465166336082211,0.0230622412772102,0.0230622412772102
"1521",2017,7,"Franklin","White",31,112,5,14,16.4764950099793,16.4764950099793,0.891815903904738,0.891815903904738
"1522",2017,7,"Fulton","White",0,0,0,0,0.695162012681701,0.695162012681701,0.034180860740638,0.034180860740638
"1523",2017,7,"Gallia","White",0,2,0,3,0.47860573906859,0.47860573906859,0.0238197677350258,0.0238197677350258
"1524",2017,7,"Geauga","White",0,4,2,4,1.49992582312156,1.49992582312156,0.0706116241935663,0.0706116241935663
"1525",2017,7,"Greene","White",4,19,2,8,2.48823428805282,2.48823428805282,0.126776040026121,0.126776040026121
"1526",2017,7,"Guernsey","White",0,1,2,3,0.637421378905027,0.637421378905027,0.0318076540978034,0.0318076540978034
"1527",2017,7,"Hamilton","White",33,134,12,33,9.83205311030618,9.83205311030618,0.516203243418142,0.516203243418142
"1528",2017,7,"Hancock","White",2,7,1,1,1.22815919890136,1.22815919890136,0.0626333414143003,0.0626333414143003
"1529",2017,7,"Hardin","White",0,2,0,0,0.479362439188838,0.479362439188838,0.022763292157025,0.022763292157025
"1530",2017,7,"Harrison","White",2,2,1,1,0.247025388312826,0.247025388312826,0.0121269005380958,0.0121269005380958
"1531",2017,7,"Henry","White",0,0,0,0,0.445682003393236,0.445682003393236,0.021946229151507,0.021946229151507
"1532",2017,7,"Highland","White",0,2,1,2,0.700535638791934,0.700535638791934,0.0342416990687692,0.0342416990687692
"1533",2017,7,"Hocking","White",0,3,1,1,0.477696376544976,0.477696376544976,0.0233551947281611,0.0233551947281611
"1534",2017,7,"Holmes","White",0,0,0,0,0.657392617605141,0.657392617605141,0.0332851790952281,0.0332851790952281
"1535",2017,7,"Huron","White",0,3,0,1,0.95927533087446,0.95927533087446,0.0472567155351949,0.0472567155351949
"1536",2017,7,"Jackson","White",1,1,1,3,0.543264176140735,0.543264176140735,0.0270694473260803,0.0270694473260803
"1537",2017,7,"Jefferson","White",8,8,3,3,1.02948828669048,1.02948828669048,0.0508551422995068,0.0508551422995068
"1538",2017,7,"Knox","White",0,1,1,3,0.964840195292369,0.964840195292369,0.047242221823191,0.047242221823191
"1539",2017,7,"Lake","White",10,27,3,9,3.70611515313778,3.70611515313778,0.18367799531553,0.18367799531553
"1540",2017,7,"Lawrence","White",1,3,5,7,1.00796960631621,1.00796960631621,0.0495242543375197,0.0495242543375197
"1541",2017,7,"Licking","White",0,0,3,5,2.79612322859811,2.79612322859811,0.13711506891389,0.13711506891389
"1542",2017,7,"Logan","White",0,4,0,4,0.736199855728933,0.736199855728933,0.0361434183349422,0.0361434183349422
"1543",2017,7,"Lorain","White",16,47,3,5,4.66456970817334,4.66456970817334,0.225610455224206,0.225610455224206
"1544",2017,7,"Lucas","White",15,37,1,1,5.69648686359135,5.69648686359135,0.293808160400657,0.293808160400657
"1545",2017,7,"Madison","White",2,6,1,2,0.740351266024131,0.740351266024131,0.0363614885808799,0.0363614885808799
"1546",2017,7,"Mahoning","White",15,47,2,3,3.17080922888089,3.17080922888089,0.157810140382421,0.157810140382421
"1547",2017,7,"Marion","White",1,5,0,0,1.0349222966884,1.0349222966884,0.0520008365198422,0.0520008365198422
"1548",2017,7,"Medina","White",3,5,2,4,3.03371826744526,3.03371826744526,0.144988912894426,0.144988912894426
"1549",2017,7,"Meigs","White",1,1,0,1,0.391295463471634,0.391295463471634,0.0191248612332956,0.0191248612332956
"1550",2017,7,"Mercer","White",0,1,0,0,0.639512615482413,0.639512615482413,0.0322407261108834,0.0322407261108834
"1551",2017,7,"Miami","White",2,11,1,7,1.70078166036041,1.70078166036041,0.084257153997743,0.084257153997743
"1552",2017,7,"Monroe","White",0,0,0,0,0.225774268468992,0.225774268468992,0.0109912871200688,0.0109912871200688
"1553",2017,7,"Montgomery","White",17,136,7,55,6.73115608012824,6.73115608012824,0.343701026279599,0.343701026279599
"1554",2017,7,"Morgan","White",0,0,0,0,0.231307398094606,0.231307398094606,0.0113416100060186,0.0113416100060186
"1555",2017,7,"Morrow","White",1,5,1,1,0.598399035465431,0.598399035465431,0.0289549761313658,0.0289549761313658
"1556",2017,7,"Muskingum","White",1,2,0,2,1.36904439093146,1.36904439093146,0.0681798441733633,0.0681798441733633
"1557",2017,7,"Noble","White",0,1,0,0,0.214882444021547,0.214882444021547,0.0109316660557298,0.0109316660557298
"1558",2017,7,"Ottawa","White",0,0,0,0,0.651144460380768,0.651144460380768,0.0319200614423852,0.0319200614423852
"1559",2017,7,"Paulding","White",0,0,0,1,0.306528101591687,0.306528101591687,0.0150047176673519,0.0150047176673519
"1560",2017,7,"Perry","White",0,0,0,0,0.616349321982907,0.616349321982907,0.0304956941460065,0.0304956941460065
"1561",2017,7,"Pickaway","White",2,4,1,2,0.979993485213222,0.979993485213222,0.0480949321781332,0.0480949321781332
"1562",2017,7,"Pike","White",0,2,1,5,0.46335193396713,0.46335193396713,0.022705316589345,0.022705316589345
"1563",2017,7,"Portage","White",1,6,4,12,2.51083297832427,2.51083297832427,0.121872543127785,0.121872543127785
"1564",2017,7,"Preble","White",0,3,2,6,0.683772183278077,0.683772183278077,0.03342361428802,0.03342361428802
"1565",2017,7,"Putnam","White",0,0,0,0,0.546132102092357,0.546132102092357,0.0269158655127977,0.0269158655127977
"1566",2017,7,"Richland","White",2,19,0,3,1.76905636402081,1.76905636402081,0.0880009803297498,0.0880009803297498
"1567",2017,7,"Ross","White",5,9,1,4,1.27641945201968,1.27641945201968,0.0627642981925532,0.0627642981925532
"1568",2017,7,"Sandusky","White",3,4,0,0,0.956024565020222,0.956024565020222,0.0469711141687787,0.0469711141687787
"1569",2017,7,"Scioto","White",1,4,1,5,1.2418534352182,1.2418534352182,0.0619060424183581,0.0619060424183581
"1570",2017,7,"Seneca","White",3,3,0,0,0.8751136049628,0.8751136049628,0.0430139356097121,0.0430139356097121
"1571",2017,7,"Shelby","White",0,6,0,3,0.781624629400834,0.781624629400834,0.0384231774496578,0.0384231774496578
"1572",2017,7,"Stark","White",5,15,6,17,5.64091699127921,5.64091699127921,0.280570398092039,0.280570398092039
"1573",2017,7,"Summit","White",25,52,20,53,7.62235801258759,7.62235801258759,0.386505816585972,0.386505816585972
"1574",2017,7,"Trumbull","White",23,50,3,5,3.01479990177869,3.01479990177869,0.149264913622033,0.149264913622033
"1575",2017,7,"Tuscarawas","White",1,4,1,1,1.4872315608832,1.4872315608832,0.0739408267439393,0.0739408267439393
"1576",2017,7,"Union","White",0,1,0,2,0.963082646803654,0.963082646803654,0.0466455086643533,0.0466455086643533
"1577",2017,7,"Van Wert","White",1,2,0,1,0.45825331287919,0.45825331287919,0.0225913630645414,0.0225913630645414
"1578",2017,7,"Vinton","White",0,0,0,0,0.224052693402128,0.224052693402128,0.0108190207307955,0.0108190207307955
"1579",2017,7,"Warren","White",1,14,6,11,3.65444200331461,3.65444200331461,0.173054135720017,0.173054135720017
"1580",2017,7,"Washington","White",1,1,2,6,0.987357376775576,0.987357376775576,0.0488401822485863,0.0488401822485863
"1581",2017,7,"Wayne","White",0,3,2,7,1.80428114072016,1.80428114072016,0.090016505049164,0.090016505049164
"1582",2017,7,"Williams","White",0,0,1,1,0.596157912999171,0.596157912999171,0.0295230757801034,0.0295230757801034
"1583",2017,7,"Wood","White",2,4,1,1,1.98687214990791,1.98687214990791,0.0973138848749848,0.0973138848749848
"1584",2017,7,"Wyandot","White",0,0,1,2,0.364097467576358,0.364097467576358,0.0178101082312793,0.0178101082312793
"1585",2018,8,"Adams","White",0,1,0,3,0.455385016658734,0.455385016658734,0.0223281536834827,0.0223281536834827
"1586",2018,8,"Allen","White",2,4,0,0,1.43055764157261,1.43055764157261,0.0714911095168823,0.0714911095168823
"1587",2018,8,"Ashland","White",1,1,0,0,0.842596434236045,0.842596434236045,0.0414456878591421,0.0414456878591421
"1588",2018,8,"Ashtabula","White",3,4,3,3,1.5530240568245,1.5530240568245,0.0770200574881941,0.0770200574881941
"1589",2018,8,"Athens","White",1,1,1,1,0.949613112719351,0.949613112719351,0.0456437148277224,0.0456437148277224
"1590",2018,8,"Auglaize","White",0,0,0,0,0.733602895378041,0.733602895378041,0.0363752836038812,0.0363752836038812
"1591",2018,8,"Belmont","White",0,1,0,0,1.09150515167566,1.09150515167566,0.0548837655104461,0.0548837655104461
"1592",2018,8,"Brown","White",1,2,1,7,0.730727298918548,0.730727298918548,0.0359707311850193,0.0359707311850193
"1593",2018,8,"Butler","White",7,34,14,51,5.46303868794005,5.46303868794005,0.265188696856059,0.265188696856059
"1594",2018,8,"Carroll","White",1,2,0,0,0.442946305862991,0.442946305862991,0.0217346614195708,0.0217346614195708
"1595",2018,8,"Champaign","White",1,1,1,2,0.638491162235141,0.638491162235141,0.0314350223670675,0.0314350223670675
"1596",2018,8,"Clark","White",3,17,4,9,1.95652505256274,1.95652505256274,0.0972544896724735,0.0972544896724735
"1597",2018,8,"Clermont","White",4,13,2,14,3.44332734566288,3.44332734566288,0.171416898868557,0.171416898868557
"1598",2018,8,"Clinton","White",0,0,1,7,0.677915197235145,0.677915197235145,0.0333432299485755,0.0333432299485755
"1599",2018,8,"Columbiana","White",2,2,1,1,1.6685055900832,1.6685055900832,0.0826314550120395,0.0826314550120395
"1600",2018,8,"Coshocton","White",1,2,2,2,0.584571231660919,0.584571231660919,0.029060918764139,0.029060918764139
"1601",2018,8,"Crawford","White",0,1,1,1,0.667315256060037,0.667315256060037,0.032837746419878,0.032837746419878
"1602",2018,8,"Cuyahoga","White",17,112,4,26,13.9262133932069,13.9262133932069,0.719536456874843,0.719536456874843
"1603",2018,8,"Darke","White",2,3,2,6,0.819647777264541,0.819647777264541,0.040028799701802,0.040028799701802
"1604",2018,8,"Defiance","White",0,1,0,0,0.601461380419488,0.601461380419488,0.0297977414283404,0.0297977414283404
"1605",2018,8,"Delaware","White",1,9,0,1,3.19668396879747,3.19668396879747,0.144633565109359,0.144633565109359
"1606",2018,8,"Erie","White",0,1,1,2,1.08721984821715,1.08721984821715,0.0544633338303711,0.0544633338303711
"1607",2018,8,"Fairfield","White",0,1,1,5,2.39281634771592,2.39281634771592,0.11644143412055,0.11644143412055
"1608",2018,8,"Fayette","White",0,1,1,3,0.462904359662704,0.462904359662704,0.0230172268238074,0.0230172268238074
"1609",2018,8,"Franklin","White",27,120,15,50,16.4255519447233,16.4255519447233,0.889025014226519,0.889025014226519
"1610",2018,8,"Fulton","White",0,1,1,2,0.688725743455132,0.688725743455132,0.0338980967978915,0.0338980967978915
"1611",2018,8,"Gallia","White",0,2,1,4,0.471671917986975,0.471671917986975,0.0234791363196738,0.0234791363196738
"1612",2018,8,"Geauga","White",0,0,0,1,1.48565919923276,1.48565919923276,0.070226590432925,0.070226590432925
"1613",2018,8,"Greene","White",1,8,2,6,2.47276332919154,2.47276332919154,0.125940690458355,0.125940690458355
"1614",2018,8,"Guernsey","White",0,0,1,4,0.632141841982596,0.632141841982596,0.031660507193227,0.031660507193227
"1615",2018,8,"Hamilton","White",16,86,12,37,9.73680929696579,9.73680929696579,0.512077008867237,0.512077008867237
"1616",2018,8,"Hancock","White",1,4,1,2,1.2170087529358,1.2170087529358,0.0623316018043917,0.0623316018043917
"1617",2018,8,"Hardin","White",0,1,1,1,0.477466665140699,0.477466665140699,0.0227165347805494,0.0227165347805494
"1618",2018,8,"Harrison","White",0,1,1,1,0.24376170369087,0.24376170369087,0.0120686415778102,0.0120686415778102
"1619",2018,8,"Henry","White",1,2,0,2,0.43978333976861,0.43978333976861,0.0217102805650853,0.0217102805650853
"1620",2018,8,"Highland","White",0,0,0,1,0.69780752069743,0.69780752069743,0.0342742254831366,0.0342742254831366
"1621",2018,8,"Hocking","White",0,0,3,4,0.472221588693293,0.472221588693293,0.0231692253724186,0.0231692253724186
"1622",2018,8,"Holmes","White",0,0,0,1,0.658022931184966,0.658022931184966,0.0334935466024902,0.0334935466024902
"1623",2018,8,"Huron","White",0,0,0,0,0.951017347074835,0.951017347074835,0.0471358233324255,0.0471358233324255
"1624",2018,8,"Jackson","White",1,2,4,5,0.538969228649481,0.538969228649481,0.0270057918665101,0.0270057918665101
"1625",2018,8,"Jefferson","White",6,6,3,5,1.01174084743216,1.01174084743216,0.0501352664954964,0.0501352664954964
"1626",2018,8,"Knox","White",1,1,0,1,0.965791857056468,0.965791857056468,0.0474447923732043,0.0474447923732043
"1627",2018,8,"Lake","White",3,26,1,6,3.66283854358573,3.66283854358573,0.182662998622499,0.182662998622499
"1628",2018,8,"Lawrence","White",2,6,4,10,0.999272471602718,0.999272471602718,0.049310905413224,0.049310905413224
"1629",2018,8,"Licking","White",1,2,6,9,2.79391558244899,2.79391558244899,0.137245364596733,0.137245364596733
"1630",2018,8,"Logan","White",1,3,1,1,0.730681172029282,0.730681172029282,0.0361378188833195,0.0361378188833195
"1631",2018,8,"Lorain","White",9,40,0,4,4.64579380085711,4.64579380085711,0.225641557875857,0.225641557875857
"1632",2018,8,"Lucas","White",5,26,0,0,5.62924971779166,5.62924971779166,0.291050423306928,0.291050423306928
"1633",2018,8,"Madison","White",1,2,0,0,0.741397876659461,0.741397876659461,0.0364798310845687,0.0364798310845687
"1634",2018,8,"Mahoning","White",4,38,3,10,3.12864967545155,3.12864967545155,0.156216736902974,0.156216736902974
"1635",2018,8,"Marion","White",2,4,4,7,1.0268703623423,1.0268703623423,0.0519331908128811,0.0519331908128811
"1636",2018,8,"Medina","White",1,9,1,3,3.02444444310581,3.02444444310581,0.145195597673797,0.145195597673797
"1637",2018,8,"Meigs","White",1,1,1,3,0.387421155057905,0.387421155057905,0.0189512287415408,0.0189512287415408
"1638",2018,8,"Mercer","White",0,0,0,0,0.63178210523377,0.63178210523377,0.0319817109647204,0.0319817109647204
"1639",2018,8,"Miami","White",0,6,1,5,1.69870461142772,1.69870461142772,0.0842256852057851,0.0842256852057851
"1640",2018,8,"Monroe","White",0,0,1,1,0.222014875024681,0.222014875024681,0.0109023431212755,0.0109023431212755
"1641",2018,8,"Montgomery","White",6,46,6,43,6.67087186476666,6.67087186476666,0.341471962771247,0.341471962771247
"1642",2018,8,"Morgan","White",0,0,1,1,0.228996166656458,0.228996166656458,0.0112576392877316,0.0112576392877316
"1643",2018,8,"Morrow","White",1,1,0,1,0.601876319936004,0.601876319936004,0.0292507240610386,0.0292507240610386
"1644",2018,8,"Muskingum","White",3,9,4,4,1.36233427703301,1.36233427703301,0.0679688700192997,0.0679688700192997
"1645",2018,8,"Noble","White",0,1,1,2,0.21082518925464,0.21082518925464,0.010693651256505,0.010693651256505
"1646",2018,8,"Ottawa","White",0,0,0,0,0.646471261003724,0.646471261003724,0.0317929481751455,0.0317929481751455
"1647",2018,8,"Paulding","White",1,1,0,0,0.302903380474528,0.302903380474528,0.0149085590292997,0.0149085590292997
"1648",2018,8,"Perry","White",0,1,2,3,0.614765680098991,0.614765680098991,0.0305219013277861,0.0305219013277861
"1649",2018,8,"Pickaway","White",0,2,5,6,0.984285072993446,0.984285072993446,0.0485705876803881,0.0485705876803881
"1650",2018,8,"Pike","White",0,1,1,5,0.457778008402619,0.457778008402619,0.0223814147548386,0.0223814147548386
"1651",2018,8,"Portage","White",0,5,1,5,2.48928273442168,2.48928273442168,0.121580267586134,0.121580267586134
"1652",2018,8,"Preble","White",0,1,0,2,0.676466615366584,0.676466615366584,0.0330491369919587,0.0330491369919587
"1653",2018,8,"Putnam","White",0,1,0,0,0.538720436748565,0.538720436748565,0.0267366740599297,0.0267366740599297
"1654",2018,8,"Richland","White",2,8,1,4,1.7637273118641,1.7637273118641,0.0881098868219804,0.0881098868219804
"1655",2018,8,"Ross","White",3,14,5,13,1.25855113230035,1.25855113230035,0.0619933312920698,0.0619933312920698
"1656",2018,8,"Sandusky","White",0,1,1,1,0.944126177849925,0.944126177849925,0.046516383748275,0.046516383748275
"1657",2018,8,"Scioto","White",1,5,6,15,1.22684296066557,1.22684296066557,0.0612832556086058,0.0612832556086058
"1658",2018,8,"Seneca","White",1,1,0,0,0.865052536960884,0.865052536960884,0.0426308988159654,0.0426308988159654
"1659",2018,8,"Shelby","White",1,2,1,3,0.774081358884771,0.774081358884771,0.0382560454268618,0.0382560454268618
"1660",2018,8,"Stark","White",6,12,6,17,5.58343259138123,5.58343259138123,0.278274775768098,0.278274775768098
"1661",2018,8,"Summit","White",8,18,9,28,7.53131226201158,7.53131226201158,0.382684436654546,0.382684436654546
"1662",2018,8,"Trumbull","White",5,24,3,8,2.96354379954769,2.96354379954769,0.147363847350472,0.147363847350472
"1663",2018,8,"Tuscarawas","White",0,3,1,2,1.47021249864946,1.47021249864946,0.0729784491780191,0.0729784491780191
"1664",2018,8,"Union","White",2,4,1,1,0.967614094487279,0.967614094487279,0.0469690654309786,0.0469690654309786
"1665",2018,8,"Van Wert","White",0,0,1,1,0.452291953421342,0.452291953421342,0.0223324085228775,0.0223324085228775
"1666",2018,8,"Vinton","White",0,0,1,1,0.223398261538121,0.223398261538121,0.0109788100692992,0.0109788100692992
"1667",2018,8,"Warren","White",1,7,2,7,3.66566635637978,3.66566635637978,0.174049950774982,0.174049950774982
"1668",2018,8,"Washington","White",1,3,0,4,0.97682534231309,0.97682534231309,0.0483338343464093,0.0483338343464093
"1669",2018,8,"Wayne","White",0,0,2,5,1.78472184945953,1.78472184945953,0.0891365723152906,0.0891365723152906
"1670",2018,8,"Williams","White",0,0,0,0,0.592173496178734,0.592173496178734,0.02951928835898,0.02951928835898
"1671",2018,8,"Wood","White",0,1,1,1,1.98023696602545,1.98023696602545,0.0972041411154477,0.0972041411154477
"1672",2018,8,"Wyandot","White",1,1,0,1,0.359729502788811,0.359729502788811,0.0175578724568448,0.0175578724568448
"1673",2019,9,"Adams","White",0,1,2,6,0.451223061718837,0.451223061718837,0.0222255559543376,0.0222255559543376
"1674",2019,9,"Allen","White",0,0,1,2,1.41191216033017,1.41191216033017,0.0709479248193868,0.0709479248193868
"1675",2019,9,"Ashland","White",0,0,0,0,0.832115824393225,0.832115824393225,0.0410250664112004,0.0410250664112004
"1676",2019,9,"Ashtabula","White",0,1,3,10,1.52870875373888,1.52870875373888,0.0760995622144162,0.0760995622144162
"1677",2019,9,"Athens","White",0,2,1,1,0.944890468231315,0.944890468231315,0.0452640790861802,0.0452640790861802
"1678",2019,9,"Auglaize","White",0,0,0,1,0.725683341096757,0.725683341096757,0.036179948504501,0.036179948504501
"1679",2019,9,"Belmont","White",3,8,2,3,1.07496578137588,1.07496578137588,0.054121892979591,0.054121892979591
"1680",2019,9,"Brown","White",1,2,0,3,0.721559974898998,0.721559974898998,0.0357017142101615,0.0357017142101615
"1681",2019,9,"Butler","White",7,20,14,53,5.39777144990871,5.39777144990871,0.262452270937113,0.262452270937113
"1682",2019,9,"Carroll","White",0,1,0,1,0.434964307954904,0.434964307954904,0.021469934729518,0.021469934729518
"1683",2019,9,"Champaign","White",0,3,1,3,0.634771299542927,0.634771299542927,0.0316172878178371,0.0316172878178371
"1684",2019,9,"Clark","White",1,16,1,11,1.94062785114201,1.94062785114201,0.0966314819975987,0.0966314819975987
"1685",2019,9,"Clermont","White",1,11,9,26,3.42849006052462,3.42849006052462,0.17131542029938,0.17131542029938
"1686",2019,9,"Clinton","White",1,4,3,9,0.670973967502441,0.670973967502441,0.0332149910831597,0.0332149910831597
"1687",2019,9,"Columbiana","White",6,7,1,1,1.64083021261933,1.64083021261933,0.0816310646132861,0.0816310646132861
"1688",2019,9,"Coshocton","White",0,0,1,2,0.576708484104785,0.576708484104785,0.0287570051477554,0.0287570051477554
"1689",2019,9,"Crawford","White",0,1,1,7,0.660899365930489,0.660899365930489,0.0326183656562494,0.0326183656562494
"1690",2019,9,"Cuyahoga","White",15,102,10,44,13.730834803666,13.730834803666,0.711724103067604,0.711724103067604
"1691",2019,9,"Darke","White",0,3,1,4,0.80659540146847,0.80659540146847,0.039716493249213,0.039716493249213
"1692",2019,9,"Defiance","White",0,0,2,3,0.596891912599096,0.596891912599096,0.0295095060962693,0.0295095060962693
"1693",2019,9,"Delaware","White",3,7,2,7,3.21825426134036,3.21825426134036,0.145659491014296,0.145659491014296
"1694",2019,9,"Erie","White",0,0,1,2,1.07140688130147,1.07140688130147,0.0537857089502293,0.0537857089502293
"1695",2019,9,"Fairfield","White",0,2,4,9,2.387416275777,2.387416275777,0.116735872250721,0.116735872250721
"1696",2019,9,"Fayette","White",0,0,1,5,0.45628658979277,0.45628658979277,0.0227016905060265,0.0227016905060265
"1697",2019,9,"Franklin","White",20,120,12,64,16.3454964580447,16.3454964580447,0.884326485132917,0.884326485132917
"1698",2019,9,"Fulton","White",0,0,0,0,0.682774179588872,0.682774179588872,0.0337262554814017,0.0337262554814017
"1699",2019,9,"Gallia","White",1,1,1,6,0.467809363082109,0.467809363082109,0.0232500766636544,0.0232500766636544
"1700",2019,9,"Geauga","White",0,6,0,1,1.46778606608588,1.46778606608588,0.0696740901379127,0.0696740901379127
"1701",2019,9,"Greene","White",0,8,3,11,2.48000060966926,2.48000060966926,0.126413329644453,0.126413329644453
"1702",2019,9,"Guernsey","White",1,1,2,4,0.624195016257463,0.624195016257463,0.031439433623726,0.031439433623726
"1703",2019,9,"Hamilton","White",6,83,10,56,9.65047355285603,9.65047355285603,0.507539677490463,0.507539677490463
"1704",2019,9,"Hancock","White",0,0,1,2,1.20796374176081,1.20796374176081,0.0617949374340482,0.0617949374340482
"1705",2019,9,"Hardin","White",0,0,0,1,0.473562474679051,0.473562474679051,0.0225302551023289,0.0225302551023289
"1706",2019,9,"Harrison","White",0,0,0,0,0.240686962650555,0.240686962650555,0.0119246683587176,0.0119246683587176
"1707",2019,9,"Henry","White",0,2,0,0,0.434193390137067,0.434193390137067,0.021522591486787,0.021522591486787
"1708",2019,9,"Highland","White",0,1,0,6,0.693589885674947,0.693589885674947,0.0340718866573385,0.0340718866573385
"1709",2019,9,"Hocking","White",0,0,2,3,0.467496045423416,0.467496045423416,0.0230382722682324,0.0230382722682324
"1710",2019,9,"Holmes","White",0,0,0,0,0.658343595186279,0.658343595186279,0.0336540984929449,0.0336540984929449
"1711",2019,9,"Huron","White",0,3,0,0,0.942416676834548,0.942416676834548,0.0468848318046741,0.0468848318046741
"1712",2019,9,"Jackson","White",0,1,4,4,0.534369779277648,0.534369779277648,0.026751353444543,0.026751353444543
"1713",2019,9,"Jefferson","White",6,7,5,5,0.994395235065242,0.994395235065242,0.0495512295816432,0.0495512295816432
"1714",2019,9,"Knox","White",0,2,1,2,0.96216897233911,0.96216897233911,0.0473148665439913,0.0473148665439913
"1715",2019,9,"Lake","White",2,25,1,14,3.62267973789656,3.62267973789656,0.181493320776519,0.181493320776519
"1716",2019,9,"Lawrence","White",1,3,1,8,0.988546789922261,0.988546789922261,0.0488619263008666,0.0488619263008666
"1717",2019,9,"Licking","White",2,4,7,9,2.77803071905495,2.77803071905495,0.136662572834446,0.136662572834446
"1718",2019,9,"Logan","White",0,2,1,3,0.729511440372823,0.729511440372823,0.0361695987293198,0.0361695987293198
"1719",2019,9,"Lorain","White",11,41,3,11,4.62018984934408,4.62018984934408,0.225291213143808,0.225291213143808
"1720",2019,9,"Lucas","White",6,34,0,7,5.56312254995841,5.56312254995841,0.287793569701878,0.287793569701878
"1721",2019,9,"Madison","White",0,4,2,3,0.743651870542766,0.743651870542766,0.0369125208991755,0.0369125208991755
"1722",2019,9,"Mahoning","White",11,38,1,4,3.07265246457861,3.07265246457861,0.153867102287626,0.153867102287626
"1723",2019,9,"Marion","White",2,4,1,2,1.0132960088435,1.0132960088435,0.0514442085534774,0.0514442085534774
"1724",2019,9,"Medina","White",2,5,1,3,3.00476102400751,3.00476102400751,0.144730733076078,0.144730733076078
"1725",2019,9,"Meigs","White",0,1,2,7,0.381203182877586,0.381203182877586,0.0185746104404908,0.0185746104404908
"1726",2019,9,"Mercer","White",0,0,0,0,0.625502165710185,0.625502165710185,0.0316654448159285,0.0316654448159285
"1727",2019,9,"Miami","White",1,9,0,7,1.69855956862746,1.69855956862746,0.0841306976194846,0.0841306976194846
"1728",2019,9,"Monroe","White",0,0,0,0,0.217769899144271,0.217769899144271,0.010658687142829,0.010658687142829
"1729",2019,9,"Montgomery","White",10,47,12,56,6.59893236672055,6.59893236672055,0.338431071515169,0.338431071515169
"1730",2019,9,"Morgan","White",0,0,0,0,0.226843443631351,0.226843443631351,0.0111514680416093,0.0111514680416093
"1731",2019,9,"Morrow","White",0,0,1,3,0.602682175018615,0.602682175018615,0.0294292198629266,0.0294292198629266
"1732",2019,9,"Muskingum","White",2,8,6,11,1.35155993052179,1.35155993052179,0.0674261798247101,0.0674261798247101
"1733",2019,9,"Noble","White",0,0,1,1,0.208475407445616,0.208475407445616,0.010677674994437,0.010677674994437
"1734",2019,9,"Ottawa","White",0,0,0,1,0.636496826508019,0.636496826508019,0.0314448768707034,0.0314448768707034
"1735",2019,9,"Paulding","White",0,0,0,0,0.298623319968739,0.298623319968739,0.0146386409073966,0.0146386409073966
"1736",2019,9,"Perry","White",0,1,3,7,0.6095249443663,0.6095249443663,0.0302494821401054,0.0302494821401054
"1737",2019,9,"Pickaway","White",0,7,4,6,0.988921172224294,0.988921172224294,0.0491812852213727,0.0491812852213727
"1738",2019,9,"Pike","White",0,0,2,7,0.452320863069254,0.452320863069254,0.0223984979065916,0.0223984979065916
"1739",2019,9,"Portage","White",0,4,4,10,2.46489807657532,2.46489807657532,0.120502763259992,0.120502763259992
"1740",2019,9,"Preble","White",1,5,1,4,0.668405614205305,0.668405614205305,0.0328114464727028,0.0328114464727028
"1741",2019,9,"Putnam","White",0,0,0,0,0.534228822913312,0.534228822913312,0.0264936331582429,0.0264936331582429
"1742",2019,9,"Richland","White",4,16,1,8,1.75432254547423,1.75432254547423,0.0880344377828929,0.0880344377828929
"1743",2019,9,"Ross","White",1,5,5,15,1.24562259426674,1.24562259426674,0.0615138459569536,0.0615138459569536
"1744",2019,9,"Sandusky","White",3,4,2,4,0.931031739014352,0.931031739014352,0.0458834577665432,0.0458834577665432
"1745",2019,9,"Scioto","White",0,4,2,33,1.21155037749132,1.21155037749132,0.0605840666918704,0.0605840666918704
"1746",2019,9,"Seneca","White",1,3,0,0,0.858202403265881,0.858202403265881,0.0424938888717362,0.0424938888717362
"1747",2019,9,"Shelby","White",1,3,0,6,0.766004361261189,0.766004361261189,0.0379579388334214,0.0379579388334214
"1748",2019,9,"Stark","White",13,27,4,23,5.52751127363329,5.52751127363329,0.276547523563366,0.276547523563366
"1749",2019,9,"Summit","White",12,27,20,71,7.44266689779028,7.44266689779028,0.379272272427654,0.379272272427654
"1750",2019,9,"Trumbull","White",4,36,5,10,2.92726917409344,2.92726917409344,0.146375327124141,0.146375327124141
"1751",2019,9,"Tuscarawas","White",2,3,1,2,1.45479477884532,1.45479477884532,0.0722179880906468,0.0722179880906468
"1752",2019,9,"Union","White",1,4,1,4,0.978999561649474,0.978999561649474,0.0477803160849043,0.0477803160849043
"1753",2019,9,"Van Wert","White",0,0,0,3,0.448398841524643,0.448398841524643,0.0223622369542381,0.0223622369542381
"1754",2019,9,"Vinton","White",0,1,0,0,0.22149213724601,0.22149213724601,0.0109412556977204,0.0109412556977204
"1755",2019,9,"Warren","White",1,6,2,15,3.67410264765249,3.67410264765249,0.175195273515458,0.175195273515458
"1756",2019,9,"Washington","White",1,3,1,4,0.965611591813633,0.965611591813633,0.047866181928813,0.047866181928813
"1757",2019,9,"Wayne","White",0,1,6,10,1.76562257239979,1.76562257239979,0.0884454078896361,0.0884454078896361
"1758",2019,9,"Williams","White",0,1,0,3,0.587326887406487,0.587326887406487,0.0293112229453764,0.0293112229453764
"1759",2019,9,"Wood","White",1,4,1,3,1.97863731234614,1.97863731234614,0.0974149179249389,0.0974149179249389
"1760",2019,9,"Wyandot","White",0,0,0,0,0.354440651223414,0.354440651223414,0.0173846954465649,0.0173846954465649
