DeathRaceRaceDesc,DeathCountyCountyName,DeathYearYear,Deaths,Population,SORT
White,Adams,2010,0,28161,0
Black,Adams,2010,0,182,2
American Indian or Alaskan Native,Adams,2010,0,145,4
Asian or Pacific Islander,Adams,2010,0,42,6
Other,Adams,2010,0,0,8
Unknown,Adams,2010,0,0,10
White,Adams,2011,0,28051,14
Black,Adams,2011,0,202,16
American Indian or Alaskan Native,Adams,2011,0,146,18
Asian or Pacific Islander,Adams,2011,0,55,20
Other,Adams,2011,0,0,22
Unknown,Adams,2011,0,0,24
White,Adams,2012,0,27871,28
Black,Adams,2012,0,202,30
American Indian or Alaskan Native,Adams,2012,0,158,32
Asian or Pacific Islander,Adams,2012,0,57,34
Other,Adams,2012,0,0,36
Unknown,Adams,2012,0,0,38
White,Adams,2013,1,27656,42
Black,Adams,2013,0,215,44
American Indian or Alaskan Native,Adams,2013,0,149,46
Asian or Pacific Islander,Adams,2013,0,65,48
Other,Adams,2013,0,0,50
Unknown,Adams,2013,0,0,52
White,Adams,2014,0,27597,56
Black,Adams,2014,0,222,58
American Indian or Alaskan Native,Adams,2014,0,164,60
Asian or Pacific Islander,Adams,2014,0,77,62
Other,Adams,2014,0,0,64
Unknown,Adams,2014,0,0,66
White,Adams,2015,0,27444,70
Black,Adams,2015,0,228,72
American Indian or Alaskan Native,Adams,2015,0,162,74
Asian or Pacific Islander,Adams,2015,0,85,76
Other,Adams,2015,0,0,78
Unknown,Adams,2015,0,0,80
White,Adams,2016,0,27325,84
Black,Adams,2016,0,233,86
American Indian or Alaskan Native,Adams,2016,0,171,88
Asian or Pacific Islander,Adams,2016,0,88,90
Other,Adams,2016,0,0,92
Unknown,Adams,2016,0,0,94
White,Adams,2017,0,27243,98
Black,Adams,2017,0,239,100
American Indian or Alaskan Native,Adams,2017,0,173,102
Asian or Pacific Islander,Adams,2017,0,92,104
Other,Adams,2017,0,0,106
Unknown,Adams,2017,0,0,108
White,Adams,2018,1,27158,112
Black,Adams,2018,0,248,114
American Indian or Alaskan Native,Adams,2018,0,180,116
Asian or Pacific Islander,Adams,2018,0,99,118
Other,Adams,2018,0,0,120
Unknown,Adams,2018,0,0,122
White,Adams,2019,1,27105,126
Black,Adams,2019,0,241,128
American Indian or Alaskan Native,Adams,2019,0,182,130
Asian or Pacific Islander,Adams,2019,0,112,132
Other,Adams,2019,0,0,134
Unknown,Adams,2019,0,0,136
White,Adams,2020,1,26968,140
Black,Adams,2020,0,272,142
American Indian or Alaskan Native,Adams,2020,0,182,144
Asian or Pacific Islander,Adams,2020,0,109,146
Other,Adams,2020,0,0,148
Unknown,Adams,2020,0,0,150
White,Allen,2010,1,90983,168
Black,Allen,2010,0,14151,170
American Indian or Alaskan Native,Allen,2010,0,292,172
Asian or Pacific Islander,Allen,2010,0,916,174
Other,Allen,2010,0,0,176
Unknown,Allen,2010,0,0,178
White,Allen,2011,0,90466,182
Black,Allen,2011,0,14254,184
American Indian or Alaskan Native,Allen,2011,0,316,186
Asian or Pacific Islander,Allen,2011,0,945,188
Other,Allen,2011,0,0,190
Unknown,Allen,2011,0,0,192
White,Allen,2012,3,89713,196
Black,Allen,2012,0,14259,198
American Indian or Alaskan Native,Allen,2012,0,317,200
Asian or Pacific Islander,Allen,2012,0,962,202
Other,Allen,2012,0,0,204
Unknown,Allen,2012,0,0,206
White,Allen,2013,3,89300,210
Black,Allen,2013,1,14386,212
American Indian or Alaskan Native,Allen,2013,0,339,214
Asian or Pacific Islander,Allen,2013,0,1046,216
Other,Allen,2013,0,0,218
Unknown,Allen,2013,0,0,220
White,Allen,2014,0,89104,224
Black,Allen,2014,0,14401,226
American Indian or Alaskan Native,Allen,2014,0,336,228
Asian or Pacific Islander,Allen,2014,0,1045,230
Other,Allen,2014,0,0,232
Unknown,Allen,2014,0,0,234
White,Allen,2015,4,88343,238
Black,Allen,2015,1,14422,240
American Indian or Alaskan Native,Allen,2015,0,339,242
Asian or Pacific Islander,Allen,2015,0,1037,244
Other,Allen,2015,0,0,246
Unknown,Allen,2015,0,0,248
White,Allen,2016,5,87612,252
Black,Allen,2016,2,14687,254
American Indian or Alaskan Native,Allen,2016,0,356,256
Asian or Pacific Islander,Allen,2016,0,1036,258
Other,Allen,2016,0,0,260
Unknown,Allen,2016,0,0,262
White,Allen,2017,2,87004,266
Black,Allen,2017,2,14790,268
American Indian or Alaskan Native,Allen,2017,0,357,270
Asian or Pacific Islander,Allen,2017,0,1022,272
Other,Allen,2017,0,0,274
Unknown,Allen,2017,0,0,276
White,Allen,2018,4,86580,280
Black,Allen,2018,1,14810,282
American Indian or Alaskan Native,Allen,2018,0,362,284
Asian or Pacific Islander,Allen,2018,0,995,286
Other,Allen,2018,0,0,288
Unknown,Allen,2018,0,0,290
White,Allen,2019,0,86314,294
Black,Allen,2019,0,14724,296
American Indian or Alaskan Native,Allen,2019,0,374,298
Asian or Pacific Islander,Allen,2019,0,1038,300
Other,Allen,2019,0,0,302
Unknown,Allen,2019,0,0,304
White,Allen,2020,4,85806,308
Black,Allen,2020,2,14727,310
American Indian or Alaskan Native,Allen,2020,0,386,312
Asian or Pacific Islander,Allen,2020,0,1061,314
Other,Allen,2020,0,0,316
Unknown,Allen,2020,0,0,318
White,Ashland,2010,0,52287,336
Black,Ashland,2010,0,576,338
American Indian or Alaskan Native,Ashland,2010,0,109,340
Asian or Pacific Islander,Ashland,2010,0,345,342
Other,Ashland,2010,0,0,344
Unknown,Ashland,2010,0,0,346
White,Ashland,2011,1,52217,350
Black,Ashland,2011,0,568,352
American Indian or Alaskan Native,Ashland,2011,0,120,354
Asian or Pacific Islander,Ashland,2011,0,350,356
Other,Ashland,2011,0,0,358
Unknown,Ashland,2011,0,0,360
White,Ashland,2012,0,52177,364
Black,Ashland,2012,0,593,366
American Indian or Alaskan Native,Ashland,2012,0,114,368
Asian or Pacific Islander,Ashland,2012,0,361,370
Other,Ashland,2012,0,0,372
Unknown,Ashland,2012,0,0,374
White,Ashland,2013,0,52071,378
Black,Ashland,2013,0,593,380
American Indian or Alaskan Native,Ashland,2013,0,122,382
Asian or Pacific Islander,Ashland,2013,0,377,384
Other,Ashland,2013,0,0,386
Unknown,Ashland,2013,0,0,388
White,Ashland,2014,1,52040,392
Black,Ashland,2014,0,614,394
American Indian or Alaskan Native,Ashland,2014,0,128,396
Asian or Pacific Islander,Ashland,2014,0,387,398
Other,Ashland,2014,0,0,400
Unknown,Ashland,2014,0,0,402
White,Ashland,2015,2,52145,406
Black,Ashland,2015,0,633,408
American Indian or Alaskan Native,Ashland,2015,0,136,410
Asian or Pacific Islander,Ashland,2015,0,403,412
Other,Ashland,2015,0,0,414
Unknown,Ashland,2015,0,0,416
White,Ashland,2016,2,52261,420
Black,Ashland,2016,0,655,422
American Indian or Alaskan Native,Ashland,2016,0,148,424
Asian or Pacific Islander,Ashland,2016,0,423,426
Other,Ashland,2016,0,0,428
Unknown,Ashland,2016,0,0,430
White,Ashland,2017,0,52438,434
Black,Ashland,2017,0,640,436
American Indian or Alaskan Native,Ashland,2017,0,147,438
Asian or Pacific Islander,Ashland,2017,0,448,440
Other,Ashland,2017,0,0,442
Unknown,Ashland,2017,0,0,444
White,Ashland,2018,1,52421,448
Black,Ashland,2018,0,695,450
American Indian or Alaskan Native,Ashland,2018,0,160,452
Asian or Pacific Islander,Ashland,2018,0,451,454
Other,Ashland,2018,0,0,456
Unknown,Ashland,2018,0,0,458
White,Ashland,2019,0,52072,462
Black,Ashland,2019,0,699,464
American Indian or Alaskan Native,Ashland,2019,0,164,466
Asian or Pacific Islander,Ashland,2019,0,483,468
Other,Ashland,2019,0,0,470
Unknown,Ashland,2019,1,0,472
White,Ashland,2020,2,51975,476
Black,Ashland,2020,1,731,478
American Indian or Alaskan Native,Ashland,2020,0,171,480
Asian or Pacific Islander,Ashland,2020,0,485,482
Other,Ashland,2020,0,0,484
Unknown,Ashland,2020,0,0,486
White,Ashtabula,2010,0,96099,504
Black,Ashtabula,2010,0,4402,506
American Indian or Alaskan Native,Ashtabula,2010,0,362,508
Asian or Pacific Islander,Ashtabula,2010,0,548,510
Other,Ashtabula,2010,0,0,512
Unknown,Ashtabula,2010,0,0,514
White,Ashtabula,2011,0,95739,518
Black,Ashtabula,2011,0,4426,520
American Indian or Alaskan Native,Ashtabula,2011,0,357,522
Asian or Pacific Islander,Ashtabula,2011,0,578,524
Other,Ashtabula,2011,0,0,526
Unknown,Ashtabula,2011,0,0,528
White,Ashtabula,2012,2,94868,532
Black,Ashtabula,2012,0,4455,534
American Indian or Alaskan Native,Ashtabula,2012,0,365,536
Asian or Pacific Islander,Ashtabula,2012,0,586,538
Other,Ashtabula,2012,0,0,540
Unknown,Ashtabula,2012,1,0,542
White,Ashtabula,2013,1,94377,546
Black,Ashtabula,2013,0,4469,548
American Indian or Alaskan Native,Ashtabula,2013,0,356,550
Asian or Pacific Islander,Ashtabula,2013,0,577,552
Other,Ashtabula,2013,0,0,554
Unknown,Ashtabula,2013,0,0,556
White,Ashtabula,2014,3,93629,560
Black,Ashtabula,2014,0,4475,562
American Indian or Alaskan Native,Ashtabula,2014,0,368,564
Asian or Pacific Islander,Ashtabula,2014,0,592,566
Other,Ashtabula,2014,0,0,568
Unknown,Ashtabula,2014,0,0,570
White,Ashtabula,2015,1,92981,574
Black,Ashtabula,2015,0,4451,576
American Indian or Alaskan Native,Ashtabula,2015,0,363,578
Asian or Pacific Islander,Ashtabula,2015,0,648,580
Other,Ashtabula,2015,0,0,582
Unknown,Ashtabula,2015,0,0,584
White,Ashtabula,2016,7,92612,588
Black,Ashtabula,2016,0,4552,590
American Indian or Alaskan Native,Ashtabula,2016,0,375,592
Asian or Pacific Islander,Ashtabula,2016,0,633,594
Other,Ashtabula,2016,0,0,596
Unknown,Ashtabula,2016,0,0,598
White,Ashtabula,2017,3,92164,602
Black,Ashtabula,2017,1,4595,604
American Indian or Alaskan Native,Ashtabula,2017,0,368,606
Asian or Pacific Islander,Ashtabula,2017,0,646,608
Other,Ashtabula,2017,0,0,610
Unknown,Ashtabula,2017,0,0,612
White,Ashtabula,2018,4,91865,616
Black,Ashtabula,2018,0,4628,618
American Indian or Alaskan Native,Ashtabula,2018,0,393,620
Asian or Pacific Islander,Ashtabula,2018,0,650,622
Other,Ashtabula,2018,0,0,624
Unknown,Ashtabula,2018,0,0,626
White,Ashtabula,2019,1,91415,630
Black,Ashtabula,2019,1,4628,632
American Indian or Alaskan Native,Ashtabula,2019,0,384,634
Asian or Pacific Islander,Ashtabula,2019,0,661,636
Other,Ashtabula,2019,0,0,638
Unknown,Ashtabula,2019,0,0,640
White,Ashtabula,2020,0,90918,644
Black,Ashtabula,2020,0,4519,646
American Indian or Alaskan Native,Ashtabula,2020,0,388,648
Asian or Pacific Islander,Ashtabula,2020,0,688,650
Other,Ashtabula,2020,0,0,652
Unknown,Ashtabula,2020,0,0,654
White,Athens,2010,0,60782,672
Black,Athens,2010,0,2174,674
American Indian or Alaskan Native,Athens,2010,0,305,676
Asian or Pacific Islander,Athens,2010,0,1914,678
Other,Athens,2010,0,0,680
Unknown,Athens,2010,0,0,682
White,Athens,2011,1,60666,686
Black,Athens,2011,0,2140,688
American Indian or Alaskan Native,Athens,2011,0,315,690
Asian or Pacific Islander,Athens,2011,0,1971,692
Other,Athens,2011,0,0,694
Unknown,Athens,2011,0,0,696
White,Athens,2012,1,60147,700
Black,Athens,2012,0,2120,702
American Indian or Alaskan Native,Athens,2012,0,301,704
Asian or Pacific Islander,Athens,2012,0,2065,706
Other,Athens,2012,0,0,708
Unknown,Athens,2012,0,0,710
White,Athens,2013,0,59981,714
Black,Athens,2013,0,2141,716
American Indian or Alaskan Native,Athens,2013,0,316,718
Asian or Pacific Islander,Athens,2013,0,2190,720
Other,Athens,2013,0,0,722
Unknown,Athens,2013,0,0,724
White,Athens,2014,0,60118,728
Black,Athens,2014,0,2129,730
American Indian or Alaskan Native,Athens,2014,0,332,732
Asian or Pacific Islander,Athens,2014,0,2254,734
Other,Athens,2014,0,0,736
Unknown,Athens,2014,0,0,738
White,Athens,2015,1,61045,742
Black,Athens,2015,0,2238,744
American Indian or Alaskan Native,Athens,2015,0,329,746
Asian or Pacific Islander,Athens,2015,0,2337,748
Other,Athens,2015,0,0,750
Unknown,Athens,2015,0,0,752
White,Athens,2016,0,61434,756
Black,Athens,2016,0,2280,758
American Indian or Alaskan Native,Athens,2016,0,335,760
Asian or Pacific Islander,Athens,2016,0,2353,762
Other,Athens,2016,0,0,764
Unknown,Athens,2016,0,0,766
White,Athens,2017,0,61575,770
Black,Athens,2017,0,2308,772
American Indian or Alaskan Native,Athens,2017,0,355,774
Asian or Pacific Islander,Athens,2017,0,2349,776
Other,Athens,2017,0,0,778
Unknown,Athens,2017,0,0,780
White,Athens,2018,1,60725,784
Black,Athens,2018,0,2325,786
American Indian or Alaskan Native,Athens,2018,0,357,788
Asian or Pacific Islander,Athens,2018,0,2266,790
Other,Athens,2018,0,0,792
Unknown,Athens,2018,0,0,794
White,Athens,2019,2,60710,798
Black,Athens,2019,0,2333,800
American Indian or Alaskan Native,Athens,2019,0,347,802
Asian or Pacific Islander,Athens,2019,0,2192,804
Other,Athens,2019,0,0,806
Unknown,Athens,2019,0,0,808
White,Athens,2020,2,60653,812
Black,Athens,2020,0,2383,814
American Indian or Alaskan Native,Athens,2020,0,345,816
Asian or Pacific Islander,Athens,2020,0,2100,818
Other,Athens,2020,0,0,820
Unknown,Athens,2020,0,0,822
White,Auglaize,2010,0,45288,840
Black,Auglaize,2010,1,298,842
American Indian or Alaskan Native,Auglaize,2010,0,97,844
Asian or Pacific Islander,Auglaize,2010,0,231,846
Other,Auglaize,2010,0,0,848
Unknown,Auglaize,2010,0,0,850
White,Auglaize,2011,1,45106,854
Black,Auglaize,2011,0,319,856
American Indian or Alaskan Native,Auglaize,2011,0,97,858
Asian or Pacific Islander,Auglaize,2011,0,236,860
Other,Auglaize,2011,0,0,862
Unknown,Auglaize,2011,0,0,864
White,Auglaize,2012,0,45088,868
Black,Auglaize,2012,0,349,870
American Indian or Alaskan Native,Auglaize,2012,0,97,872
Asian or Pacific Islander,Auglaize,2012,0,253,874
Other,Auglaize,2012,0,0,876
Unknown,Auglaize,2012,0,0,878
White,Auglaize,2013,0,45061,882
Black,Auglaize,2013,0,369,884
American Indian or Alaskan Native,Auglaize,2013,0,109,886
Asian or Pacific Islander,Auglaize,2013,0,281,888
Other,Auglaize,2013,0,0,890
Unknown,Auglaize,2013,0,0,892
White,Auglaize,2014,0,44953,896
Black,Auglaize,2014,0,383,898
American Indian or Alaskan Native,Auglaize,2014,0,111,900
Asian or Pacific Islander,Auglaize,2014,0,309,902
Other,Auglaize,2014,0,0,904
Unknown,Auglaize,2014,0,0,906
White,Auglaize,2015,1,44868,910
Black,Auglaize,2015,0,442,912
American Indian or Alaskan Native,Auglaize,2015,0,112,914
Asian or Pacific Islander,Auglaize,2015,0,332,916
Other,Auglaize,2015,0,0,918
Unknown,Auglaize,2015,0,0,920
White,Auglaize,2016,2,44867,924
Black,Auglaize,2016,0,447,926
American Indian or Alaskan Native,Auglaize,2016,0,112,928
Asian or Pacific Islander,Auglaize,2016,0,346,930
Other,Auglaize,2016,0,0,932
Unknown,Auglaize,2016,0,0,934
White,Auglaize,2017,3,44825,938
Black,Auglaize,2017,0,473,940
American Indian or Alaskan Native,Auglaize,2017,0,108,942
Asian or Pacific Islander,Auglaize,2017,0,350,944
Other,Auglaize,2017,0,0,946
Unknown,Auglaize,2017,0,0,948
White,Auglaize,2018,0,44821,952
Black,Auglaize,2018,0,467,954
American Indian or Alaskan Native,Auglaize,2018,0,113,956
Asian or Pacific Islander,Auglaize,2018,0,327,958
Other,Auglaize,2018,0,0,960
Unknown,Auglaize,2018,0,0,962
White,Auglaize,2019,0,44666,966
Black,Auglaize,2019,0,487,968
American Indian or Alaskan Native,Auglaize,2019,0,114,970
Asian or Pacific Islander,Auglaize,2019,0,343,972
Other,Auglaize,2019,0,0,974
Unknown,Auglaize,2019,0,0,976
White,Auglaize,2020,0,44710,980
Black,Auglaize,2020,0,521,982
American Indian or Alaskan Native,Auglaize,2020,0,114,984
Asian or Pacific Islander,Auglaize,2020,0,335,986
Other,Auglaize,2020,0,0,988
Unknown,Auglaize,2020,0,0,990
White,Belmont,2010,0,66760,1008
Black,Belmont,2010,0,3163,1010
American Indian or Alaskan Native,Belmont,2010,0,94,1012
Asian or Pacific Islander,Belmont,2010,0,320,1014
Other,Belmont,2010,0,0,1016
Unknown,Belmont,2010,0,0,1018
White,Belmont,2011,0,66516,1022
Black,Belmont,2011,0,3193,1024
American Indian or Alaskan Native,Belmont,2011,0,103,1026
Asian or Pacific Islander,Belmont,2011,0,320,1028
Other,Belmont,2011,0,0,1030
Unknown,Belmont,2011,0,0,1032
White,Belmont,2012,0,66104,1036
Black,Belmont,2012,0,3205,1038
American Indian or Alaskan Native,Belmont,2012,0,107,1040
Asian or Pacific Islander,Belmont,2012,0,312,1042
Other,Belmont,2012,0,0,1044
Unknown,Belmont,2012,0,0,1046
White,Belmont,2013,1,65911,1050
Black,Belmont,2013,0,3232,1052
American Indian or Alaskan Native,Belmont,2013,0,108,1054
Asian or Pacific Islander,Belmont,2013,0,342,1056
Other,Belmont,2013,0,0,1058
Unknown,Belmont,2013,0,0,1060
White,Belmont,2014,0,65652,1064
Black,Belmont,2014,0,3272,1066
American Indian or Alaskan Native,Belmont,2014,0,110,1068
Asian or Pacific Islander,Belmont,2014,0,369,1070
Other,Belmont,2014,0,0,1072
Unknown,Belmont,2014,0,0,1074
White,Belmont,2015,1,65240,1078
Black,Belmont,2015,1,3286,1080
American Indian or Alaskan Native,Belmont,2015,0,118,1082
Asian or Pacific Islander,Belmont,2015,0,374,1084
Other,Belmont,2015,0,0,1086
Unknown,Belmont,2015,0,0,1088
White,Belmont,2016,0,64899,1092
Black,Belmont,2016,0,3233,1094
American Indian or Alaskan Native,Belmont,2016,0,125,1096
Asian or Pacific Islander,Belmont,2016,0,385,1098
Other,Belmont,2016,0,0,1100
Unknown,Belmont,2016,0,0,1102
White,Belmont,2017,7,64262,1106
Black,Belmont,2017,1,3270,1108
American Indian or Alaskan Native,Belmont,2017,0,120,1110
Asian or Pacific Islander,Belmont,2017,0,422,1112
Other,Belmont,2017,0,0,1114
Unknown,Belmont,2017,0,0,1116
White,Belmont,2018,1,63616,1120
Black,Belmont,2018,2,3342,1122
American Indian or Alaskan Native,Belmont,2018,0,120,1124
Asian or Pacific Islander,Belmont,2018,0,414,1126
Other,Belmont,2018,0,0,1128
Unknown,Belmont,2018,0,0,1130
White,Belmont,2019,8,63112,1134
Black,Belmont,2019,0,3319,1136
American Indian or Alaskan Native,Belmont,2019,0,123,1138
Asian or Pacific Islander,Belmont,2019,0,425,1140
Other,Belmont,2019,0,0,1142
Unknown,Belmont,2019,0,0,1144
White,Belmont,2020,4,62188,1148
Black,Belmont,2020,1,3183,1150
American Indian or Alaskan Native,Belmont,2020,0,130,1152
Asian or Pacific Islander,Belmont,2020,0,431,1154
Other,Belmont,2020,0,0,1156
Unknown,Belmont,2020,0,0,1158
White,Brown,2010,0,44137,1176
Black,Brown,2010,0,494,1178
American Indian or Alaskan Native,Brown,2010,0,84,1180
Asian or Pacific Islander,Brown,2010,0,153,1182
Other,Brown,2010,0,0,1184
Unknown,Brown,2010,0,0,1186
White,Brown,2011,1,43883,1190
Black,Brown,2011,0,509,1192
American Indian or Alaskan Native,Brown,2011,0,89,1194
Asian or Pacific Islander,Brown,2011,0,151,1196
Other,Brown,2011,0,0,1198
Unknown,Brown,2011,0,0,1200
White,Brown,2012,0,43522,1204
Black,Brown,2012,0,522,1206
American Indian or Alaskan Native,Brown,2012,0,94,1208
Asian or Pacific Islander,Brown,2012,0,151,1210
Other,Brown,2012,0,0,1212
Unknown,Brown,2012,0,0,1214
White,Brown,2013,3,43362,1218
Black,Brown,2013,0,522,1220
American Indian or Alaskan Native,Brown,2013,0,94,1222
Asian or Pacific Islander,Brown,2013,0,147,1224
Other,Brown,2013,0,0,1226
Unknown,Brown,2013,0,0,1228
White,Brown,2014,1,43134,1232
Black,Brown,2014,0,544,1234
American Indian or Alaskan Native,Brown,2014,0,111,1236
Asian or Pacific Islander,Brown,2014,0,161,1238
Other,Brown,2014,0,0,1240
Unknown,Brown,2014,0,0,1242
White,Brown,2015,3,42916,1246
Black,Brown,2015,0,524,1248
American Indian or Alaskan Native,Brown,2015,0,122,1250
Asian or Pacific Islander,Brown,2015,0,155,1252
Other,Brown,2015,0,0,1254
Unknown,Brown,2015,0,0,1256
White,Brown,2016,1,42824,1260
Black,Brown,2016,0,547,1262
American Indian or Alaskan Native,Brown,2016,0,138,1264
Asian or Pacific Islander,Brown,2016,0,151,1266
Other,Brown,2016,0,0,1268
Unknown,Brown,2016,0,0,1270
White,Brown,2017,0,42708,1274
Black,Brown,2017,0,527,1276
American Indian or Alaskan Native,Brown,2017,0,134,1278
Asian or Pacific Islander,Brown,2017,0,189,1280
Other,Brown,2017,0,0,1282
Unknown,Brown,2017,0,0,1284
White,Brown,2018,2,42739,1288
Black,Brown,2018,0,559,1290
American Indian or Alaskan Native,Brown,2018,0,137,1292
Asian or Pacific Islander,Brown,2018,0,188,1294
Other,Brown,2018,0,0,1296
Unknown,Brown,2018,0,0,1298
White,Brown,2019,2,42577,1302
Black,Brown,2019,0,578,1304
American Indian or Alaskan Native,Brown,2019,0,135,1306
Asian or Pacific Islander,Brown,2019,0,183,1308
Other,Brown,2019,0,0,1310
Unknown,Brown,2019,0,0,1312
White,Brown,2020,0,42476,1316
Black,Brown,2020,0,582,1318
American Indian or Alaskan Native,Brown,2020,0,151,1320
Asian or Pacific Islander,Brown,2020,0,205,1322
Other,Brown,2020,0,0,1324
Unknown,Brown,2020,0,0,1326
White,Butler,2010,9,327299,1344
Black,Butler,2010,0,30222,1346
American Indian or Alaskan Native,Butler,2010,0,1278,1348
Asian or Pacific Islander,Butler,2010,0,10312,1350
Other,Butler,2010,0,0,1352
Unknown,Butler,2010,0,0,1354
White,Butler,2011,7,327361,1358
Black,Butler,2011,2,30850,1360
American Indian or Alaskan Native,Butler,2011,0,1290,1362
Asian or Pacific Islander,Butler,2011,0,10663,1364
Other,Butler,2011,0,0,1366
Unknown,Butler,2011,1,0,1368
White,Butler,2012,14,326667,1372
Black,Butler,2012,1,31563,1374
American Indian or Alaskan Native,Butler,2012,0,1286,1376
Asian or Pacific Islander,Butler,2012,0,11112,1378
Other,Butler,2012,0,0,1380
Unknown,Butler,2012,0,0,1382
White,Butler,2013,24,326428,1386
Black,Butler,2013,2,32060,1388
American Indian or Alaskan Native,Butler,2013,0,1317,1390
Asian or Pacific Islander,Butler,2013,0,11692,1392
Other,Butler,2013,0,0,1394
Unknown,Butler,2013,0,0,1396
White,Butler,2014,32,327220,1400
Black,Butler,2014,3,33192,1402
American Indian or Alaskan Native,Butler,2014,0,1317,1404
Asian or Pacific Islander,Butler,2014,1,12148,1406
Other,Butler,2014,0,0,1408
Unknown,Butler,2014,0,0,1410
White,Butler,2015,42,327751,1414
Black,Butler,2015,6,34295,1416
American Indian or Alaskan Native,Butler,2015,0,1342,1418
Asian or Pacific Islander,Butler,2015,0,12785,1420
Other,Butler,2015,0,0,1422
Unknown,Butler,2015,0,0,1424
White,Butler,2016,47,328301,1428
Black,Butler,2016,6,35331,1430
American Indian or Alaskan Native,Butler,2016,0,1343,1432
Asian or Pacific Islander,Butler,2016,0,13552,1434
Other,Butler,2016,0,0,1436
Unknown,Butler,2016,0,0,1438
White,Butler,2017,51,328293,1442
Black,Butler,2017,8,36508,1444
American Indian or Alaskan Native,Butler,2017,0,1375,1446
Asian or Pacific Islander,Butler,2017,0,14575,1448
Other,Butler,2017,0,0,1450
Unknown,Butler,2017,0,0,1452
White,Butler,2018,34,327601,1456
Black,Butler,2018,3,37474,1458
American Indian or Alaskan Native,Butler,2018,1,1434,1460
Asian or Pacific Islander,Butler,2018,0,15605,1462
Other,Butler,2018,0,0,1464
Unknown,Butler,2018,0,0,1466
White,Butler,2019,20,326487,1470
Black,Butler,2019,7,38909,1472
American Indian or Alaskan Native,Butler,2019,0,1430,1474
Asian or Pacific Islander,Butler,2019,0,16777,1476
Other,Butler,2019,0,0,1478
Unknown,Butler,2019,1,0,1480
White,Butler,2020,35,326336,1484
Black,Butler,2020,9,40312,1486
American Indian or Alaskan Native,Butler,2020,0,1501,1488
Asian or Pacific Islander,Butler,2020,0,17499,1490
Other,Butler,2020,0,0,1492
Unknown,Butler,2020,0,0,1494
White,Carroll,2010,0,28481,1512
Black,Carroll,2010,0,227,1514
American Indian or Alaskan Native,Carroll,2010,0,82,1516
Asian or Pacific Islander,Carroll,2010,0,69,1518
Other,Carroll,2010,0,0,1520
Unknown,Carroll,2010,0,0,1522
White,Carroll,2011,0,28430,1526
Black,Carroll,2011,0,246,1528
American Indian or Alaskan Native,Carroll,2011,0,82,1530
Asian or Pacific Islander,Carroll,2011,0,74,1532
Other,Carroll,2011,0,0,1534
Unknown,Carroll,2011,0,0,1536
White,Carroll,2012,2,28112,1540
Black,Carroll,2012,0,269,1542
American Indian or Alaskan Native,Carroll,2012,0,89,1544
Asian or Pacific Islander,Carroll,2012,0,81,1546
Other,Carroll,2012,0,0,1548
Unknown,Carroll,2012,0,0,1550
White,Carroll,2013,0,27810,1554
Black,Carroll,2013,0,270,1556
American Indian or Alaskan Native,Carroll,2013,0,98,1558
Asian or Pacific Islander,Carroll,2013,0,94,1560
Other,Carroll,2013,0,0,1562
Unknown,Carroll,2013,0,0,1564
White,Carroll,2014,0,27669,1568
Black,Carroll,2014,0,284,1570
American Indian or Alaskan Native,Carroll,2014,0,85,1572
Asian or Pacific Islander,Carroll,2014,0,106,1574
Other,Carroll,2014,0,0,1576
Unknown,Carroll,2014,0,0,1578
White,Carroll,2015,0,27236,1582
Black,Carroll,2015,0,295,1584
American Indian or Alaskan Native,Carroll,2015,0,88,1586
Asian or Pacific Islander,Carroll,2015,0,110,1588
Other,Carroll,2015,0,0,1590
Unknown,Carroll,2015,0,0,1592
White,Carroll,2016,1,27136,1596
Black,Carroll,2016,0,289,1598
American Indian or Alaskan Native,Carroll,2016,0,99,1600
Asian or Pacific Islander,Carroll,2016,0,106,1602
Other,Carroll,2016,0,0,1604
Unknown,Carroll,2016,0,0,1606
White,Carroll,2017,3,26812,1610
Black,Carroll,2017,0,311,1612
American Indian or Alaskan Native,Carroll,2017,0,95,1614
Asian or Pacific Islander,Carroll,2017,0,111,1616
Other,Carroll,2017,0,0,1618
Unknown,Carroll,2017,0,0,1620
White,Carroll,2018,2,26611,1624
Black,Carroll,2018,0,316,1626
American Indian or Alaskan Native,Carroll,2018,0,91,1628
Asian or Pacific Islander,Carroll,2018,0,116,1630
Other,Carroll,2018,0,0,1632
Unknown,Carroll,2018,0,0,1634
White,Carroll,2019,1,26462,1638
Black,Carroll,2019,0,310,1640
American Indian or Alaskan Native,Carroll,2019,0,91,1642
Asian or Pacific Islander,Carroll,2019,0,121,1644
Other,Carroll,2019,0,0,1646
Unknown,Carroll,2019,0,0,1648
White,Carroll,2020,1,26366,1652
Black,Carroll,2020,0,332,1654
American Indian or Alaskan Native,Carroll,2020,0,93,1656
Asian or Pacific Islander,Carroll,2020,0,106,1658
Other,Carroll,2020,0,0,1660
Unknown,Carroll,2020,0,0,1662
White,Champaign,2010,0,38485,1680
Black,Champaign,2010,0,1221,1682
American Indian or Alaskan Native,Champaign,2010,0,168,1684
Asian or Pacific Islander,Champaign,2010,0,204,1686
Other,Champaign,2010,0,0,1688
Unknown,Champaign,2010,0,0,1690
White,Champaign,2011,1,38251,1694
Black,Champaign,2011,0,1205,1696
American Indian or Alaskan Native,Champaign,2011,0,179,1698
Asian or Pacific Islander,Champaign,2011,0,193,1700
Other,Champaign,2011,0,0,1702
Unknown,Champaign,2011,0,0,1704
White,Champaign,2012,0,37976,1708
Black,Champaign,2012,1,1212,1710
American Indian or Alaskan Native,Champaign,2012,0,181,1712
Asian or Pacific Islander,Champaign,2012,0,210,1714
Other,Champaign,2012,0,0,1716
Unknown,Champaign,2012,0,0,1718
White,Champaign,2013,1,37887,1722
Black,Champaign,2013,0,1187,1724
American Indian or Alaskan Native,Champaign,2013,0,194,1726
Asian or Pacific Islander,Champaign,2013,0,200,1728
Other,Champaign,2013,0,0,1730
Unknown,Champaign,2013,0,0,1732
White,Champaign,2014,1,37467,1736
Black,Champaign,2014,0,1208,1738
American Indian or Alaskan Native,Champaign,2014,0,194,1740
Asian or Pacific Islander,Champaign,2014,0,220,1742
Other,Champaign,2014,0,0,1744
Unknown,Champaign,2014,0,0,1746
White,Champaign,2015,3,37316,1750
Black,Champaign,2015,0,1231,1752
American Indian or Alaskan Native,Champaign,2015,0,196,1754
Asian or Pacific Islander,Champaign,2015,0,233,1756
Other,Champaign,2015,0,0,1758
Unknown,Champaign,2015,0,0,1760
White,Champaign,2016,1,37105,1764
Black,Champaign,2016,2,1228,1766
American Indian or Alaskan Native,Champaign,2016,0,206,1768
Asian or Pacific Islander,Champaign,2016,0,221,1770
Other,Champaign,2016,0,0,1772
Unknown,Champaign,2016,0,0,1774
White,Champaign,2017,9,37224,1778
Black,Champaign,2017,0,1200,1780
American Indian or Alaskan Native,Champaign,2017,0,210,1782
Asian or Pacific Islander,Champaign,2017,0,223,1784
Other,Champaign,2017,0,0,1786
Unknown,Champaign,2017,0,0,1788
White,Champaign,2018,1,37164,1792
Black,Champaign,2018,0,1199,1794
American Indian or Alaskan Native,Champaign,2018,0,204,1796
Asian or Pacific Islander,Champaign,2018,0,232,1798
Other,Champaign,2018,0,0,1800
Unknown,Champaign,2018,0,0,1802
White,Champaign,2019,3,37268,1806
Black,Champaign,2019,1,1217,1808
American Indian or Alaskan Native,Champaign,2019,0,190,1810
Asian or Pacific Islander,Champaign,2019,0,255,1812
Other,Champaign,2019,0,0,1814
Unknown,Champaign,2019,0,0,1816
White,Champaign,2020,1,37248,1820
Black,Champaign,2020,1,1264,1822
American Indian or Alaskan Native,Champaign,2020,0,205,1824
Asian or Pacific Islander,Champaign,2020,0,243,1826
Other,Champaign,2020,0,0,1828
Unknown,Champaign,2020,0,0,1830
White,Clark,2010,1,122883,1848
Black,Clark,2010,1,13739,1850
American Indian or Alaskan Native,Clark,2010,0,516,1852
Asian or Pacific Islander,Clark,2010,0,1134,1854
Other,Clark,2010,0,0,1856
Unknown,Clark,2010,0,0,1858
White,Clark,2011,5,122271,1862
Black,Clark,2011,2,13876,1864
American Indian or Alaskan Native,Clark,2011,0,535,1866
Asian or Pacific Islander,Clark,2011,0,1141,1868
Other,Clark,2011,0,0,1870
Unknown,Clark,2011,1,0,1872
White,Clark,2012,5,121609,1876
Black,Clark,2012,2,13905,1878
American Indian or Alaskan Native,Clark,2012,0,526,1880
Asian or Pacific Islander,Clark,2012,0,1158,1882
Other,Clark,2012,0,0,1884
Unknown,Clark,2012,0,0,1886
White,Clark,2013,4,120982,1890
Black,Clark,2013,0,13967,1892
American Indian or Alaskan Native,Clark,2013,0,531,1894
Asian or Pacific Islander,Clark,2013,0,1202,1896
Other,Clark,2013,0,0,1898
Unknown,Clark,2013,0,0,1900
White,Clark,2014,7,120463,1904
Black,Clark,2014,2,14072,1906
American Indian or Alaskan Native,Clark,2014,0,553,1908
Asian or Pacific Islander,Clark,2014,0,1276,1910
Other,Clark,2014,0,0,1912
Unknown,Clark,2014,0,0,1914
White,Clark,2015,19,119822,1918
Black,Clark,2015,1,14126,1920
American Indian or Alaskan Native,Clark,2015,0,574,1922
Asian or Pacific Islander,Clark,2015,0,1288,1924
Other,Clark,2015,0,0,1926
Unknown,Clark,2015,0,0,1928
White,Clark,2016,23,118914,1932
Black,Clark,2016,4,14009,1934
American Indian or Alaskan Native,Clark,2016,0,591,1936
Asian or Pacific Islander,Clark,2016,0,1291,1938
Other,Clark,2016,0,0,1940
Unknown,Clark,2016,0,0,1942
White,Clark,2017,36,118675,1946
Black,Clark,2017,7,14063,1948
American Indian or Alaskan Native,Clark,2017,1,589,1950
Asian or Pacific Islander,Clark,2017,0,1309,1952
Other,Clark,2017,0,0,1954
Unknown,Clark,2017,0,0,1956
White,Clark,2018,17,118682,1960
Black,Clark,2018,6,14102,1962
American Indian or Alaskan Native,Clark,2018,0,608,1964
Asian or Pacific Islander,Clark,2018,0,1305,1966
Other,Clark,2018,0,0,1968
Unknown,Clark,2018,0,0,1970
White,Clark,2019,16,118310,1974
Black,Clark,2019,2,14066,1976
American Indian or Alaskan Native,Clark,2019,0,619,1978
Asian or Pacific Islander,Clark,2019,0,1320,1980
Other,Clark,2019,0,0,1982
Unknown,Clark,2019,1,0,1984
White,Clark,2020,10,117556,1988
Black,Clark,2020,7,14105,1990
American Indian or Alaskan Native,Clark,2020,0,623,1992
Asian or Pacific Islander,Clark,2020,0,1309,1994
Other,Clark,2020,0,0,1996
Unknown,Clark,2020,0,0,1998
White,Clermont,2010,2,191850,2016
Black,Clermont,2010,0,2919,2018
American Indian or Alaskan Native,Clermont,2010,0,542,2020
Asian or Pacific Islander,Clermont,2010,0,2302,2022
Other,Clermont,2010,0,0,2024
Unknown,Clermont,2010,0,0,2026
White,Clermont,2011,4,192856,2030
Black,Clermont,2011,1,3090,2032
American Indian or Alaskan Native,Clermont,2011,0,570,2034
Asian or Pacific Islander,Clermont,2011,0,2370,2036
Other,Clermont,2011,0,0,2038
Unknown,Clermont,2011,0,0,2040
White,Clermont,2012,6,193221,2044
Black,Clermont,2012,0,3210,2046
American Indian or Alaskan Native,Clermont,2012,0,560,2048
Asian or Pacific Islander,Clermont,2012,0,2535,2050
Other,Clermont,2012,0,0,2052
Unknown,Clermont,2012,0,0,2054
White,Clermont,2013,6,194025,2058
Black,Clermont,2013,0,3244,2060
American Indian or Alaskan Native,Clermont,2013,0,573,2062
Asian or Pacific Islander,Clermont,2013,0,2662,2064
Other,Clermont,2013,0,0,2066
Unknown,Clermont,2013,0,0,2068
White,Clermont,2014,15,194735,2072
Black,Clermont,2014,0,3457,2074
American Indian or Alaskan Native,Clermont,2014,0,591,2076
Asian or Pacific Islander,Clermont,2014,0,2733,2078
Other,Clermont,2014,0,0,2080
Unknown,Clermont,2014,0,0,2082
White,Clermont,2015,15,195007,2086
Black,Clermont,2015,0,3583,2088
American Indian or Alaskan Native,Clermont,2015,0,592,2090
Asian or Pacific Islander,Clermont,2015,0,2895,2092
Other,Clermont,2015,0,0,2094
Unknown,Clermont,2015,0,0,2096
White,Clermont,2016,15,195769,2100
Black,Clermont,2016,0,3915,2102
American Indian or Alaskan Native,Clermont,2016,0,581,2104
Asian or Pacific Islander,Clermont,2016,0,3067,2106
Other,Clermont,2016,0,0,2108
Unknown,Clermont,2016,0,0,2110
White,Clermont,2017,18,196562,2114
Black,Clermont,2017,0,4077,2116
American Indian or Alaskan Native,Clermont,2017,0,589,2118
Asian or Pacific Islander,Clermont,2017,0,3228,2120
Other,Clermont,2017,0,0,2122
Unknown,Clermont,2017,1,0,2124
White,Clermont,2018,13,197550,2128
Black,Clermont,2018,0,4257,2130
American Indian or Alaskan Native,Clermont,2018,0,597,2132
Asian or Pacific Islander,Clermont,2018,0,3399,2134
Other,Clermont,2018,0,0,2136
Unknown,Clermont,2018,0,0,2138
White,Clermont,2019,11,198283,2142
Black,Clermont,2019,0,4468,2144
American Indian or Alaskan Native,Clermont,2019,0,603,2146
Asian or Pacific Islander,Clermont,2019,0,3497,2148
Other,Clermont,2019,0,0,2150
Unknown,Clermont,2019,0,0,2152
White,Clermont,2020,11,198623,2156
Black,Clermont,2020,1,4725,2158
American Indian or Alaskan Native,Clermont,2020,0,617,2160
Asian or Pacific Islander,Clermont,2020,0,3484,2162
Other,Clermont,2020,0,0,2164
Unknown,Clermont,2020,0,0,2166
White,Clinton,2010,1,40284,2184
Black,Clinton,2010,0,1261,2186
American Indian or Alaskan Native,Clinton,2010,0,125,2188
Asian or Pacific Islander,Clinton,2010,0,252,2190
Other,Clinton,2010,0,0,2192
Unknown,Clinton,2010,0,0,2194
White,Clinton,2011,1,40252,2198
Black,Clinton,2011,0,1302,2200
American Indian or Alaskan Native,Clinton,2011,0,130,2202
Asian or Pacific Islander,Clinton,2011,0,235,2204
Other,Clinton,2011,0,0,2206
Unknown,Clinton,2011,0,0,2208
White,Clinton,2012,0,40151,2212
Black,Clinton,2012,0,1295,2214
American Indian or Alaskan Native,Clinton,2012,0,130,2216
Asian or Pacific Islander,Clinton,2012,0,253,2218
Other,Clinton,2012,0,0,2220
Unknown,Clinton,2012,0,0,2222
White,Clinton,2013,1,40211,2226
Black,Clinton,2013,1,1278,2228
American Indian or Alaskan Native,Clinton,2013,0,133,2230
Asian or Pacific Islander,Clinton,2013,0,257,2232
Other,Clinton,2013,0,0,2234
Unknown,Clinton,2013,0,0,2236
White,Clinton,2014,1,40144,2240
Black,Clinton,2014,0,1289,2242
American Indian or Alaskan Native,Clinton,2014,0,136,2244
Asian or Pacific Islander,Clinton,2014,0,255,2246
Other,Clinton,2014,0,0,2248
Unknown,Clinton,2014,0,0,2250
White,Clinton,2015,0,40121,2254
Black,Clinton,2015,0,1327,2256
American Indian or Alaskan Native,Clinton,2015,0,151,2258
Asian or Pacific Islander,Clinton,2015,0,265,2260
Other,Clinton,2015,0,0,2262
Unknown,Clinton,2015,0,0,2264
White,Clinton,2016,0,40151,2268
Black,Clinton,2016,0,1353,2270
American Indian or Alaskan Native,Clinton,2016,0,162,2272
Asian or Pacific Islander,Clinton,2016,0,257,2274
Other,Clinton,2016,0,0,2276
Unknown,Clinton,2016,0,0,2278
White,Clinton,2017,2,40254,2282
Black,Clinton,2017,0,1348,2284
American Indian or Alaskan Native,Clinton,2017,0,170,2286
Asian or Pacific Islander,Clinton,2017,0,263,2288
Other,Clinton,2017,0,0,2290
Unknown,Clinton,2017,0,0,2292
White,Clinton,2018,0,40297,2296
Black,Clinton,2018,0,1375,2298
American Indian or Alaskan Native,Clinton,2018,0,166,2300
Asian or Pacific Islander,Clinton,2018,0,281,2302
Other,Clinton,2018,0,0,2304
Unknown,Clinton,2018,0,0,2306
White,Clinton,2019,4,40157,2310
Black,Clinton,2019,0,1367,2312
American Indian or Alaskan Native,Clinton,2019,0,178,2314
Asian or Pacific Islander,Clinton,2019,0,300,2316
Other,Clinton,2019,0,0,2318
Unknown,Clinton,2019,0,0,2320
White,Clinton,2020,0,40061,2324
Black,Clinton,2020,0,1379,2326
American Indian or Alaskan Native,Clinton,2020,0,188,2328
Asian or Pacific Islander,Clinton,2020,0,293,2330
Other,Clinton,2020,0,0,2332
Unknown,Clinton,2020,0,0,2334
White,Columbiana,2010,1,104225,2352
Black,Columbiana,2010,0,2966,2354
American Indian or Alaskan Native,Columbiana,2010,0,266,2356
Asian or Pacific Islander,Columbiana,2010,0,432,2358
Other,Columbiana,2010,0,0,2360
Unknown,Columbiana,2010,0,0,2362
White,Columbiana,2011,2,103751,2366
Black,Columbiana,2011,0,3001,2368
American Indian or Alaskan Native,Columbiana,2011,0,257,2370
Asian or Pacific Islander,Columbiana,2011,0,428,2372
Other,Columbiana,2011,0,0,2374
Unknown,Columbiana,2011,0,0,2376
White,Columbiana,2012,2,102926,2380
Black,Columbiana,2012,0,3033,2382
American Indian or Alaskan Native,Columbiana,2012,0,264,2384
Asian or Pacific Islander,Columbiana,2012,0,429,2386
Other,Columbiana,2012,0,0,2388
Unknown,Columbiana,2012,0,0,2390
White,Columbiana,2013,5,102223,2394
Black,Columbiana,2013,0,3065,2396
American Indian or Alaskan Native,Columbiana,2013,0,264,2398
Asian or Pacific Islander,Columbiana,2013,0,455,2400
Other,Columbiana,2013,0,0,2402
Unknown,Columbiana,2013,0,0,2404
White,Columbiana,2014,3,101866,2408
Black,Columbiana,2014,0,3090,2410
American Indian or Alaskan Native,Columbiana,2014,0,263,2412
Asian or Pacific Islander,Columbiana,2014,0,462,2414
Other,Columbiana,2014,0,0,2416
Unknown,Columbiana,2014,0,0,2418
White,Columbiana,2015,7,100907,2422
Black,Columbiana,2015,1,3151,2424
American Indian or Alaskan Native,Columbiana,2015,0,253,2426
Asian or Pacific Islander,Columbiana,2015,0,477,2428
Other,Columbiana,2015,0,0,2430
Unknown,Columbiana,2015,0,0,2432
White,Columbiana,2016,2,100028,2436
Black,Columbiana,2016,0,3162,2438
American Indian or Alaskan Native,Columbiana,2016,0,257,2440
Asian or Pacific Islander,Columbiana,2016,0,479,2442
Other,Columbiana,2016,0,0,2444
Unknown,Columbiana,2016,0,0,2446
White,Columbiana,2017,12,99326,2450
Black,Columbiana,2017,1,3140,2452
American Indian or Alaskan Native,Columbiana,2017,0,258,2454
Asian or Pacific Islander,Columbiana,2017,1,474,2456
Other,Columbiana,2017,0,0,2458
Unknown,Columbiana,2017,0,0,2460
White,Columbiana,2018,2,98631,2464
Black,Columbiana,2018,1,3174,2466
American Indian or Alaskan Native,Columbiana,2018,0,269,2468
Asian or Pacific Islander,Columbiana,2018,0,460,2470
Other,Columbiana,2018,0,0,2472
Unknown,Columbiana,2018,0,0,2474
White,Columbiana,2019,7,97810,2478
Black,Columbiana,2019,0,3224,2480
American Indian or Alaskan Native,Columbiana,2019,0,279,2482
Asian or Pacific Islander,Columbiana,2019,0,481,2484
Other,Columbiana,2019,0,0,2486
Unknown,Columbiana,2019,0,0,2488
White,Columbiana,2020,7,97077,2492
Black,Columbiana,2020,0,3278,2494
American Indian or Alaskan Native,Columbiana,2020,0,291,2496
Asian or Pacific Islander,Columbiana,2020,0,472,2498
Other,Columbiana,2020,0,0,2500
Unknown,Columbiana,2020,0,0,2502
White,Coshocton,2010,0,36148,2520
Black,Coshocton,2010,0,586,2522
American Indian or Alaskan Native,Coshocton,2010,0,89,2524
Asian or Pacific Islander,Coshocton,2010,0,115,2526
Other,Coshocton,2010,0,0,2528
Unknown,Coshocton,2010,0,0,2530
White,Coshocton,2011,0,36135,2534
Black,Coshocton,2011,0,582,2536
American Indian or Alaskan Native,Coshocton,2011,0,92,2538
Asian or Pacific Islander,Coshocton,2011,0,121,2540
Other,Coshocton,2011,0,0,2542
Unknown,Coshocton,2011,0,0,2544
White,Coshocton,2012,0,36011,2548
Black,Coshocton,2012,0,589,2550
American Indian or Alaskan Native,Coshocton,2012,0,96,2552
Asian or Pacific Islander,Coshocton,2012,0,125,2554
Other,Coshocton,2012,0,0,2556
Unknown,Coshocton,2012,0,0,2558
White,Coshocton,2013,0,35887,2562
Black,Coshocton,2013,0,595,2564
American Indian or Alaskan Native,Coshocton,2013,0,99,2566
Asian or Pacific Islander,Coshocton,2013,0,140,2568
Other,Coshocton,2013,0,0,2570
Unknown,Coshocton,2013,0,0,2572
White,Coshocton,2014,1,35665,2576
Black,Coshocton,2014,0,625,2578
American Indian or Alaskan Native,Coshocton,2014,0,100,2580
Asian or Pacific Islander,Coshocton,2014,0,140,2582
Other,Coshocton,2014,0,0,2584
Unknown,Coshocton,2014,0,0,2586
White,Coshocton,2015,0,35690,2590
Black,Coshocton,2015,0,633,2592
American Indian or Alaskan Native,Coshocton,2015,0,109,2594
Asian or Pacific Islander,Coshocton,2015,0,147,2596
Other,Coshocton,2015,0,0,2598
Unknown,Coshocton,2015,0,0,2600
White,Coshocton,2016,2,35739,2604
Black,Coshocton,2016,0,653,2606
American Indian or Alaskan Native,Coshocton,2016,0,115,2608
Asian or Pacific Islander,Coshocton,2016,0,144,2610
Other,Coshocton,2016,0,0,2612
Unknown,Coshocton,2016,0,0,2614
White,Coshocton,2017,2,35634,2618
Black,Coshocton,2017,0,642,2620
American Indian or Alaskan Native,Coshocton,2017,0,116,2622
Asian or Pacific Islander,Coshocton,2017,0,143,2624
Other,Coshocton,2017,0,0,2626
Unknown,Coshocton,2017,0,0,2628
White,Coshocton,2018,2,35662,2632
Black,Coshocton,2018,0,684,2634
American Indian or Alaskan Native,Coshocton,2018,0,107,2636
Asian or Pacific Islander,Coshocton,2018,0,154,2638
Other,Coshocton,2018,0,0,2640
Unknown,Coshocton,2018,0,0,2642
White,Coshocton,2019,0,35560,2646
Black,Coshocton,2019,0,710,2648
American Indian or Alaskan Native,Coshocton,2019,0,117,2650
Asian or Pacific Islander,Coshocton,2019,0,162,2652
Other,Coshocton,2019,0,0,2654
Unknown,Coshocton,2019,0,0,2656
White,Coshocton,2020,1,35424,2660
Black,Coshocton,2020,1,729,2662
American Indian or Alaskan Native,Coshocton,2020,0,127,2664
Asian or Pacific Islander,Coshocton,2020,0,169,2666
Other,Coshocton,2020,0,0,2668
Unknown,Coshocton,2020,0,0,2670
White,Crawford,2010,0,42956,2688
Black,Crawford,2010,0,555,2690
American Indian or Alaskan Native,Crawford,2010,0,65,2692
Asian or Pacific Islander,Crawford,2010,0,178,2694
Other,Crawford,2010,0,0,2696
Unknown,Crawford,2010,0,0,2698
White,Crawford,2011,0,42483,2702
Black,Crawford,2011,0,570,2704
American Indian or Alaskan Native,Crawford,2011,0,79,2706
Asian or Pacific Islander,Crawford,2011,0,178,2708
Other,Crawford,2011,0,0,2710
Unknown,Crawford,2011,0,0,2712
White,Crawford,2012,0,41938,2716
Black,Crawford,2012,0,550,2718
American Indian or Alaskan Native,Crawford,2012,0,85,2720
Asian or Pacific Islander,Crawford,2012,0,201,2722
Other,Crawford,2012,0,0,2724
Unknown,Crawford,2012,0,0,2726
White,Crawford,2013,0,41843,2730
Black,Crawford,2013,0,570,2732
American Indian or Alaskan Native,Crawford,2013,0,88,2734
Asian or Pacific Islander,Crawford,2013,0,214,2736
Other,Crawford,2013,0,0,2738
Unknown,Crawford,2013,0,0,2740
White,Crawford,2014,2,41487,2744
Black,Crawford,2014,0,591,2746
American Indian or Alaskan Native,Crawford,2014,0,91,2748
Asian or Pacific Islander,Crawford,2014,0,237,2750
Other,Crawford,2014,0,0,2752
Unknown,Crawford,2014,0,0,2754
White,Crawford,2015,3,41342,2758
Black,Crawford,2015,0,627,2760
American Indian or Alaskan Native,Crawford,2015,0,95,2762
Asian or Pacific Islander,Crawford,2015,0,263,2764
Other,Crawford,2015,0,0,2766
Unknown,Crawford,2015,0,0,2768
White,Crawford,2016,2,41057,2772
Black,Crawford,2016,0,638,2774
American Indian or Alaskan Native,Crawford,2016,0,95,2776
Asian or Pacific Islander,Crawford,2016,0,306,2778
Other,Crawford,2016,0,0,2780
Unknown,Crawford,2016,0,0,2782
White,Crawford,2017,4,40635,2786
Black,Crawford,2017,0,659,2788
American Indian or Alaskan Native,Crawford,2017,0,102,2790
Asian or Pacific Islander,Crawford,2017,0,337,2792
Other,Crawford,2017,0,0,2794
Unknown,Crawford,2017,0,0,2796
White,Crawford,2018,1,40371,2800
Black,Crawford,2018,0,652,2802
American Indian or Alaskan Native,Crawford,2018,0,114,2804
Asian or Pacific Islander,Crawford,2018,0,317,2806
Other,Crawford,2018,0,0,2808
Unknown,Crawford,2018,0,0,2810
White,Crawford,2019,1,40265,2814
Black,Crawford,2019,0,693,2816
American Indian or Alaskan Native,Crawford,2019,0,113,2818
Asian or Pacific Islander,Crawford,2019,0,325,2820
Other,Crawford,2019,0,0,2822
Unknown,Crawford,2019,0,0,2824
White,Crawford,2020,2,40194,2828
Black,Crawford,2020,0,684,2830
American Indian or Alaskan Native,Crawford,2020,0,124,2832
Asian or Pacific Islander,Crawford,2020,0,336,2834
Other,Crawford,2020,0,0,2836
Unknown,Crawford,2020,0,0,2838
White,Cuyahoga,2010,23,842295,2856
Black,Cuyahoga,2010,22,394645,2858
American Indian or Alaskan Native,Cuyahoga,2010,0,4563,2860
Asian or Pacific Islander,Cuyahoga,2010,0,36600,2862
Other,Cuyahoga,2010,0,0,2864
Unknown,Cuyahoga,2010,0,0,2866
White,Cuyahoga,2011,29,834953,2870
Black,Cuyahoga,2011,25,393926,2872
American Indian or Alaskan Native,Cuyahoga,2011,0,4476,2874
Asian or Pacific Islander,Cuyahoga,2011,1,37069,2876
Other,Cuyahoga,2011,0,0,2878
Unknown,Cuyahoga,2011,0,0,2880
White,Cuyahoga,2012,40,830120,2884
Black,Cuyahoga,2012,37,393367,2886
American Indian or Alaskan Native,Cuyahoga,2012,1,4483,2888
Asian or Pacific Islander,Cuyahoga,2012,0,38301,2890
Other,Cuyahoga,2012,0,0,2892
Unknown,Cuyahoga,2012,0,0,2894
White,Cuyahoga,2013,39,826786,2898
Black,Cuyahoga,2013,38,394373,2900
American Indian or Alaskan Native,Cuyahoga,2013,0,4505,2902
Asian or Pacific Islander,Cuyahoga,2013,0,40034,2904
Other,Cuyahoga,2013,0,0,2906
Unknown,Cuyahoga,2013,0,0,2908
White,Cuyahoga,2014,48,822736,2912
Black,Cuyahoga,2014,30,394628,2914
American Indian or Alaskan Native,Cuyahoga,2014,0,4560,2916
Asian or Pacific Islander,Cuyahoga,2014,1,41574,2918
Other,Cuyahoga,2014,0,0,2920
Unknown,Cuyahoga,2014,1,0,2922
White,Cuyahoga,2015,47,816871,2926
Black,Cuyahoga,2015,34,394952,2928
American Indian or Alaskan Native,Cuyahoga,2015,0,4503,2930
Asian or Pacific Islander,Cuyahoga,2015,1,42783,2932
Other,Cuyahoga,2015,0,0,2934
Unknown,Cuyahoga,2015,0,0,2936
White,Cuyahoga,2016,130,811532,2940
Black,Cuyahoga,2016,61,394232,2942
American Indian or Alaskan Native,Cuyahoga,2016,0,4495,2944
Asian or Pacific Islander,Cuyahoga,2016,0,44065,2946
Other,Cuyahoga,2016,0,0,2948
Unknown,Cuyahoga,2016,0,0,2950
White,Cuyahoga,2017,156,805682,2954
Black,Cuyahoga,2017,85,392686,2956
American Indian or Alaskan Native,Cuyahoga,2017,0,4563,2958
Asian or Pacific Islander,Cuyahoga,2017,0,44877,2960
Other,Cuyahoga,2017,0,0,2962
Unknown,Cuyahoga,2017,1,0,2964
White,Cuyahoga,2018,112,800231,2968
Black,Cuyahoga,2018,66,391572,2970
American Indian or Alaskan Native,Cuyahoga,2018,1,4628,2972
Asian or Pacific Islander,Cuyahoga,2018,0,45357,2974
Other,Cuyahoga,2018,0,0,2976
Unknown,Cuyahoga,2018,0,0,2978
White,Cuyahoga,2019,102,794788,2982
Black,Cuyahoga,2019,89,390505,2984
American Indian or Alaskan Native,Cuyahoga,2019,0,4596,2986
Asian or Pacific Islander,Cuyahoga,2019,0,45685,2988
Other,Cuyahoga,2019,0,0,2990
Unknown,Cuyahoga,2019,1,0,2992
White,Cuyahoga,2020,90,788882,2996
Black,Cuyahoga,2020,83,388523,2998
American Indian or Alaskan Native,Cuyahoga,2020,0,4648,3000
Asian or Pacific Islander,Cuyahoga,2020,0,45830,3002
Other,Cuyahoga,2020,0,0,3004
Unknown,Cuyahoga,2020,0,0,3006
White,Darke,2010,1,52261,3024
Black,Darke,2010,0,434,3026
American Indian or Alaskan Native,Darke,2010,0,98,3028
Asian or Pacific Islander,Darke,2010,0,171,3030
Other,Darke,2010,0,0,3032
Unknown,Darke,2010,0,0,3034
White,Darke,2011,0,51919,3038
Black,Darke,2011,0,449,3040
American Indian or Alaskan Native,Darke,2011,0,105,3042
Asian or Pacific Islander,Darke,2011,0,184,3044
Other,Darke,2011,0,0,3046
Unknown,Darke,2011,0,0,3048
White,Darke,2012,3,51742,3052
Black,Darke,2012,0,479,3054
American Indian or Alaskan Native,Darke,2012,0,109,3056
Asian or Pacific Islander,Darke,2012,0,194,3058
Other,Darke,2012,0,0,3060
Unknown,Darke,2012,0,0,3062
White,Darke,2013,2,51529,3066
Black,Darke,2013,0,472,3068
American Indian or Alaskan Native,Darke,2013,0,110,3070
Asian or Pacific Islander,Darke,2013,0,210,3072
Other,Darke,2013,0,0,3074
Unknown,Darke,2013,0,0,3076
White,Darke,2014,3,51357,3080
Black,Darke,2014,0,511,3082
American Indian or Alaskan Native,Darke,2014,0,124,3084
Asian or Pacific Islander,Darke,2014,0,211,3086
Other,Darke,2014,0,0,3088
Unknown,Darke,2014,0,0,3090
White,Darke,2015,4,51092,3094
Black,Darke,2015,0,544,3096
American Indian or Alaskan Native,Darke,2015,0,135,3098
Asian or Pacific Islander,Darke,2015,0,231,3100
Other,Darke,2015,0,0,3102
Unknown,Darke,2015,0,0,3104
White,Darke,2016,6,50732,3108
Black,Darke,2016,0,544,3110
American Indian or Alaskan Native,Darke,2016,0,132,3112
Asian or Pacific Islander,Darke,2016,0,245,3114
Other,Darke,2016,0,0,3116
Unknown,Darke,2016,0,0,3118
White,Darke,2017,11,50602,3122
Black,Darke,2017,0,551,3124
American Indian or Alaskan Native,Darke,2017,0,149,3126
Asian or Pacific Islander,Darke,2017,0,273,3128
Other,Darke,2017,0,0,3130
Unknown,Darke,2017,0,0,3132
White,Darke,2018,3,50328,3136
Black,Darke,2018,1,578,3138
American Indian or Alaskan Native,Darke,2018,0,129,3140
Asian or Pacific Islander,Darke,2018,0,288,3142
Other,Darke,2018,0,0,3144
Unknown,Darke,2018,0,0,3146
White,Darke,2019,3,50128,3150
Black,Darke,2019,0,620,3152
American Indian or Alaskan Native,Darke,2019,0,137,3154
Asian or Pacific Islander,Darke,2019,0,296,3156
Other,Darke,2019,0,0,3158
Unknown,Darke,2019,0,0,3160
White,Darke,2020,2,50095,3164
Black,Darke,2020,0,666,3166
American Indian or Alaskan Native,Darke,2020,0,142,3168
Asian or Pacific Islander,Darke,2020,0,302,3170
Other,Darke,2020,0,0,3172
Unknown,Darke,2020,0,0,3174
White,Defiance,2010,0,37795,3192
Black,Defiance,2010,0,986,3194
American Indian or Alaskan Native,Defiance,2010,0,151,3196
Asian or Pacific Islander,Defiance,2010,0,151,3198
Other,Defiance,2010,0,0,3200
Unknown,Defiance,2010,0,0,3202
White,Defiance,2011,0,37686,3206
Black,Defiance,2011,0,1006,3208
American Indian or Alaskan Native,Defiance,2011,0,158,3210
Asian or Pacific Islander,Defiance,2011,0,165,3212
Other,Defiance,2011,0,0,3214
Unknown,Defiance,2011,0,0,3216
White,Defiance,2012,1,37490,3220
Black,Defiance,2012,0,996,3222
American Indian or Alaskan Native,Defiance,2012,0,174,3224
Asian or Pacific Islander,Defiance,2012,0,185,3226
Other,Defiance,2012,0,0,3228
Unknown,Defiance,2012,0,0,3230
White,Defiance,2013,1,37244,3234
Black,Defiance,2013,1,996,3236
American Indian or Alaskan Native,Defiance,2013,0,178,3238
Asian or Pacific Islander,Defiance,2013,0,169,3240
Other,Defiance,2013,0,0,3242
Unknown,Defiance,2013,0,0,3244
White,Defiance,2014,1,37165,3248
Black,Defiance,2014,0,1023,3250
American Indian or Alaskan Native,Defiance,2014,0,170,3252
Asian or Pacific Islander,Defiance,2014,0,189,3254
Other,Defiance,2014,0,0,3256
Unknown,Defiance,2014,0,0,3258
White,Defiance,2015,0,36982,3262
Black,Defiance,2015,0,1003,3264
American Indian or Alaskan Native,Defiance,2015,0,171,3266
Asian or Pacific Islander,Defiance,2015,0,193,3268
Other,Defiance,2015,0,0,3270
Unknown,Defiance,2015,0,0,3272
White,Defiance,2016,0,36798,3276
Black,Defiance,2016,0,1007,3278
American Indian or Alaskan Native,Defiance,2016,0,175,3280
Asian or Pacific Islander,Defiance,2016,0,182,3282
Other,Defiance,2016,0,0,3284
Unknown,Defiance,2016,0,0,3286
White,Defiance,2017,1,36780,3290
Black,Defiance,2017,0,994,3292
American Indian or Alaskan Native,Defiance,2017,0,184,3294
Asian or Pacific Islander,Defiance,2017,0,200,3296
Other,Defiance,2017,0,0,3298
Unknown,Defiance,2017,0,0,3300
White,Defiance,2018,1,36629,3304
Black,Defiance,2018,0,1019,3306
American Indian or Alaskan Native,Defiance,2018,0,180,3308
Asian or Pacific Islander,Defiance,2018,0,218,3310
Other,Defiance,2018,0,0,3312
Unknown,Defiance,2018,0,0,3314
White,Defiance,2019,0,36505,3318
Black,Defiance,2019,0,1066,3320
American Indian or Alaskan Native,Defiance,2019,0,192,3322
Asian or Pacific Islander,Defiance,2019,0,215,3324
Other,Defiance,2019,0,0,3326
Unknown,Defiance,2019,0,0,3328
White,Defiance,2020,0,36264,3332
Black,Defiance,2020,0,1093,3334
American Indian or Alaskan Native,Defiance,2020,0,200,3336
Asian or Pacific Islander,Defiance,2020,0,221,3338
Other,Defiance,2020,0,0,3340
Unknown,Defiance,2020,0,0,3342
White,Delaware,2010,2,159738,3360
Black,Delaware,2010,0,6697,3362
American Indian or Alaskan Native,Delaware,2010,0,389,3364
Asian or Pacific Islander,Delaware,2010,0,8290,3366
Other,Delaware,2010,0,0,3368
Unknown,Delaware,2010,0,0,3370
White,Delaware,2011,0,162386,3374
Black,Delaware,2011,0,6903,3376
American Indian or Alaskan Native,Delaware,2011,0,404,3378
Asian or Pacific Islander,Delaware,2011,0,8891,3380
Other,Delaware,2011,0,0,3382
Unknown,Delaware,2011,0,0,3384
White,Delaware,2012,1,164481,3388
Black,Delaware,2012,0,7007,3390
American Indian or Alaskan Native,Delaware,2012,0,445,3392
Asian or Pacific Islander,Delaware,2012,0,9301,3394
Other,Delaware,2012,0,0,3396
Unknown,Delaware,2012,0,0,3398
White,Delaware,2013,0,167740,3402
Black,Delaware,2013,1,7213,3404
American Indian or Alaskan Native,Delaware,2013,0,471,3406
Asian or Pacific Islander,Delaware,2013,0,10121,3408
Other,Delaware,2013,0,0,3410
Unknown,Delaware,2013,0,0,3412
White,Delaware,2014,3,170740,3416
Black,Delaware,2014,1,7407,3418
American Indian or Alaskan Native,Delaware,2014,0,472,3420
Asian or Pacific Islander,Delaware,2014,0,11030,3422
Other,Delaware,2014,0,0,3424
Unknown,Delaware,2014,0,0,3426
White,Delaware,2015,3,173409,3430
Black,Delaware,2015,0,7649,3432
American Indian or Alaskan Native,Delaware,2015,0,477,3434
Asian or Pacific Islander,Delaware,2015,0,12089,3436
Other,Delaware,2015,0,0,3438
Unknown,Delaware,2015,0,0,3440
White,Delaware,2016,3,175601,3444
Black,Delaware,2016,0,8065,3446
American Indian or Alaskan Native,Delaware,2016,0,503,3448
Asian or Pacific Islander,Delaware,2016,0,13273,3450
Other,Delaware,2016,0,0,3452
Unknown,Delaware,2016,0,0,3454
White,Delaware,2017,11,177624,3458
Black,Delaware,2017,1,8527,3460
American Indian or Alaskan Native,Delaware,2017,0,528,3462
Asian or Pacific Islander,Delaware,2017,0,14478,3464
Other,Delaware,2017,0,0,3466
Unknown,Delaware,2017,0,0,3468
White,Delaware,2018,9,180057,3472
Black,Delaware,2018,1,8977,3474
American Indian or Alaskan Native,Delaware,2018,0,537,3476
Asian or Pacific Islander,Delaware,2018,0,15776,3478
Other,Delaware,2018,0,0,3480
Unknown,Delaware,2018,0,0,3482
White,Delaware,2019,7,182491,3486
Black,Delaware,2019,0,9456,3488
American Indian or Alaskan Native,Delaware,2019,0,548,3490
Asian or Pacific Islander,Delaware,2019,1,17273,3492
Other,Delaware,2019,0,0,3494
Unknown,Delaware,2019,0,0,3496
White,Delaware,2020,5,184482,3500
Black,Delaware,2020,1,10020,3502
American Indian or Alaskan Native,Delaware,2020,0,587,3504
Asian or Pacific Islander,Delaware,2020,0,18465,3506
Other,Delaware,2020,0,0,3508
Unknown,Delaware,2020,0,0,3510
White,Erie,2010,0,68394,3528
Black,Erie,2010,0,7714,3530
American Indian or Alaskan Native,Erie,2010,0,332,3532
Asian or Pacific Islander,Erie,2010,0,537,3534
Other,Erie,2010,0,0,3536
Unknown,Erie,2010,0,0,3538
White,Erie,2011,1,68073,3542
Black,Erie,2011,0,7705,3544
American Indian or Alaskan Native,Erie,2011,0,342,3546
Asian or Pacific Islander,Erie,2011,0,571,3548
Other,Erie,2011,0,0,3550
Unknown,Erie,2011,0,0,3552
White,Erie,2012,0,67803,3556
Black,Erie,2012,1,7705,3558
American Indian or Alaskan Native,Erie,2012,0,345,3560
Asian or Pacific Islander,Erie,2012,0,587,3562
Other,Erie,2012,0,0,3564
Unknown,Erie,2012,0,0,3566
White,Erie,2013,0,67416,3570
Black,Erie,2013,0,7697,3572
American Indian or Alaskan Native,Erie,2013,0,335,3574
Asian or Pacific Islander,Erie,2013,0,623,3576
Other,Erie,2013,0,0,3578
Unknown,Erie,2013,0,0,3580
White,Erie,2014,1,67037,3584
Black,Erie,2014,0,7821,3586
American Indian or Alaskan Native,Erie,2014,0,348,3588
Asian or Pacific Islander,Erie,2014,0,627,3590
Other,Erie,2014,0,0,3592
Unknown,Erie,2014,0,0,3594
White,Erie,2015,4,66529,3598
Black,Erie,2015,0,7876,3600
American Indian or Alaskan Native,Erie,2015,0,354,3602
Asian or Pacific Islander,Erie,2015,0,629,3604
Other,Erie,2015,0,0,3606
Unknown,Erie,2015,0,0,3608
White,Erie,2016,8,66095,3612
Black,Erie,2016,1,7916,3614
American Indian or Alaskan Native,Erie,2016,0,355,3616
Asian or Pacific Islander,Erie,2016,0,638,3618
Other,Erie,2016,0,0,3620
Unknown,Erie,2016,0,0,3622
White,Erie,2017,7,65839,3626
Black,Erie,2017,0,7944,3628
American Indian or Alaskan Native,Erie,2017,0,337,3630
Asian or Pacific Islander,Erie,2017,0,658,3632
Other,Erie,2017,0,0,3634
Unknown,Erie,2017,0,0,3636
White,Erie,2018,1,65425,3640
Black,Erie,2018,0,7964,3642
American Indian or Alaskan Native,Erie,2018,0,330,3644
Asian or Pacific Islander,Erie,2018,0,694,3646
Other,Erie,2018,0,0,3648
Unknown,Erie,2018,0,0,3650
White,Erie,2019,0,65106,3654
Black,Erie,2019,1,8060,3656
American Indian or Alaskan Native,Erie,2019,0,337,3658
Asian or Pacific Islander,Erie,2019,0,676,3660
Other,Erie,2019,0,0,3662
Unknown,Erie,2019,0,0,3664
White,Erie,2020,3,64619,3668
Black,Erie,2020,0,8059,3670
American Indian or Alaskan Native,Erie,2020,0,343,3672
Asian or Pacific Islander,Erie,2020,0,698,3674
Other,Erie,2020,0,0,3676
Unknown,Erie,2020,0,0,3678
White,Fairfield,2010,2,134240,3696
Black,Fairfield,2010,0,9709,3698
American Indian or Alaskan Native,Fairfield,2010,0,434,3700
Asian or Pacific Islander,Fairfield,2010,0,2025,3702
Other,Fairfield,2010,0,0,3704
Unknown,Fairfield,2010,0,0,3706
White,Fairfield,2011,0,134537,3710
Black,Fairfield,2011,0,10070,3712
American Indian or Alaskan Native,Fairfield,2011,0,460,3714
Asian or Pacific Islander,Fairfield,2011,0,2113,3716
Other,Fairfield,2011,0,0,3718
Unknown,Fairfield,2011,0,0,3720
White,Fairfield,2012,1,134266,3724
Black,Fairfield,2012,0,10426,3726
American Indian or Alaskan Native,Fairfield,2012,0,460,3728
Asian or Pacific Islander,Fairfield,2012,0,2162,3730
Other,Fairfield,2012,0,0,3732
Unknown,Fairfield,2012,0,0,3734
White,Fairfield,2013,1,134986,3738
Black,Fairfield,2013,0,11069,3740
American Indian or Alaskan Native,Fairfield,2013,0,482,3742
Asian or Pacific Islander,Fairfield,2013,0,2283,3744
Other,Fairfield,2013,0,0,3746
Unknown,Fairfield,2013,0,0,3748
White,Fairfield,2014,1,135828,3752
Black,Fairfield,2014,0,11716,3754
American Indian or Alaskan Native,Fairfield,2014,0,512,3756
Asian or Pacific Islander,Fairfield,2014,0,2344,3758
Other,Fairfield,2014,0,0,3760
Unknown,Fairfield,2014,0,0,3762
White,Fairfield,2015,0,136377,3766
Black,Fairfield,2015,0,12011,3768
American Indian or Alaskan Native,Fairfield,2015,0,504,3770
Asian or Pacific Islander,Fairfield,2015,0,2418,3772
Other,Fairfield,2015,0,0,3774
Unknown,Fairfield,2015,0,0,3776
White,Fairfield,2016,0,136947,3780
Black,Fairfield,2016,0,12718,3782
American Indian or Alaskan Native,Fairfield,2016,0,512,3784
Asian or Pacific Islander,Fairfield,2016,0,2652,3786
Other,Fairfield,2016,0,0,3788
Unknown,Fairfield,2016,0,0,3790
White,Fairfield,2017,5,137720,3794
Black,Fairfield,2017,2,13516,3796
American Indian or Alaskan Native,Fairfield,2017,0,551,3798
Asian or Pacific Islander,Fairfield,2017,0,2931,3800
Other,Fairfield,2017,0,0,3802
Unknown,Fairfield,2017,0,0,3804
White,Fairfield,2018,1,138213,3808
Black,Fairfield,2018,0,14048,3810
American Indian or Alaskan Native,Fairfield,2018,0,544,3812
Asian or Pacific Islander,Fairfield,2018,0,3257,3814
Other,Fairfield,2018,0,0,3816
Unknown,Fairfield,2018,0,0,3818
White,Fairfield,2019,2,138624,3822
Black,Fairfield,2019,2,14966,3824
American Indian or Alaskan Native,Fairfield,2019,0,545,3826
Asian or Pacific Islander,Fairfield,2019,0,3568,3828
Other,Fairfield,2019,0,0,3830
Unknown,Fairfield,2019,0,0,3832
White,Fairfield,2020,9,139172,3836
Black,Fairfield,2020,0,15985,3838
American Indian or Alaskan Native,Fairfield,2020,0,557,3840
Asian or Pacific Islander,Fairfield,2020,0,3995,3842
Other,Fairfield,2020,0,0,3844
Unknown,Fairfield,2020,0,0,3846
White,Fayette,2010,0,27888,3864
Black,Fayette,2010,0,863,3866
American Indian or Alaskan Native,Fayette,2010,0,79,3868
Asian or Pacific Islander,Fayette,2010,0,186,3870
Other,Fayette,2010,0,0,3872
Unknown,Fayette,2010,0,0,3874
White,Fayette,2011,1,27733,3878
Black,Fayette,2011,0,861,3880
American Indian or Alaskan Native,Fayette,2011,0,81,3882
Asian or Pacific Islander,Fayette,2011,0,195,3884
Other,Fayette,2011,0,0,3886
Unknown,Fayette,2011,0,0,3888
White,Fayette,2012,0,27624,3892
Black,Fayette,2012,0,858,3894
American Indian or Alaskan Native,Fayette,2012,0,84,3896
Asian or Pacific Islander,Fayette,2012,0,204,3898
Other,Fayette,2012,0,0,3900
Unknown,Fayette,2012,0,0,3902
White,Fayette,2013,0,27503,3906
Black,Fayette,2013,0,894,3908
American Indian or Alaskan Native,Fayette,2013,0,83,3910
Asian or Pacific Islander,Fayette,2013,0,210,3912
Other,Fayette,2013,0,0,3914
Unknown,Fayette,2013,0,0,3916
White,Fayette,2014,5,27420,3920
Black,Fayette,2014,0,897,3922
American Indian or Alaskan Native,Fayette,2014,0,91,3924
Asian or Pacific Islander,Fayette,2014,0,244,3926
Other,Fayette,2014,0,0,3928
Unknown,Fayette,2014,0,0,3930
White,Fayette,2015,1,27369,3934
Black,Fayette,2015,0,910,3936
American Indian or Alaskan Native,Fayette,2015,0,90,3938
Asian or Pacific Islander,Fayette,2015,0,248,3940
Other,Fayette,2015,0,0,3942
Unknown,Fayette,2015,0,0,3944
White,Fayette,2016,1,27372,3948
Black,Fayette,2016,1,949,3950
American Indian or Alaskan Native,Fayette,2016,0,95,3952
Asian or Pacific Islander,Fayette,2016,0,279,3954
Other,Fayette,2016,0,0,3956
Unknown,Fayette,2016,0,0,3958
White,Fayette,2017,2,27294,3962
Black,Fayette,2017,0,974,3964
American Indian or Alaskan Native,Fayette,2017,0,101,3966
Asian or Pacific Islander,Fayette,2017,0,300,3968
Other,Fayette,2017,0,0,3970
Unknown,Fayette,2017,0,0,3972
White,Fayette,2018,1,27226,3976
Black,Fayette,2018,1,983,3978
American Indian or Alaskan Native,Fayette,2018,0,103,3980
Asian or Pacific Islander,Fayette,2018,0,302,3982
Other,Fayette,2018,0,0,3984
Unknown,Fayette,2018,0,0,3986
White,Fayette,2019,0,27081,3990
Black,Fayette,2019,0,984,3992
American Indian or Alaskan Native,Fayette,2019,0,101,3994
Asian or Pacific Islander,Fayette,2019,0,320,3996
Other,Fayette,2019,0,0,3998
Unknown,Fayette,2019,0,0,4000
White,Fayette,2020,1,27086,4004
Black,Fayette,2020,0,1042,4006
American Indian or Alaskan Native,Fayette,2020,0,100,4008
Asian or Pacific Islander,Fayette,2020,0,351,4010
Other,Fayette,2020,0,0,4012
Unknown,Fayette,2020,0,0,4014
White,Franklin,2010,34,845388,4032
Black,Franklin,2010,19,265056,4034
American Indian or Alaskan Native,Franklin,2010,0,5297,4036
Asian or Pacific Islander,Franklin,2010,1,50477,4038
Other,Franklin,2010,0,0,4040
Unknown,Franklin,2010,0,0,4042
White,Franklin,2011,36,851575,4046
Black,Franklin,2011,21,271116,4048
American Indian or Alaskan Native,Franklin,2011,0,5328,4050
Asian or Pacific Islander,Franklin,2011,1,52898,4052
Other,Franklin,2011,0,0,4054
Unknown,Franklin,2011,0,0,4056
White,Franklin,2012,47,860165,4060
Black,Franklin,2012,15,278127,4062
American Indian or Alaskan Native,Franklin,2012,0,5423,4064
Asian or Pacific Islander,Franklin,2012,0,55542,4066
Other,Franklin,2012,0,0,4068
Unknown,Franklin,2012,0,0,4070
White,Franklin,2013,38,868518,4074
Black,Franklin,2013,21,285896,4076
American Indian or Alaskan Native,Franklin,2013,0,5506,4078
Asian or Pacific Islander,Franklin,2013,0,59266,4080
Other,Franklin,2013,0,0,4082
Unknown,Franklin,2013,3,0,4084
White,Franklin,2014,46,875445,4088
Black,Franklin,2014,20,294248,4090
American Indian or Alaskan Native,Franklin,2014,0,5557,4092
Asian or Pacific Islander,Franklin,2014,0,63508,4094
Other,Franklin,2014,0,0,4096
Unknown,Franklin,2014,3,0,4098
White,Franklin,2015,75,881170,4102
Black,Franklin,2015,29,302789,4104
American Indian or Alaskan Native,Franklin,2015,0,5625,4106
Asian or Pacific Islander,Franklin,2015,0,68307,4108
Other,Franklin,2015,0,0,4110
Unknown,Franklin,2015,3,0,4112
White,Franklin,2016,91,885893,4116
Black,Franklin,2016,36,310900,4118
American Indian or Alaskan Native,Franklin,2016,0,5678,4120
Asian or Pacific Islander,Franklin,2016,1,72741,4122
Other,Franklin,2016,0,0,4124
Unknown,Franklin,2016,0,0,4126
White,Franklin,2017,112,893532,4130
Black,Franklin,2017,58,319884,4132
American Indian or Alaskan Native,Franklin,2017,1,5787,4134
Asian or Pacific Islander,Franklin,2017,3,77171,4136
Other,Franklin,2017,0,0,4138
Unknown,Franklin,2017,1,0,4140
White,Franklin,2018,120,894810,4144
Black,Franklin,2018,66,327998,4146
American Indian or Alaskan Native,Franklin,2018,0,5894,4148
Asian or Pacific Islander,Franklin,2018,3,79897,4150
Other,Franklin,2018,0,0,4152
Unknown,Franklin,2018,4,0,4154
White,Franklin,2019,120,896062,4158
Black,Franklin,2019,97,334265,4160
American Indian or Alaskan Native,Franklin,2019,0,5915,4162
Asian or Pacific Islander,Franklin,2019,4,82524,4164
Other,Franklin,2019,0,0,4166
Unknown,Franklin,2019,3,0,4168
White,Franklin,2020,134,896381,4172
Black,Franklin,2020,122,338503,4174
American Indian or Alaskan Native,Franklin,2020,1,5927,4176
Asian or Pacific Islander,Franklin,2020,2,83813,4178
Other,Franklin,2020,0,0,4180
Unknown,Franklin,2020,3,0,4182
White,Fulton,2010,0,41912,4200
Black,Fulton,2010,0,350,4202
American Indian or Alaskan Native,Fulton,2010,0,152,4204
Asian or Pacific Islander,Fulton,2010,0,216,4206
Other,Fulton,2010,0,0,4208
Unknown,Fulton,2010,0,0,4210
White,Fulton,2011,0,41638,4214
Black,Fulton,2011,0,349,4216
American Indian or Alaskan Native,Fulton,2011,0,144,4218
Asian or Pacific Islander,Fulton,2011,0,232,4220
Other,Fulton,2011,0,0,4222
Unknown,Fulton,2011,0,0,4224
White,Fulton,2012,1,41536,4228
Black,Fulton,2012,0,414,4230
American Indian or Alaskan Native,Fulton,2012,0,160,4232
Asian or Pacific Islander,Fulton,2012,0,220,4234
Other,Fulton,2012,0,0,4236
Unknown,Fulton,2012,0,0,4238
White,Fulton,2013,0,41406,4242
Black,Fulton,2013,0,410,4244
American Indian or Alaskan Native,Fulton,2013,0,153,4246
Asian or Pacific Islander,Fulton,2013,0,230,4248
Other,Fulton,2013,0,0,4250
Unknown,Fulton,2013,0,0,4252
White,Fulton,2014,0,41564,4256
Black,Fulton,2014,0,452,4258
American Indian or Alaskan Native,Fulton,2014,0,154,4260
Asian or Pacific Islander,Fulton,2014,0,231,4262
Other,Fulton,2014,0,0,4264
Unknown,Fulton,2014,0,0,4266
White,Fulton,2015,2,41449,4270
Black,Fulton,2015,0,474,4272
American Indian or Alaskan Native,Fulton,2015,0,158,4274
Asian or Pacific Islander,Fulton,2015,0,218,4276
Other,Fulton,2015,0,0,4278
Unknown,Fulton,2015,0,0,4280
White,Fulton,2016,2,41416,4284
Black,Fulton,2016,0,518,4286
American Indian or Alaskan Native,Fulton,2016,0,165,4288
Asian or Pacific Islander,Fulton,2016,0,238,4290
Other,Fulton,2016,0,0,4292
Unknown,Fulton,2016,0,0,4294
White,Fulton,2017,0,41302,4298
Black,Fulton,2017,0,549,4300
American Indian or Alaskan Native,Fulton,2017,0,178,4302
Asian or Pacific Islander,Fulton,2017,0,245,4304
Other,Fulton,2017,0,0,4306
Unknown,Fulton,2017,0,0,4308
White,Fulton,2018,1,41246,4312
Black,Fulton,2018,0,555,4314
American Indian or Alaskan Native,Fulton,2018,0,199,4316
Asian or Pacific Islander,Fulton,2018,0,256,4318
Other,Fulton,2018,0,0,4320
Unknown,Fulton,2018,0,0,4322
White,Fulton,2019,0,41147,4326
Black,Fulton,2019,0,587,4328
American Indian or Alaskan Native,Fulton,2019,0,178,4330
Asian or Pacific Islander,Fulton,2019,0,263,4332
Other,Fulton,2019,0,0,4334
Unknown,Fulton,2019,0,0,4336
White,Fulton,2020,1,40855,4340
Black,Fulton,2020,0,580,4342
American Indian or Alaskan Native,Fulton,2020,0,184,4344
Asian or Pacific Islander,Fulton,2020,0,270,4346
Other,Fulton,2020,0,0,4348
Unknown,Fulton,2020,0,0,4350
White,Gallia,2010,0,29733,4368
Black,Gallia,2010,1,1031,4370
American Indian or Alaskan Native,Gallia,2010,0,143,4372
Asian or Pacific Islander,Gallia,2010,0,159,4374
Other,Gallia,2010,0,0,4376
Unknown,Gallia,2010,0,0,4378
White,Gallia,2011,0,29722,4382
Black,Gallia,2011,0,996,4384
American Indian or Alaskan Native,Gallia,2011,0,136,4386
Asian or Pacific Islander,Gallia,2011,0,169,4388
Other,Gallia,2011,0,0,4390
Unknown,Gallia,2011,0,0,4392
White,Gallia,2012,0,29586,4396
Black,Gallia,2012,0,982,4398
American Indian or Alaskan Native,Gallia,2012,0,147,4400
Asian or Pacific Islander,Gallia,2012,0,166,4402
Other,Gallia,2012,0,0,4404
Unknown,Gallia,2012,0,0,4406
White,Gallia,2013,1,29380,4410
Black,Gallia,2013,0,975,4412
American Indian or Alaskan Native,Gallia,2013,0,147,4414
Asian or Pacific Islander,Gallia,2013,0,182,4416
Other,Gallia,2013,0,0,4418
Unknown,Gallia,2013,0,0,4420
White,Gallia,2014,0,29162,4424
Black,Gallia,2014,0,970,4426
American Indian or Alaskan Native,Gallia,2014,0,154,4428
Asian or Pacific Islander,Gallia,2014,0,181,4430
Other,Gallia,2014,0,0,4432
Unknown,Gallia,2014,0,0,4434
White,Gallia,2015,0,28898,4438
Black,Gallia,2015,0,984,4440
American Indian or Alaskan Native,Gallia,2015,0,148,4442
Asian or Pacific Islander,Gallia,2015,0,228,4444
Other,Gallia,2015,0,0,4446
Unknown,Gallia,2015,0,0,4448
White,Gallia,2016,1,28829,4452
Black,Gallia,2016,1,972,4454
American Indian or Alaskan Native,Gallia,2016,0,156,4456
Asian or Pacific Islander,Gallia,2016,0,256,4458
Other,Gallia,2016,0,0,4460
Unknown,Gallia,2016,0,0,4462
White,Gallia,2017,2,28795,4466
Black,Gallia,2017,0,936,4468
American Indian or Alaskan Native,Gallia,2017,0,151,4470
Asian or Pacific Islander,Gallia,2017,0,274,4472
Other,Gallia,2017,0,0,4474
Unknown,Gallia,2017,0,0,4476
White,Gallia,2018,2,28608,4480
Black,Gallia,2018,1,915,4482
American Indian or Alaskan Native,Gallia,2018,0,148,4484
Asian or Pacific Islander,Gallia,2018,0,285,4486
Other,Gallia,2018,0,0,4488
Unknown,Gallia,2018,0,0,4490
White,Gallia,2019,1,28475,4494
Black,Gallia,2019,0,921,4496
American Indian or Alaskan Native,Gallia,2019,0,152,4498
Asian or Pacific Islander,Gallia,2019,0,302,4500
Other,Gallia,2019,0,0,4502
Unknown,Gallia,2019,0,0,4504
White,Gallia,2020,0,28376,4508
Black,Gallia,2020,0,964,4510
American Indian or Alaskan Native,Gallia,2020,0,149,4512
Asian or Pacific Islander,Gallia,2020,0,313,4514
Other,Gallia,2020,0,0,4516
Unknown,Gallia,2020,0,0,4518
White,Geauga,2010,1,91220,4536
Black,Geauga,2010,0,1411,4538
American Indian or Alaskan Native,Geauga,2010,0,78,4540
Asian or Pacific Islander,Geauga,2010,0,672,4542
Other,Geauga,2010,0,0,4544
Unknown,Geauga,2010,0,0,4546
White,Geauga,2011,2,91138,4550
Black,Geauga,2011,0,1372,4552
American Indian or Alaskan Native,Geauga,2011,0,82,4554
Asian or Pacific Islander,Geauga,2011,0,695,4556
Other,Geauga,2011,0,0,4558
Unknown,Geauga,2011,0,0,4560
White,Geauga,2012,3,91538,4564
Black,Geauga,2012,0,1420,4566
American Indian or Alaskan Native,Geauga,2012,0,89,4568
Asian or Pacific Islander,Geauga,2012,0,723,4570
Other,Geauga,2012,0,0,4572
Unknown,Geauga,2012,0,0,4574
White,Geauga,2013,1,91557,4578
Black,Geauga,2013,0,1416,4580
American Indian or Alaskan Native,Geauga,2013,0,99,4582
Asian or Pacific Islander,Geauga,2013,0,775,4584
Other,Geauga,2013,0,0,4586
Unknown,Geauga,2013,0,0,4588
White,Geauga,2014,2,91699,4592
Black,Geauga,2014,0,1437,4594
American Indian or Alaskan Native,Geauga,2014,0,98,4596
Asian or Pacific Islander,Geauga,2014,0,747,4598
Other,Geauga,2014,0,0,4600
Unknown,Geauga,2014,0,0,4602
White,Geauga,2015,0,91601,4606
Black,Geauga,2015,0,1455,4608
American Indian or Alaskan Native,Geauga,2015,0,111,4610
Asian or Pacific Islander,Geauga,2015,0,732,4612
Other,Geauga,2015,0,0,4614
Unknown,Geauga,2015,0,0,4616
White,Geauga,2016,5,91593,4620
Black,Geauga,2016,0,1399,4622
American Indian or Alaskan Native,Geauga,2016,0,110,4624
Asian or Pacific Islander,Geauga,2016,0,756,4626
Other,Geauga,2016,0,0,4628
Unknown,Geauga,2016,0,0,4630
White,Geauga,2017,4,91568,4634
Black,Geauga,2017,0,1425,4636
American Indian or Alaskan Native,Geauga,2017,0,119,4638
Asian or Pacific Islander,Geauga,2017,0,779,4640
Other,Geauga,2017,0,0,4642
Unknown,Geauga,2017,0,0,4644
White,Geauga,2018,0,91453,4648
Black,Geauga,2018,0,1411,4650
American Indian or Alaskan Native,Geauga,2018,0,127,4652
Asian or Pacific Islander,Geauga,2018,0,779,4654
Other,Geauga,2018,0,0,4656
Unknown,Geauga,2018,1,0,4658
White,Geauga,2019,6,91155,4662
Black,Geauga,2019,0,1412,4664
American Indian or Alaskan Native,Geauga,2019,0,131,4666
Asian or Pacific Islander,Geauga,2019,0,796,4668
Other,Geauga,2019,0,0,4670
Unknown,Geauga,2019,0,0,4672
White,Geauga,2020,4,90892,4676
Black,Geauga,2020,0,1438,4678
American Indian or Alaskan Native,Geauga,2020,0,146,4680
Asian or Pacific Islander,Geauga,2020,0,795,4682
Other,Geauga,2020,0,0,4684
Unknown,Geauga,2020,0,0,4686
White,Greene,2010,1,142632,4704
Black,Greene,2010,0,13016,4706
American Indian or Alaskan Native,Greene,2010,0,604,4708
Asian or Pacific Islander,Greene,2010,0,5347,4710
Other,Greene,2010,0,0,4712
Unknown,Greene,2010,0,0,4714
White,Greene,2011,1,144330,4718
Black,Greene,2011,0,13235,4720
American Indian or Alaskan Native,Greene,2011,0,650,4722
Asian or Pacific Islander,Greene,2011,0,5385,4724
Other,Greene,2011,0,0,4726
Unknown,Greene,2011,0,0,4728
White,Greene,2012,0,144881,4732
Black,Greene,2012,1,13426,4734
American Indian or Alaskan Native,Greene,2012,0,649,4736
Asian or Pacific Islander,Greene,2012,0,5447,4738
Other,Greene,2012,0,0,4740
Unknown,Greene,2012,0,0,4742
White,Greene,2013,0,144554,4746
Black,Greene,2013,0,13226,4748
American Indian or Alaskan Native,Greene,2013,0,659,4750
Asian or Pacific Islander,Greene,2013,0,5565,4752
Other,Greene,2013,0,0,4754
Unknown,Greene,2013,0,0,4756
White,Greene,2014,5,145157,4760
Black,Greene,2014,0,13270,4762
American Indian or Alaskan Native,Greene,2014,0,659,4764
Asian or Pacific Islander,Greene,2014,0,5710,4766
Other,Greene,2014,0,0,4768
Unknown,Greene,2014,0,0,4770
White,Greene,2015,4,144798,4774
Black,Greene,2015,2,13137,4776
American Indian or Alaskan Native,Greene,2015,0,688,4778
Asian or Pacific Islander,Greene,2015,0,5798,4780
Other,Greene,2015,0,0,4782
Unknown,Greene,2015,0,0,4784
White,Greene,2016,4,145522,4788
Black,Greene,2016,2,13359,4790
American Indian or Alaskan Native,Greene,2016,0,698,4792
Asian or Pacific Islander,Greene,2016,0,5915,4794
Other,Greene,2016,0,0,4796
Unknown,Greene,2016,0,0,4798
White,Greene,2017,19,146481,4802
Black,Greene,2017,1,13521,4804
American Indian or Alaskan Native,Greene,2017,0,723,4806
Asian or Pacific Islander,Greene,2017,0,5995,4808
Other,Greene,2017,0,0,4810
Unknown,Greene,2017,0,0,4812
White,Greene,2018,8,147039,4816
Black,Greene,2018,1,13860,4818
American Indian or Alaskan Native,Greene,2018,0,738,4820
Asian or Pacific Islander,Greene,2018,0,6006,4822
Other,Greene,2018,0,0,4824
Unknown,Greene,2018,0,0,4826
White,Greene,2019,8,148344,4830
Black,Greene,2019,0,14178,4832
American Indian or Alaskan Native,Greene,2019,0,761,4834
Asian or Pacific Islander,Greene,2019,0,6071,4836
Other,Greene,2019,0,0,4838
Unknown,Greene,2019,0,0,4840
White,Greene,2020,6,148872,4844
Black,Greene,2020,0,14367,4846
American Indian or Alaskan Native,Greene,2020,0,738,4848
Asian or Pacific Islander,Greene,2020,0,6145,4850
Other,Greene,2020,0,0,4852
Unknown,Greene,2020,0,0,4854
White,Guernsey,2010,0,38960,4872
Black,Guernsey,2010,0,906,4874
American Indian or Alaskan Native,Guernsey,2010,0,138,4876
Asian or Pacific Islander,Guernsey,2010,0,148,4878
Other,Guernsey,2010,0,0,4880
Unknown,Guernsey,2010,0,0,4882
White,Guernsey,2011,1,38747,4886
Black,Guernsey,2011,0,877,4888
American Indian or Alaskan Native,Guernsey,2011,0,139,4890
Asian or Pacific Islander,Guernsey,2011,0,152,4892
Other,Guernsey,2011,0,0,4894
Unknown,Guernsey,2011,0,0,4896
White,Guernsey,2012,0,38690,4900
Black,Guernsey,2012,0,887,4902
American Indian or Alaskan Native,Guernsey,2012,0,148,4904
Asian or Pacific Islander,Guernsey,2012,0,161,4906
Other,Guernsey,2012,0,0,4908
Unknown,Guernsey,2012,0,0,4910
White,Guernsey,2013,2,38512,4914
Black,Guernsey,2013,0,896,4916
American Indian or Alaskan Native,Guernsey,2013,0,149,4918
Asian or Pacific Islander,Guernsey,2013,0,159,4920
Other,Guernsey,2013,0,0,4922
Unknown,Guernsey,2013,0,0,4924
White,Guernsey,2014,1,38471,4928
Black,Guernsey,2014,0,913,4930
American Indian or Alaskan Native,Guernsey,2014,0,150,4932
Asian or Pacific Islander,Guernsey,2014,0,165,4934
Other,Guernsey,2014,0,0,4936
Unknown,Guernsey,2014,0,0,4938
White,Guernsey,2015,0,38144,4942
Black,Guernsey,2015,0,913,4944
American Indian or Alaskan Native,Guernsey,2015,0,175,4946
Asian or Pacific Islander,Guernsey,2015,0,170,4948
Other,Guernsey,2015,0,0,4950
Unknown,Guernsey,2015,0,0,4952
White,Guernsey,2016,3,37953,4956
Black,Guernsey,2016,1,922,4958
American Indian or Alaskan Native,Guernsey,2016,0,167,4960
Asian or Pacific Islander,Guernsey,2016,0,195,4962
Other,Guernsey,2016,0,0,4964
Unknown,Guernsey,2016,0,0,4966
White,Guernsey,2017,1,37792,4970
Black,Guernsey,2017,0,925,4972
American Indian or Alaskan Native,Guernsey,2017,0,159,4974
Asian or Pacific Islander,Guernsey,2017,0,201,4976
Other,Guernsey,2017,0,0,4978
Unknown,Guernsey,2017,0,0,4980
White,Guernsey,2018,0,37687,4984
Black,Guernsey,2018,0,936,4986
American Indian or Alaskan Native,Guernsey,2018,0,176,4988
Asian or Pacific Islander,Guernsey,2018,0,212,4990
Other,Guernsey,2018,0,0,4992
Unknown,Guernsey,2018,0,0,4994
White,Guernsey,2019,1,37536,4998
Black,Guernsey,2019,0,951,5000
American Indian or Alaskan Native,Guernsey,2019,0,170,5002
Asian or Pacific Islander,Guernsey,2019,0,219,5004
Other,Guernsey,2019,0,0,5006
Unknown,Guernsey,2019,0,0,5008
White,Guernsey,2020,0,37402,5012
Black,Guernsey,2020,0,978,5014
American Indian or Alaskan Native,Guernsey,2020,0,186,5016
Asian or Pacific Islander,Guernsey,2020,0,213,5018
Other,Guernsey,2020,0,0,5020
Unknown,Guernsey,2020,0,0,5022
White,Hamilton,2010,13,566364,5040
Black,Hamilton,2010,10,214300,5042
American Indian or Alaskan Native,Hamilton,2010,0,2758,5044
Asian or Pacific Islander,Hamilton,2010,0,18873,5046
Other,Hamilton,2010,0,0,5048
Unknown,Hamilton,2010,0,0,5050
White,Hamilton,2011,32,563574,5054
Black,Hamilton,2011,16,214988,5056
American Indian or Alaskan Native,Hamilton,2011,0,2708,5058
Asian or Pacific Islander,Hamilton,2011,0,19476,5060
Other,Hamilton,2011,0,0,5062
Unknown,Hamilton,2011,0,0,5064
White,Hamilton,2012,24,563587,5068
Black,Hamilton,2012,8,216171,5070
American Indian or Alaskan Native,Hamilton,2012,0,2707,5072
Asian or Pacific Islander,Hamilton,2012,0,20099,5074
Other,Hamilton,2012,0,0,5076
Unknown,Hamilton,2012,0,0,5078
White,Hamilton,2013,32,563376,5082
Black,Hamilton,2013,18,218351,5084
American Indian or Alaskan Native,Hamilton,2013,0,2677,5086
Asian or Pacific Islander,Hamilton,2013,0,21004,5088
Other,Hamilton,2013,0,0,5090
Unknown,Hamilton,2013,0,0,5092
White,Hamilton,2014,46,563428,5096
Black,Hamilton,2014,19,219923,5098
American Indian or Alaskan Native,Hamilton,2014,0,2670,5100
Asian or Pacific Islander,Hamilton,2014,0,21901,5102
Other,Hamilton,2014,0,0,5104
Unknown,Hamilton,2014,0,0,5106
White,Hamilton,2015,69,562515,5110
Black,Hamilton,2015,28,221603,5112
American Indian or Alaskan Native,Hamilton,2015,0,2693,5114
Asian or Pacific Islander,Hamilton,2015,0,23091,5116
Other,Hamilton,2015,0,0,5118
Unknown,Hamilton,2015,1,0,5120
White,Hamilton,2016,75,561848,5124
Black,Hamilton,2016,21,222604,5126
American Indian or Alaskan Native,Hamilton,2016,0,2697,5128
Asian or Pacific Islander,Hamilton,2016,0,24617,5130
Other,Hamilton,2016,0,0,5132
Unknown,Hamilton,2016,2,0,5134
White,Hamilton,2017,134,561976,5138
Black,Hamilton,2017,50,224037,5140
American Indian or Alaskan Native,Hamilton,2017,2,2776,5142
Asian or Pacific Islander,Hamilton,2017,0,25904,5144
Other,Hamilton,2017,0,0,5146
Unknown,Hamilton,2017,1,0,5148
White,Hamilton,2018,86,561019,5152
Black,Hamilton,2018,50,225538,5154
American Indian or Alaskan Native,Hamilton,2018,0,2808,5156
Asian or Pacific Islander,Hamilton,2018,1,26488,5158
Other,Hamilton,2018,0,0,5160
Unknown,Hamilton,2018,2,0,5162
White,Hamilton,2019,83,561727,5166
Black,Hamilton,2019,51,226706,5168
American Indian or Alaskan Native,Hamilton,2019,0,2906,5170
Asian or Pacific Islander,Hamilton,2019,0,27314,5172
Other,Hamilton,2019,0,0,5174
Unknown,Hamilton,2019,1,0,5176
White,Hamilton,2020,75,560480,5180
Black,Hamilton,2020,56,227129,5182
American Indian or Alaskan Native,Hamilton,2020,0,2880,5184
Asian or Pacific Islander,Hamilton,2020,1,27496,5186
Other,Hamilton,2020,0,0,5188
Unknown,Hamilton,2020,0,0,5190
White,Hancock,2010,0,71438,5208
Black,Hancock,2010,1,1661,5210
American Indian or Alaskan Native,Hancock,2010,0,248,5212
Asian or Pacific Islander,Hancock,2010,0,1351,5214
Other,Hancock,2010,0,0,5216
Unknown,Hancock,2010,0,0,5218
White,Hancock,2011,0,71667,5222
Black,Hancock,2011,1,1678,5224
American Indian or Alaskan Native,Hancock,2011,0,263,5226
Asian or Pacific Islander,Hancock,2011,0,1318,5228
Other,Hancock,2011,0,0,5230
Unknown,Hancock,2011,0,0,5232
White,Hancock,2012,1,72140,5236
Black,Hancock,2012,0,1700,5238
American Indian or Alaskan Native,Hancock,2012,0,279,5240
Asian or Pacific Islander,Hancock,2012,0,1359,5242
Other,Hancock,2012,0,0,5244
Unknown,Hancock,2012,0,0,5246
White,Hancock,2013,0,72173,5250
Black,Hancock,2013,0,1749,5252
American Indian or Alaskan Native,Hancock,2013,0,272,5254
Asian or Pacific Islander,Hancock,2013,0,1418,5256
Other,Hancock,2013,0,0,5258
Unknown,Hancock,2013,0,0,5260
White,Hancock,2014,1,71803,5264
Black,Hancock,2014,0,1792,5266
American Indian or Alaskan Native,Hancock,2014,0,274,5268
Asian or Pacific Islander,Hancock,2014,0,1455,5270
Other,Hancock,2014,0,0,5272
Unknown,Hancock,2014,0,0,5274
White,Hancock,2015,4,72034,5278
Black,Hancock,2015,0,1887,5280
American Indian or Alaskan Native,Hancock,2015,0,292,5282
Asian or Pacific Islander,Hancock,2015,0,1513,5284
Other,Hancock,2015,0,0,5286
Unknown,Hancock,2015,0,0,5288
White,Hancock,2016,3,72017,5292
Black,Hancock,2016,0,1941,5294
American Indian or Alaskan Native,Hancock,2016,0,306,5296
Asian or Pacific Islander,Hancock,2016,0,1565,5298
Other,Hancock,2016,0,0,5300
Unknown,Hancock,2016,0,0,5302
White,Hancock,2017,7,72029,5306
Black,Hancock,2017,0,1986,5308
American Indian or Alaskan Native,Hancock,2017,0,328,5310
Asian or Pacific Islander,Hancock,2017,0,1641,5312
Other,Hancock,2017,0,0,5314
Unknown,Hancock,2017,0,0,5316
White,Hancock,2018,4,71812,5320
Black,Hancock,2018,0,2100,5322
American Indian or Alaskan Native,Hancock,2018,0,334,5324
Asian or Pacific Islander,Hancock,2018,0,1667,5326
Other,Hancock,2018,0,0,5328
Unknown,Hancock,2018,0,0,5330
White,Hancock,2019,0,71513,5334
Black,Hancock,2019,0,2165,5336
American Indian or Alaskan Native,Hancock,2019,0,337,5338
Asian or Pacific Islander,Hancock,2019,0,1675,5340
Other,Hancock,2019,0,0,5342
Unknown,Hancock,2019,0,0,5344
White,Hancock,2020,0,71124,5348
Black,Hancock,2020,0,2216,5350
American Indian or Alaskan Native,Hancock,2020,0,347,5352
Asian or Pacific Islander,Hancock,2020,0,1720,5354
Other,Hancock,2020,0,0,5356
Unknown,Hancock,2020,0,0,5358
White,Hardin,2010,0,31404,5376
Black,Hardin,2010,0,425,5378
American Indian or Alaskan Native,Hardin,2010,0,76,5380
Asian or Pacific Islander,Hardin,2010,0,221,5382
Other,Hardin,2010,0,0,5384
Unknown,Hardin,2010,0,0,5386
White,Hardin,2011,0,31059,5390
Black,Hardin,2011,0,430,5392
American Indian or Alaskan Native,Hardin,2011,0,80,5394
Asian or Pacific Islander,Hardin,2011,0,236,5396
Other,Hardin,2011,0,0,5398
Unknown,Hardin,2011,0,0,5400
White,Hardin,2012,0,30895,5404
Black,Hardin,2012,0,422,5406
American Indian or Alaskan Native,Hardin,2012,0,75,5408
Asian or Pacific Islander,Hardin,2012,0,238,5410
Other,Hardin,2012,0,0,5412
Unknown,Hardin,2012,0,0,5414
White,Hardin,2013,0,30979,5418
Black,Hardin,2013,0,439,5420
American Indian or Alaskan Native,Hardin,2013,0,81,5422
Asian or Pacific Islander,Hardin,2013,0,244,5424
Other,Hardin,2013,0,0,5426
Unknown,Hardin,2013,0,0,5428
White,Hardin,2014,0,31015,5432
Black,Hardin,2014,0,437,5434
American Indian or Alaskan Native,Hardin,2014,0,81,5436
Asian or Pacific Islander,Hardin,2014,0,247,5438
Other,Hardin,2014,0,0,5440
Unknown,Hardin,2014,0,0,5442
White,Hardin,2015,1,30854,5446
Black,Hardin,2015,0,432,5448
American Indian or Alaskan Native,Hardin,2015,0,89,5450
Asian or Pacific Islander,Hardin,2015,0,240,5452
Other,Hardin,2015,0,0,5454
Unknown,Hardin,2015,0,0,5456
White,Hardin,2016,1,30559,5460
Black,Hardin,2016,0,455,5462
American Indian or Alaskan Native,Hardin,2016,0,93,5464
Asian or Pacific Islander,Hardin,2016,0,267,5466
Other,Hardin,2016,0,0,5468
Unknown,Hardin,2016,0,0,5470
White,Hardin,2017,2,30514,5474
Black,Hardin,2017,0,459,5476
American Indian or Alaskan Native,Hardin,2017,0,100,5478
Asian or Pacific Islander,Hardin,2017,0,265,5480
Other,Hardin,2017,0,0,5482
Unknown,Hardin,2017,0,0,5484
White,Hardin,2018,1,30582,5488
Black,Hardin,2018,0,476,5490
American Indian or Alaskan Native,Hardin,2018,0,96,5492
Asian or Pacific Islander,Hardin,2018,0,263,5494
Other,Hardin,2018,0,0,5496
Unknown,Hardin,2018,0,0,5498
White,Hardin,2019,0,30474,5502
Black,Hardin,2019,0,513,5504
American Indian or Alaskan Native,Hardin,2019,0,106,5506
Asian or Pacific Islander,Hardin,2019,0,276,5508
Other,Hardin,2019,0,0,5510
Unknown,Hardin,2019,0,0,5512
White,Hardin,2020,0,30517,5516
Black,Hardin,2020,0,537,5518
American Indian or Alaskan Native,Hardin,2020,0,123,5520
Asian or Pacific Islander,Hardin,2020,0,292,5522
Other,Hardin,2020,0,0,5524
Unknown,Hardin,2020,0,0,5526
White,Harrison,2010,0,15314,5544
Black,Harrison,2010,0,450,5546
American Indian or Alaskan Native,Harrison,2010,0,26,5548
Asian or Pacific Islander,Harrison,2010,0,26,5550
Other,Harrison,2010,0,0,5552
Unknown,Harrison,2010,0,0,5554
White,Harrison,2011,0,15283,5558
Black,Harrison,2011,0,441,5560
American Indian or Alaskan Native,Harrison,2011,0,33,5562
Asian or Pacific Islander,Harrison,2011,0,27,5564
Other,Harrison,2011,0,0,5566
Unknown,Harrison,2011,0,0,5568
White,Harrison,2012,0,15178,5572
Black,Harrison,2012,0,442,5574
American Indian or Alaskan Native,Harrison,2012,0,29,5576
Asian or Pacific Islander,Harrison,2012,0,30,5578
Other,Harrison,2012,0,0,5580
Unknown,Harrison,2012,0,0,5582
White,Harrison,2013,0,15093,5586
Black,Harrison,2013,0,446,5588
American Indian or Alaskan Native,Harrison,2013,0,25,5590
Asian or Pacific Islander,Harrison,2013,0,34,5592
Other,Harrison,2013,0,0,5594
Unknown,Harrison,2013,0,0,5596
White,Harrison,2014,1,15011,5600
Black,Harrison,2014,0,442,5602
American Indian or Alaskan Native,Harrison,2014,0,29,5604
Asian or Pacific Islander,Harrison,2014,0,35,5606
Other,Harrison,2014,0,0,5608
Unknown,Harrison,2014,0,0,5610
White,Harrison,2015,0,14895,5614
Black,Harrison,2015,0,438,5616
American Indian or Alaskan Native,Harrison,2015,0,28,5618
Asian or Pacific Islander,Harrison,2015,0,35,5620
Other,Harrison,2015,0,0,5622
Unknown,Harrison,2015,0,0,5624
White,Harrison,2016,0,14733,5628
Black,Harrison,2016,0,430,5630
American Indian or Alaskan Native,Harrison,2016,0,36,5632
Asian or Pacific Islander,Harrison,2016,0,38,5634
Other,Harrison,2016,0,0,5636
Unknown,Harrison,2016,0,0,5638
White,Harrison,2017,2,14699,5642
Black,Harrison,2017,0,427,5644
American Indian or Alaskan Native,Harrison,2017,0,35,5646
Asian or Pacific Islander,Harrison,2017,0,42,5648
Other,Harrison,2017,0,0,5650
Unknown,Harrison,2017,0,0,5652
White,Harrison,2018,1,14653,5656
Black,Harrison,2018,0,419,5658
American Indian or Alaskan Native,Harrison,2018,0,39,5660
Asian or Pacific Islander,Harrison,2018,0,40,5662
Other,Harrison,2018,0,0,5664
Unknown,Harrison,2018,0,0,5666
White,Harrison,2019,0,14535,5670
Black,Harrison,2019,0,433,5672
American Indian or Alaskan Native,Harrison,2019,0,44,5674
Asian or Pacific Islander,Harrison,2019,0,41,5676
Other,Harrison,2019,0,0,5678
Unknown,Harrison,2019,0,0,5680
White,Harrison,2020,0,14478,5684
Black,Harrison,2020,0,439,5686
American Indian or Alaskan Native,Harrison,2020,0,48,5688
Asian or Pacific Islander,Harrison,2020,0,49,5690
Other,Harrison,2020,0,0,5692
Unknown,Harrison,2020,0,0,5694
White,Henry,2010,0,27726,5712
Black,Henry,2010,0,205,5714
American Indian or Alaskan Native,Henry,2010,0,118,5716
Asian or Pacific Islander,Henry,2010,0,121,5718
Other,Henry,2010,0,0,5720
Unknown,Henry,2010,0,0,5722
White,Henry,2011,0,27512,5726
Black,Henry,2011,0,231,5728
American Indian or Alaskan Native,Henry,2011,0,128,5730
Asian or Pacific Islander,Henry,2011,0,128,5732
Other,Henry,2011,0,0,5734
Unknown,Henry,2011,0,0,5736
White,Henry,2012,0,27327,5740
Black,Henry,2012,0,249,5742
American Indian or Alaskan Native,Henry,2012,0,117,5744
Asian or Pacific Islander,Henry,2012,0,133,5746
Other,Henry,2012,0,0,5748
Unknown,Henry,2012,0,0,5750
White,Henry,2013,0,27296,5754
Black,Henry,2013,0,263,5756
American Indian or Alaskan Native,Henry,2013,0,123,5758
Asian or Pacific Islander,Henry,2013,0,149,5760
Other,Henry,2013,0,0,5762
Unknown,Henry,2013,0,0,5764
White,Henry,2014,0,27043,5768
Black,Henry,2014,0,275,5770
American Indian or Alaskan Native,Henry,2014,0,132,5772
Asian or Pacific Islander,Henry,2014,0,155,5774
Other,Henry,2014,0,0,5776
Unknown,Henry,2014,0,0,5778
White,Henry,2015,1,26921,5782
Black,Henry,2015,0,277,5784
American Indian or Alaskan Native,Henry,2015,0,142,5786
Asian or Pacific Islander,Henry,2015,0,150,5788
Other,Henry,2015,0,0,5790
Unknown,Henry,2015,0,0,5792
White,Henry,2016,0,26680,5796
Black,Henry,2016,0,299,5798
American Indian or Alaskan Native,Henry,2016,0,138,5800
Asian or Pacific Islander,Henry,2016,0,151,5802
Other,Henry,2016,0,0,5804
Unknown,Henry,2016,0,0,5806
White,Henry,2017,0,26570,5810
Black,Henry,2017,0,306,5812
American Indian or Alaskan Native,Henry,2017,0,157,5814
Asian or Pacific Islander,Henry,2017,0,156,5816
Other,Henry,2017,0,0,5818
Unknown,Henry,2017,0,0,5820
White,Henry,2018,2,26433,5824
Black,Henry,2018,0,304,5826
American Indian or Alaskan Native,Henry,2018,0,151,5828
Asian or Pacific Islander,Henry,2018,0,151,5830
Other,Henry,2018,0,0,5832
Unknown,Henry,2018,0,0,5834
White,Henry,2019,2,26299,5838
Black,Henry,2019,0,319,5840
American Indian or Alaskan Native,Henry,2019,0,163,5842
Asian or Pacific Islander,Henry,2019,0,161,5844
Other,Henry,2019,0,0,5846
Unknown,Henry,2019,0,0,5848
White,Henry,2020,2,26274,5852
Black,Henry,2020,0,312,5854
American Indian or Alaskan Native,Henry,2020,0,149,5856
Asian or Pacific Islander,Henry,2020,0,169,5858
Other,Henry,2020,0,0,5860
Unknown,Henry,2020,0,0,5862
White,Highland,2010,0,42470,5880
Black,Highland,2010,0,884,5882
American Indian or Alaskan Native,Highland,2010,0,136,5884
Asian or Pacific Islander,Highland,2010,0,129,5886
Other,Highland,2010,0,0,5888
Unknown,Highland,2010,0,0,5890
White,Highland,2011,1,42223,5894
Black,Highland,2011,0,869,5896
American Indian or Alaskan Native,Highland,2011,0,154,5898
Asian or Pacific Islander,Highland,2011,0,130,5900
Other,Highland,2011,0,0,5902
Unknown,Highland,2011,0,0,5904
White,Highland,2012,0,41811,5908
Black,Highland,2012,0,864,5910
American Indian or Alaskan Native,Highland,2012,0,148,5912
Asian or Pacific Islander,Highland,2012,0,143,5914
Other,Highland,2012,0,0,5916
Unknown,Highland,2012,0,0,5918
White,Highland,2013,0,42017,5922
Black,Highland,2013,0,852,5924
American Indian or Alaskan Native,Highland,2013,0,161,5926
Asian or Pacific Islander,Highland,2013,0,170,5928
Other,Highland,2013,0,0,5930
Unknown,Highland,2013,0,0,5932
White,Highland,2014,0,41877,5936
Black,Highland,2014,0,887,5938
American Indian or Alaskan Native,Highland,2014,0,164,5940
Asian or Pacific Islander,Highland,2014,0,174,5942
Other,Highland,2014,0,0,5944
Unknown,Highland,2014,0,0,5946
White,Highland,2015,0,41730,5950
Black,Highland,2015,0,912,5952
American Indian or Alaskan Native,Highland,2015,0,157,5954
Asian or Pacific Islander,Highland,2015,0,174,5956
Other,Highland,2015,0,0,5958
Unknown,Highland,2015,0,0,5960
White,Highland,2016,1,41703,5964
Black,Highland,2016,0,956,5966
American Indian or Alaskan Native,Highland,2016,0,161,5968
Asian or Pacific Islander,Highland,2016,0,191,5970
Other,Highland,2016,0,0,5972
Unknown,Highland,2016,0,0,5974
White,Highland,2017,2,41616,5978
Black,Highland,2017,0,959,5980
American Indian or Alaskan Native,Highland,2017,0,165,5982
Asian or Pacific Islander,Highland,2017,0,191,5984
Other,Highland,2017,0,0,5986
Unknown,Highland,2017,0,0,5988
White,Highland,2018,0,41654,5992
Black,Highland,2018,0,1000,5994
American Indian or Alaskan Native,Highland,2018,0,177,5996
Asian or Pacific Islander,Highland,2018,0,201,5998
Other,Highland,2018,0,0,6000
Unknown,Highland,2018,0,0,6002
White,Highland,2019,1,41701,6006
Black,Highland,2019,0,1000,6008
American Indian or Alaskan Native,Highland,2019,0,193,6010
Asian or Pacific Islander,Highland,2019,0,229,6012
Other,Highland,2019,0,0,6014
Unknown,Highland,2019,0,0,6016
White,Highland,2020,3,41860,6020
Black,Highland,2020,0,1031,6022
American Indian or Alaskan Native,Highland,2020,0,188,6024
Asian or Pacific Islander,Highland,2020,0,225,6026
Other,Highland,2020,0,0,6028
Unknown,Highland,2020,0,0,6030
White,Hocking,2010,0,28962,6048
Black,Hocking,2010,0,342,6050
American Indian or Alaskan Native,Hocking,2010,0,115,6052
Asian or Pacific Islander,Hocking,2010,0,64,6054
Other,Hocking,2010,0,0,6056
Unknown,Hocking,2010,0,0,6058
White,Hocking,2011,2,28950,6062
Black,Hocking,2011,0,340,6064
American Indian or Alaskan Native,Hocking,2011,0,112,6066
Asian or Pacific Islander,Hocking,2011,0,69,6068
Other,Hocking,2011,0,0,6070
Unknown,Hocking,2011,0,0,6072
White,Hocking,2012,0,28773,6076
Black,Hocking,2012,0,352,6078
American Indian or Alaskan Native,Hocking,2012,0,111,6080
Asian or Pacific Islander,Hocking,2012,0,74,6082
Other,Hocking,2012,0,0,6084
Unknown,Hocking,2012,0,0,6086
White,Hocking,2013,0,28184,6090
Black,Hocking,2013,0,286,6092
American Indian or Alaskan Native,Hocking,2013,0,112,6094
Asian or Pacific Islander,Hocking,2013,0,78,6096
Other,Hocking,2013,0,0,6098
Unknown,Hocking,2013,0,0,6100
White,Hocking,2014,0,28260,6104
Black,Hocking,2014,0,293,6106
American Indian or Alaskan Native,Hocking,2014,0,113,6108
Asian or Pacific Islander,Hocking,2014,0,83,6110
Other,Hocking,2014,0,0,6112
Unknown,Hocking,2014,0,0,6114
White,Hocking,2015,0,28000,6118
Black,Hocking,2015,0,293,6120
American Indian or Alaskan Native,Hocking,2015,0,116,6122
Asian or Pacific Islander,Hocking,2015,0,93,6124
Other,Hocking,2015,0,0,6126
Unknown,Hocking,2015,0,0,6128
White,Hocking,2016,0,27859,6132
Black,Hocking,2016,0,322,6134
American Indian or Alaskan Native,Hocking,2016,0,116,6136
Asian or Pacific Islander,Hocking,2016,0,106,6138
Other,Hocking,2016,0,0,6140
Unknown,Hocking,2016,0,0,6142
White,Hocking,2017,3,27885,6146
Black,Hocking,2017,0,313,6148
American Indian or Alaskan Native,Hocking,2017,0,120,6150
Asian or Pacific Islander,Hocking,2017,0,122,6152
Other,Hocking,2017,0,0,6154
Unknown,Hocking,2017,0,0,6156
White,Hocking,2018,0,27783,6160
Black,Hocking,2018,0,318,6162
American Indian or Alaskan Native,Hocking,2018,0,131,6164
Asian or Pacific Islander,Hocking,2018,0,121,6166
Other,Hocking,2018,0,0,6168
Unknown,Hocking,2018,0,0,6170
White,Hocking,2019,0,27632,6174
Black,Hocking,2019,0,343,6176
American Indian or Alaskan Native,Hocking,2019,0,129,6178
Asian or Pacific Islander,Hocking,2019,0,136,6180
Other,Hocking,2019,0,0,6182
Unknown,Hocking,2019,0,0,6184
White,Hocking,2020,1,27464,6188
Black,Hocking,2020,0,345,6190
American Indian or Alaskan Native,Hocking,2020,0,133,6192
Asian or Pacific Islander,Hocking,2020,0,153,6194
Other,Hocking,2020,0,0,6196
Unknown,Hocking,2020,0,0,6198
White,Holmes,2010,0,42144,6216
Black,Holmes,2010,0,216,6218
American Indian or Alaskan Native,Holmes,2010,0,34,6220
Asian or Pacific Islander,Holmes,2010,0,77,6222
Other,Holmes,2010,0,0,6224
Unknown,Holmes,2010,0,0,6226
White,Holmes,2011,0,42453,6230
Black,Holmes,2011,0,225,6232
American Indian or Alaskan Native,Holmes,2011,0,36,6234
Asian or Pacific Islander,Holmes,2011,0,81,6236
Other,Holmes,2011,0,0,6238
Unknown,Holmes,2011,0,0,6240
White,Holmes,2012,0,42768,6244
Black,Holmes,2012,0,233,6246
American Indian or Alaskan Native,Holmes,2012,0,45,6248
Asian or Pacific Islander,Holmes,2012,0,84,6250
Other,Holmes,2012,0,0,6252
Unknown,Holmes,2012,0,0,6254
White,Holmes,2013,0,43236,6258
Black,Holmes,2013,0,234,6260
American Indian or Alaskan Native,Holmes,2013,0,47,6262
Asian or Pacific Islander,Holmes,2013,0,90,6264
Other,Holmes,2013,0,0,6266
Unknown,Holmes,2013,0,0,6268
White,Holmes,2014,0,43413,6272
Black,Holmes,2014,0,232,6274
American Indian or Alaskan Native,Holmes,2014,0,46,6276
Asian or Pacific Islander,Holmes,2014,0,100,6278
Other,Holmes,2014,0,0,6280
Unknown,Holmes,2014,0,0,6282
White,Holmes,2015,0,43486,6286
Black,Holmes,2015,0,241,6288
American Indian or Alaskan Native,Holmes,2015,0,53,6290
Asian or Pacific Islander,Holmes,2015,0,105,6292
Other,Holmes,2015,0,0,6294
Unknown,Holmes,2015,0,0,6296
White,Holmes,2016,0,43437,6300
Black,Holmes,2016,0,264,6302
American Indian or Alaskan Native,Holmes,2016,0,47,6304
Asian or Pacific Islander,Holmes,2016,0,118,6306
Other,Holmes,2016,0,0,6308
Unknown,Holmes,2016,0,0,6310
White,Holmes,2017,0,43475,6314
Black,Holmes,2017,0,263,6316
American Indian or Alaskan Native,Holmes,2017,0,39,6318
Asian or Pacific Islander,Holmes,2017,0,131,6320
Other,Holmes,2017,0,0,6322
Unknown,Holmes,2017,0,0,6324
White,Holmes,2018,0,43527,6328
Black,Holmes,2018,0,277,6330
American Indian or Alaskan Native,Holmes,2018,0,45,6332
Asian or Pacific Islander,Holmes,2018,0,124,6334
Other,Holmes,2018,0,0,6336
Unknown,Holmes,2018,0,0,6338
White,Holmes,2019,0,43556,6342
Black,Holmes,2019,0,278,6344
American Indian or Alaskan Native,Holmes,2019,0,52,6346
Asian or Pacific Islander,Holmes,2019,0,135,6348
Other,Holmes,2019,0,0,6350
Unknown,Holmes,2019,0,0,6352
White,Holmes,2020,0,43524,6356
Black,Holmes,2020,0,276,6358
American Indian or Alaskan Native,Holmes,2020,0,50,6360
Asian or Pacific Islander,Holmes,2020,0,154,6362
Other,Holmes,2020,0,0,6364
Unknown,Holmes,2020,0,0,6366
White,Huron,2010,0,58137,6384
Black,Huron,2010,0,1033,6386
American Indian or Alaskan Native,Huron,2010,0,161,6388
Asian or Pacific Islander,Huron,2010,0,235,6390
Other,Huron,2010,0,0,6392
Unknown,Huron,2010,0,0,6394
White,Huron,2011,0,57957,6398
Black,Huron,2011,0,1067,6400
American Indian or Alaskan Native,Huron,2011,0,163,6402
Asian or Pacific Islander,Huron,2011,0,241,6404
Other,Huron,2011,0,0,6406
Unknown,Huron,2011,0,0,6408
White,Huron,2012,0,57683,6412
Black,Huron,2012,0,1095,6414
American Indian or Alaskan Native,Huron,2012,0,181,6416
Asian or Pacific Islander,Huron,2012,0,261,6418
Other,Huron,2012,0,0,6420
Unknown,Huron,2012,0,0,6422
White,Huron,2013,0,57269,6426
Black,Huron,2013,0,1106,6428
American Indian or Alaskan Native,Huron,2013,0,196,6430
Asian or Pacific Islander,Huron,2013,0,269,6432
Other,Huron,2013,0,0,6434
Unknown,Huron,2013,0,0,6436
White,Huron,2014,3,57043,6440
Black,Huron,2014,0,1153,6442
American Indian or Alaskan Native,Huron,2014,0,180,6444
Asian or Pacific Islander,Huron,2014,0,250,6446
Other,Huron,2014,0,0,6448
Unknown,Huron,2014,0,0,6450
White,Huron,2015,1,56698,6454
Black,Huron,2015,0,1167,6456
American Indian or Alaskan Native,Huron,2015,0,203,6458
Asian or Pacific Islander,Huron,2015,0,257,6460
Other,Huron,2015,0,0,6462
Unknown,Huron,2015,0,0,6464
White,Huron,2016,1,56694,6468
Black,Huron,2016,0,1217,6470
American Indian or Alaskan Native,Huron,2016,0,213,6472
Asian or Pacific Islander,Huron,2016,0,262,6474
Other,Huron,2016,0,0,6476
Unknown,Huron,2016,0,0,6478
White,Huron,2017,3,56689,6482
Black,Huron,2017,0,1243,6484
American Indian or Alaskan Native,Huron,2017,0,210,6486
Asian or Pacific Islander,Huron,2017,0,261,6488
Other,Huron,2017,0,0,6490
Unknown,Huron,2017,0,0,6492
White,Huron,2018,0,56588,6496
Black,Huron,2018,0,1234,6498
American Indian or Alaskan Native,Huron,2018,0,225,6500
Asian or Pacific Islander,Huron,2018,0,269,6502
Other,Huron,2018,0,0,6504
Unknown,Huron,2018,0,0,6506
White,Huron,2019,3,56510,6510
Black,Huron,2019,0,1258,6512
American Indian or Alaskan Native,Huron,2019,0,230,6514
Asian or Pacific Islander,Huron,2019,0,271,6516
Other,Huron,2019,0,0,6518
Unknown,Huron,2019,0,0,6520
White,Huron,2020,4,56205,6524
Black,Huron,2020,1,1282,6526
American Indian or Alaskan Native,Huron,2020,0,217,6528
Asian or Pacific Islander,Huron,2020,0,275,6530
Other,Huron,2020,0,0,6532
Unknown,Huron,2020,0,0,6534
White,Jackson,2010,0,32649,6552
Black,Jackson,2010,0,321,6554
American Indian or Alaskan Native,Jackson,2010,0,152,6556
Asian or Pacific Islander,Jackson,2010,0,127,6558
Other,Jackson,2010,0,0,6560
Unknown,Jackson,2010,0,0,6562
White,Jackson,2011,1,32511,6566
Black,Jackson,2011,0,326,6568
American Indian or Alaskan Native,Jackson,2011,0,155,6570
Asian or Pacific Islander,Jackson,2011,0,134,6572
Other,Jackson,2011,0,0,6574
Unknown,Jackson,2011,0,0,6576
White,Jackson,2012,0,32253,6580
Black,Jackson,2012,0,336,6582
American Indian or Alaskan Native,Jackson,2012,0,147,6584
Asian or Pacific Islander,Jackson,2012,0,133,6586
Other,Jackson,2012,0,0,6588
Unknown,Jackson,2012,0,0,6590
White,Jackson,2013,1,32168,6594
Black,Jackson,2013,0,343,6596
American Indian or Alaskan Native,Jackson,2013,0,163,6598
Asian or Pacific Islander,Jackson,2013,0,133,6600
Other,Jackson,2013,0,0,6602
Unknown,Jackson,2013,0,0,6604
White,Jackson,2014,1,32148,6608
Black,Jackson,2014,0,333,6610
American Indian or Alaskan Native,Jackson,2014,0,160,6612
Asian or Pacific Islander,Jackson,2014,0,131,6614
Other,Jackson,2014,0,0,6616
Unknown,Jackson,2014,0,0,6618
White,Jackson,2015,0,31942,6622
Black,Jackson,2015,0,340,6624
American Indian or Alaskan Native,Jackson,2015,0,163,6626
Asian or Pacific Islander,Jackson,2015,0,130,6628
Other,Jackson,2015,0,0,6630
Unknown,Jackson,2015,0,0,6632
White,Jackson,2016,0,31918,6636
Black,Jackson,2016,0,349,6638
American Indian or Alaskan Native,Jackson,2016,0,171,6640
Asian or Pacific Islander,Jackson,2016,0,127,6642
Other,Jackson,2016,0,0,6644
Unknown,Jackson,2016,0,0,6646
White,Jackson,2017,1,31741,6650
Black,Jackson,2017,1,374,6652
American Indian or Alaskan Native,Jackson,2017,0,157,6654
Asian or Pacific Islander,Jackson,2017,0,126,6656
Other,Jackson,2017,0,0,6658
Unknown,Jackson,2017,0,0,6660
White,Jackson,2018,2,31698,6664
Black,Jackson,2018,0,364,6666
American Indian or Alaskan Native,Jackson,2018,0,178,6668
Asian or Pacific Islander,Jackson,2018,0,130,6670
Other,Jackson,2018,0,0,6672
Unknown,Jackson,2018,0,0,6674
White,Jackson,2019,1,31680,6678
Black,Jackson,2019,0,386,6680
American Indian or Alaskan Native,Jackson,2019,0,175,6682
Asian or Pacific Islander,Jackson,2019,0,131,6684
Other,Jackson,2019,0,0,6686
Unknown,Jackson,2019,0,0,6688
White,Jackson,2020,0,31780,6692
Black,Jackson,2020,0,382,6694
American Indian or Alaskan Native,Jackson,2020,0,181,6696
Asian or Pacific Islander,Jackson,2020,0,150,6698
Other,Jackson,2020,0,0,6700
Unknown,Jackson,2020,0,0,6702
White,Jefferson,2010,0,64775,6720
Black,Jefferson,2010,0,4407,6722
American Indian or Alaskan Native,Jefferson,2010,0,111,6724
Asian or Pacific Islander,Jefferson,2010,0,376,6726
Other,Jefferson,2010,0,0,6728
Unknown,Jefferson,2010,0,0,6730
White,Jefferson,2011,0,64175,6734
Black,Jefferson,2011,1,4369,6736
American Indian or Alaskan Native,Jefferson,2011,0,115,6738
Asian or Pacific Islander,Jefferson,2011,0,387,6740
Other,Jefferson,2011,0,0,6742
Unknown,Jefferson,2011,0,0,6744
White,Jefferson,2012,0,63741,6748
Black,Jefferson,2012,1,4299,6750
American Indian or Alaskan Native,Jefferson,2012,0,129,6752
Asian or Pacific Islander,Jefferson,2012,0,388,6754
Other,Jefferson,2012,0,0,6756
Unknown,Jefferson,2012,0,0,6758
White,Jefferson,2013,1,63349,6762
Black,Jefferson,2013,0,4325,6764
American Indian or Alaskan Native,Jefferson,2013,0,138,6766
Asian or Pacific Islander,Jefferson,2013,0,388,6768
Other,Jefferson,2013,0,0,6770
Unknown,Jefferson,2013,0,0,6772
White,Jefferson,2014,1,63092,6776
Black,Jefferson,2014,0,4317,6778
American Indian or Alaskan Native,Jefferson,2014,0,134,6780
Asian or Pacific Islander,Jefferson,2014,0,373,6782
Other,Jefferson,2014,0,0,6784
Unknown,Jefferson,2014,0,0,6786
White,Jefferson,2015,2,62693,6790
Black,Jefferson,2015,0,4289,6792
American Indian or Alaskan Native,Jefferson,2015,0,161,6794
Asian or Pacific Islander,Jefferson,2015,0,403,6796
Other,Jefferson,2015,0,0,6798
Unknown,Jefferson,2015,0,0,6800
White,Jefferson,2016,6,62084,6804
Black,Jefferson,2016,1,4333,6806
American Indian or Alaskan Native,Jefferson,2016,0,154,6808
Asian or Pacific Islander,Jefferson,2016,0,422,6810
Other,Jefferson,2016,0,0,6812
Unknown,Jefferson,2016,0,0,6814
White,Jefferson,2017,8,61533,6818
Black,Jefferson,2017,3,4267,6820
American Indian or Alaskan Native,Jefferson,2017,0,163,6822
Asian or Pacific Islander,Jefferson,2017,0,435,6824
Other,Jefferson,2017,0,0,6826
Unknown,Jefferson,2017,0,0,6828
White,Jefferson,2018,6,61087,6832
Black,Jefferson,2018,4,4203,6834
American Indian or Alaskan Native,Jefferson,2018,0,161,6836
Asian or Pacific Islander,Jefferson,2018,0,438,6838
Other,Jefferson,2018,0,0,6840
Unknown,Jefferson,2018,0,0,6842
White,Jefferson,2019,7,60582,6846
Black,Jefferson,2019,3,4290,6848
American Indian or Alaskan Native,Jefferson,2019,0,167,6850
Asian or Pacific Islander,Jefferson,2019,0,455,6852
Other,Jefferson,2019,0,0,6854
Unknown,Jefferson,2019,0,0,6856
White,Jefferson,2020,14,60007,6860
Black,Jefferson,2020,4,4303,6862
American Indian or Alaskan Native,Jefferson,2020,0,178,6864
Asian or Pacific Islander,Jefferson,2020,0,451,6866
Other,Jefferson,2020,0,0,6868
Unknown,Jefferson,2020,0,0,6870
White,Knox,2010,0,59778,6888
Black,Knox,2010,0,742,6890
American Indian or Alaskan Native,Knox,2010,0,145,6892
Asian or Pacific Islander,Knox,2010,0,422,6894
Other,Knox,2010,0,0,6896
Unknown,Knox,2010,0,0,6898
White,Knox,2011,1,59900,6902
Black,Knox,2011,0,782,6904
American Indian or Alaskan Native,Knox,2011,0,153,6906
Asian or Pacific Islander,Knox,2011,0,455,6908
Other,Knox,2011,0,0,6910
Unknown,Knox,2011,0,0,6912
White,Knox,2012,0,59400,6916
Black,Knox,2012,0,777,6918
American Indian or Alaskan Native,Knox,2012,0,154,6920
Asian or Pacific Islander,Knox,2012,0,450,6922
Other,Knox,2012,0,0,6924
Unknown,Knox,2012,0,0,6926
White,Knox,2013,4,59454,6930
Black,Knox,2013,0,810,6932
American Indian or Alaskan Native,Knox,2013,0,149,6934
Asian or Pacific Islander,Knox,2013,0,469,6936
Other,Knox,2013,0,0,6938
Unknown,Knox,2013,0,0,6940
White,Knox,2014,0,59612,6944
Black,Knox,2014,0,840,6946
American Indian or Alaskan Native,Knox,2014,0,150,6948
Asian or Pacific Islander,Knox,2014,0,433,6950
Other,Knox,2014,0,0,6952
Unknown,Knox,2014,0,0,6954
White,Knox,2015,1,59619,6958
Black,Knox,2015,0,834,6960
American Indian or Alaskan Native,Knox,2015,0,155,6962
Asian or Pacific Islander,Knox,2015,0,437,6964
Other,Knox,2015,0,0,6966
Unknown,Knox,2015,0,0,6968
White,Knox,2016,4,59477,6972
Black,Knox,2016,0,872,6974
American Indian or Alaskan Native,Knox,2016,0,162,6976
Asian or Pacific Islander,Knox,2016,0,442,6978
Other,Knox,2016,0,0,6980
Unknown,Knox,2016,0,0,6982
White,Knox,2017,1,59826,6986
Black,Knox,2017,0,872,6988
American Indian or Alaskan Native,Knox,2017,0,169,6990
Asian or Pacific Islander,Knox,2017,0,478,6992
Other,Knox,2017,0,0,6994
Unknown,Knox,2017,0,0,6996
White,Knox,2018,1,60345,7000
Black,Knox,2018,0,922,7002
American Indian or Alaskan Native,Knox,2018,0,173,7004
Asian or Pacific Islander,Knox,2018,0,481,7006
Other,Knox,2018,0,0,7008
Unknown,Knox,2018,0,0,7010
White,Knox,2019,2,60603,7014
Black,Knox,2019,0,965,7016
American Indian or Alaskan Native,Knox,2019,0,196,7018
Asian or Pacific Islander,Knox,2019,0,475,7020
Other,Knox,2019,0,0,7022
Unknown,Knox,2019,0,0,7024
White,Knox,2020,3,60804,7028
Black,Knox,2020,0,947,7030
American Indian or Alaskan Native,Knox,2020,0,203,7032
Asian or Pacific Islander,Knox,2020,0,469,7034
Other,Knox,2020,0,0,7036
Unknown,Knox,2020,0,0,7038
White,Lake,2010,6,217880,7056
Black,Lake,2010,0,8591,7058
American Indian or Alaskan Native,Lake,2010,0,462,7060
Asian or Pacific Islander,Lake,2010,0,3077,7062
Other,Lake,2010,0,0,7064
Unknown,Lake,2010,0,0,7066
White,Lake,2011,9,217380,7070
Black,Lake,2011,0,8957,7072
American Indian or Alaskan Native,Lake,2011,0,478,7074
Asian or Pacific Islander,Lake,2011,0,3176,7076
Other,Lake,2011,0,0,7078
Unknown,Lake,2011,0,0,7080
White,Lake,2012,6,216542,7084
Black,Lake,2012,0,9237,7086
American Indian or Alaskan Native,Lake,2012,0,467,7088
Asian or Pacific Islander,Lake,2012,0,3326,7090
Other,Lake,2012,0,0,7092
Unknown,Lake,2012,1,0,7094
White,Lake,2013,5,216389,7098
Black,Lake,2013,0,9722,7100
American Indian or Alaskan Native,Lake,2013,0,491,7102
Asian or Pacific Islander,Lake,2013,0,3483,7104
Other,Lake,2013,0,0,7106
Unknown,Lake,2013,0,0,7108
White,Lake,2014,4,215741,7112
Black,Lake,2014,0,9966,7114
American Indian or Alaskan Native,Lake,2014,0,517,7116
Asian or Pacific Islander,Lake,2014,0,3641,7118
Other,Lake,2014,0,0,7120
Unknown,Lake,2014,0,0,7122
White,Lake,2015,11,215289,7126
Black,Lake,2015,0,10273,7128
American Indian or Alaskan Native,Lake,2015,0,507,7130
Asian or Pacific Islander,Lake,2015,0,3774,7132
Other,Lake,2015,0,0,7134
Unknown,Lake,2015,0,0,7136
White,Lake,2016,17,214411,7140
Black,Lake,2016,2,10594,7142
American Indian or Alaskan Native,Lake,2016,0,525,7144
Asian or Pacific Islander,Lake,2016,0,3969,7146
Other,Lake,2016,0,0,7148
Unknown,Lake,2016,0,0,7150
White,Lake,2017,27,214074,7154
Black,Lake,2017,1,11430,7156
American Indian or Alaskan Native,Lake,2017,0,573,7158
Asian or Pacific Islander,Lake,2017,0,4037,7160
Other,Lake,2017,0,0,7162
Unknown,Lake,2017,0,0,7164
White,Lake,2018,26,213246,7168
Black,Lake,2018,1,12009,7170
American Indian or Alaskan Native,Lake,2018,0,580,7172
Asian or Pacific Islander,Lake,2018,0,4021,7174
Other,Lake,2018,0,0,7176
Unknown,Lake,2018,0,0,7178
White,Lake,2019,25,212674,7182
Black,Lake,2019,3,12444,7184
American Indian or Alaskan Native,Lake,2019,0,592,7186
Asian or Pacific Islander,Lake,2019,0,4029,7188
Other,Lake,2019,0,0,7190
Unknown,Lake,2019,0,0,7192
White,Lake,2020,17,211822,7196
Black,Lake,2020,1,12957,7198
American Indian or Alaskan Native,Lake,2020,0,615,7200
Asian or Pacific Islander,Lake,2020,0,4175,7202
Other,Lake,2020,0,0,7204
Unknown,Lake,2020,0,0,7206
White,Lawrence,2010,0,60380,7224
Black,Lawrence,2010,0,1622,7226
American Indian or Alaskan Native,Lawrence,2010,0,134,7228
Asian or Pacific Islander,Lawrence,2010,0,292,7230
Other,Lawrence,2010,0,0,7232
Unknown,Lawrence,2010,0,0,7234
White,Lawrence,2011,2,60313,7238
Black,Lawrence,2011,0,1655,7240
American Indian or Alaskan Native,Lawrence,2011,0,153,7242
Asian or Pacific Islander,Lawrence,2011,0,311,7244
Other,Lawrence,2011,0,0,7246
Unknown,Lawrence,2011,0,0,7248
White,Lawrence,2012,1,60073,7252
Black,Lawrence,2012,0,1648,7254
American Indian or Alaskan Native,Lawrence,2012,0,150,7256
Asian or Pacific Islander,Lawrence,2012,0,306,7258
Other,Lawrence,2012,0,0,7260
Unknown,Lawrence,2012,0,0,7262
White,Lawrence,2013,2,59800,7266
Black,Lawrence,2013,0,1660,7268
American Indian or Alaskan Native,Lawrence,2013,0,148,7270
Asian or Pacific Islander,Lawrence,2013,0,300,7272
Other,Lawrence,2013,0,0,7274
Unknown,Lawrence,2013,0,0,7276
White,Lawrence,2014,0,59503,7280
Black,Lawrence,2014,0,1659,7282
American Indian or Alaskan Native,Lawrence,2014,0,144,7284
Asian or Pacific Islander,Lawrence,2014,0,293,7286
Other,Lawrence,2014,0,0,7288
Unknown,Lawrence,2014,0,0,7290
White,Lawrence,2015,2,58879,7294
Black,Lawrence,2015,0,1652,7296
American Indian or Alaskan Native,Lawrence,2015,0,146,7298
Asian or Pacific Islander,Lawrence,2015,0,313,7300
Other,Lawrence,2015,0,0,7302
Unknown,Lawrence,2015,0,0,7304
White,Lawrence,2016,3,58670,7308
Black,Lawrence,2016,0,1675,7310
American Indian or Alaskan Native,Lawrence,2016,0,145,7312
Asian or Pacific Islander,Lawrence,2016,0,327,7314
Other,Lawrence,2016,0,0,7316
Unknown,Lawrence,2016,0,0,7318
White,Lawrence,2017,3,58052,7322
Black,Lawrence,2017,0,1663,7324
American Indian or Alaskan Native,Lawrence,2017,0,145,7326
Asian or Pacific Islander,Lawrence,2017,0,316,7328
Other,Lawrence,2017,0,0,7330
Unknown,Lawrence,2017,0,0,7332
White,Lawrence,2018,6,57714,7336
Black,Lawrence,2018,0,1681,7338
American Indian or Alaskan Native,Lawrence,2018,0,142,7340
Asian or Pacific Islander,Lawrence,2018,0,327,7342
Other,Lawrence,2018,0,0,7344
Unknown,Lawrence,2018,1,0,7346
White,Lawrence,2019,3,57396,7350
Black,Lawrence,2019,0,1684,7352
American Indian or Alaskan Native,Lawrence,2019,0,145,7354
Asian or Pacific Islander,Lawrence,2019,0,331,7356
Other,Lawrence,2019,0,0,7358
Unknown,Lawrence,2019,0,0,7360
White,Lawrence,2020,3,56905,7364
Black,Lawrence,2020,0,1703,7366
American Indian or Alaskan Native,Lawrence,2020,0,159,7368
Asian or Pacific Islander,Lawrence,2020,0,324,7370
Other,Lawrence,2020,0,0,7372
Unknown,Lawrence,2020,0,0,7374
White,Licking,2010,1,157763,7392
Black,Licking,2010,0,6748,7394
American Indian or Alaskan Native,Licking,2010,0,614,7396
Asian or Pacific Islander,Licking,2010,0,1600,7398
Other,Licking,2010,0,0,7400
Unknown,Licking,2010,0,0,7402
White,Licking,2011,2,158020,7406
Black,Licking,2011,0,6942,7408
American Indian or Alaskan Native,Licking,2011,0,645,7410
Asian or Pacific Islander,Licking,2011,0,1588,7412
Other,Licking,2011,0,0,7414
Unknown,Licking,2011,0,0,7416
White,Licking,2012,0,158147,7420
Black,Licking,2012,0,7105,7422
American Indian or Alaskan Native,Licking,2012,0,671,7424
Asian or Pacific Islander,Licking,2012,0,1713,7426
Other,Licking,2012,0,0,7428
Unknown,Licking,2012,0,0,7430
White,Licking,2013,3,158777,7434
Black,Licking,2013,0,7279,7436
American Indian or Alaskan Native,Licking,2013,0,665,7438
Asian or Pacific Islander,Licking,2013,0,1811,7440
Other,Licking,2013,0,0,7442
Unknown,Licking,2013,0,0,7444
White,Licking,2014,3,159487,7448
Black,Licking,2014,0,7437,7450
American Indian or Alaskan Native,Licking,2014,0,681,7452
Asian or Pacific Islander,Licking,2014,0,1901,7454
Other,Licking,2014,0,0,7456
Unknown,Licking,2014,0,0,7458
White,Licking,2015,1,160312,7462
Black,Licking,2015,0,7641,7464
American Indian or Alaskan Native,Licking,2015,0,685,7466
Asian or Pacific Islander,Licking,2015,0,2083,7468
Other,Licking,2015,0,0,7470
Unknown,Licking,2015,0,0,7472
White,Licking,2016,0,161115,7476
Black,Licking,2016,0,7946,7478
American Indian or Alaskan Native,Licking,2016,0,676,7480
Asian or Pacific Islander,Licking,2016,0,2429,7482
Other,Licking,2016,0,0,7484
Unknown,Licking,2016,0,0,7486
White,Licking,2017,0,161868,7490
Black,Licking,2017,1,8296,7492
American Indian or Alaskan Native,Licking,2017,0,720,7494
Asian or Pacific Islander,Licking,2017,0,2906,7496
Other,Licking,2017,0,0,7498
Unknown,Licking,2017,0,0,7500
White,Licking,2018,2,162775,7504
Black,Licking,2018,0,8549,7506
American Indian or Alaskan Native,Licking,2018,0,739,7508
Asian or Pacific Islander,Licking,2018,0,3753,7510
Other,Licking,2018,0,0,7512
Unknown,Licking,2018,0,0,7514
White,Licking,2019,4,162814,7518
Black,Licking,2019,0,8978,7520
American Indian or Alaskan Native,Licking,2019,0,771,7522
Asian or Pacific Islander,Licking,2019,0,4611,7524
Other,Licking,2019,0,0,7526
Unknown,Licking,2019,0,0,7528
White,Licking,2020,4,162777,7532
Black,Licking,2020,2,9114,7534
American Indian or Alaskan Native,Licking,2020,0,807,7536
Asian or Pacific Islander,Licking,2020,0,5402,7538
Other,Licking,2020,0,0,7540
Unknown,Licking,2020,0,0,7542
White,Logan,2010,1,44131,7560
Black,Logan,2010,0,1168,7562
American Indian or Alaskan Native,Logan,2010,0,149,7564
Asian or Pacific Islander,Logan,2010,0,295,7566
Other,Logan,2010,0,0,7568
Unknown,Logan,2010,0,0,7570
White,Logan,2011,0,44035,7574
Black,Logan,2011,0,1144,7576
American Indian or Alaskan Native,Logan,2011,0,134,7578
Asian or Pacific Islander,Logan,2011,0,312,7580
Other,Logan,2011,0,0,7582
Unknown,Logan,2011,0,0,7584
White,Logan,2012,0,43791,7588
Black,Logan,2012,0,1164,7590
American Indian or Alaskan Native,Logan,2012,0,136,7592
Asian or Pacific Islander,Logan,2012,0,321,7594
Other,Logan,2012,0,0,7596
Unknown,Logan,2012,0,0,7598
White,Logan,2013,1,43647,7602
Black,Logan,2013,0,1242,7604
American Indian or Alaskan Native,Logan,2013,0,155,7606
Asian or Pacific Islander,Logan,2013,0,355,7608
Other,Logan,2013,0,0,7610
Unknown,Logan,2013,0,0,7612
White,Logan,2014,1,43666,7616
Black,Logan,2014,0,1271,7618
American Indian or Alaskan Native,Logan,2014,0,157,7620
Asian or Pacific Islander,Logan,2014,0,383,7622
Other,Logan,2014,0,0,7624
Unknown,Logan,2014,0,0,7626
White,Logan,2015,2,43454,7630
Black,Logan,2015,0,1256,7632
American Indian or Alaskan Native,Logan,2015,0,173,7634
Asian or Pacific Islander,Logan,2015,0,372,7636
Other,Logan,2015,0,0,7638
Unknown,Logan,2015,0,0,7640
White,Logan,2016,6,43311,7644
Black,Logan,2016,0,1279,7646
American Indian or Alaskan Native,Logan,2016,0,181,7648
Asian or Pacific Islander,Logan,2016,0,374,7650
Other,Logan,2016,0,0,7652
Unknown,Logan,2016,0,0,7654
White,Logan,2017,4,43334,7658
Black,Logan,2017,1,1321,7660
American Indian or Alaskan Native,Logan,2017,0,174,7662
Asian or Pacific Islander,Logan,2017,0,388,7664
Other,Logan,2017,0,0,7666
Unknown,Logan,2017,0,0,7668
White,Logan,2018,3,43382,7672
Black,Logan,2018,0,1326,7674
American Indian or Alaskan Native,Logan,2018,0,175,7676
Asian or Pacific Islander,Logan,2018,0,408,7678
Other,Logan,2018,0,0,7680
Unknown,Logan,2018,0,0,7682
White,Logan,2019,2,43651,7686
Black,Logan,2019,0,1358,7688
American Indian or Alaskan Native,Logan,2019,0,168,7690
Asian or Pacific Islander,Logan,2019,0,417,7692
Other,Logan,2019,0,0,7694
Unknown,Logan,2019,0,0,7696
White,Logan,2020,2,43298,7700
Black,Logan,2020,0,1387,7702
American Indian or Alaskan Native,Logan,2020,0,176,7704
Asian or Pacific Islander,Logan,2020,0,465,7706
Other,Logan,2020,0,0,7708
Unknown,Logan,2020,0,0,7710
White,Lorain,2010,2,266525,7728
Black,Lorain,2010,1,29815,7730
American Indian or Alaskan Native,Lorain,2010,0,1480,7732
Asian or Pacific Islander,Lorain,2010,0,3659,7734
Other,Lorain,2010,0,0,7736
Unknown,Lorain,2010,0,0,7738
White,Lorain,2011,3,266755,7742
Black,Lorain,2011,0,29806,7744
American Indian or Alaskan Native,Lorain,2011,0,1476,7746
Asian or Pacific Islander,Lorain,2011,0,3862,7748
Other,Lorain,2011,0,0,7750
Unknown,Lorain,2011,0,0,7752
White,Lorain,2012,6,266482,7756
Black,Lorain,2012,1,29789,7758
American Indian or Alaskan Native,Lorain,2012,0,1470,7760
Asian or Pacific Islander,Lorain,2012,0,4016,7762
Other,Lorain,2012,0,0,7764
Unknown,Lorain,2012,0,0,7766
White,Lorain,2013,11,267358,7770
Black,Lorain,2013,3,30085,7772
American Indian or Alaskan Native,Lorain,2013,0,1488,7774
Asian or Pacific Islander,Lorain,2013,0,4228,7776
Other,Lorain,2013,0,0,7778
Unknown,Lorain,2013,0,0,7780
White,Lorain,2014,12,268246,7784
Black,Lorain,2014,2,30315,7786
American Indian or Alaskan Native,Lorain,2014,0,1547,7788
Asian or Pacific Islander,Lorain,2014,0,4443,7790
Other,Lorain,2014,0,0,7792
Unknown,Lorain,2014,0,0,7794
White,Lorain,2015,16,268612,7798
Black,Lorain,2015,1,30759,7800
American Indian or Alaskan Native,Lorain,2015,0,1569,7802
Asian or Pacific Islander,Lorain,2015,0,4593,7804
Other,Lorain,2015,0,0,7806
Unknown,Lorain,2015,0,0,7808
White,Lorain,2016,50,269145,7812
Black,Lorain,2016,7,31168,7814
American Indian or Alaskan Native,Lorain,2016,0,1586,7816
Asian or Pacific Islander,Lorain,2016,1,4777,7818
Other,Lorain,2016,0,0,7820
Unknown,Lorain,2016,1,0,7822
White,Lorain,2017,47,269600,7826
Black,Lorain,2017,12,31411,7828
American Indian or Alaskan Native,Lorain,2017,0,1575,7830
Asian or Pacific Islander,Lorain,2017,0,4912,7832
Other,Lorain,2017,0,0,7834
Unknown,Lorain,2017,3,0,7836
White,Lorain,2018,40,270831,7840
Black,Lorain,2018,7,31783,7842
American Indian or Alaskan Native,Lorain,2018,0,1570,7844
Asian or Pacific Islander,Lorain,2018,0,5038,7846
Other,Lorain,2018,0,0,7848
Unknown,Lorain,2018,0,0,7850
White,Lorain,2019,41,271348,7854
Black,Lorain,2019,5,31911,7856
American Indian or Alaskan Native,Lorain,2019,0,1636,7858
Asian or Pacific Islander,Lorain,2019,0,5205,7860
Other,Lorain,2019,0,0,7862
Unknown,Lorain,2019,1,0,7864
White,Lorain,2020,35,272962,7868
Black,Lorain,2020,4,32139,7870
American Indian or Alaskan Native,Lorain,2020,0,1665,7872
Asian or Pacific Islander,Lorain,2020,0,5406,7874
Other,Lorain,2020,0,0,7876
Unknown,Lorain,2020,0,0,7878
White,Lucas,2010,5,340456,7896
Black,Lucas,2010,0,90817,7898
American Indian or Alaskan Native,Lucas,2010,0,2298,7900
Asian or Pacific Islander,Lucas,2010,0,7876,7902
Other,Lucas,2010,0,0,7904
Unknown,Lucas,2010,0,0,7906
White,Lucas,2011,4,338086,7910
Black,Lucas,2011,0,91003,7912
American Indian or Alaskan Native,Lucas,2011,0,2313,7914
Asian or Pacific Islander,Lucas,2011,0,8007,7916
Other,Lucas,2011,0,0,7918
Unknown,Lucas,2011,0,0,7920
White,Lucas,2012,15,335499,7924
Black,Lucas,2012,5,90988,7926
American Indian or Alaskan Native,Lucas,2012,0,2269,7928
Asian or Pacific Islander,Lucas,2012,0,8090,7930
Other,Lucas,2012,0,0,7932
Unknown,Lucas,2012,0,0,7934
White,Lucas,2013,15,334132,7938
Black,Lucas,2013,4,91416,7940
American Indian or Alaskan Native,Lucas,2013,0,2309,7942
Asian or Pacific Islander,Lucas,2013,0,8412,7944
Other,Lucas,2013,0,0,7946
Unknown,Lucas,2013,0,0,7948
White,Lucas,2014,24,332104,7952
Black,Lucas,2014,9,91790,7954
American Indian or Alaskan Native,Lucas,2014,0,2302,7956
Asian or Pacific Islander,Lucas,2014,0,8540,7958
Other,Lucas,2014,0,0,7960
Unknown,Lucas,2014,0,0,7962
White,Lucas,2015,17,330384,7966
Black,Lucas,2015,8,92541,7968
American Indian or Alaskan Native,Lucas,2015,0,2309,7970
Asian or Pacific Islander,Lucas,2015,0,8592,7972
Other,Lucas,2015,0,0,7974
Unknown,Lucas,2015,0,0,7976
White,Lucas,2016,25,328859,7980
Black,Lucas,2016,6,93309,7982
American Indian or Alaskan Native,Lucas,2016,0,2348,7984
Asian or Pacific Islander,Lucas,2016,0,8597,7986
Other,Lucas,2016,0,0,7988
Unknown,Lucas,2016,0,0,7990
White,Lucas,2017,37,326760,7994
Black,Lucas,2017,16,93556,7996
American Indian or Alaskan Native,Lucas,2017,0,2354,7998
Asian or Pacific Islander,Lucas,2017,1,8642,8000
Other,Lucas,2017,0,0,8002
Unknown,Lucas,2017,0,0,8004
White,Lucas,2018,26,324598,8008
Black,Lucas,2018,3,94371,8010
American Indian or Alaskan Native,Lucas,2018,0,2377,8012
Asian or Pacific Islander,Lucas,2018,0,8644,8014
Other,Lucas,2018,0,0,8016
Unknown,Lucas,2018,0,0,8018
White,Lucas,2019,34,323272,8022
Black,Lucas,2019,17,94542,8024
American Indian or Alaskan Native,Lucas,2019,0,2391,8026
Asian or Pacific Islander,Lucas,2019,0,8683,8028
Other,Lucas,2019,0,0,8030
Unknown,Lucas,2019,0,0,8032
White,Lucas,2020,48,322077,8036
Black,Lucas,2020,17,95090,8038
American Indian or Alaskan Native,Lucas,2020,0,2433,8040
Asian or Pacific Islander,Lucas,2020,0,8694,8042
Other,Lucas,2020,0,0,8044
Unknown,Lucas,2020,0,0,8046
White,Madison,2010,0,39929,8064
Black,Madison,2010,0,3089,8066
American Indian or Alaskan Native,Madison,2010,0,119,8068
Asian or Pacific Islander,Madison,2010,0,297,8070
Other,Madison,2010,0,0,8072
Unknown,Madison,2010,0,0,8074
White,Madison,2011,1,39671,8078
Black,Madison,2011,0,2993,8080
American Indian or Alaskan Native,Madison,2011,0,113,8082
Asian or Pacific Islander,Madison,2011,0,343,8084
Other,Madison,2011,0,0,8086
Unknown,Madison,2011,0,0,8088
White,Madison,2012,0,39492,8092
Black,Madison,2012,1,2998,8094
American Indian or Alaskan Native,Madison,2012,0,118,8096
Asian or Pacific Islander,Madison,2012,0,388,8098
Other,Madison,2012,0,0,8100
Unknown,Madison,2012,0,0,8102
White,Madison,2013,0,39749,8106
Black,Madison,2013,0,2955,8108
American Indian or Alaskan Native,Madison,2013,0,121,8110
Asian or Pacific Islander,Madison,2013,0,438,8112
Other,Madison,2013,0,0,8114
Unknown,Madison,2013,0,0,8116
White,Madison,2014,2,40195,8120
Black,Madison,2014,0,3138,8122
American Indian or Alaskan Native,Madison,2014,0,140,8124
Asian or Pacific Islander,Madison,2014,0,515,8126
Other,Madison,2014,0,0,8128
Unknown,Madison,2014,0,0,8130
White,Madison,2015,2,40269,8134
Black,Madison,2015,0,3168,8136
American Indian or Alaskan Native,Madison,2015,0,139,8138
Asian or Pacific Islander,Madison,2015,0,573,8140
Other,Madison,2015,0,0,8142
Unknown,Madison,2015,0,0,8144
White,Madison,2016,3,39726,8148
Black,Madison,2016,1,2889,8150
American Indian or Alaskan Native,Madison,2016,0,148,8152
Asian or Pacific Islander,Madison,2016,0,637,8154
Other,Madison,2016,0,0,8156
Unknown,Madison,2016,0,0,8158
White,Madison,2017,6,40121,8162
Black,Madison,2017,0,3147,8164
American Indian or Alaskan Native,Madison,2017,0,156,8166
Asian or Pacific Islander,Madison,2017,0,653,8168
Other,Madison,2017,0,0,8170
Unknown,Madison,2017,0,0,8172
White,Madison,2018,2,40468,8176
Black,Madison,2018,0,3084,8178
American Indian or Alaskan Native,Madison,2018,0,156,8180
Asian or Pacific Islander,Madison,2018,0,685,8182
Other,Madison,2018,0,0,8184
Unknown,Madison,2018,0,0,8186
White,Madison,2019,4,40786,8190
Black,Madison,2019,0,3178,8192
American Indian or Alaskan Native,Madison,2019,0,170,8194
Asian or Pacific Islander,Madison,2019,0,678,8196
Other,Madison,2019,0,0,8198
Unknown,Madison,2019,0,0,8200
White,Madison,2020,0,40648,8204
Black,Madison,2020,0,3020,8206
American Indian or Alaskan Native,Madison,2020,0,167,8208
Asian or Pacific Islander,Madison,2020,0,724,8210
Other,Madison,2020,0,0,8212
Unknown,Madison,2020,0,0,8214
White,Mahoning,2010,9,195398,8232
Black,Mahoning,2010,2,40055,8234
American Indian or Alaskan Native,Mahoning,2010,0,795,8236
Asian or Pacific Islander,Mahoning,2010,0,2067,8238
Other,Mahoning,2010,0,0,8240
Unknown,Mahoning,2010,0,0,8242
White,Mahoning,2011,7,194216,8246
Black,Mahoning,2011,3,40094,8248
American Indian or Alaskan Native,Mahoning,2011,0,820,8250
Asian or Pacific Islander,Mahoning,2011,0,2174,8252
Other,Mahoning,2011,0,0,8254
Unknown,Mahoning,2011,2,0,8256
White,Mahoning,2012,9,192863,8260
Black,Mahoning,2012,1,39737,8262
American Indian or Alaskan Native,Mahoning,2012,0,821,8264
Asian or Pacific Islander,Mahoning,2012,0,2268,8266
Other,Mahoning,2012,0,0,8268
Unknown,Mahoning,2012,1,0,8270
White,Mahoning,2013,13,191684,8274
Black,Mahoning,2013,4,39568,8276
American Indian or Alaskan Native,Mahoning,2013,0,829,8278
Asian or Pacific Islander,Mahoning,2013,0,2350,8280
Other,Mahoning,2013,0,0,8282
Unknown,Mahoning,2013,0,0,8284
White,Mahoning,2014,8,190708,8288
Black,Mahoning,2014,2,39558,8290
American Indian or Alaskan Native,Mahoning,2014,0,813,8292
Asian or Pacific Islander,Mahoning,2014,0,2393,8294
Other,Mahoning,2014,0,0,8296
Unknown,Mahoning,2014,0,0,8298
White,Mahoning,2015,11,189308,8302
Black,Mahoning,2015,4,39364,8304
American Indian or Alaskan Native,Mahoning,2015,0,860,8306
Asian or Pacific Islander,Mahoning,2015,0,2456,8308
Other,Mahoning,2015,0,0,8310
Unknown,Mahoning,2015,0,0,8312
White,Mahoning,2016,22,187826,8316
Black,Mahoning,2016,7,39096,8318
American Indian or Alaskan Native,Mahoning,2016,0,863,8320
Asian or Pacific Islander,Mahoning,2016,0,2478,8322
Other,Mahoning,2016,0,0,8324
Unknown,Mahoning,2016,0,0,8326
White,Mahoning,2017,47,186993,8330
Black,Mahoning,2017,6,39126,8332
American Indian or Alaskan Native,Mahoning,2017,0,877,8334
Asian or Pacific Islander,Mahoning,2017,0,2442,8336
Other,Mahoning,2017,0,0,8338
Unknown,Mahoning,2017,1,0,8340
White,Mahoning,2018,38,186140,8344
Black,Mahoning,2018,14,39431,8346
American Indian or Alaskan Native,Mahoning,2018,0,889,8348
Asian or Pacific Islander,Mahoning,2018,0,2515,8350
Other,Mahoning,2018,0,0,8352
Unknown,Mahoning,2018,0,0,8354
White,Mahoning,2019,38,184853,8358
Black,Mahoning,2019,15,39202,8360
American Indian or Alaskan Native,Mahoning,2019,0,912,8362
Asian or Pacific Islander,Mahoning,2019,0,2543,8364
Other,Mahoning,2019,0,0,8366
Unknown,Mahoning,2019,1,0,8368
White,Mahoning,2020,35,183571,8372
Black,Mahoning,2020,15,38970,8374
American Indian or Alaskan Native,Mahoning,2020,0,965,8376
Asian or Pacific Islander,Mahoning,2020,0,2569,8378
Other,Mahoning,2020,0,0,8380
Unknown,Mahoning,2020,0,0,8382
White,Marion,2010,1,61507,8400
Black,Marion,2010,0,4349,8402
American Indian or Alaskan Native,Marion,2010,0,196,8404
Asian or Pacific Islander,Marion,2010,0,407,8406
Other,Marion,2010,0,0,8408
Unknown,Marion,2010,0,0,8410
White,Marion,2011,2,61474,8414
Black,Marion,2011,0,4507,8416
American Indian or Alaskan Native,Marion,2011,0,202,8418
Asian or Pacific Islander,Marion,2011,0,431,8420
Other,Marion,2011,0,0,8422
Unknown,Marion,2011,0,0,8424
White,Marion,2012,5,61090,8428
Black,Marion,2012,0,4585,8430
American Indian or Alaskan Native,Marion,2012,0,204,8432
Asian or Pacific Islander,Marion,2012,0,422,8434
Other,Marion,2012,0,0,8436
Unknown,Marion,2012,0,0,8438
White,Marion,2013,2,60708,8442
Black,Marion,2013,1,4624,8444
American Indian or Alaskan Native,Marion,2013,0,195,8446
Asian or Pacific Islander,Marion,2013,0,469,8448
Other,Marion,2013,0,0,8450
Unknown,Marion,2013,0,0,8452
White,Marion,2014,8,60436,8456
Black,Marion,2014,0,4727,8458
American Indian or Alaskan Native,Marion,2014,0,215,8460
Asian or Pacific Islander,Marion,2014,0,444,8462
Other,Marion,2014,0,0,8464
Unknown,Marion,2014,0,0,8466
White,Marion,2015,3,59989,8470
Black,Marion,2015,0,4792,8472
American Indian or Alaskan Native,Marion,2015,0,227,8474
Asian or Pacific Islander,Marion,2015,0,462,8476
Other,Marion,2015,0,0,8478
Unknown,Marion,2015,1,0,8480
White,Marion,2016,9,59849,8484
Black,Marion,2016,0,4933,8486
American Indian or Alaskan Native,Marion,2016,0,220,8488
Asian or Pacific Islander,Marion,2016,0,479,8490
Other,Marion,2016,0,0,8492
Unknown,Marion,2016,0,0,8494
White,Marion,2017,5,59530,8498
Black,Marion,2017,2,4905,8500
American Indian or Alaskan Native,Marion,2017,0,222,8502
Asian or Pacific Islander,Marion,2017,0,456,8504
Other,Marion,2017,0,0,8506
Unknown,Marion,2017,0,0,8508
White,Marion,2018,4,59782,8512
Black,Marion,2018,0,4919,8514
American Indian or Alaskan Native,Marion,2018,0,253,8516
Asian or Pacific Islander,Marion,2018,0,472,8518
Other,Marion,2018,0,0,8520
Unknown,Marion,2018,0,0,8522
White,Marion,2019,4,59434,8526
Black,Marion,2019,2,4899,8528
American Indian or Alaskan Native,Marion,2019,0,260,8530
Asian or Pacific Islander,Marion,2019,0,464,8532
Other,Marion,2019,0,0,8534
Unknown,Marion,2019,0,0,8536
White,Marion,2020,6,59240,8540
Black,Marion,2020,1,4827,8542
American Indian or Alaskan Native,Marion,2020,0,281,8544
Asian or Pacific Islander,Marion,2020,0,472,8546
Other,Marion,2020,0,0,8548
Unknown,Marion,2020,0,0,8550
White,Medina,2010,0,167693,8568
Black,Medina,2010,0,2526,8570
American Indian or Alaskan Native,Medina,2010,0,330,8572
Asian or Pacific Islander,Medina,2010,0,1954,8574
Other,Medina,2010,0,0,8576
Unknown,Medina,2010,0,0,8578
White,Medina,2011,3,168524,8582
Black,Medina,2011,0,2624,8584
American Indian or Alaskan Native,Medina,2011,0,340,8586
Asian or Pacific Islander,Medina,2011,0,2026,8588
Other,Medina,2011,0,0,8590
Unknown,Medina,2011,0,0,8592
White,Medina,2012,2,168447,8596
Black,Medina,2012,0,2727,8598
American Indian or Alaskan Native,Medina,2012,0,354,8600
Asian or Pacific Islander,Medina,2012,0,2120,8602
Other,Medina,2012,0,0,8604
Unknown,Medina,2012,0,0,8606
White,Medina,2013,1,169241,8610
Black,Medina,2013,0,2844,8612
American Indian or Alaskan Native,Medina,2013,0,364,8614
Asian or Pacific Islander,Medina,2013,0,2223,8616
Other,Medina,2013,0,0,8618
Unknown,Medina,2013,0,0,8620
White,Medina,2014,4,170254,8624
Black,Medina,2014,0,2947,8626
American Indian or Alaskan Native,Medina,2014,0,365,8628
Asian or Pacific Islander,Medina,2014,0,2332,8630
Other,Medina,2014,0,0,8632
Unknown,Medina,2014,0,0,8634
White,Medina,2015,3,170424,8638
Black,Medina,2015,1,2996,8640
American Indian or Alaskan Native,Medina,2015,0,373,8642
Asian or Pacific Islander,Medina,2015,0,2392,8644
Other,Medina,2015,0,0,8646
Unknown,Medina,2015,0,0,8648
White,Medina,2016,9,171066,8652
Black,Medina,2016,0,3088,8654
American Indian or Alaskan Native,Medina,2016,0,388,8656
Asian or Pacific Islander,Medina,2016,0,2459,8658
Other,Medina,2016,0,0,8660
Unknown,Medina,2016,0,0,8662
White,Medina,2017,5,172220,8666
Black,Medina,2017,1,3202,8668
American Indian or Alaskan Native,Medina,2017,0,396,8670
Asian or Pacific Islander,Medina,2017,0,2521,8672
Other,Medina,2017,0,0,8674
Unknown,Medina,2017,0,0,8676
White,Medina,2018,9,172913,8680
Black,Medina,2018,0,3279,8682
American Indian or Alaskan Native,Medina,2018,0,426,8684
Asian or Pacific Islander,Medina,2018,0,2587,8686
Other,Medina,2018,0,0,8688
Unknown,Medina,2018,0,0,8690
White,Medina,2019,5,173544,8694
Black,Medina,2019,0,3425,8696
American Indian or Alaskan Native,Medina,2019,0,464,8698
Asian or Pacific Islander,Medina,2019,0,2688,8700
Other,Medina,2019,0,0,8702
Unknown,Medina,2019,0,0,8704
White,Medina,2020,5,174113,8708
Black,Medina,2020,0,3554,8710
American Indian or Alaskan Native,Medina,2020,0,465,8712
Asian or Pacific Islander,Medina,2020,0,2780,8714
Other,Medina,2020,0,0,8716
Unknown,Medina,2020,0,0,8718
White,Meigs,2010,0,23302,8736
Black,Meigs,2010,0,301,8738
American Indian or Alaskan Native,Meigs,2010,0,66,8740
Asian or Pacific Islander,Meigs,2010,0,63,8742
Other,Meigs,2010,0,0,8744
Unknown,Meigs,2010,0,0,8746
White,Meigs,2011,0,23231,8750
Black,Meigs,2011,0,292,8752
American Indian or Alaskan Native,Meigs,2011,0,61,8754
Asian or Pacific Islander,Meigs,2011,0,66,8756
Other,Meigs,2011,0,0,8758
Unknown,Meigs,2011,0,0,8760
White,Meigs,2012,0,23152,8764
Black,Meigs,2012,0,293,8766
American Indian or Alaskan Native,Meigs,2012,0,67,8768
Asian or Pacific Islander,Meigs,2012,0,63,8770
Other,Meigs,2012,0,0,8772
Unknown,Meigs,2012,0,0,8774
White,Meigs,2013,0,23011,8778
Black,Meigs,2013,0,306,8780
American Indian or Alaskan Native,Meigs,2013,0,67,8782
Asian or Pacific Islander,Meigs,2013,0,64,8784
Other,Meigs,2013,0,0,8786
Unknown,Meigs,2013,0,0,8788
White,Meigs,2014,0,22862,8792
Black,Meigs,2014,0,294,8794
American Indian or Alaskan Native,Meigs,2014,0,64,8796
Asian or Pacific Islander,Meigs,2014,0,65,8798
Other,Meigs,2014,0,0,8800
Unknown,Meigs,2014,0,0,8802
White,Meigs,2015,0,22760,8806
Black,Meigs,2015,0,299,8808
American Indian or Alaskan Native,Meigs,2015,0,70,8810
Asian or Pacific Islander,Meigs,2015,0,63,8812
Other,Meigs,2015,0,0,8814
Unknown,Meigs,2015,0,0,8816
White,Meigs,2016,4,22742,8820
Black,Meigs,2016,0,305,8822
American Indian or Alaskan Native,Meigs,2016,0,72,8824
Asian or Pacific Islander,Meigs,2016,0,70,8826
Other,Meigs,2016,0,0,8828
Unknown,Meigs,2016,0,0,8830
White,Meigs,2017,1,22622,8834
Black,Meigs,2017,0,323,8836
American Indian or Alaskan Native,Meigs,2017,0,74,8838
Asian or Pacific Islander,Meigs,2017,0,64,8840
Other,Meigs,2017,0,0,8842
Unknown,Meigs,2017,0,0,8844
White,Meigs,2018,1,22584,8848
Black,Meigs,2018,0,324,8850
American Indian or Alaskan Native,Meigs,2018,0,76,8852
Asian or Pacific Islander,Meigs,2018,0,66,8854
Other,Meigs,2018,0,0,8856
Unknown,Meigs,2018,0,0,8858
White,Meigs,2019,1,22375,8862
Black,Meigs,2019,0,351,8864
American Indian or Alaskan Native,Meigs,2019,0,82,8866
Asian or Pacific Islander,Meigs,2019,0,60,8868
Other,Meigs,2019,0,0,8870
Unknown,Meigs,2019,0,0,8872
White,Meigs,2020,0,22222,8876
Black,Meigs,2020,0,304,8878
American Indian or Alaskan Native,Meigs,2020,0,81,8880
Asian or Pacific Islander,Meigs,2020,0,71,8882
Other,Meigs,2020,0,0,8884
Unknown,Meigs,2020,0,0,8886
White,Mercer,2010,0,40152,8904
Black,Mercer,2010,0,254,8906
American Indian or Alaskan Native,Mercer,2010,0,114,8908
Asian or Pacific Islander,Mercer,2010,0,271,8910
Other,Mercer,2010,0,0,8912
Unknown,Mercer,2010,0,0,8914
White,Mercer,2011,0,40076,8918
Black,Mercer,2011,0,247,8920
American Indian or Alaskan Native,Mercer,2011,0,114,8922
Asian or Pacific Islander,Mercer,2011,0,283,8924
Other,Mercer,2011,0,0,8926
Unknown,Mercer,2011,0,0,8928
White,Mercer,2012,0,40007,8932
Black,Mercer,2012,0,276,8934
American Indian or Alaskan Native,Mercer,2012,0,116,8936
Asian or Pacific Islander,Mercer,2012,0,311,8938
Other,Mercer,2012,0,0,8940
Unknown,Mercer,2012,0,0,8942
White,Mercer,2013,0,39896,8946
Black,Mercer,2013,0,289,8948
American Indian or Alaskan Native,Mercer,2013,0,119,8950
Asian or Pacific Islander,Mercer,2013,0,319,8952
Other,Mercer,2013,0,0,8954
Unknown,Mercer,2013,0,0,8956
White,Mercer,2014,1,39971,8960
Black,Mercer,2014,0,307,8962
American Indian or Alaskan Native,Mercer,2014,0,128,8964
Asian or Pacific Islander,Mercer,2014,0,333,8966
Other,Mercer,2014,0,0,8968
Unknown,Mercer,2014,0,0,8970
White,Mercer,2015,0,39929,8974
Black,Mercer,2015,0,325,8976
American Indian or Alaskan Native,Mercer,2015,0,122,8978
Asian or Pacific Islander,Mercer,2015,0,359,8980
Other,Mercer,2015,0,0,8982
Unknown,Mercer,2015,0,0,8984
White,Mercer,2016,1,39929,8988
Black,Mercer,2016,0,330,8990
American Indian or Alaskan Native,Mercer,2016,0,136,8992
Asian or Pacific Islander,Mercer,2016,0,373,8994
Other,Mercer,2016,0,0,8996
Unknown,Mercer,2016,0,0,8998
White,Mercer,2017,1,39938,9002
Black,Mercer,2017,0,364,9004
American Indian or Alaskan Native,Mercer,2017,0,148,9006
Asian or Pacific Islander,Mercer,2017,0,439,9008
Other,Mercer,2017,0,0,9010
Unknown,Mercer,2017,0,0,9012
White,Mercer,2018,0,39896,9016
Black,Mercer,2018,0,392,9018
American Indian or Alaskan Native,Mercer,2018,0,147,9020
Asian or Pacific Islander,Mercer,2018,0,551,9022
Other,Mercer,2018,0,0,9024
Unknown,Mercer,2018,0,0,9026
White,Mercer,2019,0,40025,9030
Black,Mercer,2019,0,410,9032
American Indian or Alaskan Native,Mercer,2019,0,164,9034
Asian or Pacific Islander,Mercer,2019,0,656,9036
Other,Mercer,2019,0,0,9038
Unknown,Mercer,2019,0,0,9040
White,Mercer,2020,0,40045,9044
Black,Mercer,2020,0,402,9046
American Indian or Alaskan Native,Mercer,2020,0,160,9048
Asian or Pacific Islander,Mercer,2020,0,667,9050
Other,Mercer,2020,0,0,9052
Unknown,Mercer,2020,0,0,9054
White,Miami,2010,2,98073,9072
Black,Miami,2010,0,2834,9074
American Indian or Alaskan Native,Miami,2010,0,221,9076
Asian or Pacific Islander,Miami,2010,0,1359,9078
Other,Miami,2010,0,0,9080
Unknown,Miami,2010,0,0,9082
White,Miami,2011,0,98243,9086
Black,Miami,2011,0,2869,9088
American Indian or Alaskan Native,Miami,2011,0,231,9090
Asian or Pacific Islander,Miami,2011,0,1399,9092
Other,Miami,2011,0,0,9094
Unknown,Miami,2011,0,0,9096
White,Miami,2012,1,98380,9100
Black,Miami,2012,0,2884,9102
American Indian or Alaskan Native,Miami,2012,0,234,9104
Asian or Pacific Islander,Miami,2012,1,1449,9106
Other,Miami,2012,0,0,9108
Unknown,Miami,2012,0,0,9110
White,Miami,2013,1,98472,9114
Black,Miami,2013,0,2990,9116
American Indian or Alaskan Native,Miami,2013,0,252,9118
Asian or Pacific Islander,Miami,2013,0,1514,9120
Other,Miami,2013,0,0,9122
Unknown,Miami,2013,0,0,9124
White,Miami,2014,4,98960,9128
Black,Miami,2014,0,3045,9130
American Indian or Alaskan Native,Miami,2014,0,261,9132
Asian or Pacific Islander,Miami,2014,0,1610,9134
Other,Miami,2014,0,0,9136
Unknown,Miami,2014,0,0,9138
White,Miami,2015,1,98968,9142
Black,Miami,2015,0,3164,9144
American Indian or Alaskan Native,Miami,2015,0,266,9146
Asian or Pacific Islander,Miami,2015,0,1702,9148
Other,Miami,2015,0,0,9150
Unknown,Miami,2015,0,0,9152
White,Miami,2016,7,99275,9156
Black,Miami,2016,2,3234,9158
American Indian or Alaskan Native,Miami,2016,0,275,9160
Asian or Pacific Islander,Miami,2016,0,1769,9162
Other,Miami,2016,0,0,9164
Unknown,Miami,2016,0,0,9166
White,Miami,2017,11,99686,9170
Black,Miami,2017,1,3359,9172
American Indian or Alaskan Native,Miami,2017,1,266,9174
Asian or Pacific Islander,Miami,2017,0,1904,9176
Other,Miami,2017,0,0,9178
Unknown,Miami,2017,0,0,9180
White,Miami,2018,6,100360,9184
Black,Miami,2018,0,3487,9186
American Indian or Alaskan Native,Miami,2018,0,273,9188
Asian or Pacific Islander,Miami,2018,0,1971,9190
Other,Miami,2018,0,0,9192
Unknown,Miami,2018,0,0,9194
White,Miami,2019,9,101055,9198
Black,Miami,2019,1,3627,9200
American Indian or Alaskan Native,Miami,2019,0,281,9202
Asian or Pacific Islander,Miami,2019,0,2032,9204
Other,Miami,2019,0,0,9206
Unknown,Miami,2019,0,0,9208
White,Miami,2020,2,101309,9212
Black,Miami,2020,0,3793,9214
American Indian or Alaskan Native,Miami,2020,0,291,9216
Asian or Pacific Islander,Miami,2020,0,2123,9218
Other,Miami,2020,0,0,9220
Unknown,Miami,2020,0,0,9222
White,Monroe,2010,0,14438,9240
Black,Monroe,2010,0,118,9242
American Indian or Alaskan Native,Monroe,2010,0,22,9244
Asian or Pacific Islander,Monroe,2010,0,31,9246
Other,Monroe,2010,0,0,9248
Unknown,Monroe,2010,0,0,9250
White,Monroe,2011,0,14448,9254
Black,Monroe,2011,0,119,9256
American Indian or Alaskan Native,Monroe,2011,0,23,9258
Asian or Pacific Islander,Monroe,2011,0,28,9260
Other,Monroe,2011,0,0,9262
Unknown,Monroe,2011,0,0,9264
White,Monroe,2012,1,14346,9268
Black,Monroe,2012,0,116,9270
American Indian or Alaskan Native,Monroe,2012,0,23,9272
Asian or Pacific Islander,Monroe,2012,0,24,9274
Other,Monroe,2012,0,0,9276
Unknown,Monroe,2012,0,0,9278
White,Monroe,2013,0,14333,9282
Black,Monroe,2013,0,129,9284
American Indian or Alaskan Native,Monroe,2013,0,26,9286
Asian or Pacific Islander,Monroe,2013,0,26,9288
Other,Monroe,2013,0,0,9290
Unknown,Monroe,2013,0,0,9292
White,Monroe,2014,0,14193,9296
Black,Monroe,2014,0,121,9298
American Indian or Alaskan Native,Monroe,2014,0,26,9300
Asian or Pacific Islander,Monroe,2014,0,28,9302
Other,Monroe,2014,0,0,9304
Unknown,Monroe,2014,0,0,9306
White,Monroe,2015,0,14088,9310
Black,Monroe,2015,0,128,9312
American Indian or Alaskan Native,Monroe,2015,0,26,9314
Asian or Pacific Islander,Monroe,2015,0,25,9316
Other,Monroe,2015,0,0,9318
Unknown,Monroe,2015,0,0,9320
White,Monroe,2016,0,13896,9324
Black,Monroe,2016,0,137,9326
American Indian or Alaskan Native,Monroe,2016,0,34,9328
Asian or Pacific Islander,Monroe,2016,0,28,9330
Other,Monroe,2016,0,0,9332
Unknown,Monroe,2016,0,0,9334
White,Monroe,2017,0,13737,9338
Black,Monroe,2017,0,147,9340
American Indian or Alaskan Native,Monroe,2017,0,27,9342
Asian or Pacific Islander,Monroe,2017,0,35,9344
Other,Monroe,2017,0,0,9346
Unknown,Monroe,2017,0,0,9348
White,Monroe,2018,0,13595,9352
Black,Monroe,2018,0,147,9354
American Indian or Alaskan Native,Monroe,2018,0,28,9356
Asian or Pacific Islander,Monroe,2018,0,28,9358
Other,Monroe,2018,0,0,9360
Unknown,Monroe,2018,0,0,9362
White,Monroe,2019,0,13492,9366
Black,Monroe,2019,0,151,9368
American Indian or Alaskan Native,Monroe,2019,0,31,9370
Asian or Pacific Islander,Monroe,2019,0,34,9372
Other,Monroe,2019,0,0,9374
Unknown,Monroe,2019,0,0,9376
White,Monroe,2020,0,13371,9380
Black,Monroe,2020,0,147,9382
American Indian or Alaskan Native,Monroe,2020,0,31,9384
Asian or Pacific Islander,Monroe,2020,0,37,9386
Other,Monroe,2020,0,0,9388
Unknown,Monroe,2020,0,0,9390
White,Montgomery,2010,3,404829,9408
Black,Montgomery,2010,2,117940,9410
American Indian or Alaskan Native,Montgomery,2010,0,1979,9412
Asian or Pacific Islander,Montgomery,2010,0,10872,9414
Other,Montgomery,2010,0,0,9416
Unknown,Montgomery,2010,0,0,9418
White,Montgomery,2011,18,403555,9422
Black,Montgomery,2011,4,118013,9424
American Indian or Alaskan Native,Montgomery,2011,0,1968,9426
Asian or Pacific Islander,Montgomery,2011,0,11102,9428
Other,Montgomery,2011,0,0,9430
Unknown,Montgomery,2011,0,0,9432
White,Montgomery,2012,10,402635,9436
Black,Montgomery,2012,4,118217,9438
American Indian or Alaskan Native,Montgomery,2012,0,1992,9440
Asian or Pacific Islander,Montgomery,2012,0,11620,9442
Other,Montgomery,2012,0,0,9444
Unknown,Montgomery,2012,0,0,9446
White,Montgomery,2013,12,401670,9450
Black,Montgomery,2013,4,118635,9452
American Indian or Alaskan Native,Montgomery,2013,0,2009,9454
Asian or Pacific Islander,Montgomery,2013,0,12134,9456
Other,Montgomery,2013,0,0,9458
Unknown,Montgomery,2013,0,0,9460
White,Montgomery,2014,23,399509,9464
Black,Montgomery,2014,3,118669,9466
American Indian or Alaskan Native,Montgomery,2014,0,2028,9468
Asian or Pacific Islander,Montgomery,2014,0,12502,9470
Other,Montgomery,2014,0,0,9472
Unknown,Montgomery,2014,0,0,9474
White,Montgomery,2015,47,398086,9478
Black,Montgomery,2015,11,118973,9480
American Indian or Alaskan Native,Montgomery,2015,0,2051,9482
Asian or Pacific Islander,Montgomery,2015,0,12949,9484
Other,Montgomery,2015,0,0,9486
Unknown,Montgomery,2015,1,0,9488
White,Montgomery,2016,76,397229,9492
Black,Montgomery,2016,28,119398,9494
American Indian or Alaskan Native,Montgomery,2016,0,2067,9496
Asian or Pacific Islander,Montgomery,2016,0,13580,9498
Other,Montgomery,2016,0,0,9500
Unknown,Montgomery,2016,1,0,9502
White,Montgomery,2017,136,395986,9506
Black,Montgomery,2017,43,120011,9508
American Indian or Alaskan Native,Montgomery,2017,0,2098,9510
Asian or Pacific Islander,Montgomery,2017,1,13869,9512
Other,Montgomery,2017,0,0,9514
Unknown,Montgomery,2017,0,0,9516
White,Montgomery,2018,46,394953,9520
Black,Montgomery,2018,28,120852,9522
American Indian or Alaskan Native,Montgomery,2018,0,2122,9524
Asian or Pacific Islander,Montgomery,2018,1,14027,9526
Other,Montgomery,2018,0,0,9528
Unknown,Montgomery,2018,2,0,9530
White,Montgomery,2019,47,394117,9534
Black,Montgomery,2019,39,121636,9536
American Indian or Alaskan Native,Montgomery,2019,0,2117,9538
Asian or Pacific Islander,Montgomery,2019,0,14269,9540
Other,Montgomery,2019,0,0,9542
Unknown,Montgomery,2019,0,0,9544
White,Montgomery,2020,48,392622,9548
Black,Montgomery,2020,41,122322,9550
American Indian or Alaskan Native,Montgomery,2020,1,2160,9552
Asian or Pacific Islander,Montgomery,2020,0,14506,9554
Other,Montgomery,2020,0,0,9556
Unknown,Montgomery,2020,2,0,9558
White,Morgan,2010,0,14256,9576
Black,Morgan,2010,0,648,9578
American Indian or Alaskan Native,Morgan,2010,0,89,9580
Asian or Pacific Islander,Morgan,2010,0,40,9582
Other,Morgan,2010,0,0,9584
Unknown,Morgan,2010,0,0,9586
White,Morgan,2011,0,14241,9590
Black,Morgan,2011,0,651,9592
American Indian or Alaskan Native,Morgan,2011,0,103,9594
Asian or Pacific Islander,Morgan,2011,0,41,9596
Other,Morgan,2011,0,0,9598
Unknown,Morgan,2011,0,0,9600
White,Morgan,2012,0,14173,9604
Black,Morgan,2012,0,627,9606
American Indian or Alaskan Native,Morgan,2012,0,90,9608
Asian or Pacific Islander,Morgan,2012,0,39,9610
Other,Morgan,2012,0,0,9612
Unknown,Morgan,2012,0,0,9614
White,Morgan,2013,0,14105,9618
Black,Morgan,2013,0,650,9620
American Indian or Alaskan Native,Morgan,2013,0,99,9622
Asian or Pacific Islander,Morgan,2013,0,39,9624
Other,Morgan,2013,0,0,9626
Unknown,Morgan,2013,0,0,9628
White,Morgan,2014,0,13935,9632
Black,Morgan,2014,0,648,9634
American Indian or Alaskan Native,Morgan,2014,0,110,9636
Asian or Pacific Islander,Morgan,2014,0,38,9638
Other,Morgan,2014,0,0,9640
Unknown,Morgan,2014,0,0,9642
White,Morgan,2015,0,13942,9646
Black,Morgan,2015,0,652,9648
American Indian or Alaskan Native,Morgan,2015,0,100,9650
Asian or Pacific Islander,Morgan,2015,0,42,9652
Other,Morgan,2015,0,0,9654
Unknown,Morgan,2015,0,0,9656
White,Morgan,2016,0,13934,9660
Black,Morgan,2016,0,668,9662
American Indian or Alaskan Native,Morgan,2016,0,104,9664
Asian or Pacific Islander,Morgan,2016,0,40,9666
Other,Morgan,2016,0,0,9668
Unknown,Morgan,2016,0,0,9670
White,Morgan,2017,0,13802,9674
Black,Morgan,2017,0,699,9676
American Indian or Alaskan Native,Morgan,2017,0,97,9678
Asian or Pacific Islander,Morgan,2017,0,47,9680
Other,Morgan,2017,0,0,9682
Unknown,Morgan,2017,0,0,9684
White,Morgan,2018,0,13740,9688
Black,Morgan,2018,0,696,9690
American Indian or Alaskan Native,Morgan,2018,0,104,9692
Asian or Pacific Islander,Morgan,2018,0,45,9694
Other,Morgan,2018,0,0,9696
Unknown,Morgan,2018,0,0,9698
White,Morgan,2019,0,13665,9702
Black,Morgan,2019,0,692,9704
American Indian or Alaskan Native,Morgan,2019,0,101,9706
Asian or Pacific Islander,Morgan,2019,0,47,9708
Other,Morgan,2019,0,0,9710
Unknown,Morgan,2019,0,0,9712
White,Morgan,2020,0,13481,9716
Black,Morgan,2020,0,678,9718
American Indian or Alaskan Native,Morgan,2020,0,98,9720
Asian or Pacific Islander,Morgan,2020,0,48,9722
Other,Morgan,2020,0,0,9724
Unknown,Morgan,2020,0,0,9726
White,Morrow,2010,1,34354,9744
Black,Morrow,2010,0,253,9746
American Indian or Alaskan Native,Morrow,2010,0,69,9748
Asian or Pacific Islander,Morrow,2010,0,114,9750
Other,Morrow,2010,0,0,9752
Unknown,Morrow,2010,0,0,9754
White,Morrow,2011,1,34327,9758
Black,Morrow,2011,0,296,9760
American Indian or Alaskan Native,Morrow,2011,0,74,9762
Asian or Pacific Islander,Morrow,2011,0,116,9764
Other,Morrow,2011,0,0,9766
Unknown,Morrow,2011,0,0,9768
White,Morrow,2012,0,34309,9772
Black,Morrow,2012,0,321,9774
American Indian or Alaskan Native,Morrow,2012,0,77,9776
Asian or Pacific Islander,Morrow,2012,0,132,9778
Other,Morrow,2012,0,0,9780
Unknown,Morrow,2012,0,0,9782
White,Morrow,2013,0,34279,9786
Black,Morrow,2013,0,345,9788
American Indian or Alaskan Native,Morrow,2013,0,75,9790
Asian or Pacific Islander,Morrow,2013,0,152,9792
Other,Morrow,2013,0,0,9794
Unknown,Morrow,2013,0,0,9796
White,Morrow,2014,0,34366,9800
Black,Morrow,2014,0,336,9802
American Indian or Alaskan Native,Morrow,2014,0,78,9804
Asian or Pacific Islander,Morrow,2014,0,161,9806
Other,Morrow,2014,0,0,9808
Unknown,Morrow,2014,0,0,9810
White,Morrow,2015,0,34336,9814
Black,Morrow,2015,0,378,9816
American Indian or Alaskan Native,Morrow,2015,0,87,9818
Asian or Pacific Islander,Morrow,2015,0,153,9820
Other,Morrow,2015,0,0,9822
Unknown,Morrow,2015,0,0,9824
White,Morrow,2016,2,34321,9828
Black,Morrow,2016,0,369,9830
American Indian or Alaskan Native,Morrow,2016,0,95,9832
Asian or Pacific Islander,Morrow,2016,0,143,9834
Other,Morrow,2016,0,0,9836
Unknown,Morrow,2016,0,0,9838
White,Morrow,2017,5,34274,9842
Black,Morrow,2017,0,403,9844
American Indian or Alaskan Native,Morrow,2017,0,96,9846
Asian or Pacific Islander,Morrow,2017,0,155,9848
Other,Morrow,2017,0,0,9850
Unknown,Morrow,2017,0,0,9852
White,Morrow,2018,1,34451,9856
Black,Morrow,2018,0,421,9858
American Indian or Alaskan Native,Morrow,2018,0,109,9860
Asian or Pacific Islander,Morrow,2018,0,152,9862
Other,Morrow,2018,0,0,9864
Unknown,Morrow,2018,0,0,9866
White,Morrow,2019,0,34619,9870
Black,Morrow,2019,0,440,9872
American Indian or Alaskan Native,Morrow,2019,0,115,9874
Asian or Pacific Islander,Morrow,2019,0,168,9876
Other,Morrow,2019,0,0,9878
Unknown,Morrow,2019,0,0,9880
White,Morrow,2020,5,34662,9884
Black,Morrow,2020,0,445,9886
American Indian or Alaskan Native,Morrow,2020,0,110,9888
Asian or Pacific Islander,Morrow,2020,0,194,9890
Other,Morrow,2020,0,0,9892
Unknown,Morrow,2020,0,0,9894
White,Muskingum,2010,1,81193,9912
Black,Muskingum,2010,0,4322,9914
American Indian or Alaskan Native,Muskingum,2010,0,322,9916
Asian or Pacific Islander,Muskingum,2010,0,376,9918
Other,Muskingum,2010,0,0,9920
Unknown,Muskingum,2010,0,0,9922
White,Muskingum,2011,0,81138,9926
Black,Muskingum,2011,0,4376,9928
American Indian or Alaskan Native,Muskingum,2011,0,336,9930
Asian or Pacific Islander,Muskingum,2011,0,402,9932
Other,Muskingum,2011,0,0,9934
Unknown,Muskingum,2011,0,0,9936
White,Muskingum,2012,0,80704,9940
Black,Muskingum,2012,0,4323,9942
American Indian or Alaskan Native,Muskingum,2012,0,340,9944
Asian or Pacific Islander,Muskingum,2012,0,436,9946
Other,Muskingum,2012,0,0,9948
Unknown,Muskingum,2012,0,0,9950
White,Muskingum,2013,1,80461,9954
Black,Muskingum,2013,0,4391,9956
American Indian or Alaskan Native,Muskingum,2013,0,347,9958
Asian or Pacific Islander,Muskingum,2013,0,461,9960
Other,Muskingum,2013,0,0,9962
Unknown,Muskingum,2013,0,0,9964
White,Muskingum,2014,0,80574,9968
Black,Muskingum,2014,0,4463,9970
American Indian or Alaskan Native,Muskingum,2014,0,374,9972
Asian or Pacific Islander,Muskingum,2014,0,507,9974
Other,Muskingum,2014,0,0,9976
Unknown,Muskingum,2014,0,0,9978
White,Muskingum,2015,0,80774,9982
Black,Muskingum,2015,0,4508,9984
American Indian or Alaskan Native,Muskingum,2015,0,404,9986
Asian or Pacific Islander,Muskingum,2015,0,527,9988
Other,Muskingum,2015,0,0,9990
Unknown,Muskingum,2015,0,0,9992
White,Muskingum,2016,1,80524,9996
Black,Muskingum,2016,0,4479,9998
American Indian or Alaskan Native,Muskingum,2016,0,411,10000
Asian or Pacific Islander,Muskingum,2016,0,544,10002
Other,Muskingum,2016,0,0,10004
Unknown,Muskingum,2016,0,0,10006
White,Muskingum,2017,2,80605,10010
Black,Muskingum,2017,0,4519,10012
American Indian or Alaskan Native,Muskingum,2017,0,412,10014
Asian or Pacific Islander,Muskingum,2017,0,563,10016
Other,Muskingum,2017,0,0,10018
Unknown,Muskingum,2017,0,0,10020
White,Muskingum,2018,9,80507,10024
Black,Muskingum,2018,1,4557,10026
American Indian or Alaskan Native,Muskingum,2018,0,419,10028
Asian or Pacific Islander,Muskingum,2018,0,565,10030
Other,Muskingum,2018,0,0,10032
Unknown,Muskingum,2018,0,0,10034
White,Muskingum,2019,8,80429,10038
Black,Muskingum,2019,1,4620,10040
American Indian or Alaskan Native,Muskingum,2019,0,431,10042
Asian or Pacific Islander,Muskingum,2019,0,562,10044
Other,Muskingum,2019,0,0,10046
Unknown,Muskingum,2019,0,0,10048
White,Muskingum,2020,7,80303,10052
Black,Muskingum,2020,1,4692,10054
American Indian or Alaskan Native,Muskingum,2020,0,424,10056
Asian or Pacific Islander,Muskingum,2020,0,601,10058
Other,Muskingum,2020,0,0,10060
Unknown,Muskingum,2020,0,0,10062
White,Noble,2010,0,14181,10080
Black,Noble,2010,0,403,10082
American Indian or Alaskan Native,Noble,2010,0,47,10084
Asian or Pacific Islander,Noble,2010,0,29,10086
Other,Noble,2010,0,0,10088
Unknown,Noble,2010,0,0,10090
White,Noble,2011,0,14260,10094
Black,Noble,2011,0,412,10096
American Indian or Alaskan Native,Noble,2011,0,50,10098
Asian or Pacific Islander,Noble,2011,0,32,10100
Other,Noble,2011,0,0,10102
Unknown,Noble,2011,0,0,10104
White,Noble,2012,0,14177,10108
Black,Noble,2012,0,410,10110
American Indian or Alaskan Native,Noble,2012,0,51,10112
Asian or Pacific Islander,Noble,2012,0,38,10114
Other,Noble,2012,0,0,10116
Unknown,Noble,2012,0,0,10118
White,Noble,2013,0,14147,10122
Black,Noble,2013,0,437,10124
American Indian or Alaskan Native,Noble,2013,0,55,10126
Asian or Pacific Islander,Noble,2013,0,39,10128
Other,Noble,2013,0,0,10130
Unknown,Noble,2013,0,0,10132
White,Noble,2014,0,13998,10136
Black,Noble,2014,0,424,10138
American Indian or Alaskan Native,Noble,2014,0,65,10140
Asian or Pacific Islander,Noble,2014,0,45,10142
Other,Noble,2014,0,0,10144
Unknown,Noble,2014,0,0,10146
White,Noble,2015,0,13942,10150
Black,Noble,2015,0,428,10152
American Indian or Alaskan Native,Noble,2015,0,55,10154
Asian or Pacific Islander,Noble,2015,0,43,10156
Other,Noble,2015,0,0,10158
Unknown,Noble,2015,0,0,10160
White,Noble,2016,0,13934,10164
Black,Noble,2016,0,421,10166
American Indian or Alaskan Native,Noble,2016,0,58,10168
Asian or Pacific Islander,Noble,2016,0,46,10170
Other,Noble,2016,0,0,10172
Unknown,Noble,2016,0,0,10174
White,Noble,2017,1,13871,10178
Black,Noble,2017,0,427,10180
American Indian or Alaskan Native,Noble,2017,0,59,10182
Asian or Pacific Islander,Noble,2017,0,49,10184
Other,Noble,2017,0,0,10186
Unknown,Noble,2017,0,0,10188
White,Noble,2018,1,13818,10192
Black,Noble,2018,0,441,10194
American Indian or Alaskan Native,Noble,2018,0,63,10196
Asian or Pacific Islander,Noble,2018,0,46,10198
Other,Noble,2018,0,0,10200
Unknown,Noble,2018,0,0,10202
White,Noble,2019,0,13898,10206
Black,Noble,2019,0,450,10208
American Indian or Alaskan Native,Noble,2019,0,59,10210
Asian or Pacific Islander,Noble,2019,0,44,10212
Other,Noble,2019,0,0,10214
Unknown,Noble,2019,0,0,10216
White,Noble,2020,0,13805,10220
Black,Noble,2020,0,449,10222
American Indian or Alaskan Native,Noble,2020,0,62,10224
Asian or Pacific Islander,Noble,2020,0,48,10226
Other,Noble,2020,0,0,10228
Unknown,Noble,2020,0,0,10230
White,NonOH,2010,0,0,10248
Black,NonOH,2010,0,0,10250
American Indian or Alaskan Native,NonOH,2010,0,0,10252
Asian or Pacific Islander,NonOH,2010,0,0,10254
Other,NonOH,2010,0,0,10256
Unknown,NonOH,2010,0,0,10258
White,NonOH,2011,0,0,10262
Black,NonOH,2011,0,0,10264
American Indian or Alaskan Native,NonOH,2011,0,0,10266
Asian or Pacific Islander,NonOH,2011,0,0,10268
Other,NonOH,2011,0,0,10270
Unknown,NonOH,2011,0,0,10272
White,NonOH,2012,0,0,10276
Black,NonOH,2012,0,0,10278
American Indian or Alaskan Native,NonOH,2012,0,0,10280
Asian or Pacific Islander,NonOH,2012,0,0,10282
Other,NonOH,2012,0,0,10284
Unknown,NonOH,2012,0,0,10286
White,NonOH,2013,0,0,10290
Black,NonOH,2013,0,0,10292
American Indian or Alaskan Native,NonOH,2013,0,0,10294
Asian or Pacific Islander,NonOH,2013,0,0,10296
Other,NonOH,2013,0,0,10298
Unknown,NonOH,2013,0,0,10300
White,NonOH,2014,0,0,10304
Black,NonOH,2014,0,0,10306
American Indian or Alaskan Native,NonOH,2014,0,0,10308
Asian or Pacific Islander,NonOH,2014,0,0,10310
Other,NonOH,2014,0,0,10312
Unknown,NonOH,2014,0,0,10314
White,NonOH,2015,0,0,10318
Black,NonOH,2015,0,0,10320
American Indian or Alaskan Native,NonOH,2015,0,0,10322
Asian or Pacific Islander,NonOH,2015,0,0,10324
Other,NonOH,2015,0,0,10326
Unknown,NonOH,2015,0,0,10328
White,NonOH,2016,0,0,10332
Black,NonOH,2016,0,0,10334
American Indian or Alaskan Native,NonOH,2016,0,0,10336
Asian or Pacific Islander,NonOH,2016,0,0,10338
Other,NonOH,2016,0,0,10340
Unknown,NonOH,2016,0,0,10342
White,NonOH,2017,0,0,10346
Black,NonOH,2017,0,0,10348
American Indian or Alaskan Native,NonOH,2017,0,0,10350
Asian or Pacific Islander,NonOH,2017,0,0,10352
Other,NonOH,2017,0,0,10354
Unknown,NonOH,2017,0,0,10356
White,NonOH,2018,0,0,10360
Black,NonOH,2018,0,0,10362
American Indian or Alaskan Native,NonOH,2018,0,0,10364
Asian or Pacific Islander,NonOH,2018,0,0,10366
Other,NonOH,2018,0,0,10368
Unknown,NonOH,2018,0,0,10370
White,NonOH,2019,0,0,10374
Black,NonOH,2019,0,0,10376
American Indian or Alaskan Native,NonOH,2019,0,0,10378
Asian or Pacific Islander,NonOH,2019,0,0,10380
Other,NonOH,2019,0,0,10382
Unknown,NonOH,2019,0,0,10384
White,NonOH,2020,0,0,10388
Black,NonOH,2020,0,0,10390
American Indian or Alaskan Native,NonOH,2020,0,0,10392
Asian or Pacific Islander,NonOH,2020,0,0,10394
Other,NonOH,2020,0,0,10396
Unknown,NonOH,2020,0,0,10398
White,Ottawa,2010,0,40621,10416
Black,Ottawa,2010,0,523,10418
American Indian or Alaskan Native,Ottawa,2010,0,85,10420
Asian or Pacific Islander,Ottawa,2010,0,130,10422
Other,Ottawa,2010,0,0,10424
Unknown,Ottawa,2010,0,0,10426
White,Ottawa,2011,0,40543,10430
Black,Ottawa,2011,0,534,10432
American Indian or Alaskan Native,Ottawa,2011,0,94,10434
Asian or Pacific Islander,Ottawa,2011,0,152,10436
Other,Ottawa,2011,0,0,10438
Unknown,Ottawa,2011,0,0,10440
White,Ottawa,2012,0,40414,10444
Black,Ottawa,2012,0,568,10446
American Indian or Alaskan Native,Ottawa,2012,0,94,10448
Asian or Pacific Islander,Ottawa,2012,0,170,10450
Other,Ottawa,2012,0,0,10452
Unknown,Ottawa,2012,0,0,10454
White,Ottawa,2013,0,40163,10458
Black,Ottawa,2013,0,593,10460
American Indian or Alaskan Native,Ottawa,2013,0,112,10462
Asian or Pacific Islander,Ottawa,2013,0,173,10464
Other,Ottawa,2013,0,0,10466
Unknown,Ottawa,2013,0,0,10468
White,Ottawa,2014,1,40022,10472
Black,Ottawa,2014,0,591,10474
American Indian or Alaskan Native,Ottawa,2014,0,112,10476
Asian or Pacific Islander,Ottawa,2014,0,181,10478
Other,Ottawa,2014,0,0,10480
Unknown,Ottawa,2014,0,0,10482
White,Ottawa,2015,3,39871,10486
Black,Ottawa,2015,0,603,10488
American Indian or Alaskan Native,Ottawa,2015,0,107,10490
Asian or Pacific Islander,Ottawa,2015,0,180,10492
Other,Ottawa,2015,0,0,10494
Unknown,Ottawa,2015,0,0,10496
White,Ottawa,2016,3,39631,10500
Black,Ottawa,2016,0,608,10502
American Indian or Alaskan Native,Ottawa,2016,0,114,10504
Asian or Pacific Islander,Ottawa,2016,0,178,10506
Other,Ottawa,2016,0,0,10508
Unknown,Ottawa,2016,0,0,10510
White,Ottawa,2017,0,39727,10514
Black,Ottawa,2017,0,621,10516
American Indian or Alaskan Native,Ottawa,2017,0,120,10518
Asian or Pacific Islander,Ottawa,2017,0,184,10520
Other,Ottawa,2017,0,0,10522
Unknown,Ottawa,2017,0,0,10524
White,Ottawa,2018,0,39876,10528
Black,Ottawa,2018,0,634,10530
American Indian or Alaskan Native,Ottawa,2018,0,127,10532
Asian or Pacific Islander,Ottawa,2018,0,182,10534
Other,Ottawa,2018,0,0,10536
Unknown,Ottawa,2018,0,0,10538
White,Ottawa,2019,0,39569,10542
Black,Ottawa,2019,0,665,10544
American Indian or Alaskan Native,Ottawa,2019,0,112,10546
Asian or Pacific Islander,Ottawa,2019,0,186,10548
Other,Ottawa,2019,0,0,10550
Unknown,Ottawa,2019,0,0,10552
White,Ottawa,2020,1,39257,10556
Black,Ottawa,2020,0,680,10558
American Indian or Alaskan Native,Ottawa,2020,0,130,10560
Asian or Pacific Islander,Ottawa,2020,0,186,10562
Other,Ottawa,2020,0,0,10564
Unknown,Ottawa,2020,0,0,10566
White,Paulding,2010,0,19122,10584
Black,Paulding,2010,0,292,10586
American Indian or Alaskan Native,Paulding,2010,0,88,10588
Asian or Pacific Islander,Paulding,2010,0,56,10590
Other,Paulding,2010,0,0,10592
Unknown,Paulding,2010,0,0,10594
White,Paulding,2011,0,18928,10598
Black,Paulding,2011,0,291,10600
American Indian or Alaskan Native,Paulding,2011,0,91,10602
Asian or Pacific Islander,Paulding,2011,0,59,10604
Other,Paulding,2011,0,0,10606
Unknown,Paulding,2011,0,0,10608
White,Paulding,2012,0,18795,10612
Black,Paulding,2012,0,301,10614
American Indian or Alaskan Native,Paulding,2012,0,88,10616
Asian or Pacific Islander,Paulding,2012,0,61,10618
Other,Paulding,2012,0,0,10620
Unknown,Paulding,2012,0,0,10622
White,Paulding,2013,0,18683,10626
Black,Paulding,2013,0,300,10628
American Indian or Alaskan Native,Paulding,2013,0,92,10630
Asian or Pacific Islander,Paulding,2013,0,63,10632
Other,Paulding,2013,0,0,10634
Unknown,Paulding,2013,0,0,10636
White,Paulding,2014,0,18515,10640
Black,Paulding,2014,0,304,10642
American Indian or Alaskan Native,Paulding,2014,0,86,10644
Asian or Pacific Islander,Paulding,2014,0,65,10646
Other,Paulding,2014,0,0,10648
Unknown,Paulding,2014,0,0,10650
White,Paulding,2015,0,18475,10654
Black,Paulding,2015,0,315,10656
American Indian or Alaskan Native,Paulding,2015,0,94,10658
Asian or Pacific Islander,Paulding,2015,0,69,10660
Other,Paulding,2015,0,0,10662
Unknown,Paulding,2015,0,0,10664
White,Paulding,2016,0,18350,10668
Black,Paulding,2016,0,314,10670
American Indian or Alaskan Native,Paulding,2016,0,92,10672
Asian or Pacific Islander,Paulding,2016,0,71,10674
Other,Paulding,2016,0,0,10676
Unknown,Paulding,2016,0,0,10678
White,Paulding,2017,0,18327,10682
Black,Paulding,2017,0,331,10684
American Indian or Alaskan Native,Paulding,2017,0,84,10686
Asian or Pacific Islander,Paulding,2017,0,74,10688
Other,Paulding,2017,0,0,10690
Unknown,Paulding,2017,0,0,10692
White,Paulding,2018,1,18246,10696
Black,Paulding,2018,0,328,10698
American Indian or Alaskan Native,Paulding,2018,0,96,10700
Asian or Pacific Islander,Paulding,2018,0,77,10702
Other,Paulding,2018,0,0,10704
Unknown,Paulding,2018,0,0,10706
White,Paulding,2019,0,18146,10710
Black,Paulding,2019,0,333,10712
American Indian or Alaskan Native,Paulding,2019,0,111,10714
Asian or Pacific Islander,Paulding,2019,0,82,10716
Other,Paulding,2019,0,0,10718
Unknown,Paulding,2019,0,0,10720
White,Paulding,2020,0,18108,10724
Black,Paulding,2020,0,348,10726
American Indian or Alaskan Native,Paulding,2020,0,108,10728
Asian or Pacific Islander,Paulding,2020,0,84,10730
Other,Paulding,2020,0,0,10732
Unknown,Paulding,2020,0,0,10734
White,Perry,2010,1,35650,10752
Black,Perry,2010,0,213,10754
American Indian or Alaskan Native,Perry,2010,0,117,10756
Asian or Pacific Islander,Perry,2010,0,57,10758
Other,Perry,2010,0,0,10760
Unknown,Perry,2010,0,0,10762
White,Perry,2011,1,35802,10766
Black,Perry,2011,0,242,10768
American Indian or Alaskan Native,Perry,2011,0,126,10770
Asian or Pacific Islander,Perry,2011,0,59,10772
Other,Perry,2011,0,0,10774
Unknown,Perry,2011,0,0,10776
White,Perry,2012,0,35530,10780
Black,Perry,2012,0,260,10782
American Indian or Alaskan Native,Perry,2012,0,125,10784
Asian or Pacific Islander,Perry,2012,0,68,10786
Other,Perry,2012,0,0,10788
Unknown,Perry,2012,0,0,10790
White,Perry,2013,0,35532,10794
Black,Perry,2013,0,257,10796
American Indian or Alaskan Native,Perry,2013,0,135,10798
Asian or Pacific Islander,Perry,2013,0,76,10800
Other,Perry,2013,0,0,10802
Unknown,Perry,2013,0,0,10804
White,Perry,2014,0,35420,10808
Black,Perry,2014,0,280,10810
American Indian or Alaskan Native,Perry,2014,0,150,10812
Asian or Pacific Islander,Perry,2014,0,76,10814
Other,Perry,2014,0,0,10816
Unknown,Perry,2014,0,0,10818
White,Perry,2015,0,35461,10822
Black,Perry,2015,0,272,10824
American Indian or Alaskan Native,Perry,2015,0,147,10826
Asian or Pacific Islander,Perry,2015,0,90,10828
Other,Perry,2015,0,0,10830
Unknown,Perry,2015,0,0,10832
White,Perry,2016,0,35479,10836
Black,Perry,2016,0,274,10838
American Indian or Alaskan Native,Perry,2016,0,154,10840
Asian or Pacific Islander,Perry,2016,0,108,10842
Other,Perry,2016,0,0,10844
Unknown,Perry,2016,0,0,10846
White,Perry,2017,0,35418,10850
Black,Perry,2017,0,308,10852
American Indian or Alaskan Native,Perry,2017,0,144,10854
Asian or Pacific Islander,Perry,2017,0,105,10856
Other,Perry,2017,0,0,10858
Unknown,Perry,2017,0,0,10860
White,Perry,2018,1,35449,10864
Black,Perry,2018,0,336,10866
American Indian or Alaskan Native,Perry,2018,0,147,10868
Asian or Pacific Islander,Perry,2018,0,114,10870
Other,Perry,2018,0,0,10872
Unknown,Perry,2018,0,0,10874
White,Perry,2019,1,35511,10878
Black,Perry,2019,0,321,10880
American Indian or Alaskan Native,Perry,2019,0,167,10882
Asian or Pacific Islander,Perry,2019,0,128,10884
Other,Perry,2019,0,0,10886
Unknown,Perry,2019,0,0,10888
White,Perry,2020,0,35586,10892
Black,Perry,2020,0,334,10894
American Indian or Alaskan Native,Perry,2020,0,157,10896
Asian or Pacific Islander,Perry,2020,0,138,10898
Other,Perry,2020,0,0,10900
Unknown,Perry,2020,0,0,10902
White,Pickaway,2010,0,53256,10920
Black,Pickaway,2010,0,2057,10922
American Indian or Alaskan Native,Pickaway,2010,0,129,10924
Asian or Pacific Islander,Pickaway,2010,0,295,10926
Other,Pickaway,2010,0,0,10928
Unknown,Pickaway,2010,0,0,10930
White,Pickaway,2011,3,53425,10934
Black,Pickaway,2011,0,2076,10936
American Indian or Alaskan Native,Pickaway,2011,0,148,10938
Asian or Pacific Islander,Pickaway,2011,0,297,10940
Other,Pickaway,2011,0,0,10942
Unknown,Pickaway,2011,0,0,10944
White,Pickaway,2012,1,53549,10948
Black,Pickaway,2012,0,2221,10950
American Indian or Alaskan Native,Pickaway,2012,0,148,10952
Asian or Pacific Islander,Pickaway,2012,0,317,10954
Other,Pickaway,2012,0,0,10956
Unknown,Pickaway,2012,0,0,10958
White,Pickaway,2013,3,53609,10962
Black,Pickaway,2013,0,2266,10964
American Indian or Alaskan Native,Pickaway,2013,0,161,10966
Asian or Pacific Islander,Pickaway,2013,0,316,10968
Other,Pickaway,2013,0,0,10970
Unknown,Pickaway,2013,1,0,10972
White,Pickaway,2014,1,53905,10976
Black,Pickaway,2014,0,2301,10978
American Indian or Alaskan Native,Pickaway,2014,0,168,10980
Asian or Pacific Islander,Pickaway,2014,0,329,10982
Other,Pickaway,2014,0,0,10984
Unknown,Pickaway,2014,0,0,10986
White,Pickaway,2015,1,54193,10990
Black,Pickaway,2015,0,2276,10992
American Indian or Alaskan Native,Pickaway,2015,0,172,10994
Asian or Pacific Islander,Pickaway,2015,0,350,10996
Other,Pickaway,2015,0,0,10998
Unknown,Pickaway,2015,0,0,11000
White,Pickaway,2016,1,54475,11004
Black,Pickaway,2016,0,2491,11006
American Indian or Alaskan Native,Pickaway,2016,0,174,11008
Asian or Pacific Islander,Pickaway,2016,0,373,11010
Other,Pickaway,2016,0,0,11012
Unknown,Pickaway,2016,0,0,11014
White,Pickaway,2017,4,54682,11018
Black,Pickaway,2017,0,2508,11020
American Indian or Alaskan Native,Pickaway,2017,0,194,11022
Asian or Pacific Islander,Pickaway,2017,0,385,11024
Other,Pickaway,2017,0,0,11026
Unknown,Pickaway,2017,0,0,11028
White,Pickaway,2018,2,54934,11032
Black,Pickaway,2018,0,2561,11034
American Indian or Alaskan Native,Pickaway,2018,0,200,11036
Asian or Pacific Islander,Pickaway,2018,0,404,11038
Other,Pickaway,2018,0,0,11040
Unknown,Pickaway,2018,0,0,11042
White,Pickaway,2019,7,55312,11046
Black,Pickaway,2019,0,2595,11048
American Indian or Alaskan Native,Pickaway,2019,0,203,11050
Asian or Pacific Islander,Pickaway,2019,0,411,11052
Other,Pickaway,2019,0,0,11054
Unknown,Pickaway,2019,0,0,11056
White,Pickaway,2020,7,55508,11060
Black,Pickaway,2020,0,2504,11062
American Indian or Alaskan Native,Pickaway,2020,0,205,11064
Asian or Pacific Islander,Pickaway,2020,0,441,11066
Other,Pickaway,2020,0,0,11068
Unknown,Pickaway,2020,0,0,11070
White,Pike,2010,0,27937,11088
Black,Pike,2010,0,404,11090
American Indian or Alaskan Native,Pike,2010,0,199,11092
Asian or Pacific Islander,Pike,2010,0,66,11094
Other,Pike,2010,0,0,11096
Unknown,Pike,2010,0,0,11098
White,Pike,2011,0,27772,11102
Black,Pike,2011,1,421,11104
American Indian or Alaskan Native,Pike,2011,0,200,11106
Asian or Pacific Islander,Pike,2011,0,78,11108
Other,Pike,2011,0,0,11110
Unknown,Pike,2011,0,0,11112
White,Pike,2012,1,27652,11116
Black,Pike,2012,0,430,11118
American Indian or Alaskan Native,Pike,2012,0,196,11120
Asian or Pacific Islander,Pike,2012,0,87,11122
Other,Pike,2012,0,0,11124
Unknown,Pike,2012,0,0,11126
White,Pike,2013,0,27512,11130
Black,Pike,2013,0,440,11132
American Indian or Alaskan Native,Pike,2013,0,206,11134
Asian or Pacific Islander,Pike,2013,0,108,11136
Other,Pike,2013,0,0,11138
Unknown,Pike,2013,0,0,11140
White,Pike,2014,0,27411,11144
Black,Pike,2014,0,451,11146
American Indian or Alaskan Native,Pike,2014,0,208,11148
Asian or Pacific Islander,Pike,2014,0,106,11150
Other,Pike,2014,0,0,11152
Unknown,Pike,2014,0,0,11154
White,Pike,2015,1,27333,11158
Black,Pike,2015,0,464,11160
American Indian or Alaskan Native,Pike,2015,0,211,11162
Asian or Pacific Islander,Pike,2015,0,107,11164
Other,Pike,2015,0,0,11166
Unknown,Pike,2015,0,0,11168
White,Pike,2016,1,27319,11172
Black,Pike,2016,0,462,11174
American Indian or Alaskan Native,Pike,2016,0,211,11176
Asian or Pacific Islander,Pike,2016,0,109,11178
Other,Pike,2016,0,0,11180
Unknown,Pike,2016,0,0,11182
White,Pike,2017,2,27296,11186
Black,Pike,2017,0,471,11188
American Indian or Alaskan Native,Pike,2017,0,206,11190
Asian or Pacific Islander,Pike,2017,0,111,11192
Other,Pike,2017,0,0,11194
Unknown,Pike,2017,0,0,11196
White,Pike,2018,1,27064,11200
Black,Pike,2018,1,497,11202
American Indian or Alaskan Native,Pike,2018,0,220,11204
Asian or Pacific Islander,Pike,2018,0,127,11206
Other,Pike,2018,0,0,11208
Unknown,Pike,2018,0,0,11210
White,Pike,2019,0,26937,11214
Black,Pike,2019,0,503,11216
American Indian or Alaskan Native,Pike,2019,0,239,11218
Asian or Pacific Islander,Pike,2019,0,105,11220
Other,Pike,2019,0,0,11222
Unknown,Pike,2019,0,0,11224
White,Pike,2020,0,26816,11228
Black,Pike,2020,0,533,11230
American Indian or Alaskan Native,Pike,2020,0,241,11232
Asian or Pacific Islander,Pike,2020,0,105,11234
Other,Pike,2020,0,0,11236
Unknown,Pike,2020,0,0,11238
White,Portage,2010,1,150733,11256
Black,Portage,2010,0,7630,11258
American Indian or Alaskan Native,Portage,2010,0,373,11260
Asian or Pacific Islander,Portage,2010,0,2661,11262
Other,Portage,2010,0,0,11264
Unknown,Portage,2010,0,0,11266
White,Portage,2011,1,150795,11270
Black,Portage,2011,0,7874,11272
American Indian or Alaskan Native,Portage,2011,0,378,11274
Asian or Pacific Islander,Portage,2011,0,2847,11276
Other,Portage,2011,0,0,11278
Unknown,Portage,2011,0,0,11280
White,Portage,2012,1,150110,11284
Black,Portage,2012,0,7933,11286
American Indian or Alaskan Native,Portage,2012,0,383,11288
Asian or Pacific Islander,Portage,2012,0,2992,11290
Other,Portage,2012,0,0,11292
Unknown,Portage,2012,0,0,11294
White,Portage,2013,2,150103,11298
Black,Portage,2013,1,7990,11300
American Indian or Alaskan Native,Portage,2013,0,390,11302
Asian or Pacific Islander,Portage,2013,0,3263,11304
Other,Portage,2013,0,0,11306
Unknown,Portage,2013,0,0,11308
White,Portage,2014,6,150394,11312
Black,Portage,2014,0,8235,11314
American Indian or Alaskan Native,Portage,2014,0,417,11316
Asian or Pacific Islander,Portage,2014,0,3474,11318
Other,Portage,2014,0,0,11320
Unknown,Portage,2014,0,0,11322
White,Portage,2015,11,150321,11326
Black,Portage,2015,1,8276,11328
American Indian or Alaskan Native,Portage,2015,0,412,11330
Asian or Pacific Islander,Portage,2015,0,3658,11332
Other,Portage,2015,0,0,11334
Unknown,Portage,2015,0,0,11336
White,Portage,2016,7,150078,11340
Black,Portage,2016,1,8345,11342
American Indian or Alaskan Native,Portage,2016,0,415,11344
Asian or Pacific Islander,Portage,2016,0,3726,11346
Other,Portage,2016,0,0,11348
Unknown,Portage,2016,0,0,11350
White,Portage,2017,6,149752,11354
Black,Portage,2017,0,8521,11356
American Indian or Alaskan Native,Portage,2017,0,424,11358
Asian or Pacific Islander,Portage,2017,0,3744,11360
Other,Portage,2017,0,0,11362
Unknown,Portage,2017,0,0,11364
White,Portage,2018,5,149497,11368
Black,Portage,2018,1,8733,11370
American Indian or Alaskan Native,Portage,2018,0,413,11372
Asian or Pacific Islander,Portage,2018,0,3724,11374
Other,Portage,2018,0,0,11376
Unknown,Portage,2018,0,0,11378
White,Portage,2019,4,149241,11382
Black,Portage,2019,1,9001,11384
American Indian or Alaskan Native,Portage,2019,0,431,11386
Asian or Pacific Islander,Portage,2019,0,3753,11388
Other,Portage,2019,0,0,11390
Unknown,Portage,2019,0,0,11392
White,Portage,2020,6,149060,11396
Black,Portage,2020,2,9270,11398
American Indian or Alaskan Native,Portage,2020,0,411,11400
Asian or Pacific Islander,Portage,2020,0,3842,11402
Other,Portage,2020,0,0,11404
Unknown,Portage,2020,0,0,11406
White,Preble,2010,0,41547,11424
Black,Preble,2010,0,313,11426
American Indian or Alaskan Native,Preble,2010,0,116,11428
Asian or Pacific Islander,Preble,2010,0,196,11430
Other,Preble,2010,0,0,11432
Unknown,Preble,2010,0,0,11434
White,Preble,2011,1,41334,11438
Black,Preble,2011,0,329,11440
American Indian or Alaskan Native,Preble,2011,0,115,11442
Asian or Pacific Islander,Preble,2011,0,211,11444
Other,Preble,2011,0,0,11446
Unknown,Preble,2011,0,0,11448
White,Preble,2012,0,41109,11452
Black,Preble,2012,0,345,11454
American Indian or Alaskan Native,Preble,2012,0,121,11456
Asian or Pacific Islander,Preble,2012,0,246,11458
Other,Preble,2012,0,0,11460
Unknown,Preble,2012,0,0,11462
White,Preble,2013,1,40964,11466
Black,Preble,2013,0,347,11468
American Indian or Alaskan Native,Preble,2013,0,122,11470
Asian or Pacific Islander,Preble,2013,0,252,11472
Other,Preble,2013,0,0,11474
Unknown,Preble,2013,0,0,11476
White,Preble,2014,1,40746,11480
Black,Preble,2014,0,377,11482
American Indian or Alaskan Native,Preble,2014,0,129,11484
Asian or Pacific Islander,Preble,2014,0,257,11486
Other,Preble,2014,0,0,11488
Unknown,Preble,2014,0,0,11490
White,Preble,2015,1,40484,11494
Black,Preble,2015,0,415,11496
American Indian or Alaskan Native,Preble,2015,0,136,11498
Asian or Pacific Islander,Preble,2015,0,278,11500
Other,Preble,2015,0,0,11502
Unknown,Preble,2015,0,0,11504
White,Preble,2016,8,40291,11508
Black,Preble,2016,0,431,11510
American Indian or Alaskan Native,Preble,2016,0,146,11512
Asian or Pacific Islander,Preble,2016,0,280,11514
Other,Preble,2016,0,0,11516
Unknown,Preble,2016,0,0,11518
White,Preble,2017,3,40251,11522
Black,Preble,2017,0,450,11524
American Indian or Alaskan Native,Preble,2017,0,149,11526
Asian or Pacific Islander,Preble,2017,0,269,11528
Other,Preble,2017,0,0,11530
Unknown,Preble,2017,0,0,11532
White,Preble,2018,1,40120,11536
Black,Preble,2018,0,471,11538
American Indian or Alaskan Native,Preble,2018,0,160,11540
Asian or Pacific Islander,Preble,2018,0,272,11542
Other,Preble,2018,0,0,11544
Unknown,Preble,2018,0,0,11546
White,Preble,2019,5,39907,11550
Black,Preble,2019,0,497,11552
American Indian or Alaskan Native,Preble,2019,0,162,11554
Asian or Pacific Islander,Preble,2019,0,282,11556
Other,Preble,2019,0,0,11558
Unknown,Preble,2019,0,0,11560
White,Preble,2020,0,39850,11564
Black,Preble,2020,0,519,11566
American Indian or Alaskan Native,Preble,2020,0,167,11568
Asian or Pacific Islander,Preble,2020,0,300,11570
Other,Preble,2020,0,0,11572
Unknown,Preble,2020,0,0,11574
White,Putnam,2010,0,34051,11592
Black,Putnam,2010,0,215,11594
American Indian or Alaskan Native,Putnam,2010,0,114,11596
Asian or Pacific Islander,Putnam,2010,0,96,11598
Other,Putnam,2010,0,0,11600
Unknown,Putnam,2010,0,0,11602
White,Putnam,2011,0,33947,11606
Black,Putnam,2011,0,221,11608
American Indian or Alaskan Native,Putnam,2011,0,120,11610
Asian or Pacific Islander,Putnam,2011,0,98,11612
Other,Putnam,2011,0,0,11614
Unknown,Putnam,2011,0,0,11616
White,Putnam,2012,0,33744,11620
Black,Putnam,2012,0,235,11622
American Indian or Alaskan Native,Putnam,2012,0,124,11624
Asian or Pacific Islander,Putnam,2012,0,104,11626
Other,Putnam,2012,0,0,11628
Unknown,Putnam,2012,0,0,11630
White,Putnam,2013,0,33636,11634
Black,Putnam,2013,0,253,11636
American Indian or Alaskan Native,Putnam,2013,0,128,11638
Asian or Pacific Islander,Putnam,2013,0,105,11640
Other,Putnam,2013,0,0,11642
Unknown,Putnam,2013,0,0,11644
White,Putnam,2014,2,33691,11648
Black,Putnam,2014,0,265,11650
American Indian or Alaskan Native,Putnam,2014,0,130,11652
Asian or Pacific Islander,Putnam,2014,0,108,11654
Other,Putnam,2014,0,0,11656
Unknown,Putnam,2014,0,0,11658
White,Putnam,2015,1,33502,11662
Black,Putnam,2015,0,283,11664
American Indian or Alaskan Native,Putnam,2015,0,126,11666
Asian or Pacific Islander,Putnam,2015,0,109,11668
Other,Putnam,2015,0,0,11670
Unknown,Putnam,2015,0,0,11672
White,Putnam,2016,2,33501,11676
Black,Putnam,2016,0,268,11678
American Indian or Alaskan Native,Putnam,2016,0,123,11680
Asian or Pacific Islander,Putnam,2016,0,112,11682
Other,Putnam,2016,0,0,11684
Unknown,Putnam,2016,0,0,11686
White,Putnam,2017,0,33372,11690
Black,Putnam,2017,0,277,11692
American Indian or Alaskan Native,Putnam,2017,0,118,11694
Asian or Pacific Islander,Putnam,2017,0,103,11696
Other,Putnam,2017,0,0,11698
Unknown,Putnam,2017,0,0,11700
White,Putnam,2018,1,33289,11704
Black,Putnam,2018,0,298,11706
American Indian or Alaskan Native,Putnam,2018,0,115,11708
Asian or Pacific Islander,Putnam,2018,0,107,11710
Other,Putnam,2018,0,0,11712
Unknown,Putnam,2018,0,0,11714
White,Putnam,2019,0,33290,11718
Black,Putnam,2019,0,307,11720
American Indian or Alaskan Native,Putnam,2019,0,126,11722
Asian or Pacific Islander,Putnam,2019,0,120,11724
Other,Putnam,2019,0,0,11726
Unknown,Putnam,2019,0,0,11728
White,Putnam,2020,1,33100,11732
Black,Putnam,2020,0,307,11734
American Indian or Alaskan Native,Putnam,2020,0,123,11736
Asian or Pacific Islander,Putnam,2020,0,124,11738
Other,Putnam,2020,0,0,11740
Unknown,Putnam,2020,0,0,11742
White,Richland,2010,1,110190,11760
Black,Richland,2010,0,12670,11762
American Indian or Alaskan Native,Richland,2010,0,313,11764
Asian or Pacific Islander,Richland,2010,0,983,11766
Other,Richland,2010,0,0,11768
Unknown,Richland,2010,0,0,11770
White,Richland,2011,2,109428,11774
Black,Richland,2011,1,12442,11776
American Indian or Alaskan Native,Richland,2011,0,305,11778
Asian or Pacific Islander,Richland,2011,0,976,11780
Other,Richland,2011,0,0,11782
Unknown,Richland,2011,0,0,11784
White,Richland,2012,1,108888,11788
Black,Richland,2012,0,12454,11790
American Indian or Alaskan Native,Richland,2012,0,313,11792
Asian or Pacific Islander,Richland,2012,0,990,11794
Other,Richland,2012,0,0,11796
Unknown,Richland,2012,0,0,11798
White,Richland,2013,5,108420,11802
Black,Richland,2013,1,12560,11804
American Indian or Alaskan Native,Richland,2013,0,317,11806
Asian or Pacific Islander,Richland,2013,0,1042,11808
Other,Richland,2013,0,0,11810
Unknown,Richland,2013,0,0,11812
White,Richland,2014,5,108026,11816
Black,Richland,2014,0,12607,11818
American Indian or Alaskan Native,Richland,2014,0,333,11820
Asian or Pacific Islander,Richland,2014,0,1064,11822
Other,Richland,2014,0,0,11824
Unknown,Richland,2014,1,0,11826
White,Richland,2015,11,107558,11830
Black,Richland,2015,3,12757,11832
American Indian or Alaskan Native,Richland,2015,0,334,11834
Asian or Pacific Islander,Richland,2015,0,1071,11836
Other,Richland,2015,0,0,11838
Unknown,Richland,2015,0,0,11840
White,Richland,2016,14,107092,11844
Black,Richland,2016,4,12776,11846
American Indian or Alaskan Native,Richland,2016,0,340,11848
Asian or Pacific Islander,Richland,2016,0,1116,11850
Other,Richland,2016,0,0,11852
Unknown,Richland,2016,0,0,11854
White,Richland,2017,19,106413,11858
Black,Richland,2017,0,12559,11860
American Indian or Alaskan Native,Richland,2017,0,336,11862
Asian or Pacific Islander,Richland,2017,0,1192,11864
Other,Richland,2017,0,0,11866
Unknown,Richland,2017,0,0,11868
White,Richland,2018,8,106731,11872
Black,Richland,2018,6,12855,11874
American Indian or Alaskan Native,Richland,2018,0,347,11876
Asian or Pacific Islander,Richland,2018,0,1184,11878
Other,Richland,2018,0,0,11880
Unknown,Richland,2018,0,0,11882
White,Richland,2019,16,106862,11886
Black,Richland,2019,4,12960,11888
American Indian or Alaskan Native,Richland,2019,0,361,11890
Asian or Pacific Islander,Richland,2019,0,1201,11892
Other,Richland,2019,0,0,11894
Unknown,Richland,2019,0,0,11896
White,Richland,2020,14,106525,11900
Black,Richland,2020,4,12749,11902
American Indian or Alaskan Native,Richland,2020,0,360,11904
Asian or Pacific Islander,Richland,2020,0,1257,11906
Other,Richland,2020,0,0,11908
Unknown,Richland,2020,0,0,11910
White,Ross,2010,1,71870,11928
Black,Ross,2010,0,5501,11930
American Indian or Alaskan Native,Ross,2010,0,351,11932
Asian or Pacific Islander,Ross,2010,0,380,11934
Other,Ross,2010,0,0,11936
Unknown,Ross,2010,0,0,11938
White,Ross,2011,0,71459,11942
Black,Ross,2011,1,5384,11944
American Indian or Alaskan Native,Ross,2011,0,357,11946
Asian or Pacific Islander,Ross,2011,0,394,11948
Other,Ross,2011,0,0,11950
Unknown,Ross,2011,0,0,11952
White,Ross,2012,1,71295,11956
Black,Ross,2012,1,5308,11958
American Indian or Alaskan Native,Ross,2012,0,353,11960
Asian or Pacific Islander,Ross,2012,0,403,11962
Other,Ross,2012,0,0,11964
Unknown,Ross,2012,0,0,11966
White,Ross,2013,6,71202,11970
Black,Ross,2013,0,5303,11972
American Indian or Alaskan Native,Ross,2013,0,371,11974
Asian or Pacific Islander,Ross,2013,0,423,11976
Other,Ross,2013,0,0,11978
Unknown,Ross,2013,0,0,11980
White,Ross,2014,6,70973,11984
Black,Ross,2014,0,5314,11986
American Indian or Alaskan Native,Ross,2014,0,377,11988
Asian or Pacific Islander,Ross,2014,0,452,11990
Other,Ross,2014,0,0,11992
Unknown,Ross,2014,0,0,11994
White,Ross,2015,8,70927,11998
Black,Ross,2015,0,5280,12000
American Indian or Alaskan Native,Ross,2015,0,379,12002
Asian or Pacific Islander,Ross,2015,0,481,12004
Other,Ross,2015,0,0,12006
Unknown,Ross,2015,0,0,12008
White,Ross,2016,11,70694,12012
Black,Ross,2016,2,5334,12014
American Indian or Alaskan Native,Ross,2016,0,375,12016
Asian or Pacific Islander,Ross,2016,0,485,12018
Other,Ross,2016,0,0,12020
Unknown,Ross,2016,0,0,12022
White,Ross,2017,9,70887,12026
Black,Ross,2017,1,5542,12028
American Indian or Alaskan Native,Ross,2017,0,377,12030
Asian or Pacific Islander,Ross,2017,0,493,12032
Other,Ross,2017,0,0,12034
Unknown,Ross,2017,0,0,12036
White,Ross,2018,14,70654,12040
Black,Ross,2018,1,5296,12042
American Indian or Alaskan Native,Ross,2018,0,385,12044
Asian or Pacific Islander,Ross,2018,0,524,12046
Other,Ross,2018,0,0,12048
Unknown,Ross,2018,1,0,12050
White,Ross,2019,5,70452,12054
Black,Ross,2019,0,5236,12056
American Indian or Alaskan Native,Ross,2019,0,414,12058
Asian or Pacific Islander,Ross,2019,0,511,12060
Other,Ross,2019,0,0,12062
Unknown,Ross,2019,0,0,12064
White,Ross,2020,13,70281,12068
Black,Ross,2020,3,5226,12070
American Indian or Alaskan Native,Ross,2020,0,413,12072
Asian or Pacific Islander,Ross,2020,0,500,12074
Other,Ross,2020,0,0,12076
Unknown,Ross,2020,0,0,12078
White,Sandusky,2010,0,58085,12096
Black,Sandusky,2010,0,2348,12098
American Indian or Alaskan Native,Sandusky,2010,0,216,12100
Asian or Pacific Islander,Sandusky,2010,0,237,12102
Other,Sandusky,2010,0,0,12104
Unknown,Sandusky,2010,0,0,12106
White,Sandusky,2011,0,57720,12110
Black,Sandusky,2011,0,2400,12112
American Indian or Alaskan Native,Sandusky,2011,0,232,12114
Asian or Pacific Islander,Sandusky,2011,0,257,12116
Other,Sandusky,2011,0,0,12118
Unknown,Sandusky,2011,0,0,12120
White,Sandusky,2012,1,57513,12124
Black,Sandusky,2012,0,2437,12126
American Indian or Alaskan Native,Sandusky,2012,0,235,12128
Asian or Pacific Islander,Sandusky,2012,0,282,12130
Other,Sandusky,2012,0,0,12132
Unknown,Sandusky,2012,0,0,12134
White,Sandusky,2013,0,57070,12138
Black,Sandusky,2013,0,2476,12140
American Indian or Alaskan Native,Sandusky,2013,0,231,12142
Asian or Pacific Islander,Sandusky,2013,0,275,12144
Other,Sandusky,2013,0,0,12146
Unknown,Sandusky,2013,0,0,12148
White,Sandusky,2014,1,56826,12152
Black,Sandusky,2014,0,2504,12154
American Indian or Alaskan Native,Sandusky,2014,0,241,12156
Asian or Pacific Islander,Sandusky,2014,0,259,12158
Other,Sandusky,2014,0,0,12160
Unknown,Sandusky,2014,0,0,12162
White,Sandusky,2015,4,56404,12166
Black,Sandusky,2015,0,2553,12168
American Indian or Alaskan Native,Sandusky,2015,0,231,12170
Asian or Pacific Islander,Sandusky,2015,0,288,12172
Other,Sandusky,2015,0,0,12174
Unknown,Sandusky,2015,0,0,12176
White,Sandusky,2016,6,56170,12180
Black,Sandusky,2016,0,2603,12182
American Indian or Alaskan Native,Sandusky,2016,0,242,12184
Asian or Pacific Islander,Sandusky,2016,0,296,12186
Other,Sandusky,2016,0,0,12188
Unknown,Sandusky,2016,0,0,12190
White,Sandusky,2017,4,55854,12194
Black,Sandusky,2017,1,2675,12196
American Indian or Alaskan Native,Sandusky,2017,0,243,12198
Asian or Pacific Islander,Sandusky,2017,0,325,12200
Other,Sandusky,2017,0,0,12202
Unknown,Sandusky,2017,0,0,12204
White,Sandusky,2018,1,55430,12208
Black,Sandusky,2018,0,2726,12210
American Indian or Alaskan Native,Sandusky,2018,0,266,12212
Asian or Pacific Islander,Sandusky,2018,0,304,12214
Other,Sandusky,2018,0,0,12216
Unknown,Sandusky,2018,0,0,12218
White,Sandusky,2019,4,55154,12222
Black,Sandusky,2019,0,2769,12224
American Indian or Alaskan Native,Sandusky,2019,0,273,12226
Asian or Pacific Islander,Sandusky,2019,0,324,12228
Other,Sandusky,2019,0,0,12230
Unknown,Sandusky,2019,0,0,12232
White,Sandusky,2020,0,54933,12236
Black,Sandusky,2020,0,2815,12238
American Indian or Alaskan Native,Sandusky,2020,0,276,12240
Asian or Pacific Islander,Sandusky,2020,0,327,12242
Other,Sandusky,2020,0,0,12244
Unknown,Sandusky,2020,0,0,12246
White,Scioto,2010,0,76215,12264
Black,Scioto,2010,0,2573,12266
American Indian or Alaskan Native,Scioto,2010,0,581,12268
Asian or Pacific Islander,Scioto,2010,0,303,12270
Other,Scioto,2010,0,0,12272
Unknown,Scioto,2010,0,0,12274
White,Scioto,2011,2,75975,12278
Black,Scioto,2011,0,2539,12280
American Indian or Alaskan Native,Scioto,2011,0,577,12282
Asian or Pacific Islander,Scioto,2011,0,334,12284
Other,Scioto,2011,0,0,12286
Unknown,Scioto,2011,0,0,12288
White,Scioto,2012,0,75381,12292
Black,Scioto,2012,0,2521,12294
American Indian or Alaskan Native,Scioto,2012,0,565,12296
Asian or Pacific Islander,Scioto,2012,0,341,12298
Other,Scioto,2012,0,0,12300
Unknown,Scioto,2012,0,0,12302
White,Scioto,2013,1,74971,12306
Black,Scioto,2013,0,2476,12308
American Indian or Alaskan Native,Scioto,2013,0,554,12310
Asian or Pacific Islander,Scioto,2013,0,332,12312
Other,Scioto,2013,0,0,12314
Unknown,Scioto,2013,0,0,12316
White,Scioto,2014,0,74230,12320
Black,Scioto,2014,0,2386,12322
American Indian or Alaskan Native,Scioto,2014,0,564,12324
Asian or Pacific Islander,Scioto,2014,0,329,12326
Other,Scioto,2014,0,0,12328
Unknown,Scioto,2014,0,0,12330
White,Scioto,2015,0,73735,12334
Black,Scioto,2015,0,2427,12336
American Indian or Alaskan Native,Scioto,2015,0,548,12338
Asian or Pacific Islander,Scioto,2015,0,314,12340
Other,Scioto,2015,0,0,12342
Unknown,Scioto,2015,0,0,12344
White,Scioto,2016,2,73174,12348
Black,Scioto,2016,0,2411,12350
American Indian or Alaskan Native,Scioto,2016,0,540,12352
Asian or Pacific Islander,Scioto,2016,0,326,12354
Other,Scioto,2016,0,0,12356
Unknown,Scioto,2016,0,0,12358
White,Scioto,2017,4,72641,12362
Black,Scioto,2017,0,2470,12364
American Indian or Alaskan Native,Scioto,2017,0,555,12366
Asian or Pacific Islander,Scioto,2017,0,352,12368
Other,Scioto,2017,0,0,12370
Unknown,Scioto,2017,0,0,12372
White,Scioto,2018,5,71953,12376
Black,Scioto,2018,1,2467,12378
American Indian or Alaskan Native,Scioto,2018,0,562,12380
Asian or Pacific Islander,Scioto,2018,0,356,12382
Other,Scioto,2018,0,0,12384
Unknown,Scioto,2018,0,0,12386
White,Scioto,2019,4,71584,12390
Black,Scioto,2019,0,2550,12392
American Indian or Alaskan Native,Scioto,2019,0,569,12394
Asian or Pacific Islander,Scioto,2019,0,348,12396
Other,Scioto,2019,0,0,12398
Unknown,Scioto,2019,0,0,12400
White,Scioto,2020,8,70893,12404
Black,Scioto,2020,3,2546,12406
American Indian or Alaskan Native,Scioto,2020,0,562,12408
Asian or Pacific Islander,Scioto,2020,0,346,12410
Other,Scioto,2020,0,0,12412
Unknown,Scioto,2020,0,0,12414
White,Seneca,2010,0,54264,12432
Black,Seneca,2010,0,1835,12434
American Indian or Alaskan Native,Seneca,2010,0,137,12436
Asian or Pacific Islander,Seneca,2010,0,383,12438
Other,Seneca,2010,0,0,12440
Unknown,Seneca,2010,0,0,12442
White,Seneca,2011,0,54127,12446
Black,Seneca,2011,0,1827,12448
American Indian or Alaskan Native,Seneca,2011,0,165,12450
Asian or Pacific Islander,Seneca,2011,0,407,12452
Other,Seneca,2011,0,0,12454
Unknown,Seneca,2011,0,0,12456
White,Seneca,2012,1,53660,12460
Black,Seneca,2012,0,1867,12462
American Indian or Alaskan Native,Seneca,2012,0,158,12464
Asian or Pacific Islander,Seneca,2012,0,432,12466
Other,Seneca,2012,0,0,12468
Unknown,Seneca,2012,0,0,12470
White,Seneca,2013,0,53342,12474
Black,Seneca,2013,0,1912,12476
American Indian or Alaskan Native,Seneca,2013,0,160,12478
Asian or Pacific Islander,Seneca,2013,0,446,12480
Other,Seneca,2013,0,0,12482
Unknown,Seneca,2013,0,0,12484
White,Seneca,2014,0,53269,12488
Black,Seneca,2014,0,1933,12490
American Indian or Alaskan Native,Seneca,2014,0,171,12492
Asian or Pacific Islander,Seneca,2014,0,446,12494
Other,Seneca,2014,0,0,12496
Unknown,Seneca,2014,0,0,12498
White,Seneca,2015,0,53091,12502
Black,Seneca,2015,0,1953,12504
American Indian or Alaskan Native,Seneca,2015,0,171,12506
Asian or Pacific Islander,Seneca,2015,0,457,12508
Other,Seneca,2015,0,0,12510
Unknown,Seneca,2015,0,0,12512
White,Seneca,2016,0,52864,12516
Black,Seneca,2016,0,2015,12518
American Indian or Alaskan Native,Seneca,2016,0,196,12520
Asian or Pacific Islander,Seneca,2016,0,442,12522
Other,Seneca,2016,0,0,12524
Unknown,Seneca,2016,0,0,12526
White,Seneca,2017,3,52623,12530
Black,Seneca,2017,0,2041,12532
American Indian or Alaskan Native,Seneca,2017,0,187,12534
Asian or Pacific Islander,Seneca,2017,0,471,12536
Other,Seneca,2017,0,0,12538
Unknown,Seneca,2017,0,0,12540
White,Seneca,2018,1,52461,12544
Black,Seneca,2018,0,2113,12546
American Indian or Alaskan Native,Seneca,2018,0,198,12548
Asian or Pacific Islander,Seneca,2018,0,484,12550
Other,Seneca,2018,0,0,12552
Unknown,Seneca,2018,0,0,12554
White,Seneca,2019,3,52365,12558
Black,Seneca,2019,0,2153,12560
American Indian or Alaskan Native,Seneca,2019,0,211,12562
Asian or Pacific Islander,Seneca,2019,0,491,12564
Other,Seneca,2019,0,0,12566
Unknown,Seneca,2019,0,0,12568
White,Seneca,2020,2,52060,12572
Black,Seneca,2020,0,2155,12574
American Indian or Alaskan Native,Seneca,2020,0,210,12576
Asian or Pacific Islander,Seneca,2020,0,513,12578
Other,Seneca,2020,0,0,12580
Unknown,Seneca,2020,0,0,12582
White,Shelby,2010,0,47361,12600
Black,Shelby,2010,0,1378,12602
American Indian or Alaskan Native,Shelby,2010,0,100,12604
Asian or Pacific Islander,Shelby,2010,0,508,12606
Other,Shelby,2010,0,0,12608
Unknown,Shelby,2010,0,0,12610
White,Shelby,2011,1,47220,12614
Black,Shelby,2011,0,1388,12616
American Indian or Alaskan Native,Shelby,2011,0,100,12618
Asian or Pacific Islander,Shelby,2011,0,548,12620
Other,Shelby,2011,0,0,12622
Unknown,Shelby,2011,0,0,12624
White,Shelby,2012,0,47065,12628
Black,Shelby,2012,0,1417,12630
American Indian or Alaskan Native,Shelby,2012,0,111,12632
Asian or Pacific Islander,Shelby,2012,0,565,12634
Other,Shelby,2012,0,0,12636
Unknown,Shelby,2012,0,0,12638
White,Shelby,2013,0,47003,12642
Black,Shelby,2013,0,1498,12644
American Indian or Alaskan Native,Shelby,2013,0,107,12646
Asian or Pacific Islander,Shelby,2013,0,594,12648
Other,Shelby,2013,0,0,12650
Unknown,Shelby,2013,0,0,12652
White,Shelby,2014,0,46673,12656
Black,Shelby,2014,0,1600,12658
American Indian or Alaskan Native,Shelby,2014,0,118,12660
Asian or Pacific Islander,Shelby,2014,0,610,12662
Other,Shelby,2014,0,0,12664
Unknown,Shelby,2014,0,0,12666
White,Shelby,2015,0,46726,12670
Black,Shelby,2015,0,1575,12672
American Indian or Alaskan Native,Shelby,2015,0,112,12674
Asian or Pacific Islander,Shelby,2015,0,623,12676
Other,Shelby,2015,0,0,12678
Unknown,Shelby,2015,0,0,12680
White,Shelby,2016,3,46430,12684
Black,Shelby,2016,0,1560,12686
American Indian or Alaskan Native,Shelby,2016,0,122,12688
Asian or Pacific Islander,Shelby,2016,0,648,12690
Other,Shelby,2016,0,0,12692
Unknown,Shelby,2016,0,0,12694
White,Shelby,2017,6,46373,12698
Black,Shelby,2017,0,1615,12700
American Indian or Alaskan Native,Shelby,2017,0,117,12702
Asian or Pacific Islander,Shelby,2017,0,626,12704
Other,Shelby,2017,0,0,12706
Unknown,Shelby,2017,0,0,12708
White,Shelby,2018,2,46187,12712
Black,Shelby,2018,1,1685,12714
American Indian or Alaskan Native,Shelby,2018,0,126,12716
Asian or Pacific Islander,Shelby,2018,0,634,12718
Other,Shelby,2018,0,0,12720
Unknown,Shelby,2018,0,0,12722
White,Shelby,2019,3,46077,12726
Black,Shelby,2019,0,1717,12728
American Indian or Alaskan Native,Shelby,2019,0,128,12730
Asian or Pacific Islander,Shelby,2019,0,670,12732
Other,Shelby,2019,0,0,12734
Unknown,Shelby,2019,0,0,12736
White,Shelby,2020,1,45800,12740
Black,Shelby,2020,0,1728,12742
American Indian or Alaskan Native,Shelby,2020,0,133,12744
Asian or Pacific Islander,Shelby,2020,0,676,12746
Other,Shelby,2020,0,0,12748
Unknown,Shelby,2020,0,0,12750
White,Stark,2010,5,338236,12768
Black,Stark,2010,0,32470,12770
American Indian or Alaskan Native,Stark,2010,0,1333,12772
Asian or Pacific Islander,Stark,2010,0,3309,12774
Other,Stark,2010,0,0,12776
Unknown,Stark,2010,0,0,12778
White,Stark,2011,9,337372,12782
Black,Stark,2011,2,32405,12784
American Indian or Alaskan Native,Stark,2011,0,1321,12786
Asian or Pacific Islander,Stark,2011,0,3414,12788
Other,Stark,2011,0,0,12790
Unknown,Stark,2011,0,0,12792
White,Stark,2012,6,337389,12796
Black,Stark,2012,0,32676,12798
American Indian or Alaskan Native,Stark,2012,0,1301,12800
Asian or Pacific Islander,Stark,2012,0,3548,12802
Other,Stark,2012,0,0,12804
Unknown,Stark,2012,0,0,12806
White,Stark,2013,14,336994,12810
Black,Stark,2013,1,33086,12812
American Indian or Alaskan Native,Stark,2013,0,1342,12814
Asian or Pacific Islander,Stark,2013,0,3730,12816
Other,Stark,2013,0,0,12818
Unknown,Stark,2013,0,0,12820
White,Stark,2014,16,336896,12824
Black,Stark,2014,2,33461,12826
American Indian or Alaskan Native,Stark,2014,0,1386,12828
Asian or Pacific Islander,Stark,2014,0,3865,12830
Other,Stark,2014,0,0,12832
Unknown,Stark,2014,0,0,12834
White,Stark,2015,10,335719,12838
Black,Stark,2015,3,33677,12840
American Indian or Alaskan Native,Stark,2015,0,1373,12842
Asian or Pacific Islander,Stark,2015,0,4029,12844
Other,Stark,2015,0,0,12846
Unknown,Stark,2015,0,0,12848
White,Stark,2016,17,334425,12852
Black,Stark,2016,2,33726,12854
American Indian or Alaskan Native,Stark,2016,0,1361,12856
Asian or Pacific Islander,Stark,2016,0,4041,12858
Other,Stark,2016,0,0,12860
Unknown,Stark,2016,0,0,12862
White,Stark,2017,15,332556,12866
Black,Stark,2017,2,34013,12868
American Indian or Alaskan Native,Stark,2017,0,1390,12870
Asian or Pacific Islander,Stark,2017,0,4161,12872
Other,Stark,2017,0,0,12874
Unknown,Stark,2017,0,0,12876
White,Stark,2018,12,331457,12880
Black,Stark,2018,3,34343,12882
American Indian or Alaskan Native,Stark,2018,0,1392,12884
Asian or Pacific Islander,Stark,2018,0,4218,12886
Other,Stark,2018,0,0,12888
Unknown,Stark,2018,0,0,12890
White,Stark,2019,27,330351,12894
Black,Stark,2019,7,34696,12896
American Indian or Alaskan Native,Stark,2019,0,1403,12898
Asian or Pacific Islander,Stark,2019,1,4273,12900
Other,Stark,2019,0,0,12902
Unknown,Stark,2019,0,0,12904
White,Stark,2020,29,329147,12908
Black,Stark,2020,7,34917,12910
American Indian or Alaskan Native,Stark,2020,0,1411,12912
Asian or Pacific Islander,Stark,2020,0,4297,12914
Other,Stark,2020,0,0,12916
Unknown,Stark,2020,0,0,12918
White,Summit,2010,9,443719,12936
Black,Summit,2010,2,83278,12938
American Indian or Alaskan Native,Summit,2010,0,1504,12940
Asian or Pacific Islander,Summit,2010,0,13158,12942
Other,Summit,2010,0,0,12944
Unknown,Summit,2010,0,0,12946
White,Summit,2011,3,442088,12950
Black,Summit,2011,1,83944,12952
American Indian or Alaskan Native,Summit,2011,0,1495,12954
Asian or Pacific Islander,Summit,2011,0,13841,12956
Other,Summit,2011,0,0,12958
Unknown,Summit,2011,1,0,12960
White,Summit,2012,5,440619,12964
Black,Summit,2012,4,84092,12966
American Indian or Alaskan Native,Summit,2012,0,1518,12968
Asian or Pacific Islander,Summit,2012,0,14577,12970
Other,Summit,2012,0,0,12972
Unknown,Summit,2012,0,0,12974
White,Summit,2013,9,439656,12978
Black,Summit,2013,1,84942,12980
American Indian or Alaskan Native,Summit,2013,0,1543,12982
Asian or Pacific Islander,Summit,2013,0,15891,12984
Other,Summit,2013,0,0,12986
Unknown,Summit,2013,0,0,12988
White,Summit,2014,12,438088,12992
Black,Summit,2014,7,85438,12994
American Indian or Alaskan Native,Summit,2014,0,1551,12996
Asian or Pacific Islander,Summit,2014,0,17495,12998
Other,Summit,2014,0,0,13000
Unknown,Summit,2014,1,0,13002
White,Summit,2015,9,435870,13006
Black,Summit,2015,4,85921,13008
American Indian or Alaskan Native,Summit,2015,0,1579,13010
Asian or Pacific Islander,Summit,2015,0,18570,13012
Other,Summit,2015,0,0,13014
Unknown,Summit,2015,0,0,13016
White,Summit,2016,42,433448,13020
Black,Summit,2016,14,86225,13022
American Indian or Alaskan Native,Summit,2016,0,1595,13024
Asian or Pacific Islander,Summit,2016,0,19958,13026
Other,Summit,2016,0,0,13028
Unknown,Summit,2016,0,0,13030
White,Summit,2017,52,432093,13034
Black,Summit,2017,15,86776,13036
American Indian or Alaskan Native,Summit,2017,0,1615,13038
Asian or Pacific Islander,Summit,2017,0,21211,13040
Other,Summit,2017,0,0,13042
Unknown,Summit,2017,0,0,13044
White,Summit,2018,18,429996,13048
Black,Summit,2018,9,87545,13050
American Indian or Alaskan Native,Summit,2018,0,1632,13052
Asian or Pacific Islander,Summit,2018,0,22278,13054
Other,Summit,2018,0,0,13056
Unknown,Summit,2018,0,0,13058
White,Summit,2019,27,428045,13062
Black,Summit,2019,15,87946,13064
American Indian or Alaskan Native,Summit,2019,0,1618,13066
Asian or Pacific Islander,Summit,2019,1,23205,13068
Other,Summit,2019,0,0,13070
Unknown,Summit,2019,0,0,13072
White,Summit,2020,21,425025,13076
Black,Summit,2020,13,88400,13078
American Indian or Alaskan Native,Summit,2020,0,1638,13080
Asian or Pacific Islander,Summit,2020,1,23803,13082
Other,Summit,2020,0,0,13084
Unknown,Summit,2020,0,0,13086
White,Trumbull,2010,3,189157,13104
Black,Trumbull,2010,0,18979,13106
American Indian or Alaskan Native,Trumbull,2010,0,478,13108
Asian or Pacific Islander,Trumbull,2010,0,1224,13110
Other,Trumbull,2010,0,0,13112
Unknown,Trumbull,2010,0,0,13114
White,Trumbull,2011,5,188212,13118
Black,Trumbull,2011,0,18930,13120
American Indian or Alaskan Native,Trumbull,2011,0,500,13122
Asian or Pacific Islander,Trumbull,2011,0,1224,13124
Other,Trumbull,2011,0,0,13126
Unknown,Trumbull,2011,0,0,13128
White,Trumbull,2012,2,186557,13132
Black,Trumbull,2012,0,18908,13134
American Indian or Alaskan Native,Trumbull,2012,0,518,13136
Asian or Pacific Islander,Trumbull,2012,0,1262,13138
Other,Trumbull,2012,0,0,13140
Unknown,Trumbull,2012,0,0,13142
White,Trumbull,2013,5,185562,13146
Black,Trumbull,2013,1,18981,13148
American Indian or Alaskan Native,Trumbull,2013,0,539,13150
Asian or Pacific Islander,Trumbull,2013,0,1323,13152
Other,Trumbull,2013,0,0,13154
Unknown,Trumbull,2013,0,0,13156
White,Trumbull,2014,12,184206,13160
Black,Trumbull,2014,1,18965,13162
American Indian or Alaskan Native,Trumbull,2014,0,556,13164
Asian or Pacific Islander,Trumbull,2014,0,1344,13166
Other,Trumbull,2014,0,0,13168
Unknown,Trumbull,2014,0,0,13170
White,Trumbull,2015,21,182588,13174
Black,Trumbull,2015,2,19015,13176
American Indian or Alaskan Native,Trumbull,2015,0,539,13178
Asian or Pacific Islander,Trumbull,2015,0,1300,13180
Other,Trumbull,2015,0,0,13182
Unknown,Trumbull,2015,0,0,13184
White,Trumbull,2016,33,180967,13188
Black,Trumbull,2016,6,19009,13190
American Indian or Alaskan Native,Trumbull,2016,0,560,13192
Asian or Pacific Islander,Trumbull,2016,0,1318,13194
Other,Trumbull,2016,0,0,13196
Unknown,Trumbull,2016,0,0,13198
White,Trumbull,2017,50,179536,13202
Black,Trumbull,2017,5,18949,13204
American Indian or Alaskan Native,Trumbull,2017,0,562,13206
Asian or Pacific Islander,Trumbull,2017,0,1377,13208
Other,Trumbull,2017,0,0,13210
Unknown,Trumbull,2017,0,0,13212
White,Trumbull,2018,24,178105,13216
Black,Trumbull,2018,6,18491,13218
American Indian or Alaskan Native,Trumbull,2018,0,590,13220
Asian or Pacific Islander,Trumbull,2018,0,1388,13222
Other,Trumbull,2018,0,0,13224
Unknown,Trumbull,2018,0,0,13226
White,Trumbull,2019,36,177154,13230
Black,Trumbull,2019,6,18916,13232
American Indian or Alaskan Native,Trumbull,2019,0,582,13234
Asian or Pacific Islander,Trumbull,2019,0,1417,13236
Other,Trumbull,2019,0,0,13238
Unknown,Trumbull,2019,0,0,13240
White,Trumbull,2020,33,175856,13244
Black,Trumbull,2020,5,18939,13246
American Indian or Alaskan Native,Trumbull,2020,0,591,13248
Asian or Pacific Islander,Trumbull,2020,0,1414,13250
Other,Trumbull,2020,0,0,13252
Unknown,Trumbull,2020,0,0,13254
White,Tuscarawas,2010,2,90523,13272
Black,Tuscarawas,2010,0,1090,13274
American Indian or Alaskan Native,Tuscarawas,2010,0,389,13276
Asian or Pacific Islander,Tuscarawas,2010,0,543,13278
Other,Tuscarawas,2010,0,0,13280
Unknown,Tuscarawas,2010,0,0,13282
White,Tuscarawas,2011,2,90430,13286
Black,Tuscarawas,2011,0,1101,13288
American Indian or Alaskan Native,Tuscarawas,2011,0,417,13290
Asian or Pacific Islander,Tuscarawas,2011,0,543,13292
Other,Tuscarawas,2011,0,0,13294
Unknown,Tuscarawas,2011,0,0,13296
White,Tuscarawas,2012,0,90311,13300
Black,Tuscarawas,2012,0,1130,13302
American Indian or Alaskan Native,Tuscarawas,2012,0,423,13304
Asian or Pacific Islander,Tuscarawas,2012,0,562,13306
Other,Tuscarawas,2012,0,0,13308
Unknown,Tuscarawas,2012,0,0,13310
White,Tuscarawas,2013,2,90455,13314
Black,Tuscarawas,2013,0,1134,13316
American Indian or Alaskan Native,Tuscarawas,2013,0,434,13318
Asian or Pacific Islander,Tuscarawas,2013,0,602,13320
Other,Tuscarawas,2013,0,0,13322
Unknown,Tuscarawas,2013,0,0,13324
White,Tuscarawas,2014,2,90455,13328
Black,Tuscarawas,2014,0,1179,13330
American Indian or Alaskan Native,Tuscarawas,2014,0,440,13332
Asian or Pacific Islander,Tuscarawas,2014,0,608,13334
Other,Tuscarawas,2014,0,0,13336
Unknown,Tuscarawas,2014,0,0,13338
White,Tuscarawas,2015,2,90501,13342
Black,Tuscarawas,2015,0,1205,13344
American Indian or Alaskan Native,Tuscarawas,2015,0,476,13346
Asian or Pacific Islander,Tuscarawas,2015,0,600,13348
Other,Tuscarawas,2015,0,0,13350
Unknown,Tuscarawas,2015,0,0,13352
White,Tuscarawas,2016,2,90151,13356
Black,Tuscarawas,2016,0,1307,13358
American Indian or Alaskan Native,Tuscarawas,2016,0,502,13360
Asian or Pacific Islander,Tuscarawas,2016,0,642,13362
Other,Tuscarawas,2016,0,0,13364
Unknown,Tuscarawas,2016,0,0,13366
White,Tuscarawas,2017,4,89827,13370
Black,Tuscarawas,2017,0,1383,13372
American Indian or Alaskan Native,Tuscarawas,2017,0,522,13374
Asian or Pacific Islander,Tuscarawas,2017,0,645,13376
Other,Tuscarawas,2017,0,0,13378
Unknown,Tuscarawas,2017,0,0,13380
White,Tuscarawas,2018,3,89492,13384
Black,Tuscarawas,2018,0,1418,13386
American Indian or Alaskan Native,Tuscarawas,2018,0,530,13388
Asian or Pacific Islander,Tuscarawas,2018,0,635,13390
Other,Tuscarawas,2018,0,0,13392
Unknown,Tuscarawas,2018,0,0,13394
White,Tuscarawas,2019,3,89315,13398
Black,Tuscarawas,2019,1,1460,13400
American Indian or Alaskan Native,Tuscarawas,2019,0,570,13402
Asian or Pacific Islander,Tuscarawas,2019,0,648,13404
Other,Tuscarawas,2019,0,0,13406
Unknown,Tuscarawas,2019,0,0,13408
White,Tuscarawas,2020,1,89025,13412
Black,Tuscarawas,2020,0,1509,13414
American Indian or Alaskan Native,Tuscarawas,2020,0,563,13416
Asian or Pacific Islander,Tuscarawas,2020,0,679,13418
Other,Tuscarawas,2020,0,0,13420
Unknown,Tuscarawas,2020,0,0,13422
White,Union,2010,2,49321,13440
Black,Union,2010,0,1456,13442
American Indian or Alaskan Native,Union,2010,0,137,13444
Asian or Pacific Islander,Union,2010,0,1548,13446
Other,Union,2010,0,0,13448
Unknown,Union,2010,0,0,13450
White,Union,2011,0,49824,13454
Black,Union,2011,0,1552,13456
American Indian or Alaskan Native,Union,2011,0,140,13458
Asian or Pacific Islander,Union,2011,0,1585,13460
Other,Union,2011,0,0,13462
Unknown,Union,2011,0,0,13464
White,Union,2012,0,49618,13468
Black,Union,2012,0,1435,13470
American Indian or Alaskan Native,Union,2012,0,154,13472
Asian or Pacific Islander,Union,2012,0,1591,13474
Other,Union,2012,0,0,13476
Unknown,Union,2012,0,0,13478
White,Union,2013,0,50079,13482
Black,Union,2013,0,1525,13484
American Indian or Alaskan Native,Union,2013,0,149,13486
Asian or Pacific Islander,Union,2013,0,1687,13488
Other,Union,2013,0,0,13490
Unknown,Union,2013,0,0,13492
White,Union,2014,0,50192,13496
Black,Union,2014,0,1556,13498
American Indian or Alaskan Native,Union,2014,0,147,13500
Asian or Pacific Islander,Union,2014,0,1887,13502
Other,Union,2014,0,0,13504
Unknown,Union,2014,0,0,13506
White,Union,2015,0,50558,13510
Black,Union,2015,0,1601,13512
American Indian or Alaskan Native,Union,2015,0,148,13514
Asian or Pacific Islander,Union,2015,0,2087,13516
Other,Union,2015,0,0,13518
Unknown,Union,2015,0,0,13520
White,Union,2016,1,51443,13524
Black,Union,2016,0,1720,13526
American Indian or Alaskan Native,Union,2016,0,150,13528
Asian or Pacific Islander,Union,2016,0,2288,13530
Other,Union,2016,0,0,13532
Unknown,Union,2016,0,0,13534
White,Union,2017,1,52421,13538
Black,Union,2017,0,1772,13540
American Indian or Alaskan Native,Union,2017,0,167,13542
Asian or Pacific Islander,Union,2017,0,2482,13544
Other,Union,2017,0,0,13546
Unknown,Union,2017,0,0,13548
White,Union,2018,4,53059,13552
Black,Union,2018,0,1810,13554
American Indian or Alaskan Native,Union,2018,0,175,13556
Asian or Pacific Islander,Union,2018,0,2792,13558
Other,Union,2018,0,0,13560
Unknown,Union,2018,0,0,13562
White,Union,2019,4,53946,13566
Black,Union,2019,0,1848,13568
American Indian or Alaskan Native,Union,2019,0,187,13570
Asian or Pacific Islander,Union,2019,0,3073,13572
Other,Union,2019,0,0,13574
Unknown,Union,2019,0,0,13576
White,Union,2020,3,54559,13580
Black,Union,2020,0,1953,13582
American Indian or Alaskan Native,Union,2020,0,179,13584
Asian or Pacific Islander,Union,2020,0,3330,13586
Other,Union,2020,0,0,13588
Unknown,Union,2020,0,0,13590
White,Unknown,2010,0,0,13608
Black,Unknown,2010,0,0,13610
American Indian or Alaskan Native,Unknown,2010,0,0,13612
Asian or Pacific Islander,Unknown,2010,0,0,13614
Other,Unknown,2010,0,0,13616
Unknown,Unknown,2010,0,0,13618
White,Unknown,2011,0,0,13622
Black,Unknown,2011,0,0,13624
American Indian or Alaskan Native,Unknown,2011,0,0,13626
Asian or Pacific Islander,Unknown,2011,0,0,13628
Other,Unknown,2011,0,0,13630
Unknown,Unknown,2011,0,0,13632
White,Unknown,2012,0,0,13636
Black,Unknown,2012,0,0,13638
American Indian or Alaskan Native,Unknown,2012,0,0,13640
Asian or Pacific Islander,Unknown,2012,0,0,13642
Other,Unknown,2012,0,0,13644
Unknown,Unknown,2012,0,0,13646
White,Unknown,2013,0,0,13650
Black,Unknown,2013,0,0,13652
American Indian or Alaskan Native,Unknown,2013,0,0,13654
Asian or Pacific Islander,Unknown,2013,0,0,13656
Other,Unknown,2013,0,0,13658
Unknown,Unknown,2013,1,0,13660
White,Unknown,2014,0,0,13664
Black,Unknown,2014,0,0,13666
American Indian or Alaskan Native,Unknown,2014,0,0,13668
Asian or Pacific Islander,Unknown,2014,0,0,13670
Other,Unknown,2014,0,0,13672
Unknown,Unknown,2014,0,0,13674
White,Unknown,2015,0,0,13678
Black,Unknown,2015,0,0,13680
American Indian or Alaskan Native,Unknown,2015,0,0,13682
Asian or Pacific Islander,Unknown,2015,0,0,13684
Other,Unknown,2015,0,0,13686
Unknown,Unknown,2015,0,0,13688
White,Unknown,2016,0,0,13692
Black,Unknown,2016,0,0,13694
American Indian or Alaskan Native,Unknown,2016,0,0,13696
Asian or Pacific Islander,Unknown,2016,0,0,13698
Other,Unknown,2016,0,0,13700
Unknown,Unknown,2016,0,0,13702
White,Unknown,2017,1,0,13706
Black,Unknown,2017,0,0,13708
American Indian or Alaskan Native,Unknown,2017,0,0,13710
Asian or Pacific Islander,Unknown,2017,0,0,13712
Other,Unknown,2017,0,0,13714
Unknown,Unknown,2017,0,0,13716
White,Unknown,2018,1,0,13720
Black,Unknown,2018,0,0,13722
American Indian or Alaskan Native,Unknown,2018,0,0,13724
Asian or Pacific Islander,Unknown,2018,0,0,13726
Other,Unknown,2018,0,0,13728
Unknown,Unknown,2018,0,0,13730
White,Unknown,2019,0,0,13734
Black,Unknown,2019,0,0,13736
American Indian or Alaskan Native,Unknown,2019,0,0,13738
Asian or Pacific Islander,Unknown,2019,0,0,13740
Other,Unknown,2019,0,0,13742
Unknown,Unknown,2019,0,0,13744
White,Unknown,2020,0,0,13748
Black,Unknown,2020,0,0,13750
American Indian or Alaskan Native,Unknown,2020,0,0,13752
Asian or Pacific Islander,Unknown,2020,0,0,13754
Other,Unknown,2020,0,0,13756
Unknown,Unknown,2020,0,0,13758
White,Van Wert,2010,0,28128,13776
Black,Van Wert,2010,0,407,13778
American Indian or Alaskan Native,Van Wert,2010,0,67,13780
Asian or Pacific Islander,Van Wert,2010,0,77,13782
Other,Van Wert,2010,0,0,13784
Unknown,Van Wert,2010,0,0,13786
White,Van Wert,2011,1,28062,13790
Black,Van Wert,2011,0,414,13792
American Indian or Alaskan Native,Van Wert,2011,0,67,13794
Asian or Pacific Islander,Van Wert,2011,0,85,13796
Other,Van Wert,2011,0,0,13798
Unknown,Van Wert,2011,0,0,13800
White,Van Wert,2012,0,28027,13804
Black,Van Wert,2012,0,443,13806
American Indian or Alaskan Native,Van Wert,2012,0,75,13808
Asian or Pacific Islander,Van Wert,2012,0,97,13810
Other,Van Wert,2012,0,0,13812
Unknown,Van Wert,2012,0,0,13814
White,Van Wert,2013,0,27749,13818
Black,Van Wert,2013,0,437,13820
American Indian or Alaskan Native,Van Wert,2013,0,74,13822
Asian or Pacific Islander,Van Wert,2013,0,97,13824
Other,Van Wert,2013,0,0,13826
Unknown,Van Wert,2013,0,0,13828
White,Van Wert,2014,0,27710,13832
Black,Van Wert,2014,0,459,13834
American Indian or Alaskan Native,Van Wert,2014,0,72,13836
Asian or Pacific Islander,Van Wert,2014,0,102,13838
Other,Van Wert,2014,0,0,13840
Unknown,Van Wert,2014,0,0,13842
White,Van Wert,2015,1,27674,13846
Black,Van Wert,2015,0,472,13848
American Indian or Alaskan Native,Van Wert,2015,0,80,13850
Asian or Pacific Islander,Van Wert,2015,0,104,13852
Other,Van Wert,2015,0,0,13854
Unknown,Van Wert,2015,0,0,13856
White,Van Wert,2016,2,27564,13860
Black,Van Wert,2016,1,466,13862
American Indian or Alaskan Native,Van Wert,2016,0,86,13864
Asian or Pacific Islander,Van Wert,2016,0,94,13866
Other,Van Wert,2016,0,0,13868
Unknown,Van Wert,2016,0,0,13870
White,Van Wert,2017,2,27617,13874
Black,Van Wert,2017,0,476,13876
American Indian or Alaskan Native,Van Wert,2017,0,96,13878
Asian or Pacific Islander,Van Wert,2017,0,101,13880
Other,Van Wert,2017,0,0,13882
Unknown,Van Wert,2017,0,0,13884
White,Van Wert,2018,0,27448,13888
Black,Van Wert,2018,0,500,13890
American Indian or Alaskan Native,Van Wert,2018,0,122,13892
Asian or Pacific Islander,Van Wert,2018,0,106,13894
Other,Van Wert,2018,0,0,13896
Unknown,Van Wert,2018,0,0,13898
White,Van Wert,2019,0,27497,13902
Black,Van Wert,2019,0,503,13904
American Indian or Alaskan Native,Van Wert,2019,0,132,13906
Asian or Pacific Islander,Van Wert,2019,0,99,13908
Other,Van Wert,2019,0,0,13910
Unknown,Van Wert,2019,0,0,13912
White,Van Wert,2020,0,27379,13916
Black,Van Wert,2020,0,543,13918
American Indian or Alaskan Native,Van Wert,2020,0,136,13920
Asian or Pacific Islander,Van Wert,2020,0,101,13922
Other,Van Wert,2020,0,0,13924
Unknown,Van Wert,2020,0,0,13926
White,Vinton,2010,0,13240,13944
Black,Vinton,2010,0,85,13946
American Indian or Alaskan Native,Vinton,2010,0,53,13948
Asian or Pacific Islander,Vinton,2010,0,27,13950
Other,Vinton,2010,0,0,13952
Unknown,Vinton,2010,0,0,13954
White,Vinton,2011,0,13197,13958
Black,Vinton,2011,0,96,13960
American Indian or Alaskan Native,Vinton,2011,0,57,13962
Asian or Pacific Islander,Vinton,2011,0,30,13964
Other,Vinton,2011,0,0,13966
Unknown,Vinton,2011,0,0,13968
White,Vinton,2012,0,13033,13972
Black,Vinton,2012,0,99,13974
American Indian or Alaskan Native,Vinton,2012,0,61,13976
Asian or Pacific Islander,Vinton,2012,0,30,13978
Other,Vinton,2012,0,0,13980
Unknown,Vinton,2012,0,0,13982
White,Vinton,2013,0,13107,13986
Black,Vinton,2013,0,110,13988
American Indian or Alaskan Native,Vinton,2013,0,61,13990
Asian or Pacific Islander,Vinton,2013,0,27,13992
Other,Vinton,2013,0,0,13994
Unknown,Vinton,2013,0,0,13996
White,Vinton,2014,1,12995,14000
Black,Vinton,2014,0,123,14002
American Indian or Alaskan Native,Vinton,2014,0,60,14004
Asian or Pacific Islander,Vinton,2014,0,32,14006
Other,Vinton,2014,0,0,14008
Unknown,Vinton,2014,0,0,14010
White,Vinton,2015,0,12862,14014
Black,Vinton,2015,0,119,14016
American Indian or Alaskan Native,Vinton,2015,0,71,14018
Asian or Pacific Islander,Vinton,2015,0,31,14020
Other,Vinton,2015,0,0,14022
Unknown,Vinton,2015,0,0,14024
White,Vinton,2016,0,12787,14028
Black,Vinton,2016,0,119,14030
American Indian or Alaskan Native,Vinton,2016,0,76,14032
Asian or Pacific Islander,Vinton,2016,0,33,14034
Other,Vinton,2016,0,0,14036
Unknown,Vinton,2016,0,0,14038
White,Vinton,2017,0,12857,14042
Black,Vinton,2017,0,120,14044
American Indian or Alaskan Native,Vinton,2017,0,67,14046
Asian or Pacific Islander,Vinton,2017,0,36,14048
Other,Vinton,2017,0,0,14050
Unknown,Vinton,2017,0,0,14052
White,Vinton,2018,0,12891,14056
Black,Vinton,2018,0,132,14058
American Indian or Alaskan Native,Vinton,2018,0,69,14060
Asian or Pacific Islander,Vinton,2018,0,40,14062
Other,Vinton,2018,0,0,14064
Unknown,Vinton,2018,0,0,14066
White,Vinton,2019,1,12770,14070
Black,Vinton,2019,0,149,14072
American Indian or Alaskan Native,Vinton,2019,0,71,14074
Asian or Pacific Islander,Vinton,2019,0,38,14076
Other,Vinton,2019,0,0,14078
Unknown,Vinton,2019,0,0,14080
White,Vinton,2020,1,12698,14084
Black,Vinton,2020,0,161,14086
American Indian or Alaskan Native,Vinton,2020,0,70,14088
Asian or Pacific Islander,Vinton,2020,0,43,14090
Other,Vinton,2020,0,0,14092
Unknown,Vinton,2020,0,0,14094
White,Warren,2010,1,196169,14112
Black,Warren,2010,0,7702,14114
American Indian or Alaskan Native,Warren,2010,0,468,14116
Asian or Pacific Islander,Warren,2010,0,9106,14118
Other,Warren,2010,0,0,14120
Unknown,Warren,2010,0,0,14122
White,Warren,2011,3,197362,14126
Black,Warren,2011,0,7935,14128
American Indian or Alaskan Native,Warren,2011,0,494,14130
Asian or Pacific Islander,Warren,2011,0,9586,14132
Other,Warren,2011,0,0,14134
Unknown,Warren,2011,0,0,14136
White,Warren,2012,3,198561,14140
Black,Warren,2012,0,8057,14142
American Indian or Alaskan Native,Warren,2012,0,495,14144
Asian or Pacific Islander,Warren,2012,0,10180,14146
Other,Warren,2012,0,0,14148
Unknown,Warren,2012,0,0,14150
White,Warren,2013,4,199809,14154
Black,Warren,2013,0,8248,14156
American Indian or Alaskan Native,Warren,2013,0,524,14158
Asian or Pacific Islander,Warren,2013,0,10717,14160
Other,Warren,2013,0,0,14162
Unknown,Warren,2013,0,0,14164
White,Warren,2014,3,201087,14168
Black,Warren,2014,0,8283,14170
American Indian or Alaskan Native,Warren,2014,0,516,14172
Asian or Pacific Islander,Warren,2014,0,11543,14174
Other,Warren,2014,0,0,14176
Unknown,Warren,2014,0,0,14178
White,Warren,2015,6,202763,14182
Black,Warren,2015,1,8473,14184
American Indian or Alaskan Native,Warren,2015,0,506,14186
Asian or Pacific Islander,Warren,2015,0,12276,14188
Other,Warren,2015,0,0,14190
Unknown,Warren,2015,0,0,14192
White,Warren,2016,18,204290,14196
Black,Warren,2016,1,8881,14198
American Indian or Alaskan Native,Warren,2016,0,532,14200
Asian or Pacific Islander,Warren,2016,0,13155,14202
Other,Warren,2016,0,0,14204
Unknown,Warren,2016,0,0,14206
White,Warren,2017,14,205460,14210
Black,Warren,2017,0,9045,14212
American Indian or Alaskan Native,Warren,2017,0,566,14214
Asian or Pacific Islander,Warren,2017,0,14221,14216
Other,Warren,2017,0,0,14218
Unknown,Warren,2017,1,0,14220
White,Warren,2018,7,207342,14224
Black,Warren,2018,0,9432,14226
American Indian or Alaskan Native,Warren,2018,0,613,14228
Asian or Pacific Islander,Warren,2018,0,15152,14230
Other,Warren,2018,0,0,14232
Unknown,Warren,2018,0,0,14234
White,Warren,2019,6,209148,14238
Black,Warren,2019,1,9712,14240
American Indian or Alaskan Native,Warren,2019,0,625,14242
Asian or Pacific Islander,Warren,2019,0,16116,14244
Other,Warren,2019,0,0,14246
Unknown,Warren,2019,0,0,14248
White,Warren,2020,8,210949,14252
Black,Warren,2020,0,9856,14254
American Indian or Alaskan Native,Warren,2020,0,635,14256
Asian or Pacific Islander,Warren,2020,1,16972,14258
Other,Warren,2020,0,0,14260
Unknown,Warren,2020,0,0,14262
White,Washington,2010,0,60219,14280
Black,Washington,2010,0,915,14282
American Indian or Alaskan Native,Washington,2010,0,151,14284
Asian or Pacific Islander,Washington,2010,0,429,14286
Other,Washington,2010,0,0,14288
Unknown,Washington,2010,0,0,14290
White,Washington,2011,0,60086,14294
Black,Washington,2011,0,927,14296
American Indian or Alaskan Native,Washington,2011,0,163,14298
Asian or Pacific Islander,Washington,2011,0,441,14300
Other,Washington,2011,0,0,14302
Unknown,Washington,2011,0,0,14304
White,Washington,2012,0,59896,14308
Black,Washington,2012,0,963,14310
American Indian or Alaskan Native,Washington,2012,0,174,14312
Asian or Pacific Islander,Washington,2012,0,439,14314
Other,Washington,2012,0,0,14316
Unknown,Washington,2012,0,0,14318
White,Washington,2013,0,59779,14322
Black,Washington,2013,0,982,14324
American Indian or Alaskan Native,Washington,2013,0,167,14326
Asian or Pacific Islander,Washington,2013,0,473,14328
Other,Washington,2013,0,0,14330
Unknown,Washington,2013,0,0,14332
White,Washington,2014,0,59524,14336
Black,Washington,2014,0,990,14338
American Indian or Alaskan Native,Washington,2014,0,188,14340
Asian or Pacific Islander,Washington,2014,0,502,14342
Other,Washington,2014,0,0,14344
Unknown,Washington,2014,0,0,14346
White,Washington,2015,1,59351,14350
Black,Washington,2015,0,1023,14352
American Indian or Alaskan Native,Washington,2015,0,186,14354
Asian or Pacific Islander,Washington,2015,0,515,14356
Other,Washington,2015,0,0,14358
Unknown,Washington,2015,0,0,14360
White,Washington,2016,3,58966,14364
Black,Washington,2016,0,1011,14366
American Indian or Alaskan Native,Washington,2016,0,182,14368
Asian or Pacific Islander,Washington,2016,0,514,14370
Other,Washington,2016,0,0,14372
Unknown,Washington,2016,0,0,14374
White,Washington,2017,1,58815,14378
Black,Washington,2017,0,1023,14380
American Indian or Alaskan Native,Washington,2017,0,176,14382
Asian or Pacific Islander,Washington,2017,0,543,14384
Other,Washington,2017,0,0,14386
Unknown,Washington,2017,0,0,14388
White,Washington,2018,3,58434,14392
Black,Washington,2018,0,1026,14394
American Indian or Alaskan Native,Washington,2018,0,189,14396
Asian or Pacific Islander,Washington,2018,0,534,14398
Other,Washington,2018,0,0,14400
Unknown,Washington,2018,0,0,14402
White,Washington,2019,3,58213,14406
Black,Washington,2019,0,1095,14408
American Indian or Alaskan Native,Washington,2019,0,192,14410
Asian or Pacific Islander,Washington,2019,0,518,14412
Other,Washington,2019,0,0,14414
Unknown,Washington,2019,0,0,14416
White,Washington,2020,1,57806,14420
Black,Washington,2020,0,1120,14422
American Indian or Alaskan Native,Washington,2020,0,215,14424
Asian or Pacific Islander,Washington,2020,0,511,14426
Other,Washington,2020,0,0,14428
Unknown,Washington,2020,0,0,14430
White,Wayne,2010,0,110881,14448
Black,Wayne,2010,0,2291,14450
American Indian or Alaskan Native,Wayne,2010,0,262,14452
Asian or Pacific Islander,Wayne,2010,0,975,14454
Other,Wayne,2010,0,0,14456
Unknown,Wayne,2010,0,0,14458
White,Wayne,2011,2,111004,14462
Black,Wayne,2011,0,2334,14464
American Indian or Alaskan Native,Wayne,2011,0,277,14466
Asian or Pacific Islander,Wayne,2011,0,1055,14468
Other,Wayne,2011,0,0,14470
Unknown,Wayne,2011,0,0,14472
White,Wayne,2012,1,111297,14476
Black,Wayne,2012,0,2372,14478
American Indian or Alaskan Native,Wayne,2012,0,288,14480
Asian or Pacific Islander,Wayne,2012,0,1101,14482
Other,Wayne,2012,0,0,14484
Unknown,Wayne,2012,0,0,14486
White,Wayne,2013,2,111562,14490
Black,Wayne,2013,0,2397,14492
American Indian or Alaskan Native,Wayne,2013,0,303,14494
Asian or Pacific Islander,Wayne,2013,0,1176,14496
Other,Wayne,2013,0,0,14498
Unknown,Wayne,2013,0,0,14500
White,Wayne,2014,3,111907,14504
Black,Wayne,2014,0,2462,14506
American Indian or Alaskan Native,Wayne,2014,0,312,14508
Asian or Pacific Islander,Wayne,2014,0,1276,14510
Other,Wayne,2014,0,0,14512
Unknown,Wayne,2014,0,0,14514
White,Wayne,2015,3,112051,14518
Black,Wayne,2015,0,2528,14520
American Indian or Alaskan Native,Wayne,2015,0,315,14522
Asian or Pacific Islander,Wayne,2015,0,1368,14524
Other,Wayne,2015,0,0,14526
Unknown,Wayne,2015,0,0,14528
White,Wayne,2016,6,112322,14532
Black,Wayne,2016,0,2588,14534
American Indian or Alaskan Native,Wayne,2016,0,326,14536
Asian or Pacific Islander,Wayne,2016,0,1421,14538
Other,Wayne,2016,0,0,14540
Unknown,Wayne,2016,0,0,14542
White,Wayne,2017,3,111937,14546
Black,Wayne,2017,0,2545,14548
American Indian or Alaskan Native,Wayne,2017,0,325,14550
Asian or Pacific Islander,Wayne,2017,0,1420,14552
Other,Wayne,2017,0,0,14554
Unknown,Wayne,2017,0,0,14556
White,Wayne,2018,0,111568,14560
Black,Wayne,2018,1,2602,14562
American Indian or Alaskan Native,Wayne,2018,0,335,14564
Asian or Pacific Islander,Wayne,2018,0,1406,14566
Other,Wayne,2018,0,0,14568
Unknown,Wayne,2018,0,0,14570
White,Wayne,2019,1,111417,14574
Black,Wayne,2019,0,2631,14576
American Indian or Alaskan Native,Wayne,2019,0,335,14578
Asian or Pacific Islander,Wayne,2019,0,1441,14580
Other,Wayne,2019,0,0,14582
Unknown,Wayne,2019,0,0,14584
White,Wayne,2020,0,111320,14588
Black,Wayne,2020,1,2630,14590
American Indian or Alaskan Native,Wayne,2020,0,349,14592
Asian or Pacific Islander,Wayne,2020,0,1395,14594
Other,Wayne,2020,0,0,14596
Unknown,Wayne,2020,0,0,14598
White,Williams,2010,0,36663,14616
Black,Williams,2010,0,499,14618
American Indian or Alaskan Native,Williams,2010,0,111,14620
Asian or Pacific Islander,Williams,2010,0,237,14622
Other,Williams,2010,0,0,14624
Unknown,Williams,2010,0,0,14626
White,Williams,2011,0,36727,14630
Black,Williams,2011,0,515,14632
American Indian or Alaskan Native,Williams,2011,0,121,14634
Asian or Pacific Islander,Williams,2011,0,224,14636
Other,Williams,2011,0,0,14638
Unknown,Williams,2011,0,0,14640
White,Williams,2012,0,36656,14644
Black,Williams,2012,0,523,14646
American Indian or Alaskan Native,Williams,2012,0,129,14648
Asian or Pacific Islander,Williams,2012,0,223,14650
Other,Williams,2012,0,0,14652
Unknown,Williams,2012,0,0,14654
White,Williams,2013,0,36563,14658
Black,Williams,2013,0,540,14660
American Indian or Alaskan Native,Williams,2013,0,124,14662
Asian or Pacific Islander,Williams,2013,0,219,14664
Other,Williams,2013,0,0,14666
Unknown,Williams,2013,0,0,14668
White,Williams,2014,1,36324,14672
Black,Williams,2014,0,549,14674
American Indian or Alaskan Native,Williams,2014,0,131,14676
Asian or Pacific Islander,Williams,2014,0,218,14678
Other,Williams,2014,0,0,14680
Unknown,Williams,2014,0,0,14682
White,Williams,2015,1,36101,14686
Black,Williams,2015,0,582,14688
American Indian or Alaskan Native,Williams,2015,0,129,14690
Asian or Pacific Islander,Williams,2015,0,224,14692
Other,Williams,2015,0,0,14694
Unknown,Williams,2015,0,0,14696
White,Williams,2016,2,36035,14700
Black,Williams,2016,0,582,14702
American Indian or Alaskan Native,Williams,2016,0,136,14704
Asian or Pacific Islander,Williams,2016,0,211,14706
Other,Williams,2016,0,0,14708
Unknown,Williams,2016,0,0,14710
White,Williams,2017,0,35786,14714
Black,Williams,2017,0,598,14716
American Indian or Alaskan Native,Williams,2017,0,151,14718
Asian or Pacific Islander,Williams,2017,0,219,14720
Other,Williams,2017,0,0,14722
Unknown,Williams,2017,0,0,14724
White,Williams,2018,0,35767,14728
Black,Williams,2018,0,621,14730
American Indian or Alaskan Native,Williams,2018,0,145,14732
Asian or Pacific Islander,Williams,2018,0,220,14734
Other,Williams,2018,0,0,14736
Unknown,Williams,2018,0,0,14738
White,Williams,2019,1,35777,14742
Black,Williams,2019,0,604,14744
American Indian or Alaskan Native,Williams,2019,0,149,14746
Asian or Pacific Islander,Williams,2019,0,235,14748
Other,Williams,2019,0,0,14750
Unknown,Williams,2019,0,0,14752
White,Williams,2020,0,35508,14756
Black,Williams,2020,0,657,14758
American Indian or Alaskan Native,Williams,2020,0,159,14760
Asian or Pacific Islander,Williams,2020,0,241,14762
Other,Williams,2020,0,0,14764
Unknown,Williams,2020,0,0,14766
White,Wood,2010,0,119697,14784
Black,Wood,2010,0,3680,14786
American Indian or Alaskan Native,Wood,2010,0,382,14788
Asian or Pacific Islander,Wood,2010,0,2197,14790
Other,Wood,2010,0,0,14792
Unknown,Wood,2010,0,0,14794
White,Wood,2011,0,120679,14798
Black,Wood,2011,0,3758,14800
American Indian or Alaskan Native,Wood,2011,0,410,14802
Asian or Pacific Islander,Wood,2011,0,2303,14804
Other,Wood,2011,0,0,14806
Unknown,Wood,2011,0,0,14808
White,Wood,2012,0,121687,14812
Black,Wood,2012,0,3950,14814
American Indian or Alaskan Native,Wood,2012,0,419,14816
Asian or Pacific Islander,Wood,2012,0,2415,14818
Other,Wood,2012,0,0,14820
Unknown,Wood,2012,0,0,14822
White,Wood,2013,2,122048,14826
Black,Wood,2013,0,4075,14828
American Indian or Alaskan Native,Wood,2013,0,430,14830
Asian or Pacific Islander,Wood,2013,0,2520,14832
Other,Wood,2013,0,0,14834
Unknown,Wood,2013,0,0,14836
White,Wood,2014,5,122258,14840
Black,Wood,2014,0,4169,14842
American Indian or Alaskan Native,Wood,2014,0,443,14844
Asian or Pacific Islander,Wood,2014,0,2540,14846
Other,Wood,2014,0,0,14848
Unknown,Wood,2014,0,0,14850
White,Wood,2015,4,122119,14854
Black,Wood,2015,0,4253,14856
American Indian or Alaskan Native,Wood,2015,0,437,14858
Asian or Pacific Islander,Wood,2015,0,2566,14860
Other,Wood,2015,0,0,14862
Unknown,Wood,2015,0,0,14864
White,Wood,2016,5,122458,14868
Black,Wood,2016,0,4353,14870
American Indian or Alaskan Native,Wood,2016,0,451,14872
Asian or Pacific Islander,Wood,2016,0,2626,14874
Other,Wood,2016,0,0,14876
Unknown,Wood,2016,0,0,14878
White,Wood,2017,4,123049,14882
Black,Wood,2017,0,4406,14884
American Indian or Alaskan Native,Wood,2017,0,461,14886
Asian or Pacific Islander,Wood,2017,0,2677,14888
Other,Wood,2017,0,0,14890
Unknown,Wood,2017,0,0,14892
White,Wood,2018,1,122944,14896
Black,Wood,2018,1,4458,14898
American Indian or Alaskan Native,Wood,2018,0,494,14900
Asian or Pacific Islander,Wood,2018,0,2731,14902
Other,Wood,2018,0,0,14904
Unknown,Wood,2018,0,0,14906
White,Wood,2019,4,123301,14910
Black,Wood,2019,1,4489,14912
American Indian or Alaskan Native,Wood,2019,0,515,14914
Asian or Pacific Islander,Wood,2019,0,2784,14916
Other,Wood,2019,0,0,14918
Unknown,Wood,2019,0,0,14920
White,Wood,2020,2,123166,14924
Black,Wood,2020,1,4584,14926
American Indian or Alaskan Native,Wood,2020,0,521,14928
Asian or Pacific Islander,Wood,2020,0,2842,14930
Other,Wood,2020,0,0,14932
Unknown,Wood,2020,1,0,14934
White,Wyandot,2010,0,22271,14952
Black,Wyandot,2010,0,118,14954
American Indian or Alaskan Native,Wyandot,2010,0,41,14956
Asian or Pacific Islander,Wyandot,2010,0,157,14958
Other,Wyandot,2010,0,0,14960
Unknown,Wyandot,2010,0,0,14962
White,Wyandot,2011,0,22305,14966
Black,Wyandot,2011,0,134,14968
American Indian or Alaskan Native,Wyandot,2011,0,47,14970
Asian or Pacific Islander,Wyandot,2011,0,157,14972
Other,Wyandot,2011,0,0,14974
Unknown,Wyandot,2011,0,0,14976
White,Wyandot,2012,0,22187,14980
Black,Wyandot,2012,0,145,14982
American Indian or Alaskan Native,Wyandot,2012,0,53,14984
Asian or Pacific Islander,Wyandot,2012,0,159,14986
Other,Wyandot,2012,0,0,14988
Unknown,Wyandot,2012,0,0,14990
White,Wyandot,2013,0,22095,14994
Black,Wyandot,2013,0,151,14996
American Indian or Alaskan Native,Wyandot,2013,0,55,14998
Asian or Pacific Islander,Wyandot,2013,0,162,15000
Other,Wyandot,2013,0,0,15002
Unknown,Wyandot,2013,0,0,15004
White,Wyandot,2014,0,21908,15008
Black,Wyandot,2014,0,156,15010
American Indian or Alaskan Native,Wyandot,2014,0,65,15012
Asian or Pacific Islander,Wyandot,2014,0,158,15014
Other,Wyandot,2014,0,0,15016
Unknown,Wyandot,2014,0,0,15018
White,Wyandot,2015,0,21789,15022
Black,Wyandot,2015,0,165,15024
American Indian or Alaskan Native,Wyandot,2015,0,61,15026
Asian or Pacific Islander,Wyandot,2015,0,166,15028
Other,Wyandot,2015,0,0,15030
Unknown,Wyandot,2015,0,0,15032
White,Wyandot,2016,1,21676,15036
Black,Wyandot,2016,0,164,15038
American Indian or Alaskan Native,Wyandot,2016,0,61,15040
Asian or Pacific Islander,Wyandot,2016,0,169,15042
Other,Wyandot,2016,0,0,15044
Unknown,Wyandot,2016,0,0,15046
White,Wyandot,2017,0,21657,15050
Black,Wyandot,2017,0,171,15052
American Indian or Alaskan Native,Wyandot,2017,0,63,15054
Asian or Pacific Islander,Wyandot,2017,0,166,15056
Other,Wyandot,2017,0,0,15058
Unknown,Wyandot,2017,0,0,15060
White,Wyandot,2018,1,21500,15064
Black,Wyandot,2018,0,168,15066
American Indian or Alaskan Native,Wyandot,2018,0,69,15068
Asian or Pacific Islander,Wyandot,2018,0,164,15070
Other,Wyandot,2018,0,0,15072
Unknown,Wyandot,2018,0,0,15074
White,Wyandot,2019,0,21385,15078
Black,Wyandot,2019,0,175,15080
American Indian or Alaskan Native,Wyandot,2019,0,71,15082
Asian or Pacific Islander,Wyandot,2019,0,165,15084
Other,Wyandot,2019,0,0,15086
Unknown,Wyandot,2019,0,0,15088
White,Wyandot,2020,0,21259,15092
Black,Wyandot,2020,0,199,15094
American Indian or Alaskan Native,Wyandot,2020,0,74,15096
Asian or Pacific Islander,Wyandot,2020,0,179,15098
Other,Wyandot,2020,0,0,15100
Unknown,Wyandot,2020,0,0,15102
