CountyPopCountyName,PopulationYearYear,RacePopRaceDesc,AgeGroupNCHSAgeNCHS,Count,SORT
Adams,2010,Black,< 1,7,0
Adams,2010,White,< 1,357,1
Adams,2011,Black,< 1,3,3
Adams,2011,White,< 1,343,4
Adams,2012,Black,< 1,5,6
Adams,2012,White,< 1,319,7
Adams,2013,Black,< 1,7,9
Adams,2013,White,< 1,355,10
Adams,2014,Black,< 1,5,12
Adams,2014,White,< 1,304,13
Adams,2015,Black,< 1,3,15
Adams,2015,White,< 1,295,16
Adams,2016,Black,< 1,6,18
Adams,2016,White,< 1,338,19
Adams,2017,Black,< 1,9,21
Adams,2017,White,< 1,316,22
Adams,2018,Black,< 1,7,24
Adams,2018,White,< 1,363,25
Adams,2019,Black,< 1,7,27
Adams,2019,White,< 1,323,28
Adams,2020,Black,< 1,10,30
Adams,2020,White,< 1,329,31
Allen,2010,Black,< 1,281,36
Allen,2010,White,< 1,1029,37
Allen,2011,Black,< 1,270,39
Allen,2011,White,< 1,1021,40
Allen,2012,Black,< 1,280,42
Allen,2012,White,< 1,919,43
Allen,2013,Black,< 1,283,45
Allen,2013,White,< 1,975,46
Allen,2014,Black,< 1,247,48
Allen,2014,White,< 1,1043,49
Allen,2015,Black,< 1,274,51
Allen,2015,White,< 1,951,52
Allen,2016,Black,< 1,284,54
Allen,2016,White,< 1,968,55
Allen,2017,Black,< 1,290,57
Allen,2017,White,< 1,897,58
Allen,2018,Black,< 1,264,60
Allen,2018,White,< 1,953,61
Allen,2019,Black,< 1,259,63
Allen,2019,White,< 1,956,64
Allen,2020,Black,< 1,237,66
Allen,2020,White,< 1,974,67
Ashland,2010,Black,< 1,12,72
Ashland,2010,White,< 1,625,73
Ashland,2011,Black,< 1,10,75
Ashland,2011,White,< 1,590,76
Ashland,2012,Black,< 1,11,78
Ashland,2012,White,< 1,601,79
Ashland,2013,Black,< 1,13,81
Ashland,2013,White,< 1,609,82
Ashland,2014,Black,< 1,15,84
Ashland,2014,White,< 1,633,85
Ashland,2015,Black,< 1,13,87
Ashland,2015,White,< 1,600,88
Ashland,2016,Black,< 1,13,90
Ashland,2016,White,< 1,551,91
Ashland,2017,Black,< 1,11,93
Ashland,2017,White,< 1,583,94
Ashland,2018,Black,< 1,12,96
Ashland,2018,White,< 1,585,97
Ashland,2019,Black,< 1,16,99
Ashland,2019,White,< 1,573,100
Ashland,2020,Black,< 1,14,102
Ashland,2020,White,< 1,572,103
Ashtabula,2010,Black,< 1,84,108
Ashtabula,2010,White,< 1,1121,109
Ashtabula,2011,Black,< 1,70,111
Ashtabula,2011,White,< 1,1072,112
Ashtabula,2012,Black,< 1,70,114
Ashtabula,2012,White,< 1,1001,115
Ashtabula,2013,Black,< 1,74,117
Ashtabula,2013,White,< 1,1031,118
Ashtabula,2014,Black,< 1,78,120
Ashtabula,2014,White,< 1,978,121
Ashtabula,2015,Black,< 1,65,123
Ashtabula,2015,White,< 1,1032,124
Ashtabula,2016,Black,< 1,80,126
Ashtabula,2016,White,< 1,988,127
Ashtabula,2017,Black,< 1,75,129
Ashtabula,2017,White,< 1,1062,130
Ashtabula,2018,Black,< 1,81,132
Ashtabula,2018,White,< 1,1036,133
Ashtabula,2019,Black,< 1,79,135
Ashtabula,2019,White,< 1,1002,136
Ashtabula,2020,Black,< 1,70,138
Ashtabula,2020,White,< 1,974,139
Athens,2010,Black,< 1,19,144
Athens,2010,White,< 1,498,145
Athens,2011,Black,< 1,21,147
Athens,2011,White,< 1,523,148
Athens,2012,Black,< 1,26,150
Athens,2012,White,< 1,510,151
Athens,2013,Black,< 1,17,153
Athens,2013,White,< 1,501,154
Athens,2014,Black,< 1,20,156
Athens,2014,White,< 1,517,157
Athens,2015,Black,< 1,25,159
Athens,2015,White,< 1,491,160
Athens,2016,Black,< 1,16,162
Athens,2016,White,< 1,472,163
Athens,2017,Black,< 1,19,165
Athens,2017,White,< 1,471,166
Athens,2018,Black,< 1,17,168
Athens,2018,White,< 1,454,169
Athens,2019,Black,< 1,20,171
Athens,2019,White,< 1,429,172
Athens,2020,Black,< 1,30,174
Athens,2020,White,< 1,419,175
Auglaize,2010,Black,< 1,10,180
Auglaize,2010,White,< 1,590,181
Auglaize,2011,Black,< 1,3,183
Auglaize,2011,White,< 1,564,184
Auglaize,2012,Black,< 1,3,186
Auglaize,2012,White,< 1,500,187
Auglaize,2013,Black,< 1,8,189
Auglaize,2013,White,< 1,521,190
Auglaize,2014,Black,< 1,10,192
Auglaize,2014,White,< 1,516,193
Auglaize,2015,Black,< 1,11,195
Auglaize,2015,White,< 1,554,196
Auglaize,2016,Black,< 1,12,198
Auglaize,2016,White,< 1,550,199
Auglaize,2017,Black,< 1,10,201
Auglaize,2017,White,< 1,565,202
Auglaize,2018,Black,< 1,8,204
Auglaize,2018,White,< 1,559,205
Auglaize,2019,Black,< 1,8,207
Auglaize,2019,White,< 1,528,208
Auglaize,2020,Black,< 1,18,210
Auglaize,2020,White,< 1,508,211
Belmont,2010,Black,< 1,44,216
Belmont,2010,White,< 1,696,217
Belmont,2011,Black,< 1,36,219
Belmont,2011,White,< 1,673,220
Belmont,2012,Black,< 1,29,222
Belmont,2012,White,< 1,669,223
Belmont,2013,Black,< 1,33,225
Belmont,2013,White,< 1,689,226
Belmont,2014,Black,< 1,37,228
Belmont,2014,White,< 1,637,229
Belmont,2015,Black,< 1,42,231
Belmont,2015,White,< 1,645,232
Belmont,2016,Black,< 1,35,234
Belmont,2016,White,< 1,581,235
Belmont,2017,Black,< 1,36,237
Belmont,2017,White,< 1,601,238
Belmont,2018,Black,< 1,33,240
Belmont,2018,White,< 1,555,241
Belmont,2019,Black,< 1,32,243
Belmont,2019,White,< 1,608,244
Belmont,2020,Black,< 1,38,246
Belmont,2020,White,< 1,587,247
Brown,2010,Black,< 1,10,252
Brown,2010,White,< 1,531,253
Brown,2011,Black,< 1,10,255
Brown,2011,White,< 1,492,256
Brown,2012,Black,< 1,8,258
Brown,2012,White,< 1,501,259
Brown,2013,Black,< 1,11,261
Brown,2013,White,< 1,485,262
Brown,2014,Black,< 1,11,264
Brown,2014,White,< 1,469,265
Brown,2015,Black,< 1,11,267
Brown,2015,White,< 1,464,268
Brown,2016,Black,< 1,14,270
Brown,2016,White,< 1,465,271
Brown,2017,Black,< 1,10,273
Brown,2017,White,< 1,493,274
Brown,2018,Black,< 1,10,276
Brown,2018,White,< 1,448,277
Brown,2019,Black,< 1,12,279
Brown,2019,White,< 1,485,280
Brown,2020,Black,< 1,10,282
Brown,2020,White,< 1,463,283
Butler,2010,Black,< 1,544,288
Butler,2010,White,< 1,3930,289
Butler,2011,Black,< 1,564,291
Butler,2011,White,< 1,3782,292
Butler,2012,Black,< 1,542,294
Butler,2012,White,< 1,3725,295
Butler,2013,Black,< 1,622,297
Butler,2013,White,< 1,3868,298
Butler,2014,Black,< 1,607,300
Butler,2014,White,< 1,3605,301
Butler,2015,Black,< 1,612,303
Butler,2015,White,< 1,3691,304
Butler,2016,Black,< 1,597,306
Butler,2016,White,< 1,3757,307
Butler,2017,Black,< 1,636,309
Butler,2017,White,< 1,3480,310
Butler,2018,Black,< 1,650,312
Butler,2018,White,< 1,3597,313
Butler,2019,Black,< 1,688,315
Butler,2019,White,< 1,3491,316
Butler,2020,Black,< 1,643,318
Butler,2020,White,< 1,3491,319
Carroll,2010,Black,< 1,8,324
Carroll,2010,White,< 1,296,325
Carroll,2011,Black,< 1,7,327
Carroll,2011,White,< 1,304,328
Carroll,2012,Black,< 1,4,330
Carroll,2012,White,< 1,235,331
Carroll,2013,Black,< 1,8,333
Carroll,2013,White,< 1,271,334
Carroll,2014,Black,< 1,5,336
Carroll,2014,White,< 1,258,337
Carroll,2015,Black,< 1,9,339
Carroll,2015,White,< 1,270,340
Carroll,2016,Black,< 1,7,342
Carroll,2016,White,< 1,271,343
Carroll,2017,Black,< 1,7,345
Carroll,2017,White,< 1,268,346
Carroll,2018,Black,< 1,9,348
Carroll,2018,White,< 1,272,349
Carroll,2019,Black,< 1,8,351
Carroll,2019,White,< 1,261,352
Carroll,2020,Black,< 1,10,354
Carroll,2020,White,< 1,255,355
Champaign,2010,Black,< 1,27,360
Champaign,2010,White,< 1,426,361
Champaign,2011,Black,< 1,19,363
Champaign,2011,White,< 1,398,364
Champaign,2012,Black,< 1,14,366
Champaign,2012,White,< 1,368,367
Champaign,2013,Black,< 1,25,369
Champaign,2013,White,< 1,384,370
Champaign,2014,Black,< 1,25,372
Champaign,2014,White,< 1,357,373
Champaign,2015,Black,< 1,16,375
Champaign,2015,White,< 1,369,376
Champaign,2016,Black,< 1,18,378
Champaign,2016,White,< 1,381,379
Champaign,2017,Black,< 1,20,381
Champaign,2017,White,< 1,372,382
Champaign,2018,Black,< 1,22,384
Champaign,2018,White,< 1,409,385
Champaign,2019,Black,< 1,21,387
Champaign,2019,White,< 1,363,388
Champaign,2020,Black,< 1,22,390
Champaign,2020,White,< 1,359,391
Clark,2010,Black,< 1,255,396
Clark,2010,White,< 1,1383,397
Clark,2011,Black,< 1,264,399
Clark,2011,White,< 1,1330,400
Clark,2012,Black,< 1,270,402
Clark,2012,White,< 1,1294,403
Clark,2013,Black,< 1,277,405
Clark,2013,White,< 1,1288,406
Clark,2014,Black,< 1,275,408
Clark,2014,White,< 1,1248,409
Clark,2015,Black,< 1,276,411
Clark,2015,White,< 1,1315,412
Clark,2016,Black,< 1,270,414
Clark,2016,White,< 1,1283,415
Clark,2017,Black,< 1,254,417
Clark,2017,White,< 1,1255,418
Clark,2018,Black,< 1,293,420
Clark,2018,White,< 1,1315,421
Clark,2019,Black,< 1,253,423
Clark,2019,White,< 1,1253,424
Clark,2020,Black,< 1,233,426
Clark,2020,White,< 1,1257,427
Clermont,2010,Black,< 1,68,432
Clermont,2010,White,< 1,2407,433
Clermont,2011,Black,< 1,67,435
Clermont,2011,White,< 1,2311,436
Clermont,2012,Black,< 1,75,438
Clermont,2012,White,< 1,2243,439
Clermont,2013,Black,< 1,63,441
Clermont,2013,White,< 1,2201,442
Clermont,2014,Black,< 1,76,444
Clermont,2014,White,< 1,2120,445
Clermont,2015,Black,< 1,86,447
Clermont,2015,White,< 1,2204,448
Clermont,2016,Black,< 1,83,450
Clermont,2016,White,< 1,2192,451
Clermont,2017,Black,< 1,86,453
Clermont,2017,White,< 1,2108,454
Clermont,2018,Black,< 1,89,456
Clermont,2018,White,< 1,2183,457
Clermont,2019,Black,< 1,81,459
Clermont,2019,White,< 1,2088,460
Clermont,2020,Black,< 1,88,462
Clermont,2020,White,< 1,2095,463
Clinton,2010,Black,< 1,31,468
Clinton,2010,White,< 1,471,469
Clinton,2011,Black,< 1,25,471
Clinton,2011,White,< 1,454,472
Clinton,2012,Black,< 1,23,474
Clinton,2012,White,< 1,484,475
Clinton,2013,Black,< 1,20,477
Clinton,2013,White,< 1,497,478
Clinton,2014,Black,< 1,29,480
Clinton,2014,White,< 1,466,481
Clinton,2015,Black,< 1,38,483
Clinton,2015,White,< 1,481,484
Clinton,2016,Black,< 1,31,486
Clinton,2016,White,< 1,468,487
Clinton,2017,Black,< 1,26,489
Clinton,2017,White,< 1,469,490
Clinton,2018,Black,< 1,29,492
Clinton,2018,White,< 1,447,493
Clinton,2019,Black,< 1,24,495
Clinton,2019,White,< 1,404,496
Clinton,2020,Black,< 1,23,498
Clinton,2020,White,< 1,420,499
Columbiana,2010,Black,< 1,56,504
Columbiana,2010,White,< 1,1091,505
Columbiana,2011,Black,< 1,50,507
Columbiana,2011,White,< 1,1050,508
Columbiana,2012,Black,< 1,56,510
Columbiana,2012,White,< 1,1038,511
Columbiana,2013,Black,< 1,62,513
Columbiana,2013,White,< 1,1013,514
Columbiana,2014,Black,< 1,46,516
Columbiana,2014,White,< 1,1047,517
Columbiana,2015,Black,< 1,50,519
Columbiana,2015,White,< 1,1007,520
Columbiana,2016,Black,< 1,52,522
Columbiana,2016,White,< 1,1037,523
Columbiana,2017,Black,< 1,48,525
Columbiana,2017,White,< 1,991,526
Columbiana,2018,Black,< 1,49,528
Columbiana,2018,White,< 1,971,529
Columbiana,2019,Black,< 1,46,531
Columbiana,2019,White,< 1,915,532
Columbiana,2020,Black,< 1,49,534
Columbiana,2020,White,< 1,912,535
Coshocton,2010,Black,< 1,15,540
Coshocton,2010,White,< 1,421,541
Coshocton,2011,Black,< 1,8,543
Coshocton,2011,White,< 1,415,544
Coshocton,2012,Black,< 1,9,546
Coshocton,2012,White,< 1,430,547
Coshocton,2013,Black,< 1,11,549
Coshocton,2013,White,< 1,460,550
Coshocton,2014,Black,< 1,11,552
Coshocton,2014,White,< 1,412,553
Coshocton,2015,Black,< 1,12,555
Coshocton,2015,White,< 1,450,556
Coshocton,2016,Black,< 1,15,558
Coshocton,2016,White,< 1,477,559
Coshocton,2017,Black,< 1,11,561
Coshocton,2017,White,< 1,448,562
Coshocton,2018,Black,< 1,15,564
Coshocton,2018,White,< 1,438,565
Coshocton,2019,Black,< 1,13,567
Coshocton,2019,White,< 1,418,568
Coshocton,2020,Black,< 1,17,570
Coshocton,2020,White,< 1,424,571
Crawford,2010,Black,< 1,19,576
Crawford,2010,White,< 1,460,577
Crawford,2011,Black,< 1,14,579
Crawford,2011,White,< 1,488,580
Crawford,2012,Black,< 1,9,582
Crawford,2012,White,< 1,439,583
Crawford,2013,Black,< 1,15,585
Crawford,2013,White,< 1,442,586
Crawford,2014,Black,< 1,21,588
Crawford,2014,White,< 1,445,589
Crawford,2015,Black,< 1,22,591
Crawford,2015,White,< 1,486,592
Crawford,2016,Black,< 1,16,594
Crawford,2016,White,< 1,451,595
Crawford,2017,Black,< 1,18,597
Crawford,2017,White,< 1,446,598
Crawford,2018,Black,< 1,23,600
Crawford,2018,White,< 1,435,601
Crawford,2019,Black,< 1,20,603
Crawford,2019,White,< 1,437,604
Crawford,2020,Black,< 1,15,606
Crawford,2020,White,< 1,428,607
Cuyahoga,2010,Black,< 1,5936,612
Cuyahoga,2010,White,< 1,8075,613
Cuyahoga,2011,Black,< 1,6057,615
Cuyahoga,2011,White,< 1,8228,616
Cuyahoga,2012,Black,< 1,5926,618
Cuyahoga,2012,White,< 1,8137,619
Cuyahoga,2013,Black,< 1,6069,621
Cuyahoga,2013,White,< 1,7997,622
Cuyahoga,2014,Black,< 1,6052,624
Cuyahoga,2014,White,< 1,8244,625
Cuyahoga,2015,Black,< 1,6074,627
Cuyahoga,2015,White,< 1,8100,628
Cuyahoga,2016,Black,< 1,5771,630
Cuyahoga,2016,White,< 1,8071,631
Cuyahoga,2017,Black,< 1,5883,633
Cuyahoga,2017,White,< 1,7873,634
Cuyahoga,2018,Black,< 1,5765,636
Cuyahoga,2018,White,< 1,7751,637
Cuyahoga,2019,Black,< 1,5303,639
Cuyahoga,2019,White,< 1,7764,640
Cuyahoga,2020,Black,< 1,5167,642
Cuyahoga,2020,White,< 1,7743,643
Darke,2010,Black,< 1,9,648
Darke,2010,White,< 1,655,649
Darke,2011,Black,< 1,9,651
Darke,2011,White,< 1,587,652
Darke,2012,Black,< 1,14,654
Darke,2012,White,< 1,602,655
Darke,2013,Black,< 1,16,657
Darke,2013,White,< 1,574,658
Darke,2014,Black,< 1,14,660
Darke,2014,White,< 1,639,661
Darke,2015,Black,< 1,18,663
Darke,2015,White,< 1,586,664
Darke,2016,Black,< 1,13,666
Darke,2016,White,< 1,586,667
Darke,2017,Black,< 1,20,669
Darke,2017,White,< 1,608,670
Darke,2018,Black,< 1,16,672
Darke,2018,White,< 1,606,673
Darke,2019,Black,< 1,15,675
Darke,2019,White,< 1,601,676
Darke,2020,Black,< 1,19,678
Darke,2020,White,< 1,583,679
Defiance,2010,Black,< 1,22,684
Defiance,2010,White,< 1,446,685
Defiance,2011,Black,< 1,23,687
Defiance,2011,White,< 1,470,688
Defiance,2012,Black,< 1,12,690
Defiance,2012,White,< 1,437,691
Defiance,2013,Black,< 1,17,693
Defiance,2013,White,< 1,423,694
Defiance,2014,Black,< 1,14,696
Defiance,2014,White,< 1,374,697
Defiance,2015,Black,< 1,23,699
Defiance,2015,White,< 1,410,700
Defiance,2016,Black,< 1,15,702
Defiance,2016,White,< 1,400,703
Defiance,2017,Black,< 1,9,705
Defiance,2017,White,< 1,399,706
Defiance,2018,Black,< 1,18,708
Defiance,2018,White,< 1,427,709
Defiance,2019,Black,< 1,19,711
Defiance,2019,White,< 1,384,712
Defiance,2020,Black,< 1,26,714
Defiance,2020,White,< 1,368,715
Delaware,2010,Black,< 1,96,720
Delaware,2010,White,< 1,2015,721
Delaware,2011,Black,< 1,104,723
Delaware,2011,White,< 1,1854,724
Delaware,2012,Black,< 1,94,726
Delaware,2012,White,< 1,1856,727
Delaware,2013,Black,< 1,109,729
Delaware,2013,White,< 1,1901,730
Delaware,2014,Black,< 1,104,732
Delaware,2014,White,< 1,1958,733
Delaware,2015,Black,< 1,99,735
Delaware,2015,White,< 1,1879,736
Delaware,2016,Black,< 1,92,738
Delaware,2016,White,< 1,1932,739
Delaware,2017,Black,< 1,104,741
Delaware,2017,White,< 1,1749,742
Delaware,2018,Black,< 1,118,744
Delaware,2018,White,< 1,1728,745
Delaware,2019,Black,< 1,126,747
Delaware,2019,White,< 1,1792,748
Delaware,2020,Black,< 1,128,750
Delaware,2020,White,< 1,1732,751
Erie,2010,Black,< 1,152,756
Erie,2010,White,< 1,637,757
Erie,2011,Black,< 1,155,759
Erie,2011,White,< 1,595,760
Erie,2012,Black,< 1,136,762
Erie,2012,White,< 1,608,763
Erie,2013,Black,< 1,166,765
Erie,2013,White,< 1,633,766
Erie,2014,Black,< 1,158,768
Erie,2014,White,< 1,631,769
Erie,2015,Black,< 1,158,771
Erie,2015,White,< 1,631,772
Erie,2016,Black,< 1,163,774
Erie,2016,White,< 1,600,775
Erie,2017,Black,< 1,161,777
Erie,2017,White,< 1,619,778
Erie,2018,Black,< 1,146,780
Erie,2018,White,< 1,618,781
Erie,2019,Black,< 1,153,783
Erie,2019,White,< 1,617,784
Erie,2020,Black,< 1,142,786
Erie,2020,White,< 1,600,787
Fairfield,2010,Black,< 1,154,792
Fairfield,2010,White,< 1,1529,793
Fairfield,2011,Black,< 1,143,795
Fairfield,2011,White,< 1,1432,796
Fairfield,2012,Black,< 1,146,798
Fairfield,2012,White,< 1,1478,799
Fairfield,2013,Black,< 1,154,801
Fairfield,2013,White,< 1,1532,802
Fairfield,2014,Black,< 1,155,804
Fairfield,2014,White,< 1,1458,805
Fairfield,2015,Black,< 1,140,807
Fairfield,2015,White,< 1,1496,808
Fairfield,2016,Black,< 1,147,810
Fairfield,2016,White,< 1,1510,811
Fairfield,2017,Black,< 1,177,813
Fairfield,2017,White,< 1,1526,814
Fairfield,2018,Black,< 1,183,816
Fairfield,2018,White,< 1,1562,817
Fairfield,2019,Black,< 1,207,819
Fairfield,2019,White,< 1,1439,820
Fairfield,2020,Black,< 1,235,822
Fairfield,2020,White,< 1,1418,823
Fayette,2010,Black,< 1,14,828
Fayette,2010,White,< 1,349,829
Fayette,2011,Black,< 1,15,831
Fayette,2011,White,< 1,336,832
Fayette,2012,Black,< 1,17,834
Fayette,2012,White,< 1,353,835
Fayette,2013,Black,< 1,13,837
Fayette,2013,White,< 1,347,838
Fayette,2014,Black,< 1,13,840
Fayette,2014,White,< 1,311,841
Fayette,2015,Black,< 1,19,843
Fayette,2015,White,< 1,324,844
Fayette,2016,Black,< 1,16,846
Fayette,2016,White,< 1,340,847
Fayette,2017,Black,< 1,15,849
Fayette,2017,White,< 1,307,850
Fayette,2018,Black,< 1,10,852
Fayette,2018,White,< 1,297,853
Fayette,2019,Black,< 1,18,855
Fayette,2019,White,< 1,323,856
Fayette,2020,Black,< 1,18,858
Fayette,2020,White,< 1,298,859
Franklin,2010,Black,< 1,5333,864
Franklin,2010,White,< 1,11008,865
Franklin,2011,Black,< 1,5562,867
Franklin,2011,White,< 1,11185,868
Franklin,2012,Black,< 1,5514,870
Franklin,2012,White,< 1,11493,871
Franklin,2013,Black,< 1,5868,873
Franklin,2013,White,< 1,11480,874
Franklin,2014,Black,< 1,5977,876
Franklin,2014,White,< 1,11581,877
Franklin,2015,Black,< 1,6123,879
Franklin,2015,White,< 1,11413,880
Franklin,2016,Black,< 1,6113,882
Franklin,2016,White,< 1,11456,883
Franklin,2017,Black,< 1,6186,885
Franklin,2017,White,< 1,11076,886
Franklin,2018,Black,< 1,6268,888
Franklin,2018,White,< 1,10864,889
Franklin,2019,Black,< 1,5712,891
Franklin,2019,White,< 1,11156,892
Franklin,2020,Black,< 1,5175,894
Franklin,2020,White,< 1,11632,895
Fulton,2010,Black,< 1,11,900
Fulton,2010,White,< 1,495,901
Fulton,2011,Black,< 1,12,903
Fulton,2011,White,< 1,474,904
Fulton,2012,Black,< 1,13,906
Fulton,2012,White,< 1,428,907
Fulton,2013,Black,< 1,14,909
Fulton,2013,White,< 1,468,910
Fulton,2014,Black,< 1,11,912
Fulton,2014,White,< 1,509,913
Fulton,2015,Black,< 1,15,915
Fulton,2015,White,< 1,474,916
Fulton,2016,Black,< 1,15,918
Fulton,2016,White,< 1,474,919
Fulton,2017,Black,< 1,16,921
Fulton,2017,White,< 1,452,922
Fulton,2018,Black,< 1,17,924
Fulton,2018,White,< 1,449,925
Fulton,2019,Black,< 1,17,927
Fulton,2019,White,< 1,442,928
Fulton,2020,Black,< 1,13,930
Fulton,2020,White,< 1,447,931
Gallia,2010,Black,< 1,26,936
Gallia,2010,White,< 1,369,937
Gallia,2011,Black,< 1,14,939
Gallia,2011,White,< 1,337,940
Gallia,2012,Black,< 1,13,942
Gallia,2012,White,< 1,374,943
Gallia,2013,Black,< 1,12,945
Gallia,2013,White,< 1,350,946
Gallia,2014,Black,< 1,18,948
Gallia,2014,White,< 1,383,949
Gallia,2015,Black,< 1,16,951
Gallia,2015,White,< 1,335,952
Gallia,2016,Black,< 1,15,954
Gallia,2016,White,< 1,386,955
Gallia,2017,Black,< 1,7,957
Gallia,2017,White,< 1,336,958
Gallia,2018,Black,< 1,15,960
Gallia,2018,White,< 1,355,961
Gallia,2019,Black,< 1,11,963
Gallia,2019,White,< 1,340,964
Gallia,2020,Black,< 1,17,966
Gallia,2020,White,< 1,329,967
Geauga,2010,Black,< 1,14,972
Geauga,2010,White,< 1,918,973
Geauga,2011,Black,< 1,13,975
Geauga,2011,White,< 1,901,976
Geauga,2012,Black,< 1,22,978
Geauga,2012,White,< 1,900,979
Geauga,2013,Black,< 1,22,981
Geauga,2013,White,< 1,872,982
Geauga,2014,Black,< 1,15,984
Geauga,2014,White,< 1,897,985
Geauga,2015,Black,< 1,20,987
Geauga,2015,White,< 1,877,988
Geauga,2016,Black,< 1,12,990
Geauga,2016,White,< 1,892,991
Geauga,2017,Black,< 1,12,993
Geauga,2017,White,< 1,913,994
Geauga,2018,Black,< 1,14,996
Geauga,2018,White,< 1,891,997
Geauga,2019,Black,< 1,17,999
Geauga,2019,White,< 1,929,1000
Geauga,2020,Black,< 1,26,1002
Geauga,2020,White,< 1,873,1003
Greene,2010,Black,< 1,172,1008
Greene,2010,White,< 1,1491,1009
Greene,2011,Black,< 1,183,1011
Greene,2011,White,< 1,1461,1012
Greene,2012,Black,< 1,173,1014
Greene,2012,White,< 1,1502,1015
Greene,2013,Black,< 1,172,1017
Greene,2013,White,< 1,1548,1018
Greene,2014,Black,< 1,173,1020
Greene,2014,White,< 1,1582,1021
Greene,2015,Black,< 1,182,1023
Greene,2015,White,< 1,1527,1024
Greene,2016,Black,< 1,180,1026
Greene,2016,White,< 1,1629,1027
Greene,2017,Black,< 1,185,1029
Greene,2017,White,< 1,1462,1030
Greene,2018,Black,< 1,186,1032
Greene,2018,White,< 1,1472,1033
Greene,2019,Black,< 1,213,1035
Greene,2019,White,< 1,1410,1036
Greene,2020,Black,< 1,232,1038
Greene,2020,White,< 1,1387,1039
Guernsey,2010,Black,< 1,21,1044
Guernsey,2010,White,< 1,418,1045
Guernsey,2011,Black,< 1,20,1047
Guernsey,2011,White,< 1,438,1048
Guernsey,2012,Black,< 1,16,1050
Guernsey,2012,White,< 1,433,1051
Guernsey,2013,Black,< 1,23,1053
Guernsey,2013,White,< 1,433,1054
Guernsey,2014,Black,< 1,14,1056
Guernsey,2014,White,< 1,444,1057
Guernsey,2015,Black,< 1,14,1059
Guernsey,2015,White,< 1,444,1060
Guernsey,2016,Black,< 1,20,1062
Guernsey,2016,White,< 1,457,1063
Guernsey,2017,Black,< 1,21,1065
Guernsey,2017,White,< 1,435,1066
Guernsey,2018,Black,< 1,16,1068
Guernsey,2018,White,< 1,405,1069
Guernsey,2019,Black,< 1,22,1071
Guernsey,2019,White,< 1,404,1072
Guernsey,2020,Black,< 1,25,1074
Guernsey,2020,White,< 1,403,1075
Hamilton,2010,Black,< 1,3837,1080
Hamilton,2010,White,< 1,6351,1081
Hamilton,2011,Black,< 1,3883,1083
Hamilton,2011,White,< 1,6579,1084
Hamilton,2012,Black,< 1,3954,1086
Hamilton,2012,White,< 1,6696,1087
Hamilton,2013,Black,< 1,3838,1089
Hamilton,2013,White,< 1,6661,1090
Hamilton,2014,Black,< 1,3884,1092
Hamilton,2014,White,< 1,6564,1093
Hamilton,2015,Black,< 1,3815,1095
Hamilton,2015,White,< 1,6790,1096
Hamilton,2016,Black,< 1,3576,1098
Hamilton,2016,White,< 1,6693,1099
Hamilton,2017,Black,< 1,3584,1101
Hamilton,2017,White,< 1,6469,1102
Hamilton,2018,Black,< 1,3677,1104
Hamilton,2018,White,< 1,6457,1105
Hamilton,2019,Black,< 1,3535,1107
Hamilton,2019,White,< 1,6569,1108
Hamilton,2020,Black,< 1,3402,1110
Hamilton,2020,White,< 1,6618,1111
Hancock,2010,Black,< 1,31,1116
Hancock,2010,White,< 1,841,1117
Hancock,2011,Black,< 1,32,1119
Hancock,2011,White,< 1,811,1120
Hancock,2012,Black,< 1,38,1122
Hancock,2012,White,< 1,816,1123
Hancock,2013,Black,< 1,51,1125
Hancock,2013,White,< 1,838,1126
Hancock,2014,Black,< 1,56,1128
Hancock,2014,White,< 1,853,1129
Hancock,2015,Black,< 1,51,1131
Hancock,2015,White,< 1,844,1132
Hancock,2016,Black,< 1,39,1134
Hancock,2016,White,< 1,811,1135
Hancock,2017,Black,< 1,48,1137
Hancock,2017,White,< 1,855,1138
Hancock,2018,Black,< 1,47,1140
Hancock,2018,White,< 1,807,1141
Hancock,2019,Black,< 1,51,1143
Hancock,2019,White,< 1,789,1144
Hancock,2020,Black,< 1,47,1146
Hancock,2020,White,< 1,770,1147
Hardin,2010,Black,< 1,7,1152
Hardin,2010,White,< 1,406,1153
Hardin,2011,Black,< 1,8,1155
Hardin,2011,White,< 1,365,1156
Hardin,2012,Black,< 1,3,1158
Hardin,2012,White,< 1,366,1159
Hardin,2013,Black,< 1,6,1161
Hardin,2013,White,< 1,395,1162
Hardin,2014,Black,< 1,7,1164
Hardin,2014,White,< 1,397,1165
Hardin,2015,Black,< 1,9,1167
Hardin,2015,White,< 1,347,1168
Hardin,2016,Black,< 1,9,1170
Hardin,2016,White,< 1,335,1171
Hardin,2017,Black,< 1,10,1173
Hardin,2017,White,< 1,370,1174
Hardin,2018,Black,< 1,9,1176
Hardin,2018,White,< 1,377,1177
Hardin,2019,Black,< 1,11,1179
Hardin,2019,White,< 1,376,1180
Hardin,2020,Black,< 1,12,1182
Hardin,2020,White,< 1,346,1183
Harrison,2010,Black,< 1,8,1188
Harrison,2010,White,< 1,181,1189
Harrison,2011,Black,< 1,5,1191
Harrison,2011,White,< 1,146,1192
Harrison,2012,Black,< 1,6,1194
Harrison,2012,White,< 1,155,1195
Harrison,2013,Black,< 1,4,1197
Harrison,2013,White,< 1,154,1198
Harrison,2014,Black,< 1,5,1200
Harrison,2014,White,< 1,155,1201
Harrison,2015,Black,< 1,9,1203
Harrison,2015,White,< 1,163,1204
Harrison,2016,Black,< 1,2,1206
Harrison,2016,White,< 1,133,1207
Harrison,2017,Black,< 1,6,1209
Harrison,2017,White,< 1,149,1210
Harrison,2018,Black,< 1,5,1212
Harrison,2018,White,< 1,148,1213
Harrison,2019,Black,< 1,7,1215
Harrison,2019,White,< 1,128,1216
Harrison,2020,Black,< 1,5,1218
Harrison,2020,White,< 1,129,1219
Henry,2010,Black,< 1,3,1224
Henry,2010,White,< 1,330,1225
Henry,2011,Black,< 1,5,1227
Henry,2011,White,< 1,310,1228
Henry,2012,Black,< 1,4,1230
Henry,2012,White,< 1,328,1231
Henry,2013,Black,< 1,4,1233
Henry,2013,White,< 1,349,1234
Henry,2014,Black,< 1,6,1236
Henry,2014,White,< 1,286,1237
Henry,2015,Black,< 1,7,1239
Henry,2015,White,< 1,302,1240
Henry,2016,Black,< 1,6,1242
Henry,2016,White,< 1,259,1243
Henry,2017,Black,< 1,7,1245
Henry,2017,White,< 1,307,1246
Henry,2018,Black,< 1,5,1248
Henry,2018,White,< 1,300,1249
Henry,2019,Black,< 1,8,1251
Henry,2019,White,< 1,294,1252
Henry,2020,Black,< 1,7,1254
Henry,2020,White,< 1,285,1255
Highland,2010,Black,< 1,15,1260
Highland,2010,White,< 1,530,1261
Highland,2011,Black,< 1,17,1263
Highland,2011,White,< 1,527,1264
Highland,2012,Black,< 1,16,1266
Highland,2012,White,< 1,474,1267
Highland,2013,Black,< 1,17,1269
Highland,2013,White,< 1,518,1270
Highland,2014,Black,< 1,14,1272
Highland,2014,White,< 1,565,1273
Highland,2015,Black,< 1,17,1275
Highland,2015,White,< 1,495,1276
Highland,2016,Black,< 1,12,1278
Highland,2016,White,< 1,537,1279
Highland,2017,Black,< 1,19,1281
Highland,2017,White,< 1,525,1282
Highland,2018,Black,< 1,18,1284
Highland,2018,White,< 1,527,1285
Highland,2019,Black,< 1,21,1287
Highland,2019,White,< 1,534,1288
Highland,2020,Black,< 1,27,1290
Highland,2020,White,< 1,507,1291
Hocking,2010,Black,< 1,8,1296
Hocking,2010,White,< 1,316,1297
Hocking,2011,Black,< 1,4,1299
Hocking,2011,White,< 1,308,1300
Hocking,2012,Black,< 1,7,1302
Hocking,2012,White,< 1,296,1303
Hocking,2013,Black,< 1,5,1305
Hocking,2013,White,< 1,328,1306
Hocking,2014,Black,< 1,4,1308
Hocking,2014,White,< 1,309,1309
Hocking,2015,Black,< 1,5,1311
Hocking,2015,White,< 1,296,1312
Hocking,2016,Black,< 1,8,1314
Hocking,2016,White,< 1,306,1315
Hocking,2017,Black,< 1,4,1317
Hocking,2017,White,< 1,279,1318
Hocking,2018,Black,< 1,8,1320
Hocking,2018,White,< 1,313,1321
Hocking,2019,Black,< 1,7,1323
Hocking,2019,White,< 1,279,1324
Hocking,2020,Black,< 1,8,1326
Hocking,2020,White,< 1,276,1327
Holmes,2010,Black,< 1,4,1332
Holmes,2010,White,< 1,835,1333
Holmes,2011,Black,< 1,2,1335
Holmes,2011,White,< 1,777,1336
Holmes,2012,Black,< 1,3,1338
Holmes,2012,White,< 1,783,1339
Holmes,2013,Black,< 1,2,1341
Holmes,2013,White,< 1,803,1342
Holmes,2014,Black,< 1,5,1344
Holmes,2014,White,< 1,777,1345
Holmes,2015,Black,< 1,2,1347
Holmes,2015,White,< 1,732,1348
Holmes,2016,Black,< 1,4,1350
Holmes,2016,White,< 1,717,1351
Holmes,2017,Black,< 1,4,1353
Holmes,2017,White,< 1,695,1354
Holmes,2018,Black,< 1,2,1356
Holmes,2018,White,< 1,735,1357
Holmes,2019,Black,< 1,6,1359
Holmes,2019,White,< 1,766,1360
Holmes,2020,Black,< 1,11,1362
Holmes,2020,White,< 1,795,1363
Huron,2010,Black,< 1,32,1368
Huron,2010,White,< 1,703,1369
Huron,2011,Black,< 1,30,1371
Huron,2011,White,< 1,693,1372
Huron,2012,Black,< 1,29,1374
Huron,2012,White,< 1,678,1375
Huron,2013,Black,< 1,30,1377
Huron,2013,White,< 1,694,1378
Huron,2014,Black,< 1,23,1380
Huron,2014,White,< 1,717,1381
Huron,2015,Black,< 1,22,1383
Huron,2015,White,< 1,696,1384
Huron,2016,Black,< 1,32,1386
Huron,2016,White,< 1,726,1387
Huron,2017,Black,< 1,25,1389
Huron,2017,White,< 1,724,1390
Huron,2018,Black,< 1,23,1392
Huron,2018,White,< 1,678,1393
Huron,2019,Black,< 1,27,1395
Huron,2019,White,< 1,663,1396
Huron,2020,Black,< 1,28,1398
Huron,2020,White,< 1,647,1399
Jackson,2010,Black,< 1,5,1404
Jackson,2010,White,< 1,425,1405
Jackson,2011,Black,< 1,5,1407
Jackson,2011,White,< 1,384,1408
Jackson,2012,Black,< 1,4,1410
Jackson,2012,White,< 1,382,1411
Jackson,2013,Black,< 1,4,1413
Jackson,2013,White,< 1,464,1414
Jackson,2014,Black,< 1,5,1416
Jackson,2014,White,< 1,426,1417
Jackson,2015,Black,< 1,4,1419
Jackson,2015,White,< 1,402,1420
Jackson,2016,Black,< 1,3,1422
Jackson,2016,White,< 1,440,1423
Jackson,2017,Black,< 1,3,1425
Jackson,2017,White,< 1,374,1426
Jackson,2018,Black,< 1,5,1428
Jackson,2018,White,< 1,434,1429
Jackson,2019,Black,< 1,8,1431
Jackson,2019,White,< 1,363,1432
Jackson,2020,Black,< 1,10,1434
Jackson,2020,White,< 1,362,1435
Jefferson,2010,Black,< 1,71,1440
Jefferson,2010,White,< 1,589,1441
Jefferson,2011,Black,< 1,64,1443
Jefferson,2011,White,< 1,551,1444
Jefferson,2012,Black,< 1,77,1446
Jefferson,2012,White,< 1,579,1447
Jefferson,2013,Black,< 1,84,1449
Jefferson,2013,White,< 1,572,1450
Jefferson,2014,Black,< 1,69,1452
Jefferson,2014,White,< 1,576,1453
Jefferson,2015,Black,< 1,77,1455
Jefferson,2015,White,< 1,622,1456
Jefferson,2016,Black,< 1,78,1458
Jefferson,2016,White,< 1,557,1459
Jefferson,2017,Black,< 1,74,1461
Jefferson,2017,White,< 1,556,1462
Jefferson,2018,Black,< 1,79,1464
Jefferson,2018,White,< 1,575,1465
Jefferson,2019,Black,< 1,83,1467
Jefferson,2019,White,< 1,573,1468
Jefferson,2020,Black,< 1,69,1470
Jefferson,2020,White,< 1,583,1471
Knox,2010,Black,< 1,14,1476
Knox,2010,White,< 1,710,1477
Knox,2011,Black,< 1,9,1479
Knox,2011,White,< 1,648,1480
Knox,2012,Black,< 1,15,1482
Knox,2012,White,< 1,710,1483
Knox,2013,Black,< 1,19,1485
Knox,2013,White,< 1,707,1486
Knox,2014,Black,< 1,12,1488
Knox,2014,White,< 1,681,1489
Knox,2015,Black,< 1,17,1491
Knox,2015,White,< 1,722,1492
Knox,2016,Black,< 1,14,1494
Knox,2016,White,< 1,721,1495
Knox,2017,Black,< 1,12,1497
Knox,2017,White,< 1,711,1498
Knox,2018,Black,< 1,17,1500
Knox,2018,White,< 1,771,1501
Knox,2019,Black,< 1,18,1503
Knox,2019,White,< 1,689,1504
Knox,2020,Black,< 1,21,1506
Knox,2020,White,< 1,709,1507
Lake,2010,Black,< 1,174,1512
Lake,2010,White,< 1,2080,1513
Lake,2011,Black,< 1,181,1515
Lake,2011,White,< 1,2137,1516
Lake,2012,Black,< 1,189,1518
Lake,2012,White,< 1,1963,1519
Lake,2013,Black,< 1,211,1521
Lake,2013,White,< 1,2007,1522
Lake,2014,Black,< 1,178,1524
Lake,2014,White,< 1,2003,1525
Lake,2015,Black,< 1,192,1527
Lake,2015,White,< 1,2031,1528
Lake,2016,Black,< 1,183,1530
Lake,2016,White,< 1,1977,1531
Lake,2017,Black,< 1,191,1533
Lake,2017,White,< 1,1952,1534
Lake,2018,Black,< 1,202,1536
Lake,2018,White,< 1,1920,1537
Lake,2019,Black,< 1,218,1539
Lake,2019,White,< 1,1899,1540
Lake,2020,Black,< 1,213,1542
Lake,2020,White,< 1,1892,1543
Lawrence,2010,Black,< 1,24,1548
Lawrence,2010,White,< 1,653,1549
Lawrence,2011,Black,< 1,34,1551
Lawrence,2011,White,< 1,687,1552
Lawrence,2012,Black,< 1,25,1554
Lawrence,2012,White,< 1,705,1555
Lawrence,2013,Black,< 1,29,1557
Lawrence,2013,White,< 1,645,1558
Lawrence,2014,Black,< 1,28,1560
Lawrence,2014,White,< 1,683,1561
Lawrence,2015,Black,< 1,22,1563
Lawrence,2015,White,< 1,653,1564
Lawrence,2016,Black,< 1,25,1566
Lawrence,2016,White,< 1,673,1567
Lawrence,2017,Black,< 1,20,1569
Lawrence,2017,White,< 1,576,1570
Lawrence,2018,Black,< 1,23,1572
Lawrence,2018,White,< 1,596,1573
Lawrence,2019,Black,< 1,27,1575
Lawrence,2019,White,< 1,572,1576
Lawrence,2020,Black,< 1,29,1578
Lawrence,2020,White,< 1,574,1579
Licking,2010,Black,< 1,117,1584
Licking,2010,White,< 1,1861,1585
Licking,2011,Black,< 1,116,1587
Licking,2011,White,< 1,1797,1588
Licking,2012,Black,< 1,125,1590
Licking,2012,White,< 1,1782,1591
Licking,2013,Black,< 1,126,1593
Licking,2013,White,< 1,1790,1594
Licking,2014,Black,< 1,125,1596
Licking,2014,White,< 1,1790,1597
Licking,2015,Black,< 1,114,1599
Licking,2015,White,< 1,1817,1600
Licking,2016,Black,< 1,134,1602
Licking,2016,White,< 1,1836,1603
Licking,2017,Black,< 1,146,1605
Licking,2017,White,< 1,1748,1606
Licking,2018,Black,< 1,135,1608
Licking,2018,White,< 1,1762,1609
Licking,2019,Black,< 1,143,1611
Licking,2019,White,< 1,1765,1612
Licking,2020,Black,< 1,165,1614
Licking,2020,White,< 1,1715,1615
Logan,2010,Black,< 1,20,1620
Logan,2010,White,< 1,491,1621
Logan,2011,Black,< 1,28,1623
Logan,2011,White,< 1,545,1624
Logan,2012,Black,< 1,21,1626
Logan,2012,White,< 1,485,1627
Logan,2013,Black,< 1,30,1629
Logan,2013,White,< 1,515,1630
Logan,2014,Black,< 1,30,1632
Logan,2014,White,< 1,520,1633
Logan,2015,Black,< 1,28,1635
Logan,2015,White,< 1,513,1636
Logan,2016,Black,< 1,28,1638
Logan,2016,White,< 1,507,1639
Logan,2017,Black,< 1,30,1641
Logan,2017,White,< 1,459,1642
Logan,2018,Black,< 1,29,1644
Logan,2018,White,< 1,526,1645
Logan,2019,Black,< 1,33,1647
Logan,2019,White,< 1,517,1648
Logan,2020,Black,< 1,36,1650
Logan,2020,White,< 1,502,1651
Lorain,2010,Black,< 1,569,1656
Lorain,2010,White,< 1,2706,1657
Lorain,2011,Black,< 1,543,1659
Lorain,2011,White,< 1,2840,1660
Lorain,2012,Black,< 1,566,1662
Lorain,2012,White,< 1,2666,1663
Lorain,2013,Black,< 1,555,1665
Lorain,2013,White,< 1,2728,1666
Lorain,2014,Black,< 1,539,1668
Lorain,2014,White,< 1,2723,1669
Lorain,2015,Black,< 1,590,1671
Lorain,2015,White,< 1,2773,1672
Lorain,2016,Black,< 1,579,1674
Lorain,2016,White,< 1,2625,1675
Lorain,2017,Black,< 1,582,1677
Lorain,2017,White,< 1,2586,1678
Lorain,2018,Black,< 1,555,1680
Lorain,2018,White,< 1,2593,1681
Lorain,2019,Black,< 1,520,1683
Lorain,2019,White,< 1,2554,1684
Lorain,2020,Black,< 1,516,1686
Lorain,2020,White,< 1,2559,1687
Lucas,2010,Black,< 1,1690,1692
Lucas,2010,White,< 1,3989,1693
Lucas,2011,Black,< 1,1643,1695
Lucas,2011,White,< 1,3765,1696
Lucas,2012,Black,< 1,1664,1698
Lucas,2012,White,< 1,3801,1699
Lucas,2013,Black,< 1,1688,1701
Lucas,2013,White,< 1,3756,1702
Lucas,2014,Black,< 1,1778,1704
Lucas,2014,White,< 1,3836,1705
Lucas,2015,Black,< 1,1821,1707
Lucas,2015,White,< 1,3642,1708
Lucas,2016,Black,< 1,1703,1710
Lucas,2016,White,< 1,3697,1711
Lucas,2017,Black,< 1,1702,1713
Lucas,2017,White,< 1,3539,1714
Lucas,2018,Black,< 1,1755,1716
Lucas,2018,White,< 1,3562,1717
Lucas,2019,Black,< 1,1618,1719
Lucas,2019,White,< 1,3494,1720
Lucas,2020,Black,< 1,1525,1722
Lucas,2020,White,< 1,3512,1723
Madison,2010,Black,< 1,19,1728
Madison,2010,White,< 1,435,1729
Madison,2011,Black,< 1,22,1731
Madison,2011,White,< 1,397,1732
Madison,2012,Black,< 1,17,1734
Madison,2012,White,< 1,401,1735
Madison,2013,Black,< 1,16,1737
Madison,2013,White,< 1,375,1738
Madison,2014,Black,< 1,24,1740
Madison,2014,White,< 1,407,1741
Madison,2015,Black,< 1,23,1743
Madison,2015,White,< 1,388,1744
Madison,2016,Black,< 1,16,1746
Madison,2016,White,< 1,380,1747
Madison,2017,Black,< 1,25,1749
Madison,2017,White,< 1,385,1750
Madison,2018,Black,< 1,19,1752
Madison,2018,White,< 1,409,1753
Madison,2019,Black,< 1,23,1755
Madison,2019,White,< 1,402,1756
Madison,2020,Black,< 1,23,1758
Madison,2020,White,< 1,412,1759
Mahoning,2010,Black,< 1,683,1764
Mahoning,2010,White,< 1,1689,1765
Mahoning,2011,Black,< 1,645,1767
Mahoning,2011,White,< 1,1654,1768
Mahoning,2012,Black,< 1,628,1770
Mahoning,2012,White,< 1,1643,1771
Mahoning,2013,Black,< 1,664,1773
Mahoning,2013,White,< 1,1686,1774
Mahoning,2014,Black,< 1,681,1776
Mahoning,2014,White,< 1,1688,1777
Mahoning,2015,Black,< 1,689,1779
Mahoning,2015,White,< 1,1685,1780
Mahoning,2016,Black,< 1,683,1782
Mahoning,2016,White,< 1,1635,1783
Mahoning,2017,Black,< 1,748,1785
Mahoning,2017,White,< 1,1712,1786
Mahoning,2018,Black,< 1,697,1788
Mahoning,2018,White,< 1,1661,1789
Mahoning,2019,Black,< 1,641,1791
Mahoning,2019,White,< 1,1650,1792
Mahoning,2020,Black,< 1,581,1794
Mahoning,2020,White,< 1,1688,1795
Marion,2010,Black,< 1,58,1800
Marion,2010,White,< 1,720,1801
Marion,2011,Black,< 1,66,1803
Marion,2011,White,< 1,729,1804
Marion,2012,Black,< 1,49,1806
Marion,2012,White,< 1,714,1807
Marion,2013,Black,< 1,58,1809
Marion,2013,White,< 1,706,1810
Marion,2014,Black,< 1,74,1812
Marion,2014,White,< 1,652,1813
Marion,2015,Black,< 1,59,1815
Marion,2015,White,< 1,688,1816
Marion,2016,Black,< 1,58,1818
Marion,2016,White,< 1,652,1819
Marion,2017,Black,< 1,44,1821
Marion,2017,White,< 1,690,1822
Marion,2018,Black,< 1,50,1824
Marion,2018,White,< 1,666,1825
Marion,2019,Black,< 1,65,1827
Marion,2019,White,< 1,665,1828
Marion,2020,Black,< 1,57,1830
Marion,2020,White,< 1,645,1831
Medina,2010,Black,< 1,52,1836
Medina,2010,White,< 1,1742,1837
Medina,2011,Black,< 1,54,1839
Medina,2011,White,< 1,1726,1840
Medina,2012,Black,< 1,56,1842
Medina,2012,White,< 1,1662,1843
Medina,2013,Black,< 1,66,1845
Medina,2013,White,< 1,1571,1846
Medina,2014,Black,< 1,71,1848
Medina,2014,White,< 1,1712,1849
Medina,2015,Black,< 1,50,1851
Medina,2015,White,< 1,1714,1852
Medina,2016,Black,< 1,65,1854
Medina,2016,White,< 1,1680,1855
Medina,2017,Black,< 1,56,1857
Medina,2017,White,< 1,1610,1858
Medina,2018,Black,< 1,64,1860
Medina,2018,White,< 1,1634,1861
Medina,2019,Black,< 1,58,1863
Medina,2019,White,< 1,1558,1864
Medina,2020,Black,< 1,59,1866
Medina,2020,White,< 1,1556,1867
Meigs,2010,Black,< 1,3,1872
Meigs,2010,White,< 1,242,1873
Meigs,2011,Black,< 1,5,1875
Meigs,2011,White,< 1,252,1876
Meigs,2012,Black,< 1,3,1878
Meigs,2012,White,< 1,247,1879
Meigs,2013,Black,< 1,3,1881
Meigs,2013,White,< 1,261,1882
Meigs,2014,Black,< 1,4,1884
Meigs,2014,White,< 1,250,1885
Meigs,2015,Black,< 1,3,1887
Meigs,2015,White,< 1,208,1888
Meigs,2016,Black,< 1,3,1890
Meigs,2016,White,< 1,239,1891
Meigs,2017,Black,< 1,4,1893
Meigs,2017,White,< 1,237,1894
Meigs,2018,Black,< 1,2,1896
Meigs,2018,White,< 1,254,1897
Meigs,2019,Black,< 1,5,1899
Meigs,2019,White,< 1,201,1900
Meigs,2020,Black,< 1,5,1902
Meigs,2020,White,< 1,194,1903
Mercer,2010,Black,< 1,9,1908
Mercer,2010,White,< 1,566,1909
Mercer,2011,Black,< 1,8,1911
Mercer,2011,White,< 1,504,1912
Mercer,2012,Black,< 1,3,1914
Mercer,2012,White,< 1,512,1915
Mercer,2013,Black,< 1,7,1917
Mercer,2013,White,< 1,547,1918
Mercer,2014,Black,< 1,5,1920
Mercer,2014,White,< 1,550,1921
Mercer,2015,Black,< 1,9,1923
Mercer,2015,White,< 1,558,1924
Mercer,2016,Black,< 1,8,1926
Mercer,2016,White,< 1,601,1927
Mercer,2017,Black,< 1,7,1929
Mercer,2017,White,< 1,547,1930
Mercer,2018,Black,< 1,9,1932
Mercer,2018,White,< 1,633,1933
Mercer,2019,Black,< 1,12,1935
Mercer,2019,White,< 1,599,1936
Mercer,2020,Black,< 1,12,1938
Mercer,2020,White,< 1,604,1939
Miami,2010,Black,< 1,47,1944
Miami,2010,White,< 1,1119,1945
Miami,2011,Black,< 1,66,1947
Miami,2011,White,< 1,1046,1948
Miami,2012,Black,< 1,58,1950
Miami,2012,White,< 1,1089,1951
Miami,2013,Black,< 1,45,1953
Miami,2013,White,< 1,1030,1954
Miami,2014,Black,< 1,67,1956
Miami,2014,White,< 1,1112,1957
Miami,2015,Black,< 1,58,1959
Miami,2015,White,< 1,1135,1960
Miami,2016,Black,< 1,73,1962
Miami,2016,White,< 1,1092,1963
Miami,2017,Black,< 1,67,1965
Miami,2017,White,< 1,1093,1966
Miami,2018,Black,< 1,83,1968
Miami,2018,White,< 1,1100,1969
Miami,2019,Black,< 1,67,1971
Miami,2019,White,< 1,1066,1972
Miami,2020,Black,< 1,74,1974
Miami,2020,White,< 1,1083,1975
Monroe,2010,Black,< 1,3,1980
Monroe,2010,White,< 1,147,1981
Monroe,2011,Black,< 1,3,1983
Monroe,2011,White,< 1,177,1984
Monroe,2012,Black,< 1,2,1986
Monroe,2012,White,< 1,135,1987
Monroe,2013,Black,< 1,0,1989
Monroe,2013,White,< 1,151,1990
Monroe,2014,Black,< 1,0,1992
Monroe,2014,White,< 1,152,1993
Monroe,2015,Black,< 1,3,1995
Monroe,2015,White,< 1,159,1996
Monroe,2016,Black,< 1,0,1998
Monroe,2016,White,< 1,132,1999
Monroe,2017,Black,< 1,2,2001
Monroe,2017,White,< 1,113,2002
Monroe,2018,Black,< 1,2,2004
Monroe,2018,White,< 1,112,2005
Monroe,2019,Black,< 1,2,2007
Monroe,2019,White,< 1,131,2008
Monroe,2020,Black,< 1,4,2010
Monroe,2020,White,< 1,123,2011
Montgomery,2010,Black,< 1,1996,2016
Montgomery,2010,White,< 1,4550,2017
Montgomery,2011,Black,< 1,1889,2019
Montgomery,2011,White,< 1,4407,2020
Montgomery,2012,Black,< 1,1916,2022
Montgomery,2012,White,< 1,4580,2023
Montgomery,2013,Black,< 1,1865,2025
Montgomery,2013,White,< 1,4579,2026
Montgomery,2014,Black,< 1,1880,2028
Montgomery,2014,White,< 1,4483,2029
Montgomery,2015,Black,< 1,1887,2031
Montgomery,2015,White,< 1,4517,2032
Montgomery,2016,Black,< 1,1916,2034
Montgomery,2016,White,< 1,4490,2035
Montgomery,2017,Black,< 1,1954,2037
Montgomery,2017,White,< 1,4365,2038
Montgomery,2018,Black,< 1,2031,2040
Montgomery,2018,White,< 1,4295,2041
Montgomery,2019,Black,< 1,1947,2043
Montgomery,2019,White,< 1,4213,2044
Montgomery,2020,Black,< 1,1850,2046
Montgomery,2020,White,< 1,4244,2047
Morgan,2010,Black,< 1,10,2052
Morgan,2010,White,< 1,157,2053
Morgan,2011,Black,< 1,7,2055
Morgan,2011,White,< 1,142,2056
Morgan,2012,Black,< 1,6,2058
Morgan,2012,White,< 1,130,2059
Morgan,2013,Black,< 1,10,2061
Morgan,2013,White,< 1,127,2062
Morgan,2014,Black,< 1,9,2064
Morgan,2014,White,< 1,125,2065
Morgan,2015,Black,< 1,12,2067
Morgan,2015,White,< 1,134,2068
Morgan,2016,Black,< 1,14,2070
Morgan,2016,White,< 1,147,2071
Morgan,2017,Black,< 1,11,2073
Morgan,2017,White,< 1,117,2074
Morgan,2018,Black,< 1,9,2076
Morgan,2018,White,< 1,149,2077
Morgan,2019,Black,< 1,10,2079
Morgan,2019,White,< 1,122,2080
Morgan,2020,Black,< 1,10,2082
Morgan,2020,White,< 1,114,2083
Morrow,2010,Black,< 1,5,2088
Morrow,2010,White,< 1,414,2089
Morrow,2011,Black,< 1,8,2091
Morrow,2011,White,< 1,359,2092
Morrow,2012,Black,< 1,9,2094
Morrow,2012,White,< 1,399,2095
Morrow,2013,Black,< 1,6,2097
Morrow,2013,White,< 1,387,2098
Morrow,2014,Black,< 1,6,2100
Morrow,2014,White,< 1,375,2101
Morrow,2015,Black,< 1,4,2103
Morrow,2015,White,< 1,362,2104
Morrow,2016,Black,< 1,8,2106
Morrow,2016,White,< 1,360,2107
Morrow,2017,Black,< 1,7,2109
Morrow,2017,White,< 1,358,2110
Morrow,2018,Black,< 1,9,2112
Morrow,2018,White,< 1,370,2113
Morrow,2019,Black,< 1,6,2115
Morrow,2019,White,< 1,352,2116
Morrow,2020,Black,< 1,10,2118
Morrow,2020,White,< 1,366,2119
Muskingum,2010,Black,< 1,95,2124
Muskingum,2010,White,< 1,941,2125
Muskingum,2011,Black,< 1,79,2127
Muskingum,2011,White,< 1,971,2128
Muskingum,2012,Black,< 1,74,2130
Muskingum,2012,White,< 1,921,2131
Muskingum,2013,Black,< 1,80,2133
Muskingum,2013,White,< 1,934,2134
Muskingum,2014,Black,< 1,68,2136
Muskingum,2014,White,< 1,928,2137
Muskingum,2015,Black,< 1,70,2139
Muskingum,2015,White,< 1,971,2140
Muskingum,2016,Black,< 1,82,2142
Muskingum,2016,White,< 1,895,2143
Muskingum,2017,Black,< 1,75,2145
Muskingum,2017,White,< 1,916,2146
Muskingum,2018,Black,< 1,89,2148
Muskingum,2018,White,< 1,935,2149
Muskingum,2019,Black,< 1,82,2151
Muskingum,2019,White,< 1,894,2152
Muskingum,2020,Black,< 1,89,2154
Muskingum,2020,White,< 1,857,2155
Noble,2010,Black,< 1,1,2160
Noble,2010,White,< 1,143,2161
Noble,2011,Black,< 1,0,2163
Noble,2011,White,< 1,143,2164
Noble,2012,Black,< 1,0,2166
Noble,2012,White,< 1,156,2167
Noble,2013,Black,< 1,0,2169
Noble,2013,White,< 1,137,2170
Noble,2014,Black,< 1,0,2172
Noble,2014,White,< 1,132,2173
Noble,2015,Black,< 1,0,2175
Noble,2015,White,< 1,145,2176
Noble,2016,Black,< 1,2,2178
Noble,2016,White,< 1,143,2179
Noble,2017,Black,< 1,0,2181
Noble,2017,White,< 1,121,2182
Noble,2018,Black,< 1,1,2184
Noble,2018,White,< 1,146,2185
Noble,2019,Black,< 1,2,2187
Noble,2019,White,< 1,137,2188
Noble,2020,Black,< 1,4,2190
Noble,2020,White,< 1,137,2191
NonOH,2010,Black,< 1,0,2196
NonOH,2010,White,< 1,0,2197
NonOH,2011,Black,< 1,0,2199
NonOH,2011,White,< 1,0,2200
NonOH,2012,Black,< 1,0,2202
NonOH,2012,White,< 1,0,2203
NonOH,2013,Black,< 1,0,2205
NonOH,2013,White,< 1,0,2206
NonOH,2014,Black,< 1,0,2208
NonOH,2014,White,< 1,0,2209
NonOH,2015,Black,< 1,0,2211
NonOH,2015,White,< 1,0,2212
NonOH,2016,Black,< 1,0,2214
NonOH,2016,White,< 1,0,2215
NonOH,2017,Black,< 1,0,2217
NonOH,2017,White,< 1,0,2218
NonOH,2018,Black,< 1,0,2220
NonOH,2018,White,< 1,0,2221
NonOH,2019,Black,< 1,0,2223
NonOH,2019,White,< 1,0,2224
NonOH,2020,Black,< 1,0,2226
NonOH,2020,White,< 1,0,2227
Ottawa,2010,Black,< 1,12,2232
Ottawa,2010,White,< 1,339,2233
Ottawa,2011,Black,< 1,10,2235
Ottawa,2011,White,< 1,343,2236
Ottawa,2012,Black,< 1,14,2238
Ottawa,2012,White,< 1,347,2239
Ottawa,2013,Black,< 1,14,2241
Ottawa,2013,White,< 1,307,2242
Ottawa,2014,Black,< 1,14,2244
Ottawa,2014,White,< 1,295,2245
Ottawa,2015,Black,< 1,15,2247
Ottawa,2015,White,< 1,339,2248
Ottawa,2016,Black,< 1,13,2250
Ottawa,2016,White,< 1,348,2251
Ottawa,2017,Black,< 1,10,2253
Ottawa,2017,White,< 1,291,2254
Ottawa,2018,Black,< 1,17,2256
Ottawa,2018,White,< 1,324,2257
Ottawa,2019,Black,< 1,18,2259
Ottawa,2019,White,< 1,288,2260
Ottawa,2020,Black,< 1,11,2262
Ottawa,2020,White,< 1,303,2263
Paulding,2010,Black,< 1,6,2268
Paulding,2010,White,< 1,249,2269
Paulding,2011,Black,< 1,3,2271
Paulding,2011,White,< 1,230,2272
Paulding,2012,Black,< 1,3,2274
Paulding,2012,White,< 1,210,2275
Paulding,2013,Black,< 1,2,2277
Paulding,2013,White,< 1,197,2278
Paulding,2014,Black,< 1,4,2280
Paulding,2014,White,< 1,237,2281
Paulding,2015,Black,< 1,3,2283
Paulding,2015,White,< 1,207,2284
Paulding,2016,Black,< 1,6,2286
Paulding,2016,White,< 1,202,2287
Paulding,2017,Black,< 1,6,2289
Paulding,2017,White,< 1,207,2290
Paulding,2018,Black,< 1,5,2292
Paulding,2018,White,< 1,218,2293
Paulding,2019,Black,< 1,5,2295
Paulding,2019,White,< 1,206,2296
Paulding,2020,Black,< 1,8,2298
Paulding,2020,White,< 1,207,2299
Perry,2010,Black,< 1,8,2304
Perry,2010,White,< 1,429,2305
Perry,2011,Black,< 1,2,2307
Perry,2011,White,< 1,448,2308
Perry,2012,Black,< 1,2,2310
Perry,2012,White,< 1,399,2311
Perry,2013,Black,< 1,2,2313
Perry,2013,White,< 1,420,2314
Perry,2014,Black,< 1,6,2316
Perry,2014,White,< 1,415,2317
Perry,2015,Black,< 1,5,2319
Perry,2015,White,< 1,430,2320
Perry,2016,Black,< 1,4,2322
Perry,2016,White,< 1,434,2323
Perry,2017,Black,< 1,6,2325
Perry,2017,White,< 1,396,2326
Perry,2018,Black,< 1,4,2328
Perry,2018,White,< 1,435,2329
Perry,2019,Black,< 1,6,2331
Perry,2019,White,< 1,375,2332
Perry,2020,Black,< 1,7,2334
Perry,2020,White,< 1,398,2335
Pickaway,2010,Black,< 1,17,2340
Pickaway,2010,White,< 1,590,2341
Pickaway,2011,Black,< 1,17,2343
Pickaway,2011,White,< 1,545,2344
Pickaway,2012,Black,< 1,15,2346
Pickaway,2012,White,< 1,560,2347
Pickaway,2013,Black,< 1,17,2349
Pickaway,2013,White,< 1,580,2350
Pickaway,2014,Black,< 1,22,2352
Pickaway,2014,White,< 1,557,2353
Pickaway,2015,Black,< 1,23,2355
Pickaway,2015,White,< 1,620,2356
Pickaway,2016,Black,< 1,23,2358
Pickaway,2016,White,< 1,534,2359
Pickaway,2017,Black,< 1,23,2361
Pickaway,2017,White,< 1,598,2362
Pickaway,2018,Black,< 1,23,2364
Pickaway,2018,White,< 1,545,2365
Pickaway,2019,Black,< 1,22,2367
Pickaway,2019,White,< 1,584,2368
Pickaway,2020,Black,< 1,19,2370
Pickaway,2020,White,< 1,569,2371
Pike,2010,Black,< 1,11,2376
Pike,2010,White,< 1,334,2377
Pike,2011,Black,< 1,4,2379
Pike,2011,White,< 1,343,2380
Pike,2012,Black,< 1,11,2382
Pike,2012,White,< 1,305,2383
Pike,2013,Black,< 1,6,2385
Pike,2013,White,< 1,348,2386
Pike,2014,Black,< 1,9,2388
Pike,2014,White,< 1,335,2389
Pike,2015,Black,< 1,10,2391
Pike,2015,White,< 1,331,2392
Pike,2016,Black,< 1,11,2394
Pike,2016,White,< 1,338,2395
Pike,2017,Black,< 1,8,2397
Pike,2017,White,< 1,328,2398
Pike,2018,Black,< 1,9,2400
Pike,2018,White,< 1,335,2401
Pike,2019,Black,< 1,12,2403
Pike,2019,White,< 1,321,2404
Pike,2020,Black,< 1,12,2406
Pike,2020,White,< 1,324,2407
Portage,2010,Black,< 1,132,2412
Portage,2010,White,< 1,1349,2413
Portage,2011,Black,< 1,121,2415
Portage,2011,White,< 1,1330,2416
Portage,2012,Black,< 1,119,2418
Portage,2012,White,< 1,1211,2419
Portage,2013,Black,< 1,113,2421
Portage,2013,White,< 1,1283,2422
Portage,2014,Black,< 1,117,2424
Portage,2014,White,< 1,1355,2425
Portage,2015,Black,< 1,111,2427
Portage,2015,White,< 1,1324,2428
Portage,2016,Black,< 1,128,2430
Portage,2016,White,< 1,1261,2431
Portage,2017,Black,< 1,114,2433
Portage,2017,White,< 1,1230,2434
Portage,2018,Black,< 1,130,2436
Portage,2018,White,< 1,1202,2437
Portage,2019,Black,< 1,121,2439
Portage,2019,White,< 1,1186,2440
Portage,2020,Black,< 1,129,2442
Portage,2020,White,< 1,1171,2443
Preble,2010,Black,< 1,7,2448
Preble,2010,White,< 1,443,2449
Preble,2011,Black,< 1,10,2451
Preble,2011,White,< 1,442,2452
Preble,2012,Black,< 1,11,2454
Preble,2012,White,< 1,431,2455
Preble,2013,Black,< 1,8,2457
Preble,2013,White,< 1,427,2458
Preble,2014,Black,< 1,9,2460
Preble,2014,White,< 1,425,2461
Preble,2015,Black,< 1,12,2463
Preble,2015,White,< 1,425,2464
Preble,2016,Black,< 1,13,2466
Preble,2016,White,< 1,390,2467
Preble,2017,Black,< 1,11,2469
Preble,2017,White,< 1,434,2470
Preble,2018,Black,< 1,10,2472
Preble,2018,White,< 1,410,2473
Preble,2019,Black,< 1,13,2475
Preble,2019,White,< 1,435,2476
Preble,2020,Black,< 1,9,2478
Preble,2020,White,< 1,409,2479
Putnam,2010,Black,< 1,10,2484
Putnam,2010,White,< 1,504,2485
Putnam,2011,Black,< 1,2,2487
Putnam,2011,White,< 1,462,2488
Putnam,2012,Black,< 1,5,2490
Putnam,2012,White,< 1,419,2491
Putnam,2013,Black,< 1,10,2493
Putnam,2013,White,< 1,418,2494
Putnam,2014,Black,< 1,6,2496
Putnam,2014,White,< 1,457,2497
Putnam,2015,Black,< 1,6,2499
Putnam,2015,White,< 1,445,2500
Putnam,2016,Black,< 1,5,2502
Putnam,2016,White,< 1,415,2503
Putnam,2017,Black,< 1,6,2505
Putnam,2017,White,< 1,417,2506
Putnam,2018,Black,< 1,8,2508
Putnam,2018,White,< 1,416,2509
Putnam,2019,Black,< 1,10,2511
Putnam,2019,White,< 1,403,2512
Putnam,2020,Black,< 1,10,2514
Putnam,2020,White,< 1,403,2515
Richland,2010,Black,< 1,172,2520
Richland,2010,White,< 1,1177,2521
Richland,2011,Black,< 1,188,2523
Richland,2011,White,< 1,1200,2524
Richland,2012,Black,< 1,205,2526
Richland,2012,White,< 1,1182,2527
Richland,2013,Black,< 1,186,2529
Richland,2013,White,< 1,1206,2530
Richland,2014,Black,< 1,188,2532
Richland,2014,White,< 1,1201,2533
Richland,2015,Black,< 1,180,2535
Richland,2015,White,< 1,1189,2536
Richland,2016,Black,< 1,204,2538
Richland,2016,White,< 1,1192,2539
Richland,2017,Black,< 1,156,2541
Richland,2017,White,< 1,1102,2542
Richland,2018,Black,< 1,198,2544
Richland,2018,White,< 1,1139,2545
Richland,2019,Black,< 1,168,2547
Richland,2019,White,< 1,1186,2548
Richland,2020,Black,< 1,174,2550
Richland,2020,White,< 1,1171,2551
Ross,2010,Black,< 1,59,2556
Ross,2010,White,< 1,793,2557
Ross,2011,Black,< 1,62,2559
Ross,2011,White,< 1,706,2560
Ross,2012,Black,< 1,57,2562
Ross,2012,White,< 1,835,2563
Ross,2013,Black,< 1,57,2565
Ross,2013,White,< 1,733,2566
Ross,2014,Black,< 1,78,2568
Ross,2014,White,< 1,808,2569
Ross,2015,Black,< 1,53,2571
Ross,2015,White,< 1,737,2572
Ross,2016,Black,< 1,63,2574
Ross,2016,White,< 1,788,2575
Ross,2017,Black,< 1,55,2577
Ross,2017,White,< 1,786,2578
Ross,2018,Black,< 1,65,2580
Ross,2018,White,< 1,743,2581
Ross,2019,Black,< 1,68,2583
Ross,2019,White,< 1,742,2584
Ross,2020,Black,< 1,68,2586
Ross,2020,White,< 1,721,2587
Sandusky,2010,Black,< 1,59,2592
Sandusky,2010,White,< 1,642,2593
Sandusky,2011,Black,< 1,57,2595
Sandusky,2011,White,< 1,638,2596
Sandusky,2012,Black,< 1,60,2598
Sandusky,2012,White,< 1,645,2599
Sandusky,2013,Black,< 1,67,2601
Sandusky,2013,White,< 1,601,2602
Sandusky,2014,Black,< 1,59,2604
Sandusky,2014,White,< 1,553,2605
Sandusky,2015,Black,< 1,58,2607
Sandusky,2015,White,< 1,607,2608
Sandusky,2016,Black,< 1,64,2610
Sandusky,2016,White,< 1,608,2611
Sandusky,2017,Black,< 1,58,2613
Sandusky,2017,White,< 1,571,2614
Sandusky,2018,Black,< 1,66,2616
Sandusky,2018,White,< 1,546,2617
Sandusky,2019,Black,< 1,56,2619
Sandusky,2019,White,< 1,567,2620
Sandusky,2020,Black,< 1,57,2622
Sandusky,2020,White,< 1,557,2623
Scioto,2010,Black,< 1,38,2628
Scioto,2010,White,< 1,880,2629
Scioto,2011,Black,< 1,31,2631
Scioto,2011,White,< 1,830,2632
Scioto,2012,Black,< 1,39,2634
Scioto,2012,White,< 1,851,2635
Scioto,2013,Black,< 1,34,2637
Scioto,2013,White,< 1,868,2638
Scioto,2014,Black,< 1,35,2640
Scioto,2014,White,< 1,877,2641
Scioto,2015,Black,< 1,29,2643
Scioto,2015,White,< 1,835,2644
Scioto,2016,Black,< 1,37,2646
Scioto,2016,White,< 1,815,2647
Scioto,2017,Black,< 1,40,2649
Scioto,2017,White,< 1,829,2650
Scioto,2018,Black,< 1,36,2652
Scioto,2018,White,< 1,789,2653
Scioto,2019,Black,< 1,45,2655
Scioto,2019,White,< 1,750,2656
Scioto,2020,Black,< 1,37,2658
Scioto,2020,White,< 1,728,2659
Seneca,2010,Black,< 1,46,2664
Seneca,2010,White,< 1,571,2665
Seneca,2011,Black,< 1,41,2667
Seneca,2011,White,< 1,546,2668
Seneca,2012,Black,< 1,49,2670
Seneca,2012,White,< 1,519,2671
Seneca,2013,Black,< 1,38,2673
Seneca,2013,White,< 1,530,2674
Seneca,2014,Black,< 1,35,2676
Seneca,2014,White,< 1,509,2677
Seneca,2015,Black,< 1,42,2679
Seneca,2015,White,< 1,544,2680
Seneca,2016,Black,< 1,50,2682
Seneca,2016,White,< 1,546,2683
Seneca,2017,Black,< 1,46,2685
Seneca,2017,White,< 1,503,2686
Seneca,2018,Black,< 1,50,2688
Seneca,2018,White,< 1,547,2689
Seneca,2019,Black,< 1,43,2691
Seneca,2019,White,< 1,512,2692
Seneca,2020,Black,< 1,42,2694
Seneca,2020,White,< 1,525,2695
Shelby,2010,Black,< 1,44,2700
Shelby,2010,White,< 1,610,2701
Shelby,2011,Black,< 1,36,2703
Shelby,2011,White,< 1,581,2704
Shelby,2012,Black,< 1,38,2706
Shelby,2012,White,< 1,583,2707
Shelby,2013,Black,< 1,44,2709
Shelby,2013,White,< 1,595,2710
Shelby,2014,Black,< 1,40,2712
Shelby,2014,White,< 1,513,2713
Shelby,2015,Black,< 1,41,2715
Shelby,2015,White,< 1,603,2716
Shelby,2016,Black,< 1,49,2718
Shelby,2016,White,< 1,549,2719
Shelby,2017,Black,< 1,37,2721
Shelby,2017,White,< 1,579,2722
Shelby,2018,Black,< 1,40,2724
Shelby,2018,White,< 1,574,2725
Shelby,2019,Black,< 1,49,2727
Shelby,2019,White,< 1,555,2728
Shelby,2020,Black,< 1,49,2730
Shelby,2020,White,< 1,549,2731
Stark,2010,Black,< 1,627,2736
Stark,2010,White,< 1,3436,2737
Stark,2011,Black,< 1,588,2739
Stark,2011,White,< 1,3400,2740
Stark,2012,Black,< 1,587,2742
Stark,2012,White,< 1,3417,2743
Stark,2013,Black,< 1,620,2745
Stark,2013,White,< 1,3351,2746
Stark,2014,Black,< 1,691,2748
Stark,2014,White,< 1,3544,2749
Stark,2015,Black,< 1,631,2751
Stark,2015,White,< 1,3513,2752
Stark,2016,Black,< 1,602,2754
Stark,2016,White,< 1,3538,2755
Stark,2017,Black,< 1,607,2757
Stark,2017,White,< 1,3422,2758
Stark,2018,Black,< 1,636,2760
Stark,2018,White,< 1,3360,2761
Stark,2019,Black,< 1,631,2763
Stark,2019,White,< 1,3299,2764
Stark,2020,Black,< 1,597,2766
Stark,2020,White,< 1,3335,2767
Summit,2010,Black,< 1,1511,2772
Summit,2010,White,< 1,4453,2773
Summit,2011,Black,< 1,1406,2775
Summit,2011,White,< 1,4374,2776
Summit,2012,Black,< 1,1394,2778
Summit,2012,White,< 1,4433,2779
Summit,2013,Black,< 1,1416,2781
Summit,2013,White,< 1,4379,2782
Summit,2014,Black,< 1,1474,2784
Summit,2014,White,< 1,4346,2785
Summit,2015,Black,< 1,1437,2787
Summit,2015,White,< 1,4282,2788
Summit,2016,Black,< 1,1395,2790
Summit,2016,White,< 1,4257,2791
Summit,2017,Black,< 1,1451,2793
Summit,2017,White,< 1,4032,2794
Summit,2018,Black,< 1,1481,2796
Summit,2018,White,< 1,4004,2797
Summit,2019,Black,< 1,1380,2799
Summit,2019,White,< 1,4064,2800
Summit,2020,Black,< 1,1316,2802
Summit,2020,White,< 1,4141,2803
Trumbull,2010,Black,< 1,314,2808
Trumbull,2010,White,< 1,1806,2809
Trumbull,2011,Black,< 1,311,2811
Trumbull,2011,White,< 1,1775,2812
Trumbull,2012,Black,< 1,301,2814
Trumbull,2012,White,< 1,1712,2815
Trumbull,2013,Black,< 1,313,2817
Trumbull,2013,White,< 1,1805,2818
Trumbull,2014,Black,< 1,312,2820
Trumbull,2014,White,< 1,1746,2821
Trumbull,2015,Black,< 1,332,2823
Trumbull,2015,White,< 1,1732,2824
Trumbull,2016,Black,< 1,323,2826
Trumbull,2016,White,< 1,1747,2827
Trumbull,2017,Black,< 1,336,2829
Trumbull,2017,White,< 1,1730,2830
Trumbull,2018,Black,< 1,314,2832
Trumbull,2018,White,< 1,1731,2833
Trumbull,2019,Black,< 1,333,2835
Trumbull,2019,White,< 1,1704,2836
Trumbull,2020,Black,< 1,316,2838
Trumbull,2020,White,< 1,1720,2839
Tuscarawas,2010,Black,< 1,29,2844
Tuscarawas,2010,White,< 1,1051,2845
Tuscarawas,2011,Black,< 1,31,2847
Tuscarawas,2011,White,< 1,1025,2848
Tuscarawas,2012,Black,< 1,36,2850
Tuscarawas,2012,White,< 1,1068,2851
Tuscarawas,2013,Black,< 1,28,2853
Tuscarawas,2013,White,< 1,1073,2854
Tuscarawas,2014,Black,< 1,29,2856
Tuscarawas,2014,White,< 1,1028,2857
Tuscarawas,2015,Black,< 1,28,2859
Tuscarawas,2015,White,< 1,1137,2860
Tuscarawas,2016,Black,< 1,36,2862
Tuscarawas,2016,White,< 1,1101,2863
Tuscarawas,2017,Black,< 1,34,2865
Tuscarawas,2017,White,< 1,1092,2866
Tuscarawas,2018,Black,< 1,29,2868
Tuscarawas,2018,White,< 1,1152,2869
Tuscarawas,2019,Black,< 1,35,2871
Tuscarawas,2019,White,< 1,1045,2872
Tuscarawas,2020,Black,< 1,53,2874
Tuscarawas,2020,White,< 1,1018,2875
Union,2010,Black,< 1,17,2880
Union,2010,White,< 1,574,2881
Union,2011,Black,< 1,14,2883
Union,2011,White,< 1,557,2884
Union,2012,Black,< 1,20,2886
Union,2012,White,< 1,557,2887
Union,2013,Black,< 1,20,2889
Union,2013,White,< 1,567,2890
Union,2014,Black,< 1,18,2892
Union,2014,White,< 1,545,2893
Union,2015,Black,< 1,21,2895
Union,2015,White,< 1,601,2896
Union,2016,Black,< 1,22,2898
Union,2016,White,< 1,585,2899
Union,2017,Black,< 1,22,2901
Union,2017,White,< 1,600,2902
Union,2018,Black,< 1,21,2904
Union,2018,White,< 1,609,2905
Union,2019,Black,< 1,46,2907
Union,2019,White,< 1,614,2908
Union,2020,Black,< 1,62,2910
Union,2020,White,< 1,600,2911
Van Wert,2010,Black,< 1,9,2916
Van Wert,2010,White,< 1,317,2917
Van Wert,2011,Black,< 1,8,2919
Van Wert,2011,White,< 1,300,2920
Van Wert,2012,Black,< 1,11,2922
Van Wert,2012,White,< 1,307,2923
Van Wert,2013,Black,< 1,15,2925
Van Wert,2013,White,< 1,315,2926
Van Wert,2014,Black,< 1,9,2928
Van Wert,2014,White,< 1,338,2929
Van Wert,2015,Black,< 1,11,2931
Van Wert,2015,White,< 1,298,2932
Van Wert,2016,Black,< 1,11,2934
Van Wert,2016,White,< 1,342,2935
Van Wert,2017,Black,< 1,8,2937
Van Wert,2017,White,< 1,351,2938
Van Wert,2018,Black,< 1,11,2940
Van Wert,2018,White,< 1,310,2941
Van Wert,2019,Black,< 1,11,2943
Van Wert,2019,White,< 1,333,2944
Van Wert,2020,Black,< 1,14,2946
Van Wert,2020,White,< 1,320,2947
Vinton,2010,Black,< 1,1,2952
Vinton,2010,White,< 1,140,2953
Vinton,2011,Black,< 1,1,2955
Vinton,2011,White,< 1,137,2956
Vinton,2012,Black,< 1,2,2958
Vinton,2012,White,< 1,127,2959
Vinton,2013,Black,< 1,4,2961
Vinton,2013,White,< 1,148,2962
Vinton,2014,Black,< 1,1,2964
Vinton,2014,White,< 1,147,2965
Vinton,2015,Black,< 1,1,2967
Vinton,2015,White,< 1,146,2968
Vinton,2016,Black,< 1,3,2970
Vinton,2016,White,< 1,142,2971
Vinton,2017,Black,< 1,3,2973
Vinton,2017,White,< 1,135,2974
Vinton,2018,Black,< 1,2,2976
Vinton,2018,White,< 1,148,2977
Vinton,2019,Black,< 1,6,2979
Vinton,2019,White,< 1,125,2980
Vinton,2020,Black,< 1,6,2982
Vinton,2020,White,< 1,117,2983
Warren,2010,Black,< 1,94,2988
Warren,2010,White,< 1,2345,2989
Warren,2011,Black,< 1,107,2991
Warren,2011,White,< 1,2218,2992
Warren,2012,Black,< 1,70,2994
Warren,2012,White,< 1,2187,2995
Warren,2013,Black,< 1,90,2997
Warren,2013,White,< 1,2221,2998
Warren,2014,Black,< 1,82,3000
Warren,2014,White,< 1,2113,3001
Warren,2015,Black,< 1,98,3003
Warren,2015,White,< 1,2073,3004
Warren,2016,Black,< 1,96,3006
Warren,2016,White,< 1,2138,3007
Warren,2017,Black,< 1,92,3009
Warren,2017,White,< 1,2021,3010
Warren,2018,Black,< 1,107,3012
Warren,2018,White,< 1,2051,3013
Warren,2019,Black,< 1,105,3015
Warren,2019,White,< 1,2019,3016
Warren,2020,Black,< 1,112,3018
Warren,2020,White,< 1,2022,3019
Washington,2010,Black,< 1,13,3024
Washington,2010,White,< 1,582,3025
Washington,2011,Black,< 1,13,3027
Washington,2011,White,< 1,595,3028
Washington,2012,Black,< 1,14,3030
Washington,2012,White,< 1,597,3031
Washington,2013,Black,< 1,11,3033
Washington,2013,White,< 1,625,3034
Washington,2014,Black,< 1,11,3036
Washington,2014,White,< 1,591,3037
Washington,2015,Black,< 1,12,3039
Washington,2015,White,< 1,551,3040
Washington,2016,Black,< 1,14,3042
Washington,2016,White,< 1,583,3043
Washington,2017,Black,< 1,12,3045
Washington,2017,White,< 1,588,3046
Washington,2018,Black,< 1,10,3048
Washington,2018,White,< 1,562,3049
Washington,2019,Black,< 1,17,3051
Washington,2019,White,< 1,559,3052
Washington,2020,Black,< 1,23,3054
Washington,2020,White,< 1,553,3055
Wayne,2010,Black,< 1,40,3060
Wayne,2010,White,< 1,1410,3061
Wayne,2011,Black,< 1,36,3063
Wayne,2011,White,< 1,1400,3064
Wayne,2012,Black,< 1,37,3066
Wayne,2012,White,< 1,1505,3067
Wayne,2013,Black,< 1,47,3069
Wayne,2013,White,< 1,1495,3070
Wayne,2014,Black,< 1,41,3072
Wayne,2014,White,< 1,1485,3073
Wayne,2015,Black,< 1,44,3075
Wayne,2015,White,< 1,1509,3076
Wayne,2016,Black,< 1,41,3078
Wayne,2016,White,< 1,1468,3079
Wayne,2017,Black,< 1,36,3081
Wayne,2017,White,< 1,1483,3082
Wayne,2018,Black,< 1,45,3084
Wayne,2018,White,< 1,1405,3085
Wayne,2019,Black,< 1,47,3087
Wayne,2019,White,< 1,1380,3088
Wayne,2020,Black,< 1,63,3090
Wayne,2020,White,< 1,1323,3091
Williams,2010,Black,< 1,4,3096
Williams,2010,White,< 1,382,3097
Williams,2011,Black,< 1,10,3099
Williams,2011,White,< 1,431,3100
Williams,2012,Black,< 1,10,3102
Williams,2012,White,< 1,428,3103
Williams,2013,Black,< 1,8,3105
Williams,2013,White,< 1,413,3106
Williams,2014,Black,< 1,9,3108
Williams,2014,White,< 1,416,3109
Williams,2015,Black,< 1,7,3111
Williams,2015,White,< 1,398,3112
Williams,2016,Black,< 1,9,3114
Williams,2016,White,< 1,411,3115
Williams,2017,Black,< 1,6,3117
Williams,2017,White,< 1,396,3118
Williams,2018,Black,< 1,9,3120
Williams,2018,White,< 1,388,3121
Williams,2019,Black,< 1,7,3123
Williams,2019,White,< 1,419,3124
Williams,2020,Black,< 1,9,3126
Williams,2020,White,< 1,402,3127
Wood,2010,Black,< 1,53,3132
Wood,2010,White,< 1,1247,3133
Wood,2011,Black,< 1,52,3135
Wood,2011,White,< 1,1189,3136
Wood,2012,Black,< 1,59,3138
Wood,2012,White,< 1,1255,3139
Wood,2013,Black,< 1,52,3141
Wood,2013,White,< 1,1265,3142
Wood,2014,Black,< 1,64,3144
Wood,2014,White,< 1,1293,3145
Wood,2015,Black,< 1,76,3147
Wood,2015,White,< 1,1257,3148
Wood,2016,Black,< 1,58,3150
Wood,2016,White,< 1,1272,3151
Wood,2017,Black,< 1,54,3153
Wood,2017,White,< 1,1265,3154
Wood,2018,Black,< 1,54,3156
Wood,2018,White,< 1,1223,3157
Wood,2019,Black,< 1,73,3159
Wood,2019,White,< 1,1143,3160
Wood,2020,Black,< 1,74,3162
Wood,2020,White,< 1,1141,3163
Wyandot,2010,Black,< 1,3,3168
Wyandot,2010,White,< 1,268,3169
Wyandot,2011,Black,< 1,3,3171
Wyandot,2011,White,< 1,232,3172
Wyandot,2012,Black,< 1,3,3174
Wyandot,2012,White,< 1,258,3175
Wyandot,2013,Black,< 1,3,3177
Wyandot,2013,White,< 1,295,3178
Wyandot,2014,Black,< 1,3,3180
Wyandot,2014,White,< 1,233,3181
Wyandot,2015,Black,< 1,3,3183
Wyandot,2015,White,< 1,245,3184
Wyandot,2016,Black,< 1,4,3186
Wyandot,2016,White,< 1,237,3187
Wyandot,2017,Black,< 1,2,3189
Wyandot,2017,White,< 1,247,3190
Wyandot,2018,Black,< 1,3,3192
Wyandot,2018,White,< 1,213,3193
Wyandot,2019,Black,< 1,3,3195
Wyandot,2019,White,< 1,219,3196
Wyandot,2020,Black,< 1,4,3198
Wyandot,2020,White,< 1,214,3199
Unknown,2010,Black,< 1,0,3204
Unknown,2010,White,< 1,0,3205
Unknown,2011,Black,< 1,0,3207
Unknown,2011,White,< 1,0,3208
Unknown,2012,Black,< 1,0,3210
Unknown,2012,White,< 1,0,3211
Unknown,2013,Black,< 1,0,3213
Unknown,2013,White,< 1,0,3214
Unknown,2014,Black,< 1,0,3216
Unknown,2014,White,< 1,0,3217
Unknown,2015,Black,< 1,0,3219
Unknown,2015,White,< 1,0,3220
Unknown,2016,Black,< 1,0,3222
Unknown,2016,White,< 1,0,3223
Unknown,2017,Black,< 1,0,3225
Unknown,2017,White,< 1,0,3226
Unknown,2018,Black,< 1,0,3228
Unknown,2018,White,< 1,0,3229
Unknown,2019,Black,< 1,0,3231
Unknown,2019,White,< 1,0,3232
Unknown,2020,Black,< 1,0,3234
Unknown,2020,White,< 1,0,3235
Adams,2010,Black,1-4,18,3276
Adams,2010,White,1-4,1525,3277
Adams,2011,Black,1-4,28,3279
Adams,2011,White,1-4,1475,3280
Adams,2012,Black,1-4,25,3282
Adams,2012,White,1-4,1434,3283
Adams,2013,Black,1-4,18,3285
Adams,2013,White,1-4,1357,3286
Adams,2014,Black,1-4,22,3288
Adams,2014,White,1-4,1418,3289
Adams,2015,Black,1-4,21,3291
Adams,2015,White,1-4,1349,3292
Adams,2016,Black,1-4,18,3294
Adams,2016,White,1-4,1291,3295
Adams,2017,Black,1-4,22,3297
Adams,2017,White,1-4,1327,3298
Adams,2018,Black,1-4,29,3300
Adams,2018,White,1-4,1279,3301
Adams,2019,Black,1-4,26,3303
Adams,2019,White,1-4,1321,3304
Adams,2020,Black,1-4,28,3306
Adams,2020,White,1-4,1379,3307
Allen,2010,Black,1-4,1082,3312
Allen,2010,White,1-4,4282,3313
Allen,2011,Black,1-4,1094,3315
Allen,2011,White,1-4,4223,3316
Allen,2012,Black,1-4,1070,3318
Allen,2012,White,1-4,4199,3319
Allen,2013,Black,1-4,1047,3321
Allen,2013,White,1-4,4085,3322
Allen,2014,Black,1-4,1063,3324
Allen,2014,White,1-4,4038,3325
Allen,2015,Black,1-4,1005,3327
Allen,2015,White,1-4,4047,3328
Allen,2016,Black,1-4,1070,3330
Allen,2016,White,1-4,3934,3331
Allen,2017,Black,1-4,1095,3333
Allen,2017,White,1-4,3983,3334
Allen,2018,Black,1-4,1137,3336
Allen,2018,White,1-4,3915,3337
Allen,2019,Black,1-4,1110,3339
Allen,2019,White,1-4,3891,3340
Allen,2020,Black,1-4,1065,3342
Allen,2020,White,1-4,3859,3343
Ashland,2010,Black,1-4,47,3348
Ashland,2010,White,1-4,2570,3349
Ashland,2011,Black,1-4,59,3351
Ashland,2011,White,1-4,2544,3352
Ashland,2012,Black,1-4,62,3354
Ashland,2012,White,1-4,2486,3355
Ashland,2013,Black,1-4,54,3357
Ashland,2013,White,1-4,2454,3358
Ashland,2014,Black,1-4,59,3360
Ashland,2014,White,1-4,2506,3361
Ashland,2015,Black,1-4,50,3363
Ashland,2015,White,1-4,2518,3364
Ashland,2016,Black,1-4,50,3366
Ashland,2016,White,1-4,2539,3367
Ashland,2017,Black,1-4,52,3369
Ashland,2017,White,1-4,2454,3370
Ashland,2018,Black,1-4,65,3372
Ashland,2018,White,1-4,2419,3373
Ashland,2019,Black,1-4,65,3375
Ashland,2019,White,1-4,2378,3376
Ashland,2020,Black,1-4,67,3378
Ashland,2020,White,1-4,2343,3379
Ashtabula,2010,Black,1-4,294,3384
Ashtabula,2010,White,1-4,4723,3385
Ashtabula,2011,Black,1-4,308,3387
Ashtabula,2011,White,1-4,4609,3388
Ashtabula,2012,Black,1-4,294,3390
Ashtabula,2012,White,1-4,4449,3391
Ashtabula,2013,Black,1-4,295,3393
Ashtabula,2013,White,1-4,4324,3394
Ashtabula,2014,Black,1-4,315,3396
Ashtabula,2014,White,1-4,4233,3397
Ashtabula,2015,Black,1-4,281,3399
Ashtabula,2015,White,1-4,4077,3400
Ashtabula,2016,Black,1-4,291,3402
Ashtabula,2016,White,1-4,4074,3403
Ashtabula,2017,Black,1-4,299,3405
Ashtabula,2017,White,1-4,4043,3406
Ashtabula,2018,Black,1-4,307,3408
Ashtabula,2018,White,1-4,4118,3409
Ashtabula,2019,Black,1-4,271,3411
Ashtabula,2019,White,1-4,4131,3412
Ashtabula,2020,Black,1-4,288,3414
Ashtabula,2020,White,1-4,4102,3415
Athens,2010,Black,1-4,91,3420
Athens,2010,White,1-4,1976,3421
Athens,2011,Black,1-4,85,3423
Athens,2011,White,1-4,2001,3424
Athens,2012,Black,1-4,74,3426
Athens,2012,White,1-4,1960,3427
Athens,2013,Black,1-4,81,3429
Athens,2013,White,1-4,1924,3430
Athens,2014,Black,1-4,83,3432
Athens,2014,White,1-4,1927,3433
Athens,2015,Black,1-4,77,3435
Athens,2015,White,1-4,2000,3436
Athens,2016,Black,1-4,87,3438
Athens,2016,White,1-4,1942,3439
Athens,2017,Black,1-4,82,3441
Athens,2017,White,1-4,1905,3442
Athens,2018,Black,1-4,78,3444
Athens,2018,White,1-4,1869,3445
Athens,2019,Black,1-4,73,3447
Athens,2019,White,1-4,1826,3448
Athens,2020,Black,1-4,74,3450
Athens,2020,White,1-4,1810,3451
Auglaize,2010,Black,1-4,32,3456
Auglaize,2010,White,1-4,2405,3457
Auglaize,2011,Black,1-4,36,3459
Auglaize,2011,White,1-4,2423,3460
Auglaize,2012,Black,1-4,39,3462
Auglaize,2012,White,1-4,2367,3463
Auglaize,2013,Black,1-4,34,3465
Auglaize,2013,White,1-4,2326,3466
Auglaize,2014,Black,1-4,34,3468
Auglaize,2014,White,1-4,2208,3469
Auglaize,2015,Black,1-4,37,3471
Auglaize,2015,White,1-4,2170,3472
Auglaize,2016,Black,1-4,36,3474
Auglaize,2016,White,1-4,2161,3475
Auglaize,2017,Black,1-4,37,3477
Auglaize,2017,White,1-4,2229,3478
Auglaize,2018,Black,1-4,39,3480
Auglaize,2018,White,1-4,2279,3481
Auglaize,2019,Black,1-4,44,3483
Auglaize,2019,White,1-4,2279,3484
Auglaize,2020,Black,1-4,50,3486
Auglaize,2020,White,1-4,2259,3487
Belmont,2010,Black,1-4,135,3492
Belmont,2010,White,1-4,2697,3493
Belmont,2011,Black,1-4,142,3495
Belmont,2011,White,1-4,2704,3496
Belmont,2012,Black,1-4,137,3498
Belmont,2012,White,1-4,2690,3499
Belmont,2013,Black,1-4,142,3501
Belmont,2013,White,1-4,2739,3502
Belmont,2014,Black,1-4,138,3504
Belmont,2014,White,1-4,2758,3505
Belmont,2015,Black,1-4,137,3507
Belmont,2015,White,1-4,2715,3508
Belmont,2016,Black,1-4,134,3510
Belmont,2016,White,1-4,2681,3511
Belmont,2017,Black,1-4,144,3513
Belmont,2017,White,1-4,2587,3514
Belmont,2018,Black,1-4,154,3516
Belmont,2018,White,1-4,2511,3517
Belmont,2019,Black,1-4,137,3519
Belmont,2019,White,1-4,2396,3520
Belmont,2020,Black,1-4,137,3522
Belmont,2020,White,1-4,2339,3523
Brown,2010,Black,1-4,46,3528
Brown,2010,White,1-4,2217,3529
Brown,2011,Black,1-4,32,3531
Brown,2011,White,1-4,2165,3532
Brown,2012,Black,1-4,42,3534
Brown,2012,White,1-4,2143,3535
Brown,2013,Black,1-4,41,3537
Brown,2013,White,1-4,2086,3538
Brown,2014,Black,1-4,55,3540
Brown,2014,White,1-4,2022,3541
Brown,2015,Black,1-4,41,3543
Brown,2015,White,1-4,1942,3544
Brown,2016,Black,1-4,40,3546
Brown,2016,White,1-4,1970,3547
Brown,2017,Black,1-4,43,3549
Brown,2017,White,1-4,1939,3550
Brown,2018,Black,1-4,44,3552
Brown,2018,White,1-4,1990,3553
Brown,2019,Black,1-4,44,3555
Brown,2019,White,1-4,2014,3556
Brown,2020,Black,1-4,38,3558
Brown,2020,White,1-4,1950,3559
Butler,2010,Black,1-4,2445,3564
Butler,2010,White,1-4,17153,3565
Butler,2011,Black,1-4,2355,3567
Butler,2011,White,1-4,16700,3568
Butler,2012,Black,1-4,2359,3570
Butler,2012,White,1-4,16050,3571
Butler,2013,Black,1-4,2324,3573
Butler,2013,White,1-4,15636,3574
Butler,2014,Black,1-4,2414,3576
Butler,2014,White,1-4,15724,3577
Butler,2015,Black,1-4,2519,3579
Butler,2015,White,1-4,15545,3580
Butler,2016,Black,1-4,2549,3582
Butler,2016,White,1-4,15560,3583
Butler,2017,Black,1-4,2626,3585
Butler,2017,White,1-4,15425,3586
Butler,2018,Black,1-4,2633,3588
Butler,2018,White,1-4,14913,3589
Butler,2019,Black,1-4,2731,3591
Butler,2019,White,1-4,14757,3592
Butler,2020,Black,1-4,2838,3594
Butler,2020,White,1-4,14543,3595
Carroll,2010,Black,1-4,16,3600
Carroll,2010,White,1-4,1318,3601
Carroll,2011,Black,1-4,20,3603
Carroll,2011,White,1-4,1244,3604
Carroll,2012,Black,1-4,29,3606
Carroll,2012,White,1-4,1199,3607
Carroll,2013,Black,1-4,26,3609
Carroll,2013,White,1-4,1099,3610
Carroll,2014,Black,1-4,30,3612
Carroll,2014,White,1-4,1085,3613
Carroll,2015,Black,1-4,20,3615
Carroll,2015,White,1-4,1026,3616
Carroll,2016,Black,1-4,28,3618
Carroll,2016,White,1-4,1033,3619
Carroll,2017,Black,1-4,30,3621
Carroll,2017,White,1-4,1062,3622
Carroll,2018,Black,1-4,30,3624
Carroll,2018,White,1-4,1073,3625
Carroll,2019,Black,1-4,31,3627
Carroll,2019,White,1-4,1130,3628
Carroll,2020,Black,1-4,28,3630
Carroll,2020,White,1-4,1116,3631
Champaign,2010,Black,1-4,88,3636
Champaign,2010,White,1-4,1913,3637
Champaign,2011,Black,1-4,99,3639
Champaign,2011,White,1-4,1873,3640
Champaign,2012,Black,1-4,99,3642
Champaign,2012,White,1-4,1823,3643
Champaign,2013,Black,1-4,84,3645
Champaign,2013,White,1-4,1743,3646
Champaign,2014,Black,1-4,88,3648
Champaign,2014,White,1-4,1648,3649
Champaign,2015,Black,1-4,86,3651
Champaign,2015,White,1-4,1590,3652
Champaign,2016,Black,1-4,88,3654
Champaign,2016,White,1-4,1559,3655
Champaign,2017,Black,1-4,87,3657
Champaign,2017,White,1-4,1568,3658
Champaign,2018,Black,1-4,89,3660
Champaign,2018,White,1-4,1562,3661
Champaign,2019,Black,1-4,78,3663
Champaign,2019,White,1-4,1635,3664
Champaign,2020,Black,1-4,91,3666
Champaign,2020,White,1-4,1665,3667
Clark,2010,Black,1-4,1126,3672
Clark,2010,White,1-4,5774,3673
Clark,2011,Black,1-4,1104,3675
Clark,2011,White,1-4,5724,3676
Clark,2012,Black,1-4,1087,3678
Clark,2012,White,1-4,5552,3679
Clark,2013,Black,1-4,1069,3681
Clark,2013,White,1-4,5348,3682
Clark,2014,Black,1-4,1076,3684
Clark,2014,White,1-4,5312,3685
Clark,2015,Black,1-4,1096,3687
Clark,2015,White,1-4,5231,3688
Clark,2016,Black,1-4,1076,3690
Clark,2016,White,1-4,5318,3691
Clark,2017,Black,1-4,1030,3693
Clark,2017,White,1-4,5287,3694
Clark,2018,Black,1-4,1041,3696
Clark,2018,White,1-4,5236,3697
Clark,2019,Black,1-4,1053,3699
Clark,2019,White,1-4,5250,3700
Clark,2020,Black,1-4,1051,3702
Clark,2020,White,1-4,5198,3703
Clermont,2010,Black,1-4,296,3708
Clermont,2010,White,1-4,10399,3709
Clermont,2011,Black,1-4,308,3711
Clermont,2011,White,1-4,10179,3712
Clermont,2012,Black,1-4,312,3714
Clermont,2012,White,1-4,9906,3715
Clermont,2013,Black,1-4,299,3717
Clermont,2013,White,1-4,9636,3718
Clermont,2014,Black,1-4,321,3720
Clermont,2014,White,1-4,9407,3721
Clermont,2015,Black,1-4,295,3723
Clermont,2015,White,1-4,9144,3724
Clermont,2016,Black,1-4,329,3726
Clermont,2016,White,1-4,9056,3727
Clermont,2017,Black,1-4,335,3729
Clermont,2017,White,1-4,9078,3730
Clermont,2018,Black,1-4,349,3732
Clermont,2018,White,1-4,8984,3733
Clermont,2019,Black,1-4,370,3735
Clermont,2019,White,1-4,8948,3736
Clermont,2020,Black,1-4,376,3738
Clermont,2020,White,1-4,8795,3739
Clinton,2010,Black,1-4,118,3744
Clinton,2010,White,1-4,2004,3745
Clinton,2011,Black,1-4,123,3747
Clinton,2011,White,1-4,2009,3748
Clinton,2012,Black,1-4,126,3750
Clinton,2012,White,1-4,1916,3751
Clinton,2013,Black,1-4,123,3753
Clinton,2013,White,1-4,1930,3754
Clinton,2014,Black,1-4,120,3756
Clinton,2014,White,1-4,1959,3757
Clinton,2015,Black,1-4,111,3759
Clinton,2015,White,1-4,1882,3760
Clinton,2016,Black,1-4,110,3762
Clinton,2016,White,1-4,1964,3763
Clinton,2017,Black,1-4,115,3765
Clinton,2017,White,1-4,1948,3766
Clinton,2018,Black,1-4,109,3768
Clinton,2018,White,1-4,1948,3769
Clinton,2019,Black,1-4,110,3771
Clinton,2019,White,1-4,1946,3772
Clinton,2020,Black,1-4,95,3774
Clinton,2020,White,1-4,1876,3775
Columbiana,2010,Black,1-4,163,3780
Columbiana,2010,White,1-4,4631,3781
Columbiana,2011,Black,1-4,187,3783
Columbiana,2011,White,1-4,4579,3784
Columbiana,2012,Black,1-4,195,3786
Columbiana,2012,White,1-4,4416,3787
Columbiana,2013,Black,1-4,188,3789
Columbiana,2013,White,1-4,4364,3790
Columbiana,2014,Black,1-4,203,3792
Columbiana,2014,White,1-4,4223,3793
Columbiana,2015,Black,1-4,203,3795
Columbiana,2015,White,1-4,4120,3796
Columbiana,2016,Black,1-4,207,3798
Columbiana,2016,White,1-4,4066,3799
Columbiana,2017,Black,1-4,227,3801
Columbiana,2017,White,1-4,4077,3802
Columbiana,2018,Black,1-4,201,3804
Columbiana,2018,White,1-4,4036,3805
Columbiana,2019,Black,1-4,222,3807
Columbiana,2019,White,1-4,4048,3808
Columbiana,2020,Black,1-4,212,3810
Columbiana,2020,White,1-4,3974,3811
Coshocton,2010,Black,1-4,53,3816
Coshocton,2010,White,1-4,1797,3817
Coshocton,2011,Black,1-4,58,3819
Coshocton,2011,White,1-4,1753,3820
Coshocton,2012,Black,1-4,56,3822
Coshocton,2012,White,1-4,1690,3823
Coshocton,2013,Black,1-4,58,3825
Coshocton,2013,White,1-4,1718,3826
Coshocton,2014,Black,1-4,57,3828
Coshocton,2014,White,1-4,1736,3829
Coshocton,2015,Black,1-4,50,3831
Coshocton,2015,White,1-4,1743,3832
Coshocton,2016,Black,1-4,46,3834
Coshocton,2016,White,1-4,1803,3835
Coshocton,2017,Black,1-4,46,3837
Coshocton,2017,White,1-4,1813,3838
Coshocton,2018,Black,1-4,54,3840
Coshocton,2018,White,1-4,1854,3841
Coshocton,2019,Black,1-4,64,3843
Coshocton,2019,White,1-4,1871,3844
Coshocton,2020,Black,1-4,67,3846
Coshocton,2020,White,1-4,1835,3847
Crawford,2010,Black,1-4,56,3852
Crawford,2010,White,1-4,1972,3853
Crawford,2011,Black,1-4,66,3855
Crawford,2011,White,1-4,1879,3856
Crawford,2012,Black,1-4,54,3858
Crawford,2012,White,1-4,1855,3859
Crawford,2013,Black,1-4,52,3861
Crawford,2013,White,1-4,1846,3862
Crawford,2014,Black,1-4,46,3864
Crawford,2014,White,1-4,1836,3865
Crawford,2015,Black,1-4,58,3867
Crawford,2015,White,1-4,1896,3868
Crawford,2016,Black,1-4,52,3870
Crawford,2016,White,1-4,1898,3871
Crawford,2017,Black,1-4,46,3873
Crawford,2017,White,1-4,1862,3874
Crawford,2018,Black,1-4,60,3876
Crawford,2018,White,1-4,1805,3877
Crawford,2019,Black,1-4,74,3879
Crawford,2019,White,1-4,1782,3880
Crawford,2020,Black,1-4,73,3882
Crawford,2020,White,1-4,1772,3883
Cuyahoga,2010,Black,1-4,24271,3888
Cuyahoga,2010,White,1-4,33376,3889
Cuyahoga,2011,Black,1-4,24192,3891
Cuyahoga,2011,White,1-4,32557,3892
Cuyahoga,2012,Black,1-4,23968,3894
Cuyahoga,2012,White,1-4,32155,3895
Cuyahoga,2013,Black,1-4,23796,3897
Cuyahoga,2013,White,1-4,31737,3898
Cuyahoga,2014,Black,1-4,23835,3900
Cuyahoga,2014,White,1-4,31545,3901
Cuyahoga,2015,Black,1-4,23912,3903
Cuyahoga,2015,White,1-4,31547,3904
Cuyahoga,2016,Black,1-4,23827,3906
Cuyahoga,2016,White,1-4,31236,3907
Cuyahoga,2017,Black,1-4,23437,3909
Cuyahoga,2017,White,1-4,31224,3910
Cuyahoga,2018,Black,1-4,23159,3912
Cuyahoga,2018,White,1-4,31087,3913
Cuyahoga,2019,Black,1-4,22898,3915
Cuyahoga,2019,White,1-4,30573,3916
Cuyahoga,2020,Black,1-4,22147,3918
Cuyahoga,2020,White,1-4,30361,3919
Darke,2010,Black,1-4,49,3924
Darke,2010,White,1-4,2789,3925
Darke,2011,Black,1-4,43,3927
Darke,2011,White,1-4,2736,3928
Darke,2012,Black,1-4,43,3930
Darke,2012,White,1-4,2619,3931
Darke,2013,Black,1-4,49,3933
Darke,2013,White,1-4,2583,3934
Darke,2014,Black,1-4,51,3936
Darke,2014,White,1-4,2452,3937
Darke,2015,Black,1-4,53,3939
Darke,2015,White,1-4,2456,3940
Darke,2016,Black,1-4,56,3942
Darke,2016,White,1-4,2436,3943
Darke,2017,Black,1-4,55,3945
Darke,2017,White,1-4,2438,3946
Darke,2018,Black,1-4,66,3948
Darke,2018,White,1-4,2448,3949
Darke,2019,Black,1-4,85,3951
Darke,2019,White,1-4,2439,3952
Darke,2020,Black,1-4,77,3954
Darke,2020,White,1-4,2494,3955
Defiance,2010,Black,1-4,86,3960
Defiance,2010,White,1-4,1901,3961
Defiance,2011,Black,1-4,87,3963
Defiance,2011,White,1-4,1875,3964
Defiance,2012,Black,1-4,89,3966
Defiance,2012,White,1-4,1807,3967
Defiance,2013,Black,1-4,73,3969
Defiance,2013,White,1-4,1763,3970
Defiance,2014,Black,1-4,75,3972
Defiance,2014,White,1-4,1730,3973
Defiance,2015,Black,1-4,56,3975
Defiance,2015,White,1-4,1694,3976
Defiance,2016,Black,1-4,60,3978
Defiance,2016,White,1-4,1667,3979
Defiance,2017,Black,1-4,65,3981
Defiance,2017,White,1-4,1636,3982
Defiance,2018,Black,1-4,54,3984
Defiance,2018,White,1-4,1624,3985
Defiance,2019,Black,1-4,69,3987
Defiance,2019,White,1-4,1663,3988
Defiance,2020,Black,1-4,79,3990
Defiance,2020,White,1-4,1596,3991
Delaware,2010,Black,1-4,493,3996
Delaware,2010,White,1-4,9361,3997
Delaware,2011,Black,1-4,481,3999
Delaware,2011,White,1-4,9055,4000
Delaware,2012,Black,1-4,465,4002
Delaware,2012,White,1-4,8833,4003
Delaware,2013,Black,1-4,442,4005
Delaware,2013,White,1-4,8719,4006
Delaware,2014,Black,1-4,451,4008
Delaware,2014,White,1-4,8765,4009
Delaware,2015,Black,1-4,486,4011
Delaware,2015,White,1-4,8830,4012
Delaware,2016,Black,1-4,478,4014
Delaware,2016,White,1-4,8838,4015
Delaware,2017,Black,1-4,484,4017
Delaware,2017,White,1-4,8833,4018
Delaware,2018,Black,1-4,506,4020
Delaware,2018,White,1-4,8749,4021
Delaware,2019,Black,1-4,482,4023
Delaware,2019,White,1-4,8493,4024
Delaware,2020,Black,1-4,553,4026
Delaware,2020,White,1-4,8450,4027
Erie,2010,Black,1-4,644,4032
Erie,2010,White,1-4,2698,4033
Erie,2011,Black,1-4,619,4035
Erie,2011,White,1-4,2695,4036
Erie,2012,Black,1-4,620,4038
Erie,2012,White,1-4,2581,4039
Erie,2013,Black,1-4,604,4041
Erie,2013,White,1-4,2500,4042
Erie,2014,Black,1-4,602,4044
Erie,2014,White,1-4,2538,4045
Erie,2015,Black,1-4,606,4047
Erie,2015,White,1-4,2516,4048
Erie,2016,Black,1-4,622,4050
Erie,2016,White,1-4,2511,4051
Erie,2017,Black,1-4,620,4053
Erie,2017,White,1-4,2536,4054
Erie,2018,Black,1-4,651,4056
Erie,2018,White,1-4,2494,4057
Erie,2019,Black,1-4,629,4059
Erie,2019,White,1-4,2477,4060
Erie,2020,Black,1-4,632,4062
Erie,2020,White,1-4,2428,4063
Fairfield,2010,Black,1-4,700,4068
Fairfield,2010,White,1-4,6716,4069
Fairfield,2011,Black,1-4,693,4071
Fairfield,2011,White,1-4,6542,4072
Fairfield,2012,Black,1-4,653,4074
Fairfield,2012,White,1-4,6295,4075
Fairfield,2013,Black,1-4,658,4077
Fairfield,2013,White,1-4,6158,4078
Fairfield,2014,Black,1-4,694,4080
Fairfield,2014,White,1-4,6307,4081
Fairfield,2015,Black,1-4,694,4083
Fairfield,2015,White,1-4,6222,4084
Fairfield,2016,Black,1-4,728,4086
Fairfield,2016,White,1-4,6402,4087
Fairfield,2017,Black,1-4,770,4089
Fairfield,2017,White,1-4,6472,4090
Fairfield,2018,Black,1-4,826,4092
Fairfield,2018,White,1-4,6498,4093
Fairfield,2019,Black,1-4,902,4095
Fairfield,2019,White,1-4,6488,4096
Fairfield,2020,Black,1-4,985,4098
Fairfield,2020,White,1-4,6410,4099
Fayette,2010,Black,1-4,90,4104
Fayette,2010,White,1-4,1565,4105
Fayette,2011,Black,1-4,87,4107
Fayette,2011,White,1-4,1455,4108
Fayette,2012,Black,1-4,83,4110
Fayette,2012,White,1-4,1403,4111
Fayette,2013,Black,1-4,67,4113
Fayette,2013,White,1-4,1384,4114
Fayette,2014,Black,1-4,66,4116
Fayette,2014,White,1-4,1409,4117
Fayette,2015,Black,1-4,74,4119
Fayette,2015,White,1-4,1381,4120
Fayette,2016,Black,1-4,83,4122
Fayette,2016,White,1-4,1369,4123
Fayette,2017,Black,1-4,88,4125
Fayette,2017,White,1-4,1348,4126
Fayette,2018,Black,1-4,86,4128
Fayette,2018,White,1-4,1309,4129
Fayette,2019,Black,1-4,76,4131
Fayette,2019,White,1-4,1252,4132
Fayette,2020,Black,1-4,93,4134
Fayette,2020,White,1-4,1255,4135
Franklin,2010,Black,1-4,20897,4140
Franklin,2010,White,1-4,41725,4141
Franklin,2011,Black,1-4,21384,4143
Franklin,2011,White,1-4,41908,4144
Franklin,2012,Black,1-4,21755,4146
Franklin,2012,White,1-4,42459,4147
Franklin,2013,Black,1-4,22060,4149
Franklin,2013,White,1-4,43079,4150
Franklin,2014,Black,1-4,22819,4152
Franklin,2014,White,1-4,43359,4153
Franklin,2015,Black,1-4,23551,4155
Franklin,2015,White,1-4,43675,4156
Franklin,2016,Black,1-4,24184,4158
Franklin,2016,White,1-4,43674,4159
Franklin,2017,Black,1-4,24876,4161
Franklin,2017,White,1-4,43514,4162
Franklin,2018,Black,1-4,25113,4164
Franklin,2018,White,1-4,43052,4165
Franklin,2019,Black,1-4,25361,4167
Franklin,2019,White,1-4,42359,4168
Franklin,2020,Black,1-4,24734,4170
Franklin,2020,White,1-4,41803,4171
Fulton,2010,Black,1-4,27,4176
Fulton,2010,White,1-4,2159,4177
Fulton,2011,Black,1-4,33,4179
Fulton,2011,White,1-4,2122,4180
Fulton,2012,Black,1-4,42,4182
Fulton,2012,White,1-4,2074,4183
Fulton,2013,Black,1-4,48,4185
Fulton,2013,White,1-4,1980,4186
Fulton,2014,Black,1-4,59,4188
Fulton,2014,White,1-4,1988,4189
Fulton,2015,Black,1-4,58,4191
Fulton,2015,White,1-4,1991,4192
Fulton,2016,Black,1-4,64,4194
Fulton,2016,White,1-4,1991,4195
Fulton,2017,Black,1-4,69,4197
Fulton,2017,White,1-4,2013,4198
Fulton,2018,Black,1-4,67,4200
Fulton,2018,White,1-4,1996,4201
Fulton,2019,Black,1-4,71,4203
Fulton,2019,White,1-4,1975,4204
Fulton,2020,Black,1-4,65,4206
Fulton,2020,White,1-4,1917,4207
Gallia,2010,Black,1-4,78,4212
Gallia,2010,White,1-4,1496,4213
Gallia,2011,Black,1-4,83,4215
Gallia,2011,White,1-4,1490,4216
Gallia,2012,Black,1-4,81,4218
Gallia,2012,White,1-4,1441,4219
Gallia,2013,Black,1-4,76,4221
Gallia,2013,White,1-4,1449,4222
Gallia,2014,Black,1-4,69,4224
Gallia,2014,White,1-4,1404,4225
Gallia,2015,Black,1-4,72,4227
Gallia,2015,White,1-4,1444,4228
Gallia,2016,Black,1-4,70,4230
Gallia,2016,White,1-4,1450,4231
Gallia,2017,Black,1-4,74,4233
Gallia,2017,White,1-4,1465,4234
Gallia,2018,Black,1-4,73,4236
Gallia,2018,White,1-4,1410,4237
Gallia,2019,Black,1-4,59,4239
Gallia,2019,White,1-4,1381,4240
Gallia,2020,Black,1-4,68,4242
Gallia,2020,White,1-4,1383,4243
Geauga,2010,Black,1-4,76,4248
Geauga,2010,White,1-4,4105,4249
Geauga,2011,Black,1-4,77,4251
Geauga,2011,White,1-4,3900,4252
Geauga,2012,Black,1-4,76,4254
Geauga,2012,White,1-4,3863,4255
Geauga,2013,Black,1-4,78,4257
Geauga,2013,White,1-4,3873,4258
Geauga,2014,Black,1-4,93,4260
Geauga,2014,White,1-4,3905,4261
Geauga,2015,Black,1-4,80,4263
Geauga,2015,White,1-4,3952,4264
Geauga,2016,Black,1-4,80,4266
Geauga,2016,White,1-4,3908,4267
Geauga,2017,Black,1-4,87,4269
Geauga,2017,White,1-4,3878,4270
Geauga,2018,Black,1-4,84,4272
Geauga,2018,White,1-4,3910,4273
Geauga,2019,Black,1-4,70,4275
Geauga,2019,White,1-4,3858,4276
Geauga,2020,Black,1-4,78,4278
Geauga,2020,White,1-4,3885,4279
Greene,2010,Black,1-4,775,4284
Greene,2010,White,1-4,6203,4285
Greene,2011,Black,1-4,732,4287
Greene,2011,White,1-4,6243,4288
Greene,2012,Black,1-4,747,4290
Greene,2012,White,1-4,6177,4291
Greene,2013,Black,1-4,729,4293
Greene,2013,White,1-4,6080,4294
Greene,2014,Black,1-4,693,4296
Greene,2014,White,1-4,6173,4297
Greene,2015,Black,1-4,715,4299
Greene,2015,White,1-4,6232,4300
Greene,2016,Black,1-4,709,4302
Greene,2016,White,1-4,6369,4303
Greene,2017,Black,1-4,716,4305
Greene,2017,White,1-4,6584,4306
Greene,2018,Black,1-4,781,4308
Greene,2018,White,1-4,6671,4309
Greene,2019,Black,1-4,747,4311
Greene,2019,White,1-4,6593,4312
Greene,2020,Black,1-4,806,4314
Greene,2020,White,1-4,6512,4315
Guernsey,2010,Black,1-4,92,4320
Guernsey,2010,White,1-4,1882,4321
Guernsey,2011,Black,1-4,93,4323
Guernsey,2011,White,1-4,1808,4324
Guernsey,2012,Black,1-4,100,4326
Guernsey,2012,White,1-4,1793,4327
Guernsey,2013,Black,1-4,88,4329
Guernsey,2013,White,1-4,1795,4330
Guernsey,2014,Black,1-4,76,4332
Guernsey,2014,White,1-4,1805,4333
Guernsey,2015,Black,1-4,74,4335
Guernsey,2015,White,1-4,1814,4336
Guernsey,2016,Black,1-4,60,4338
Guernsey,2016,White,1-4,1783,4339
Guernsey,2017,Black,1-4,61,4341
Guernsey,2017,White,1-4,1766,4342
Guernsey,2018,Black,1-4,74,4344
Guernsey,2018,White,1-4,1769,4345
Guernsey,2019,Black,1-4,79,4347
Guernsey,2019,White,1-4,1755,4348
Guernsey,2020,Black,1-4,85,4350
Guernsey,2020,White,1-4,1679,4351
Hamilton,2010,Black,1-4,15616,4356
Hamilton,2010,White,1-4,25761,4357
Hamilton,2011,Black,1-4,15740,4359
Hamilton,2011,White,1-4,25509,4360
Hamilton,2012,Black,1-4,15599,4362
Hamilton,2012,White,1-4,25403,4363
Hamilton,2013,Black,1-4,15604,4365
Hamilton,2013,White,1-4,25657,4366
Hamilton,2014,Black,1-4,15521,4368
Hamilton,2014,White,1-4,25861,4369
Hamilton,2015,Black,1-4,15612,4371
Hamilton,2015,White,1-4,26051,4372
Hamilton,2016,Black,1-4,15422,4374
Hamilton,2016,White,1-4,26035,4375
Hamilton,2017,Black,1-4,15123,4377
Hamilton,2017,White,1-4,25744,4378
Hamilton,2018,Black,1-4,14837,4380
Hamilton,2018,White,1-4,25609,4381
Hamilton,2019,Black,1-4,14630,4383
Hamilton,2019,White,1-4,25519,4384
Hamilton,2020,Black,1-4,14340,4386
Hamilton,2020,White,1-4,25559,4387
Hancock,2010,Black,1-4,185,4392
Hancock,2010,White,1-4,3542,4393
Hancock,2011,Black,1-4,162,4395
Hancock,2011,White,1-4,3496,4396
Hancock,2012,Black,1-4,150,4398
Hancock,2012,White,1-4,3478,4399
Hancock,2013,Black,1-4,158,4401
Hancock,2013,White,1-4,3433,4402
Hancock,2014,Black,1-4,162,4404
Hancock,2014,White,1-4,3399,4405
Hancock,2015,Black,1-4,177,4407
Hancock,2015,White,1-4,3398,4408
Hancock,2016,Black,1-4,196,4410
Hancock,2016,White,1-4,3410,4411
Hancock,2017,Black,1-4,184,4413
Hancock,2017,White,1-4,3350,4414
Hancock,2018,Black,1-4,198,4416
Hancock,2018,White,1-4,3328,4417
Hancock,2019,Black,1-4,186,4419
Hancock,2019,White,1-4,3272,4420
Hancock,2020,Black,1-4,182,4422
Hancock,2020,White,1-4,3205,4423
Hardin,2010,Black,1-4,34,4428
Hardin,2010,White,1-4,1573,4429
Hardin,2011,Black,1-4,32,4431
Hardin,2011,White,1-4,1577,4432
Hardin,2012,Black,1-4,38,4434
Hardin,2012,White,1-4,1527,4435
Hardin,2013,Black,1-4,32,4437
Hardin,2013,White,1-4,1503,4438
Hardin,2014,Black,1-4,23,4440
Hardin,2014,White,1-4,1523,4441
Hardin,2015,Black,1-4,21,4443
Hardin,2015,White,1-4,1546,4444
Hardin,2016,Black,1-4,24,4446
Hardin,2016,White,1-4,1542,4447
Hardin,2017,Black,1-4,31,4449
Hardin,2017,White,1-4,1499,4450
Hardin,2018,Black,1-4,31,4452
Hardin,2018,White,1-4,1486,4453
Hardin,2019,Black,1-4,43,4455
Hardin,2019,White,1-4,1437,4456
Hardin,2020,Black,1-4,50,4458
Hardin,2020,White,1-4,1486,4459
Harrison,2010,Black,1-4,33,4464
Harrison,2010,White,1-4,715,4465
Harrison,2011,Black,1-4,30,4467
Harrison,2011,White,1-4,749,4468
Harrison,2012,Black,1-4,30,4470
Harrison,2012,White,1-4,705,4471
Harrison,2013,Black,1-4,28,4473
Harrison,2013,White,1-4,632,4474
Harrison,2014,Black,1-4,27,4476
Harrison,2014,White,1-4,627,4477
Harrison,2015,Black,1-4,22,4479
Harrison,2015,White,1-4,615,4480
Harrison,2016,Black,1-4,24,4482
Harrison,2016,White,1-4,615,4483
Harrison,2017,Black,1-4,21,4485
Harrison,2017,White,1-4,638,4486
Harrison,2018,Black,1-4,28,4488
Harrison,2018,White,1-4,634,4489
Harrison,2019,Black,1-4,26,4491
Harrison,2019,White,1-4,594,4492
Harrison,2020,Black,1-4,29,4494
Harrison,2020,White,1-4,555,4495
Henry,2010,Black,1-4,18,4500
Henry,2010,White,1-4,1451,4501
Henry,2011,Black,1-4,17,4503
Henry,2011,White,1-4,1420,4504
Henry,2012,Black,1-4,26,4506
Henry,2012,White,1-4,1369,4507
Henry,2013,Black,1-4,28,4509
Henry,2013,White,1-4,1333,4510
Henry,2014,Black,1-4,23,4512
Henry,2014,White,1-4,1335,4513
Henry,2015,Black,1-4,21,4515
Henry,2015,White,1-4,1292,4516
Henry,2016,Black,1-4,22,4518
Henry,2016,White,1-4,1251,4519
Henry,2017,Black,1-4,26,4521
Henry,2017,White,1-4,1192,4522
Henry,2018,Black,1-4,25,4524
Henry,2018,White,1-4,1214,4525
Henry,2019,Black,1-4,27,4527
Henry,2019,White,1-4,1244,4528
Henry,2020,Black,1-4,25,4530
Henry,2020,White,1-4,1241,4531
Highland,2010,Black,1-4,91,4536
Highland,2010,White,1-4,2248,4537
Highland,2011,Black,1-4,65,4539
Highland,2011,White,1-4,2192,4540
Highland,2012,Black,1-4,60,4542
Highland,2012,White,1-4,2110,4543
Highland,2013,Black,1-4,65,4545
Highland,2013,White,1-4,2099,4546
Highland,2014,Black,1-4,74,4548
Highland,2014,White,1-4,2049,4549
Highland,2015,Black,1-4,68,4551
Highland,2015,White,1-4,2056,4552
Highland,2016,Black,1-4,76,4554
Highland,2016,White,1-4,2055,4555
Highland,2017,Black,1-4,74,4557
Highland,2017,White,1-4,2082,4558
Highland,2018,Black,1-4,87,4560
Highland,2018,White,1-4,2102,4561
Highland,2019,Black,1-4,83,4563
Highland,2019,White,1-4,2060,4564
Highland,2020,Black,1-4,80,4566
Highland,2020,White,1-4,2119,4567
Hocking,2010,Black,1-4,24,4572
Hocking,2010,White,1-4,1391,4573
Hocking,2011,Black,1-4,18,4575
Hocking,2011,White,1-4,1377,4576
Hocking,2012,Black,1-4,22,4578
Hocking,2012,White,1-4,1348,4579
Hocking,2013,Black,1-4,29,4581
Hocking,2013,White,1-4,1271,4582
Hocking,2014,Black,1-4,25,4584
Hocking,2014,White,1-4,1270,4585
Hocking,2015,Black,1-4,24,4587
Hocking,2015,White,1-4,1266,4588
Hocking,2016,Black,1-4,22,4590
Hocking,2016,White,1-4,1267,4591
Hocking,2017,Black,1-4,30,4593
Hocking,2017,White,1-4,1289,4594
Hocking,2018,Black,1-4,26,4596
Hocking,2018,White,1-4,1230,4597
Hocking,2019,Black,1-4,21,4599
Hocking,2019,White,1-4,1197,4600
Hocking,2020,Black,1-4,31,4602
Hocking,2020,White,1-4,1212,4603
Holmes,2010,Black,1-4,17,4608
Holmes,2010,White,1-4,3153,4609
Holmes,2011,Black,1-4,12,4611
Holmes,2011,White,1-4,3198,4612
Holmes,2012,Black,1-4,12,4614
Holmes,2012,White,1-4,3168,4615
Holmes,2013,Black,1-4,14,4617
Holmes,2013,White,1-4,3172,4618
Holmes,2014,Black,1-4,11,4620
Holmes,2014,White,1-4,3103,4621
Holmes,2015,Black,1-4,17,4623
Holmes,2015,White,1-4,3042,4624
Holmes,2016,Black,1-4,17,4626
Holmes,2016,White,1-4,2973,4627
Holmes,2017,Black,1-4,17,4629
Holmes,2017,White,1-4,2951,4630
Holmes,2018,Black,1-4,20,4632
Holmes,2018,White,1-4,2848,4633
Holmes,2019,Black,1-4,17,4635
Holmes,2019,White,1-4,2816,4636
Holmes,2020,Black,1-4,15,4638
Holmes,2020,White,1-4,2803,4639
Huron,2010,Black,1-4,101,4644
Huron,2010,White,1-4,3126,4645
Huron,2011,Black,1-4,99,4647
Huron,2011,White,1-4,3040,4648
Huron,2012,Black,1-4,111,4650
Huron,2012,White,1-4,2982,4651
Huron,2013,Black,1-4,123,4653
Huron,2013,White,1-4,2829,4654
Huron,2014,Black,1-4,128,4656
Huron,2014,White,1-4,2754,4657
Huron,2015,Black,1-4,121,4659
Huron,2015,White,1-4,2736,4660
Huron,2016,Black,1-4,121,4662
Huron,2016,White,1-4,2787,4663
Huron,2017,Black,1-4,137,4665
Huron,2017,White,1-4,2829,4666
Huron,2018,Black,1-4,111,4668
Huron,2018,White,1-4,2914,4669
Huron,2019,Black,1-4,108,4671
Huron,2019,White,1-4,2865,4672
Huron,2020,Black,1-4,116,4674
Huron,2020,White,1-4,2781,4675
Jackson,2010,Black,1-4,28,4680
Jackson,2010,White,1-4,1725,4681
Jackson,2011,Black,1-4,27,4683
Jackson,2011,White,1-4,1727,4684
Jackson,2012,Black,1-4,25,4686
Jackson,2012,White,1-4,1613,4687
Jackson,2013,Black,1-4,30,4689
Jackson,2013,White,1-4,1541,4690
Jackson,2014,Black,1-4,28,4692
Jackson,2014,White,1-4,1642,4693
Jackson,2015,Black,1-4,31,4695
Jackson,2015,White,1-4,1622,4696
Jackson,2016,Black,1-4,31,4698
Jackson,2016,White,1-4,1717,4699
Jackson,2017,Black,1-4,26,4701
Jackson,2017,White,1-4,1735,4702
Jackson,2018,Black,1-4,21,4704
Jackson,2018,White,1-4,1639,4705
Jackson,2019,Black,1-4,30,4707
Jackson,2019,White,1-4,1677,4708
Jackson,2020,Black,1-4,34,4710
Jackson,2020,White,1-4,1640,4711
Jefferson,2010,Black,1-4,285,4716
Jefferson,2010,White,1-4,2555,4717
Jefferson,2011,Black,1-4,287,4719
Jefferson,2011,White,1-4,2494,4720
Jefferson,2012,Black,1-4,277,4722
Jefferson,2012,White,1-4,2435,4723
Jefferson,2013,Black,1-4,290,4725
Jefferson,2013,White,1-4,2385,4726
Jefferson,2014,Black,1-4,302,4728
Jefferson,2014,White,1-4,2363,4729
Jefferson,2015,Black,1-4,281,4731
Jefferson,2015,White,1-4,2407,4732
Jefferson,2016,Black,1-4,311,4734
Jefferson,2016,White,1-4,2407,4735
Jefferson,2017,Black,1-4,310,4737
Jefferson,2017,White,1-4,2371,4738
Jefferson,2018,Black,1-4,285,4740
Jefferson,2018,White,1-4,2348,4741
Jefferson,2019,Black,1-4,315,4743
Jefferson,2019,White,1-4,2334,4744
Jefferson,2020,Black,1-4,318,4746
Jefferson,2020,White,1-4,2330,4747
Knox,2010,Black,1-4,57,4752
Knox,2010,White,1-4,3010,4753
Knox,2011,Black,1-4,61,4755
Knox,2011,White,1-4,2972,4756
Knox,2012,Black,1-4,52,4758
Knox,2012,White,1-4,2864,4759
Knox,2013,Black,1-4,57,4761
Knox,2013,White,1-4,2855,4762
Knox,2014,Black,1-4,70,4764
Knox,2014,White,1-4,2819,4765
Knox,2015,Black,1-4,51,4767
Knox,2015,White,1-4,2803,4768
Knox,2016,Black,1-4,64,4770
Knox,2016,White,1-4,2795,4771
Knox,2017,Black,1-4,61,4773
Knox,2017,White,1-4,2843,4774
Knox,2018,Black,1-4,72,4776
Knox,2018,White,1-4,2917,4777
Knox,2019,Black,1-4,71,4779
Knox,2019,White,1-4,2979,4780
Knox,2020,Black,1-4,65,4782
Knox,2020,White,1-4,2970,4783
Lake,2010,Black,1-4,707,4788
Lake,2010,White,1-4,9310,4789
Lake,2011,Black,1-4,700,4791
Lake,2011,White,1-4,8986,4792
Lake,2012,Black,1-4,643,4794
Lake,2012,White,1-4,8792,4795
Lake,2013,Black,1-4,671,4797
Lake,2013,White,1-4,8605,4798
Lake,2014,Black,1-4,714,4800
Lake,2014,White,1-4,8377,4801
Lake,2015,Black,1-4,750,4803
Lake,2015,White,1-4,8309,4804
Lake,2016,Black,1-4,767,4806
Lake,2016,White,1-4,8200,4807
Lake,2017,Black,1-4,851,4809
Lake,2017,White,1-4,8230,4810
Lake,2018,Black,1-4,862,4812
Lake,2018,White,1-4,8074,4813
Lake,2019,Black,1-4,839,4815
Lake,2019,White,1-4,7964,4816
Lake,2020,Black,1-4,882,4818
Lake,2020,White,1-4,7874,4819
Lawrence,2010,Black,1-4,144,4824
Lawrence,2010,White,1-4,2965,4825
Lawrence,2011,Black,1-4,132,4827
Lawrence,2011,White,1-4,2848,4828
Lawrence,2012,Black,1-4,132,4830
Lawrence,2012,White,1-4,2725,4831
Lawrence,2013,Black,1-4,125,4833
Lawrence,2013,White,1-4,2726,4834
Lawrence,2014,Black,1-4,130,4836
Lawrence,2014,White,1-4,2664,4837
Lawrence,2015,Black,1-4,126,4839
Lawrence,2015,White,1-4,2684,4840
Lawrence,2016,Black,1-4,121,4842
Lawrence,2016,White,1-4,2728,4843
Lawrence,2017,Black,1-4,118,4845
Lawrence,2017,White,1-4,2675,4846
Lawrence,2018,Black,1-4,103,4848
Lawrence,2018,White,1-4,2586,4849
Lawrence,2019,Black,1-4,104,4851
Lawrence,2019,White,1-4,2538,4852
Lawrence,2020,Black,1-4,107,4854
Lawrence,2020,White,1-4,2413,4855
Licking,2010,Black,1-4,537,4860
Licking,2010,White,1-4,7869,4861
Licking,2011,Black,1-4,533,4863
Licking,2011,White,1-4,7759,4864
Licking,2012,Black,1-4,533,4866
Licking,2012,White,1-4,7666,4867
Licking,2013,Black,1-4,538,4869
Licking,2013,White,1-4,7641,4870
Licking,2014,Black,1-4,499,4872
Licking,2014,White,1-4,7685,4873
Licking,2015,Black,1-4,533,4875
Licking,2015,White,1-4,7733,4876
Licking,2016,Black,1-4,546,4878
Licking,2016,White,1-4,7745,4879
Licking,2017,Black,1-4,573,4881
Licking,2017,White,1-4,7786,4882
Licking,2018,Black,1-4,610,4884
Licking,2018,White,1-4,7720,4885
Licking,2019,Black,1-4,613,4887
Licking,2019,White,1-4,7643,4888
Licking,2020,Black,1-4,619,4890
Licking,2020,White,1-4,7514,4891
Logan,2010,Black,1-4,114,4896
Logan,2010,White,1-4,2314,4897
Logan,2011,Black,1-4,105,4899
Logan,2011,White,1-4,2230,4900
Logan,2012,Black,1-4,101,4902
Logan,2012,White,1-4,2166,4903
Logan,2013,Black,1-4,104,4905
Logan,2013,White,1-4,2070,4906
Logan,2014,Black,1-4,102,4908
Logan,2014,White,1-4,2063,4909
Logan,2015,Black,1-4,107,4911
Logan,2015,White,1-4,2045,4912
Logan,2016,Black,1-4,117,4914
Logan,2016,White,1-4,2041,4915
Logan,2017,Black,1-4,117,4917
Logan,2017,White,1-4,2102,4918
Logan,2018,Black,1-4,118,4920
Logan,2018,White,1-4,1995,4921
Logan,2019,Black,1-4,120,4923
Logan,2019,White,1-4,2083,4924
Logan,2020,Black,1-4,115,4926
Logan,2020,White,1-4,1982,4927
Lorain,2010,Black,1-4,2239,4932
Lorain,2010,White,1-4,12059,4933
Lorain,2011,Black,1-4,2247,4935
Lorain,2011,White,1-4,11750,4936
Lorain,2012,Black,1-4,2260,4938
Lorain,2012,White,1-4,11715,4939
Lorain,2013,Black,1-4,2245,4941
Lorain,2013,White,1-4,11519,4942
Lorain,2014,Black,1-4,2175,4944
Lorain,2014,White,1-4,11626,4945
Lorain,2015,Black,1-4,2202,4947
Lorain,2015,White,1-4,11691,4948
Lorain,2016,Black,1-4,2271,4950
Lorain,2016,White,1-4,11600,4951
Lorain,2017,Black,1-4,2281,4953
Lorain,2017,White,1-4,11566,4954
Lorain,2018,Black,1-4,2363,4956
Lorain,2018,White,1-4,11472,4957
Lorain,2019,Black,1-4,2336,4959
Lorain,2019,White,1-4,11357,4960
Lorain,2020,Black,1-4,2230,4962
Lorain,2020,White,1-4,11339,4963
Lucas,2010,Black,1-4,6974,4968
Lucas,2010,White,1-4,16275,4969
Lucas,2011,Black,1-4,6831,4971
Lucas,2011,White,1-4,15980,4972
Lucas,2012,Black,1-4,6670,4974
Lucas,2012,White,1-4,15573,4975
Lucas,2013,Black,1-4,6601,4977
Lucas,2013,White,1-4,15330,4978
Lucas,2014,Black,1-4,6632,4980
Lucas,2014,White,1-4,15087,4981
Lucas,2015,Black,1-4,6771,4983
Lucas,2015,White,1-4,14979,4984
Lucas,2016,Black,1-4,6929,4986
Lucas,2016,White,1-4,14920,4987
Lucas,2017,Black,1-4,6993,4989
Lucas,2017,White,1-4,14869,4990
Lucas,2018,Black,1-4,7000,4992
Lucas,2018,White,1-4,14453,4993
Lucas,2019,Black,1-4,7048,4995
Lucas,2019,White,1-4,14420,4996
Lucas,2020,Black,1-4,6801,4998
Lucas,2020,White,1-4,14273,4999
Madison,2010,Black,1-4,81,5004
Madison,2010,White,1-4,1931,5005
Madison,2011,Black,1-4,87,5007
Madison,2011,White,1-4,1858,5008
Madison,2012,Black,1-4,83,5010
Madison,2012,White,1-4,1729,5011
Madison,2013,Black,1-4,76,5013
Madison,2013,White,1-4,1744,5014
Madison,2014,Black,1-4,66,5016
Madison,2014,White,1-4,1714,5017
Madison,2015,Black,1-4,75,5019
Madison,2015,White,1-4,1684,5020
Madison,2016,Black,1-4,96,5022
Madison,2016,White,1-4,1683,5023
Madison,2017,Black,1-4,97,5025
Madison,2017,White,1-4,1661,5026
Madison,2018,Black,1-4,99,5028
Madison,2018,White,1-4,1701,5029
Madison,2019,Black,1-4,97,5031
Madison,2019,White,1-4,1690,5032
Madison,2020,Black,1-4,89,5034
Madison,2020,White,1-4,1719,5035
Mahoning,2010,Black,1-4,2705,5040
Mahoning,2010,White,1-4,7419,5041
Mahoning,2011,Black,1-4,2705,5043
Mahoning,2011,White,1-4,7210,5044
Mahoning,2012,Black,1-4,2644,5046
Mahoning,2012,White,1-4,7056,5047
Mahoning,2013,Black,1-4,2602,5049
Mahoning,2013,White,1-4,6863,5050
Mahoning,2014,Black,1-4,2582,5052
Mahoning,2014,White,1-4,6853,5053
Mahoning,2015,Black,1-4,2578,5055
Mahoning,2015,White,1-4,6840,5056
Mahoning,2016,Black,1-4,2581,5058
Mahoning,2016,White,1-4,6854,5059
Mahoning,2017,Black,1-4,2671,5061
Mahoning,2017,White,1-4,6858,5062
Mahoning,2018,Black,1-4,2765,5064
Mahoning,2018,White,1-4,6908,5065
Mahoning,2019,Black,1-4,2763,5067
Mahoning,2019,White,1-4,6907,5068
Mahoning,2020,Black,1-4,2684,5070
Mahoning,2020,White,1-4,6893,5071
Marion,2010,Black,1-4,249,5076
Marion,2010,White,1-4,2787,5077
Marion,2011,Black,1-4,224,5079
Marion,2011,White,1-4,2791,5080
Marion,2012,Black,1-4,223,5082
Marion,2012,White,1-4,2813,5083
Marion,2013,Black,1-4,205,5085
Marion,2013,White,1-4,2833,5086
Marion,2014,Black,1-4,221,5088
Marion,2014,White,1-4,2873,5089
Marion,2015,Black,1-4,252,5091
Marion,2015,White,1-4,2877,5092
Marion,2016,Black,1-4,248,5094
Marion,2016,White,1-4,2833,5095
Marion,2017,Black,1-4,252,5097
Marion,2017,White,1-4,2771,5098
Marion,2018,Black,1-4,228,5100
Marion,2018,White,1-4,2788,5101
Marion,2019,Black,1-4,188,5103
Marion,2019,White,1-4,2799,5104
Marion,2020,Black,1-4,208,5106
Marion,2020,White,1-4,2766,5107
Medina,2010,Black,1-4,207,5112
Medina,2010,White,1-4,8067,5113
Medina,2011,Black,1-4,207,5115
Medina,2011,White,1-4,7777,5116
Medina,2012,Black,1-4,218,5118
Medina,2012,White,1-4,7470,5119
Medina,2013,Black,1-4,243,5121
Medina,2013,White,1-4,7439,5122
Medina,2014,Black,1-4,249,5124
Medina,2014,White,1-4,7342,5125
Medina,2015,Black,1-4,264,5127
Medina,2015,White,1-4,7276,5128
Medina,2016,Black,1-4,262,5130
Medina,2016,White,1-4,7369,5131
Medina,2017,Black,1-4,251,5133
Medina,2017,White,1-4,7409,5134
Medina,2018,Black,1-4,239,5136
Medina,2018,White,1-4,7424,5137
Medina,2019,Black,1-4,273,5139
Medina,2019,White,1-4,7314,5140
Medina,2020,Black,1-4,270,5142
Medina,2020,White,1-4,7118,5143
Meigs,2010,Black,1-4,22,5148
Meigs,2010,White,1-4,1088,5149
Meigs,2011,Black,1-4,14,5151
Meigs,2011,White,1-4,1060,5152
Meigs,2012,Black,1-4,15,5154
Meigs,2012,White,1-4,1043,5155
Meigs,2013,Black,1-4,16,5157
Meigs,2013,White,1-4,1049,5158
Meigs,2014,Black,1-4,9,5160
Meigs,2014,White,1-4,1012,5161
Meigs,2015,Black,1-4,13,5163
Meigs,2015,White,1-4,981,5164
Meigs,2016,Black,1-4,23,5166
Meigs,2016,White,1-4,926,5167
Meigs,2017,Black,1-4,23,5169
Meigs,2017,White,1-4,953,5170
Meigs,2018,Black,1-4,25,5172
Meigs,2018,White,1-4,938,5173
Meigs,2019,Black,1-4,31,5175
Meigs,2019,White,1-4,934,5176
Meigs,2020,Black,1-4,18,5178
Meigs,2020,White,1-4,940,5179
Mercer,2010,Black,1-4,37,5184
Mercer,2010,White,1-4,2248,5185
Mercer,2011,Black,1-4,30,5187
Mercer,2011,White,1-4,2214,5188
Mercer,2012,Black,1-4,35,5190
Mercer,2012,White,1-4,2174,5191
Mercer,2013,Black,1-4,34,5193
Mercer,2013,White,1-4,2137,5194
Mercer,2014,Black,1-4,34,5196
Mercer,2014,White,1-4,2179,5197
Mercer,2015,Black,1-4,41,5199
Mercer,2015,White,1-4,2209,5200
Mercer,2016,Black,1-4,31,5202
Mercer,2016,White,1-4,2235,5203
Mercer,2017,Black,1-4,38,5205
Mercer,2017,White,1-4,2333,5206
Mercer,2018,Black,1-4,36,5208
Mercer,2018,White,1-4,2346,5209
Mercer,2019,Black,1-4,43,5211
Mercer,2019,White,1-4,2425,5212
Mercer,2020,Black,1-4,39,5214
Mercer,2020,White,1-4,2467,5215
Miami,2010,Black,1-4,260,5220
Miami,2010,White,1-4,4702,5221
Miami,2011,Black,1-4,235,5223
Miami,2011,White,1-4,4721,5224
Miami,2012,Black,1-4,240,5226
Miami,2012,White,1-4,4578,5227
Miami,2013,Black,1-4,249,5229
Miami,2013,White,1-4,4596,5230
Miami,2014,Black,1-4,236,5232
Miami,2014,White,1-4,4527,5233
Miami,2015,Black,1-4,269,5235
Miami,2015,White,1-4,4535,5236
Miami,2016,Black,1-4,261,5238
Miami,2016,White,1-4,4630,5239
Miami,2017,Black,1-4,295,5241
Miami,2017,White,1-4,4705,5242
Miami,2018,Black,1-4,328,5244
Miami,2018,White,1-4,4789,5245
Miami,2019,Black,1-4,328,5247
Miami,2019,White,1-4,4753,5248
Miami,2020,Black,1-4,292,5250
Miami,2020,White,1-4,4663,5251
Monroe,2010,Black,1-4,15,5256
Monroe,2010,White,1-4,626,5257
Monroe,2011,Black,1-4,16,5259
Monroe,2011,White,1-4,637,5260
Monroe,2012,Black,1-4,16,5262
Monroe,2012,White,1-4,662,5263
Monroe,2013,Black,1-4,13,5265
Monroe,2013,White,1-4,615,5266
Monroe,2014,Black,1-4,6,5268
Monroe,2014,White,1-4,610,5269
Monroe,2015,Black,1-4,7,5271
Monroe,2015,White,1-4,622,5272
Monroe,2016,Black,1-4,6,5274
Monroe,2016,White,1-4,590,5275
Monroe,2017,Black,1-4,5,5277
Monroe,2017,White,1-4,603,5278
Monroe,2018,Black,1-4,4,5280
Monroe,2018,White,1-4,573,5281
Monroe,2019,Black,1-4,8,5283
Monroe,2019,White,1-4,547,5284
Monroe,2020,Black,1-4,6,5286
Monroe,2020,White,1-4,517,5287
Montgomery,2010,Black,1-4,7838,5292
Montgomery,2010,White,1-4,18184,5293
Montgomery,2011,Black,1-4,7935,5295
Montgomery,2011,White,1-4,18111,5296
Montgomery,2012,Black,1-4,7698,5298
Montgomery,2012,White,1-4,17962,5299
Montgomery,2013,Black,1-4,7637,5301
Montgomery,2013,White,1-4,17905,5302
Montgomery,2014,Black,1-4,7614,5304
Montgomery,2014,White,1-4,17848,5305
Montgomery,2015,Black,1-4,7508,5307
Montgomery,2015,White,1-4,17680,5308
Montgomery,2016,Black,1-4,7528,5310
Montgomery,2016,White,1-4,17766,5311
Montgomery,2017,Black,1-4,7521,5313
Montgomery,2017,White,1-4,17793,5314
Montgomery,2018,Black,1-4,7600,5316
Montgomery,2018,White,1-4,17466,5317
Montgomery,2019,Black,1-4,7795,5319
Montgomery,2019,White,1-4,17428,5320
Montgomery,2020,Black,1-4,7860,5322
Montgomery,2020,White,1-4,17270,5323
Morgan,2010,Black,1-4,47,5328
Morgan,2010,White,1-4,670,5329
Morgan,2011,Black,1-4,43,5331
Morgan,2011,White,1-4,635,5332
Morgan,2012,Black,1-4,32,5334
Morgan,2012,White,1-4,637,5335
Morgan,2013,Black,1-4,32,5337
Morgan,2013,White,1-4,614,5338
Morgan,2014,Black,1-4,42,5340
Morgan,2014,White,1-4,563,5341
Morgan,2015,Black,1-4,28,5343
Morgan,2015,White,1-4,533,5344
Morgan,2016,Black,1-4,36,5346
Morgan,2016,White,1-4,526,5347
Morgan,2017,Black,1-4,44,5349
Morgan,2017,White,1-4,528,5350
Morgan,2018,Black,1-4,44,5352
Morgan,2018,White,1-4,539,5353
Morgan,2019,Black,1-4,46,5355
Morgan,2019,White,1-4,565,5356
Morgan,2020,Black,1-4,37,5358
Morgan,2020,White,1-4,536,5359
Morrow,2010,Black,1-4,24,5364
Morrow,2010,White,1-4,1728,5365
Morrow,2011,Black,1-4,30,5367
Morrow,2011,White,1-4,1667,5368
Morrow,2012,Black,1-4,41,5370
Morrow,2012,White,1-4,1660,5371
Morrow,2013,Black,1-4,32,5373
Morrow,2013,White,1-4,1618,5374
Morrow,2014,Black,1-4,33,5376
Morrow,2014,White,1-4,1580,5377
Morrow,2015,Black,1-4,40,5379
Morrow,2015,White,1-4,1518,5380
Morrow,2016,Black,1-4,34,5382
Morrow,2016,White,1-4,1503,5383
Morrow,2017,Black,1-4,31,5385
Morrow,2017,White,1-4,1492,5386
Morrow,2018,Black,1-4,26,5388
Morrow,2018,White,1-4,1485,5389
Morrow,2019,Black,1-4,38,5391
Morrow,2019,White,1-4,1513,5392
Morrow,2020,Black,1-4,37,5394
Morrow,2020,White,1-4,1504,5395
Muskingum,2010,Black,1-4,391,5400
Muskingum,2010,White,1-4,3830,5401
Muskingum,2011,Black,1-4,395,5403
Muskingum,2011,White,1-4,3828,5404
Muskingum,2012,Black,1-4,367,5406
Muskingum,2012,White,1-4,3847,5407
Muskingum,2013,Black,1-4,357,5409
Muskingum,2013,White,1-4,3769,5410
Muskingum,2014,Black,1-4,368,5412
Muskingum,2014,White,1-4,3870,5413
Muskingum,2015,Black,1-4,348,5415
Muskingum,2015,White,1-4,3849,5416
Muskingum,2016,Black,1-4,328,5418
Muskingum,2016,White,1-4,3869,5419
Muskingum,2017,Black,1-4,338,5421
Muskingum,2017,White,1-4,3911,5422
Muskingum,2018,Black,1-4,324,5424
Muskingum,2018,White,1-4,3811,5425
Muskingum,2019,Black,1-4,321,5427
Muskingum,2019,White,1-4,3860,5428
Muskingum,2020,Black,1-4,339,5430
Muskingum,2020,White,1-4,3761,5431
Noble,2010,Black,1-4,7,5436
Noble,2010,White,1-4,600,5437
Noble,2011,Black,1-4,7,5439
Noble,2011,White,1-4,611,5440
Noble,2012,Black,1-4,6,5442
Noble,2012,White,1-4,586,5443
Noble,2013,Black,1-4,7,5445
Noble,2013,White,1-4,581,5446
Noble,2014,Black,1-4,3,5448
Noble,2014,White,1-4,576,5449
Noble,2015,Black,1-4,4,5451
Noble,2015,White,1-4,572,5452
Noble,2016,Black,1-4,3,5454
Noble,2016,White,1-4,565,5455
Noble,2017,Black,1-4,8,5457
Noble,2017,White,1-4,568,5458
Noble,2018,Black,1-4,8,5460
Noble,2018,White,1-4,541,5461
Noble,2019,Black,1-4,8,5463
Noble,2019,White,1-4,573,5464
Noble,2020,Black,1-4,7,5466
Noble,2020,White,1-4,560,5467
NonOH,2010,Black,1-4,0,5472
NonOH,2010,White,1-4,0,5473
NonOH,2011,Black,1-4,0,5475
NonOH,2011,White,1-4,0,5476
NonOH,2012,Black,1-4,0,5478
NonOH,2012,White,1-4,0,5479
NonOH,2013,Black,1-4,0,5481
NonOH,2013,White,1-4,0,5482
NonOH,2014,Black,1-4,0,5484
NonOH,2014,White,1-4,0,5485
NonOH,2015,Black,1-4,0,5487
NonOH,2015,White,1-4,0,5488
NonOH,2016,Black,1-4,0,5490
NonOH,2016,White,1-4,0,5491
NonOH,2017,Black,1-4,0,5493
NonOH,2017,White,1-4,0,5494
NonOH,2018,Black,1-4,0,5496
NonOH,2018,White,1-4,0,5497
NonOH,2019,Black,1-4,0,5499
NonOH,2019,White,1-4,0,5500
NonOH,2020,Black,1-4,0,5502
NonOH,2020,White,1-4,0,5503
Ottawa,2010,Black,1-4,52,5508
Ottawa,2010,White,1-4,1586,5509
Ottawa,2011,Black,1-4,49,5511
Ottawa,2011,White,1-4,1536,5512
Ottawa,2012,Black,1-4,53,5514
Ottawa,2012,White,1-4,1498,5515
Ottawa,2013,Black,1-4,60,5517
Ottawa,2013,White,1-4,1472,5518
Ottawa,2014,Black,1-4,53,5520
Ottawa,2014,White,1-4,1422,5521
Ottawa,2015,Black,1-4,53,5523
Ottawa,2015,White,1-4,1369,5524
Ottawa,2016,Black,1-4,64,5526
Ottawa,2016,White,1-4,1356,5527
Ottawa,2017,Black,1-4,64,5529
Ottawa,2017,White,1-4,1380,5530
Ottawa,2018,Black,1-4,51,5532
Ottawa,2018,White,1-4,1359,5533
Ottawa,2019,Black,1-4,52,5535
Ottawa,2019,White,1-4,1379,5536
Ottawa,2020,Black,1-4,45,5538
Ottawa,2020,White,1-4,1311,5539
Paulding,2010,Black,1-4,19,5544
Paulding,2010,White,1-4,1061,5545
Paulding,2011,Black,1-4,14,5547
Paulding,2011,White,1-4,1010,5548
Paulding,2012,Black,1-4,10,5550
Paulding,2012,White,1-4,963,5551
Paulding,2013,Black,1-4,18,5553
Paulding,2013,White,1-4,912,5554
Paulding,2014,Black,1-4,17,5556
Paulding,2014,White,1-4,855,5557
Paulding,2015,Black,1-4,21,5559
Paulding,2015,White,1-4,863,5560
Paulding,2016,Black,1-4,22,5562
Paulding,2016,White,1-4,853,5563
Paulding,2017,Black,1-4,22,5565
Paulding,2017,White,1-4,866,5566
Paulding,2018,Black,1-4,22,5568
Paulding,2018,White,1-4,849,5569
Paulding,2019,Black,1-4,23,5571
Paulding,2019,White,1-4,824,5572
Paulding,2020,Black,1-4,20,5574
Paulding,2020,White,1-4,841,5575
Perry,2010,Black,1-4,24,5580
Perry,2010,White,1-4,1883,5581
Perry,2011,Black,1-4,34,5583
Perry,2011,White,1-4,1836,5584
Perry,2012,Black,1-4,29,5586
Perry,2012,White,1-4,1743,5587
Perry,2013,Black,1-4,27,5589
Perry,2013,White,1-4,1717,5590
Perry,2014,Black,1-4,29,5592
Perry,2014,White,1-4,1742,5593
Perry,2015,Black,1-4,27,5595
Perry,2015,White,1-4,1728,5596
Perry,2016,Black,1-4,36,5598
Perry,2016,White,1-4,1764,5599
Perry,2017,Black,1-4,30,5601
Perry,2017,White,1-4,1779,5602
Perry,2018,Black,1-4,35,5604
Perry,2018,White,1-4,1722,5605
Perry,2019,Black,1-4,27,5607
Perry,2019,White,1-4,1757,5608
Perry,2020,Black,1-4,20,5610
Perry,2020,White,1-4,1688,5611
Pickaway,2010,Black,1-4,61,5616
Pickaway,2010,White,1-4,2532,5617
Pickaway,2011,Black,1-4,70,5619
Pickaway,2011,White,1-4,2493,5620
Pickaway,2012,Black,1-4,79,5622
Pickaway,2012,White,1-4,2382,5623
Pickaway,2013,Black,1-4,78,5625
Pickaway,2013,White,1-4,2355,5626
Pickaway,2014,Black,1-4,78,5628
Pickaway,2014,White,1-4,2358,5629
Pickaway,2015,Black,1-4,72,5631
Pickaway,2015,White,1-4,2314,5632
Pickaway,2016,Black,1-4,93,5634
Pickaway,2016,White,1-4,2447,5635
Pickaway,2017,Black,1-4,85,5637
Pickaway,2017,White,1-4,2518,5638
Pickaway,2018,Black,1-4,91,5640
Pickaway,2018,White,1-4,2449,5641
Pickaway,2019,Black,1-4,86,5643
Pickaway,2019,White,1-4,2455,5644
Pickaway,2020,Black,1-4,85,5646
Pickaway,2020,White,1-4,2433,5647
Pike,2010,Black,1-4,40,5652
Pike,2010,White,1-4,1457,5653
Pike,2011,Black,1-4,35,5655
Pike,2011,White,1-4,1397,5656
Pike,2012,Black,1-4,35,5658
Pike,2012,White,1-4,1351,5659
Pike,2013,Black,1-4,37,5661
Pike,2013,White,1-4,1266,5662
Pike,2014,Black,1-4,37,5664
Pike,2014,White,1-4,1281,5665
Pike,2015,Black,1-4,46,5667
Pike,2015,White,1-4,1318,5668
Pike,2016,Black,1-4,48,5670
Pike,2016,White,1-4,1290,5671
Pike,2017,Black,1-4,45,5673
Pike,2017,White,1-4,1337,5674
Pike,2018,Black,1-4,48,5676
Pike,2018,White,1-4,1335,5677
Pike,2019,Black,1-4,44,5679
Pike,2019,White,1-4,1311,5680
Pike,2020,Black,1-4,50,5682
Pike,2020,White,1-4,1344,5683
Portage,2010,Black,1-4,531,5688
Portage,2010,White,1-4,5997,5689
Portage,2011,Black,1-4,509,5691
Portage,2011,White,1-4,5813,5692
Portage,2012,Black,1-4,520,5694
Portage,2012,White,1-4,5580,5695
Portage,2013,Black,1-4,507,5697
Portage,2013,White,1-4,5397,5698
Portage,2014,Black,1-4,515,5700
Portage,2014,White,1-4,5310,5701
Portage,2015,Black,1-4,516,5703
Portage,2015,White,1-4,5410,5704
Portage,2016,Black,1-4,508,5706
Portage,2016,White,1-4,5427,5707
Portage,2017,Black,1-4,509,5709
Portage,2017,White,1-4,5469,5710
Portage,2018,Black,1-4,532,5712
Portage,2018,White,1-4,5400,5713
Portage,2019,Black,1-4,552,5715
Portage,2019,White,1-4,5169,5716
Portage,2020,Black,1-4,572,5718
Portage,2020,White,1-4,5013,5719
Preble,2010,Black,1-4,37,5724
Preble,2010,White,1-4,2045,5725
Preble,2011,Black,1-4,36,5727
Preble,2011,White,1-4,1975,5728
Preble,2012,Black,1-4,38,5730
Preble,2012,White,1-4,1898,5731
Preble,2013,Black,1-4,28,5733
Preble,2013,White,1-4,1813,5734
Preble,2014,Black,1-4,30,5736
Preble,2014,White,1-4,1757,5737
Preble,2015,Black,1-4,25,5739
Preble,2015,White,1-4,1757,5740
Preble,2016,Black,1-4,43,5742
Preble,2016,White,1-4,1729,5743
Preble,2017,Black,1-4,48,5745
Preble,2017,White,1-4,1740,5746
Preble,2018,Black,1-4,54,5748
Preble,2018,White,1-4,1715,5749
Preble,2019,Black,1-4,51,5751
Preble,2019,White,1-4,1712,5752
Preble,2020,Black,1-4,46,5754
Preble,2020,White,1-4,1691,5755
Putnam,2010,Black,1-4,35,5760
Putnam,2010,White,1-4,1984,5761
Putnam,2011,Black,1-4,40,5763
Putnam,2011,White,1-4,1980,5764
Putnam,2012,Black,1-4,30,5766
Putnam,2012,White,1-4,1929,5767
Putnam,2013,Black,1-4,26,5769
Putnam,2013,White,1-4,1886,5770
Putnam,2014,Black,1-4,26,5772
Putnam,2014,White,1-4,1870,5773
Putnam,2015,Black,1-4,31,5775
Putnam,2015,White,1-4,1804,5776
Putnam,2016,Black,1-4,31,5778
Putnam,2016,White,1-4,1824,5779
Putnam,2017,Black,1-4,34,5781
Putnam,2017,White,1-4,1825,5782
Putnam,2018,Black,1-4,34,5784
Putnam,2018,White,1-4,1844,5785
Putnam,2019,Black,1-4,28,5787
Putnam,2019,White,1-4,1777,5788
Putnam,2020,Black,1-4,25,5790
Putnam,2020,White,1-4,1730,5791
Richland,2010,Black,1-4,721,5796
Richland,2010,White,1-4,5205,5797
Richland,2011,Black,1-4,679,5799
Richland,2011,White,1-4,5014,5800
Richland,2012,Black,1-4,711,5802
Richland,2012,White,1-4,4959,5803
Richland,2013,Black,1-4,742,5805
Richland,2013,White,1-4,4835,5806
Richland,2014,Black,1-4,738,5808
Richland,2014,White,1-4,4873,5809
Richland,2015,Black,1-4,776,5811
Richland,2015,White,1-4,4825,5812
Richland,2016,Black,1-4,752,5814
Richland,2016,White,1-4,4826,5815
Richland,2017,Black,1-4,750,5817
Richland,2017,White,1-4,4867,5818
Richland,2018,Black,1-4,721,5820
Richland,2018,White,1-4,4735,5821
Richland,2019,Black,1-4,737,5823
Richland,2019,White,1-4,4783,5824
Richland,2020,Black,1-4,729,5826
Richland,2020,White,1-4,4739,5827
Ross,2010,Black,1-4,238,5832
Ross,2010,White,1-4,3439,5833
Ross,2011,Black,1-4,232,5835
Ross,2011,White,1-4,3323,5836
Ross,2012,Black,1-4,226,5838
Ross,2012,White,1-4,3163,5839
Ross,2013,Black,1-4,229,5841
Ross,2013,White,1-4,3228,5842
Ross,2014,Black,1-4,213,5844
Ross,2014,White,1-4,3112,5845
Ross,2015,Black,1-4,233,5847
Ross,2015,White,1-4,3164,5848
Ross,2016,Black,1-4,228,5850
Ross,2016,White,1-4,3139,5851
Ross,2017,Black,1-4,249,5853
Ross,2017,White,1-4,3087,5854
Ross,2018,Black,1-4,243,5856
Ross,2018,White,1-4,3167,5857
Ross,2019,Black,1-4,242,5859
Ross,2019,White,1-4,3172,5860
Ross,2020,Black,1-4,257,5862
Ross,2020,White,1-4,3145,5863
Sandusky,2010,Black,1-4,249,5868
Sandusky,2010,White,1-4,2805,5869
Sandusky,2011,Black,1-4,260,5871
Sandusky,2011,White,1-4,2743,5872
Sandusky,2012,Black,1-4,256,5874
Sandusky,2012,White,1-4,2701,5875
Sandusky,2013,Black,1-4,243,5877
Sandusky,2013,White,1-4,2604,5878
Sandusky,2014,Black,1-4,223,5880
Sandusky,2014,White,1-4,2548,5881
Sandusky,2015,Black,1-4,231,5883
Sandusky,2015,White,1-4,2467,5884
Sandusky,2016,Black,1-4,239,5886
Sandusky,2016,White,1-4,2451,5887
Sandusky,2017,Black,1-4,239,5889
Sandusky,2017,White,1-4,2421,5890
Sandusky,2018,Black,1-4,250,5892
Sandusky,2018,White,1-4,2389,5893
Sandusky,2019,Black,1-4,250,5895
Sandusky,2019,White,1-4,2366,5896
Sandusky,2020,Black,1-4,246,5898
Sandusky,2020,White,1-4,2329,5899
Scioto,2010,Black,1-4,153,5904
Scioto,2010,White,1-4,3705,5905
Scioto,2011,Black,1-4,148,5907
Scioto,2011,White,1-4,3610,5908
Scioto,2012,Black,1-4,130,5910
Scioto,2012,White,1-4,3456,5911
Scioto,2013,Black,1-4,132,5913
Scioto,2013,White,1-4,3424,5914
Scioto,2014,Black,1-4,132,5916
Scioto,2014,White,1-4,3389,5917
Scioto,2015,Black,1-4,138,5919
Scioto,2015,White,1-4,3353,5920
Scioto,2016,Black,1-4,137,5922
Scioto,2016,White,1-4,3393,5923
Scioto,2017,Black,1-4,139,5925
Scioto,2017,White,1-4,3328,5926
Scioto,2018,Black,1-4,147,5928
Scioto,2018,White,1-4,3348,5929
Scioto,2019,Black,1-4,146,5931
Scioto,2019,White,1-4,3322,5932
Scioto,2020,Black,1-4,162,5934
Scioto,2020,White,1-4,3213,5935
Seneca,2010,Black,1-4,162,5940
Seneca,2010,White,1-4,2709,5941
Seneca,2011,Black,1-4,169,5943
Seneca,2011,White,1-4,2601,5944
Seneca,2012,Black,1-4,166,5946
Seneca,2012,White,1-4,2393,5947
Seneca,2013,Black,1-4,161,5949
Seneca,2013,White,1-4,2292,5950
Seneca,2014,Black,1-4,158,5952
Seneca,2014,White,1-4,2197,5953
Seneca,2015,Black,1-4,152,5955
Seneca,2015,White,1-4,2193,5956
Seneca,2016,Black,1-4,180,5958
Seneca,2016,White,1-4,2182,5959
Seneca,2017,Black,1-4,170,5961
Seneca,2017,White,1-4,2232,5962
Seneca,2018,Black,1-4,196,5964
Seneca,2018,White,1-4,2197,5965
Seneca,2019,Black,1-4,213,5967
Seneca,2019,White,1-4,2277,5968
Seneca,2020,Black,1-4,206,5970
Seneca,2020,White,1-4,2202,5971
Shelby,2010,Black,1-4,146,5976
Shelby,2010,White,1-4,2653,5977
Shelby,2011,Black,1-4,146,5979
Shelby,2011,White,1-4,2566,5980
Shelby,2012,Black,1-4,141,5982
Shelby,2012,White,1-4,2497,5983
Shelby,2013,Black,1-4,147,5985
Shelby,2013,White,1-4,2392,5986
Shelby,2014,Black,1-4,158,5988
Shelby,2014,White,1-4,2404,5989
Shelby,2015,Black,1-4,138,5991
Shelby,2015,White,1-4,2329,5992
Shelby,2016,Black,1-4,142,5994
Shelby,2016,White,1-4,2341,5995
Shelby,2017,Black,1-4,164,5997
Shelby,2017,White,1-4,2360,5998
Shelby,2018,Black,1-4,167,6000
Shelby,2018,White,1-4,2328,6001
Shelby,2019,Black,1-4,162,6003
Shelby,2019,White,1-4,2331,6004
Shelby,2020,Black,1-4,173,6006
Shelby,2020,White,1-4,2261,6007
Stark,2010,Black,1-4,2593,6012
Stark,2010,White,1-4,14730,6013
Stark,2011,Black,1-4,2528,6015
Stark,2011,White,1-4,14440,6016
Stark,2012,Black,1-4,2477,6018
Stark,2012,White,1-4,14343,6019
Stark,2013,Black,1-4,2458,6021
Stark,2013,White,1-4,14052,6022
Stark,2014,Black,1-4,2428,6024
Stark,2014,White,1-4,14111,6025
Stark,2015,Black,1-4,2478,6027
Stark,2015,White,1-4,14136,6028
Stark,2016,Black,1-4,2436,6030
Stark,2016,White,1-4,14170,6031
Stark,2017,Black,1-4,2507,6033
Stark,2017,White,1-4,14180,6034
Stark,2018,Black,1-4,2551,6036
Stark,2018,White,1-4,14169,6037
Stark,2019,Black,1-4,2490,6039
Stark,2019,White,1-4,14041,6040
Stark,2020,Black,1-4,2472,6042
Stark,2020,White,1-4,13854,6043
Summit,2010,Black,1-4,5807,6048
Summit,2010,White,1-4,18573,6049
Summit,2011,Black,1-4,5909,6051
Summit,2011,White,1-4,18260,6052
Summit,2012,Black,1-4,5734,6054
Summit,2012,White,1-4,17979,6055
Summit,2013,Black,1-4,5753,6057
Summit,2013,White,1-4,17734,6058
Summit,2014,Black,1-4,5723,6060
Summit,2014,White,1-4,17729,6061
Summit,2015,Black,1-4,5694,6063
Summit,2015,White,1-4,17533,6064
Summit,2016,Black,1-4,5728,6066
Summit,2016,White,1-4,17382,6067
Summit,2017,Black,1-4,5743,6069
Summit,2017,White,1-4,17242,6070
Summit,2018,Black,1-4,5767,6072
Summit,2018,White,1-4,16981,6073
Summit,2019,Black,1-4,5809,6075
Summit,2019,White,1-4,16756,6076
Summit,2020,Black,1-4,5787,6078
Summit,2020,White,1-4,16486,6079
Trumbull,2010,Black,1-4,1344,6084
Trumbull,2010,White,1-4,7926,6085
Trumbull,2011,Black,1-4,1357,6087
Trumbull,2011,White,1-4,7722,6088
Trumbull,2012,Black,1-4,1288,6090
Trumbull,2012,White,1-4,7429,6091
Trumbull,2013,Black,1-4,1230,6093
Trumbull,2013,White,1-4,7325,6094
Trumbull,2014,Black,1-4,1193,6096
Trumbull,2014,White,1-4,7190,6097
Trumbull,2015,Black,1-4,1154,6099
Trumbull,2015,White,1-4,7223,6100
Trumbull,2016,Black,1-4,1190,6102
Trumbull,2016,White,1-4,7146,6103
Trumbull,2017,Black,1-4,1209,6105
Trumbull,2017,White,1-4,7213,6106
Trumbull,2018,Black,1-4,1256,6108
Trumbull,2018,White,1-4,7197,6109
Trumbull,2019,Black,1-4,1269,6111
Trumbull,2019,White,1-4,7109,6112
Trumbull,2020,Black,1-4,1267,6114
Trumbull,2020,White,1-4,7084,6115
Tuscarawas,2010,Black,1-4,112,6120
Tuscarawas,2010,White,1-4,4410,6121
Tuscarawas,2011,Black,1-4,118,6123
Tuscarawas,2011,White,1-4,4361,6124
Tuscarawas,2012,Black,1-4,115,6126
Tuscarawas,2012,White,1-4,4292,6127
Tuscarawas,2013,Black,1-4,119,6129
Tuscarawas,2013,White,1-4,4298,6130
Tuscarawas,2014,Black,1-4,121,6132
Tuscarawas,2014,White,1-4,4358,6133
Tuscarawas,2015,Black,1-4,127,6135
Tuscarawas,2015,White,1-4,4329,6136
Tuscarawas,2016,Black,1-4,138,6138
Tuscarawas,2016,White,1-4,4367,6139
Tuscarawas,2017,Black,1-4,146,6141
Tuscarawas,2017,White,1-4,4316,6142
Tuscarawas,2018,Black,1-4,144,6144
Tuscarawas,2018,White,1-4,4305,6145
Tuscarawas,2019,Black,1-4,142,6147
Tuscarawas,2019,White,1-4,4470,6148
Tuscarawas,2020,Black,1-4,144,6150
Tuscarawas,2020,White,1-4,4401,6151
Union,2010,Black,1-4,71,6156
Union,2010,White,1-4,2767,6157
Union,2011,Black,1-4,67,6159
Union,2011,White,1-4,2637,6160
Union,2012,Black,1-4,60,6162
Union,2012,White,1-4,2551,6163
Union,2013,Black,1-4,76,6165
Union,2013,White,1-4,2465,6166
Union,2014,Black,1-4,67,6168
Union,2014,White,1-4,2422,6169
Union,2015,Black,1-4,80,6171
Union,2015,White,1-4,2401,6172
Union,2016,Black,1-4,90,6174
Union,2016,White,1-4,2503,6175
Union,2017,Black,1-4,96,6177
Union,2017,White,1-4,2655,6178
Union,2018,Black,1-4,104,6180
Union,2018,White,1-4,2700,6181
Union,2019,Black,1-4,101,6183
Union,2019,White,1-4,2764,6184
Union,2020,Black,1-4,130,6186
Union,2020,White,1-4,2762,6187
Van Wert,2010,Black,1-4,46,6192
Van Wert,2010,White,1-4,1488,6193
Van Wert,2011,Black,1-4,42,6195
Van Wert,2011,White,1-4,1447,6196
Van Wert,2012,Black,1-4,35,6198
Van Wert,2012,White,1-4,1367,6199
Van Wert,2013,Black,1-4,37,6201
Van Wert,2013,White,1-4,1245,6202
Van Wert,2014,Black,1-4,39,6204
Van Wert,2014,White,1-4,1237,6205
Van Wert,2015,Black,1-4,39,6207
Van Wert,2015,White,1-4,1282,6208
Van Wert,2016,Black,1-4,46,6210
Van Wert,2016,White,1-4,1299,6211
Van Wert,2017,Black,1-4,40,6213
Van Wert,2017,White,1-4,1363,6214
Van Wert,2018,Black,1-4,30,6216
Van Wert,2018,White,1-4,1398,6217
Van Wert,2019,Black,1-4,40,6219
Van Wert,2019,White,1-4,1381,6220
Van Wert,2020,Black,1-4,40,6222
Van Wert,2020,White,1-4,1376,6223
Vinton,2010,Black,1-4,11,6228
Vinton,2010,White,1-4,652,6229
Vinton,2011,Black,1-4,11,6231
Vinton,2011,White,1-4,616,6232
Vinton,2012,Black,1-4,4,6234
Vinton,2012,White,1-4,596,6235
Vinton,2013,Black,1-4,6,6237
Vinton,2013,White,1-4,586,6238
Vinton,2014,Black,1-4,11,6240
Vinton,2014,White,1-4,541,6241
Vinton,2015,Black,1-4,7,6243
Vinton,2015,White,1-4,537,6244
Vinton,2016,Black,1-4,12,6246
Vinton,2016,White,1-4,520,6247
Vinton,2017,Black,1-4,11,6249
Vinton,2017,White,1-4,538,6250
Vinton,2018,Black,1-4,15,6252
Vinton,2018,White,1-4,576,6253
Vinton,2019,Black,1-4,13,6255
Vinton,2019,White,1-4,591,6256
Vinton,2020,Black,1-4,11,6258
Vinton,2020,White,1-4,567,6259
Warren,2010,Black,1-4,422,6264
Warren,2010,White,1-4,10442,6265
Warren,2011,Black,1-4,427,6267
Warren,2011,White,1-4,10227,6268
Warren,2012,Black,1-4,430,6270
Warren,2012,White,1-4,9968,6271
Warren,2013,Black,1-4,389,6273
Warren,2013,White,1-4,9785,6274
Warren,2014,Black,1-4,406,6276
Warren,2014,White,1-4,9701,6277
Warren,2015,Black,1-4,394,6279
Warren,2015,White,1-4,9531,6280
Warren,2016,Black,1-4,428,6282
Warren,2016,White,1-4,9416,6283
Warren,2017,Black,1-4,459,6285
Warren,2017,White,1-4,9573,6286
Warren,2018,Black,1-4,495,6288
Warren,2018,White,1-4,9531,6289
Warren,2019,Black,1-4,486,6291
Warren,2019,White,1-4,9418,6292
Warren,2020,Black,1-4,530,6294
Warren,2020,White,1-4,9301,6295
Washington,2010,Black,1-4,58,6300
Washington,2010,White,1-4,2541,6301
Washington,2011,Black,1-4,57,6303
Washington,2011,White,1-4,2449,6304
Washington,2012,Black,1-4,63,6306
Washington,2012,White,1-4,2429,6307
Washington,2013,Black,1-4,65,6309
Washington,2013,White,1-4,2428,6310
Washington,2014,Black,1-4,73,6312
Washington,2014,White,1-4,2428,6313
Washington,2015,Black,1-4,64,6315
Washington,2015,White,1-4,2465,6316
Washington,2016,Black,1-4,66,6318
Washington,2016,White,1-4,2397,6319
Washington,2017,Black,1-4,66,6321
Washington,2017,White,1-4,2366,6322
Washington,2018,Black,1-4,64,6324
Washington,2018,White,1-4,2299,6325
Washington,2019,Black,1-4,76,6327
Washington,2019,White,1-4,2313,6328
Washington,2020,Black,1-4,85,6330
Washington,2020,White,1-4,2289,6331
Wayne,2010,Black,1-4,205,6336
Wayne,2010,White,1-4,5973,6337
Wayne,2011,Black,1-4,204,6339
Wayne,2011,White,1-4,5850,6340
Wayne,2012,Black,1-4,192,6342
Wayne,2012,White,1-4,5760,6343
Wayne,2013,Black,1-4,177,6345
Wayne,2013,White,1-4,5843,6346
Wayne,2014,Black,1-4,190,6348
Wayne,2014,White,1-4,5931,6349
Wayne,2015,Black,1-4,182,6351
Wayne,2015,White,1-4,5962,6352
Wayne,2016,Black,1-4,188,6354
Wayne,2016,White,1-4,6064,6355
Wayne,2017,Black,1-4,183,6357
Wayne,2017,White,1-4,6026,6358
Wayne,2018,Black,1-4,182,6360
Wayne,2018,White,1-4,5871,6361
Wayne,2019,Black,1-4,188,6363
Wayne,2019,White,1-4,5815,6364
Wayne,2020,Black,1-4,180,6366
Wayne,2020,White,1-4,5752,6367
Williams,2010,Black,1-4,28,6372
Williams,2010,White,1-4,1810,6373
Williams,2011,Black,1-4,29,6375
Williams,2011,White,1-4,1725,6376
Williams,2012,Black,1-4,25,6378
Williams,2012,White,1-4,1719,6379
Williams,2013,Black,1-4,29,6381
Williams,2013,White,1-4,1720,6382
Williams,2014,Black,1-4,32,6384
Williams,2014,White,1-4,1715,6385
Williams,2015,Black,1-4,42,6387
Williams,2015,White,1-4,1727,6388
Williams,2016,Black,1-4,42,6390
Williams,2016,White,1-4,1704,6391
Williams,2017,Black,1-4,36,6393
Williams,2017,White,1-4,1675,6394
Williams,2018,Black,1-4,45,6396
Williams,2018,White,1-4,1710,6397
Williams,2019,Black,1-4,41,6399
Williams,2019,White,1-4,1660,6400
Williams,2020,Black,1-4,49,6402
Williams,2020,White,1-4,1638,6403
Wood,2010,Black,1-4,203,6408
Wood,2010,White,1-4,5164,6409
Wood,2011,Black,1-4,201,6411
Wood,2011,White,1-4,5189,6412
Wood,2012,Black,1-4,216,6414
Wood,2012,White,1-4,5055,6415
Wood,2013,Black,1-4,231,6417
Wood,2013,White,1-4,5043,6418
Wood,2014,Black,1-4,216,6420
Wood,2014,White,1-4,5078,6421
Wood,2015,Black,1-4,215,6423
Wood,2015,White,1-4,5154,6424
Wood,2016,Black,1-4,225,6426
Wood,2016,White,1-4,5209,6427
Wood,2017,Black,1-4,229,6429
Wood,2017,White,1-4,5147,6430
Wood,2018,Black,1-4,241,6432
Wood,2018,White,1-4,5278,6433
Wood,2019,Black,1-4,233,6435
Wood,2019,White,1-4,5158,6436
Wood,2020,Black,1-4,254,6438
Wood,2020,White,1-4,5078,6439
Wyandot,2010,Black,1-4,13,6444
Wyandot,2010,White,1-4,1114,6445
Wyandot,2011,Black,1-4,12,6447
Wyandot,2011,White,1-4,1122,6448
Wyandot,2012,Black,1-4,11,6450
Wyandot,2012,White,1-4,1058,6451
Wyandot,2013,Black,1-4,16,6453
Wyandot,2013,White,1-4,1047,6454
Wyandot,2014,Black,1-4,18,6456
Wyandot,2014,White,1-4,1046,6457
Wyandot,2015,Black,1-4,14,6459
Wyandot,2015,White,1-4,999,6460
Wyandot,2016,Black,1-4,14,6462
Wyandot,2016,White,1-4,1025,6463
Wyandot,2017,Black,1-4,13,6465
Wyandot,2017,White,1-4,1014,6466
Wyandot,2018,Black,1-4,18,6468
Wyandot,2018,White,1-4,998,6469
Wyandot,2019,Black,1-4,14,6471
Wyandot,2019,White,1-4,973,6472
Wyandot,2020,Black,1-4,13,6474
Wyandot,2020,White,1-4,955,6475
Unknown,2010,Black,1-4,0,6480
Unknown,2010,White,1-4,0,6481
Unknown,2011,Black,1-4,0,6483
Unknown,2011,White,1-4,0,6484
Unknown,2012,Black,1-4,0,6486
Unknown,2012,White,1-4,0,6487
Unknown,2013,Black,1-4,0,6489
Unknown,2013,White,1-4,0,6490
Unknown,2014,Black,1-4,0,6492
Unknown,2014,White,1-4,0,6493
Unknown,2015,Black,1-4,0,6495
Unknown,2015,White,1-4,0,6496
Unknown,2016,Black,1-4,0,6498
Unknown,2016,White,1-4,0,6499
Unknown,2017,Black,1-4,0,6501
Unknown,2017,White,1-4,0,6502
Unknown,2018,Black,1-4,0,6504
Unknown,2018,White,1-4,0,6505
Unknown,2019,Black,1-4,0,6507
Unknown,2019,White,1-4,0,6508
Unknown,2020,Black,1-4,0,6510
Unknown,2020,White,1-4,0,6511
Adams,2010,Black,5-14,38,6552
Adams,2010,White,5-14,3941,6553
Adams,2011,Black,5-14,40,6555
Adams,2011,White,5-14,4000,6556
Adams,2012,Black,5-14,42,6558
Adams,2012,White,5-14,3993,6559
Adams,2013,Black,5-14,46,6561
Adams,2013,White,5-14,3919,6562
Adams,2014,Black,5-14,41,6564
Adams,2014,White,5-14,3886,6565
Adams,2015,Black,5-14,50,6567
Adams,2015,White,5-14,3832,6568
Adams,2016,Black,5-14,50,6570
Adams,2016,White,5-14,3803,6571
Adams,2017,Black,5-14,52,6573
Adams,2017,White,5-14,3735,6574
Adams,2018,Black,5-14,54,6576
Adams,2018,White,5-14,3677,6577
Adams,2019,Black,5-14,54,6579
Adams,2019,White,5-14,3636,6580
Adams,2020,Black,5-14,56,6582
Adams,2020,White,5-14,3593,6583
Allen,2010,Black,5-14,2622,6588
Allen,2010,White,5-14,11395,6589
Allen,2011,Black,5-14,2615,6591
Allen,2011,White,5-14,11347,6592
Allen,2012,Black,5-14,2580,6594
Allen,2012,White,5-14,11215,6595
Allen,2013,Black,5-14,2650,6597
Allen,2013,White,5-14,11181,6598
Allen,2014,Black,5-14,2626,6600
Allen,2014,White,5-14,11068,6601
Allen,2015,Black,5-14,2607,6603
Allen,2015,White,5-14,10887,6604
Allen,2016,Black,5-14,2602,6606
Allen,2016,White,5-14,10715,6607
Allen,2017,Black,5-14,2611,6609
Allen,2017,White,5-14,10526,6610
Allen,2018,Black,5-14,2563,6612
Allen,2018,White,5-14,10492,6613
Allen,2019,Black,5-14,2494,6615
Allen,2019,White,5-14,10457,6616
Allen,2020,Black,5-14,2514,6618
Allen,2020,White,5-14,10343,6619
Ashland,2010,Black,5-14,107,6624
Ashland,2010,White,5-14,6932,6625
Ashland,2011,Black,5-14,99,6627
Ashland,2011,White,5-14,6880,6628
Ashland,2012,Black,5-14,101,6630
Ashland,2012,White,5-14,6814,6631
Ashland,2013,Black,5-14,109,6633
Ashland,2013,White,5-14,6879,6634
Ashland,2014,Black,5-14,116,6636
Ashland,2014,White,5-14,6799,6637
Ashland,2015,Black,5-14,116,6639
Ashland,2015,White,5-14,6654,6640
Ashland,2016,Black,5-14,122,6642
Ashland,2016,White,5-14,6549,6643
Ashland,2017,Black,5-14,123,6645
Ashland,2017,White,5-14,6527,6646
Ashland,2018,Black,5-14,128,6648
Ashland,2018,White,5-14,6535,6649
Ashland,2019,Black,5-14,130,6651
Ashland,2019,White,5-14,6499,6652
Ashland,2020,Black,5-14,143,6654
Ashland,2020,White,5-14,6460,6655
Ashtabula,2010,Black,5-14,708,6660
Ashtabula,2010,White,5-14,12408,6661
Ashtabula,2011,Black,5-14,704,6663
Ashtabula,2011,White,5-14,12366,6664
Ashtabula,2012,Black,5-14,673,6666
Ashtabula,2012,White,5-14,12222,6667
Ashtabula,2013,Black,5-14,680,6669
Ashtabula,2013,White,5-14,12066,6670
Ashtabula,2014,Black,5-14,651,6672
Ashtabula,2014,White,5-14,11923,6673
Ashtabula,2015,Black,5-14,649,6675
Ashtabula,2015,White,5-14,11800,6676
Ashtabula,2016,Black,5-14,681,6678
Ashtabula,2016,White,5-14,11590,6679
Ashtabula,2017,Black,5-14,686,6681
Ashtabula,2017,White,5-14,11371,6682
Ashtabula,2018,Black,5-14,695,6684
Ashtabula,2018,White,5-14,11302,6685
Ashtabula,2019,Black,5-14,704,6687
Ashtabula,2019,White,5-14,11114,6688
Ashtabula,2020,Black,5-14,695,6690
Ashtabula,2020,White,5-14,11022,6691
Athens,2010,Black,5-14,218,6696
Athens,2010,White,5-14,5383,6697
Athens,2011,Black,5-14,187,6699
Athens,2011,White,5-14,5350,6700
Athens,2012,Black,5-14,173,6702
Athens,2012,White,5-14,5198,6703
Athens,2013,Black,5-14,179,6705
Athens,2013,White,5-14,5227,6706
Athens,2014,Black,5-14,180,6708
Athens,2014,White,5-14,5190,6709
Athens,2015,Black,5-14,193,6711
Athens,2015,White,5-14,5104,6712
Athens,2016,Black,5-14,195,6714
Athens,2016,White,5-14,5049,6715
Athens,2017,Black,5-14,186,6717
Athens,2017,White,5-14,5051,6718
Athens,2018,Black,5-14,209,6720
Athens,2018,White,5-14,4929,6721
Athens,2019,Black,5-14,211,6723
Athens,2019,White,5-14,4877,6724
Athens,2020,Black,5-14,220,6726
Athens,2020,White,5-14,4821,6727
Auglaize,2010,Black,5-14,77,6732
Auglaize,2010,White,5-14,6341,6733
Auglaize,2011,Black,5-14,77,6735
Auglaize,2011,White,5-14,6264,6736
Auglaize,2012,Black,5-14,86,6738
Auglaize,2012,White,5-14,6263,6739
Auglaize,2013,Black,5-14,98,6741
Auglaize,2013,White,5-14,6252,6742
Auglaize,2014,Black,5-14,106,6744
Auglaize,2014,White,5-14,6234,6745
Auglaize,2015,Black,5-14,102,6747
Auglaize,2015,White,5-14,6180,6748
Auglaize,2016,Black,5-14,100,6750
Auglaize,2016,White,5-14,6150,6751
Auglaize,2017,Black,5-14,96,6753
Auglaize,2017,White,5-14,6060,6754
Auglaize,2018,Black,5-14,102,6756
Auglaize,2018,White,5-14,6029,6757
Auglaize,2019,Black,5-14,96,6759
Auglaize,2019,White,5-14,5972,6760
Auglaize,2020,Black,5-14,106,6762
Auglaize,2020,White,5-14,5984,6763
Belmont,2010,Black,5-14,306,6768
Belmont,2010,White,5-14,7234,6769
Belmont,2011,Black,5-14,311,6771
Belmont,2011,White,5-14,7206,6772
Belmont,2012,Black,5-14,314,6774
Belmont,2012,White,5-14,7090,6775
Belmont,2013,Black,5-14,298,6777
Belmont,2013,White,5-14,7057,6778
Belmont,2014,Black,5-14,311,6780
Belmont,2014,White,5-14,7042,6781
Belmont,2015,Black,5-14,300,6783
Belmont,2015,White,5-14,6950,6784
Belmont,2016,Black,5-14,295,6786
Belmont,2016,White,5-14,6927,6787
Belmont,2017,Black,5-14,313,6789
Belmont,2017,White,5-14,6848,6790
Belmont,2018,Black,5-14,329,6792
Belmont,2018,White,5-14,6836,6793
Belmont,2019,Black,5-14,333,6795
Belmont,2019,White,5-14,6758,6796
Belmont,2020,Black,5-14,342,6798
Belmont,2020,White,5-14,6662,6799
Brown,2010,Black,5-14,78,6804
Brown,2010,White,5-14,6078,6805
Brown,2011,Black,5-14,79,6807
Brown,2011,White,5-14,6010,6808
Brown,2012,Black,5-14,95,6810
Brown,2012,White,5-14,5860,6811
Brown,2013,Black,5-14,89,6813
Brown,2013,White,5-14,5832,6814
Brown,2014,Black,5-14,85,6816
Brown,2014,White,5-14,5795,6817
Brown,2015,Black,5-14,89,6819
Brown,2015,White,5-14,5721,6820
Brown,2016,Black,5-14,101,6822
Brown,2016,White,5-14,5613,6823
Brown,2017,Black,5-14,84,6825
Brown,2017,White,5-14,5563,6826
Brown,2018,Black,5-14,97,6828
Brown,2018,White,5-14,5506,6829
Brown,2019,Black,5-14,101,6831
Brown,2019,White,5-14,5416,6832
Brown,2020,Black,5-14,103,6834
Brown,2020,White,5-14,5351,6835
Butler,2010,Black,5-14,5837,6840
Butler,2010,White,5-14,44339,6841
Butler,2011,Black,5-14,5989,6843
Butler,2011,White,5-14,44299,6844
Butler,2012,Black,5-14,6043,6846
Butler,2012,White,5-14,43934,6847
Butler,2013,Black,5-14,6044,6849
Butler,2013,White,5-14,43463,6850
Butler,2014,Black,5-14,6165,6852
Butler,2014,White,5-14,43265,6853
Butler,2015,Black,5-14,6160,6855
Butler,2015,White,5-14,42862,6856
Butler,2016,Black,5-14,6300,6858
Butler,2016,White,5-14,42413,6859
Butler,2017,Black,5-14,6468,6861
Butler,2017,White,5-14,42120,6862
Butler,2018,Black,5-14,6658,6864
Butler,2018,White,5-14,41948,6865
Butler,2019,Black,5-14,6892,6867
Butler,2019,White,5-14,41346,6868
Butler,2020,Black,5-14,7180,6870
Butler,2020,White,5-14,40953,6871
Carroll,2010,Black,5-14,59,6876
Carroll,2010,White,5-14,3662,6877
Carroll,2011,Black,5-14,57,6879
Carroll,2011,White,5-14,3641,6880
Carroll,2012,Black,5-14,59,6882
Carroll,2012,White,5-14,3594,6883
Carroll,2013,Black,5-14,57,6885
Carroll,2013,White,5-14,3512,6886
Carroll,2014,Black,5-14,60,6888
Carroll,2014,White,5-14,3474,6889
Carroll,2015,Black,5-14,60,6891
Carroll,2015,White,5-14,3347,6892
Carroll,2016,Black,5-14,55,6894
Carroll,2016,White,5-14,3264,6895
Carroll,2017,Black,5-14,64,6897
Carroll,2017,White,5-14,3151,6898
Carroll,2018,Black,5-14,62,6900
Carroll,2018,White,5-14,3110,6901
Carroll,2019,Black,5-14,62,6903
Carroll,2019,White,5-14,3039,6904
Carroll,2020,Black,5-14,65,6906
Carroll,2020,White,5-14,3023,6907
Champaign,2010,Black,5-14,245,6912
Champaign,2010,White,5-14,5288,6913
Champaign,2011,Black,5-14,224,6915
Champaign,2011,White,5-14,5251,6916
Champaign,2012,Black,5-14,225,6918
Champaign,2012,White,5-14,5130,6919
Champaign,2013,Black,5-14,212,6921
Champaign,2013,White,5-14,5107,6922
Champaign,2014,Black,5-14,217,6924
Champaign,2014,White,5-14,4985,6925
Champaign,2015,Black,5-14,230,6927
Champaign,2015,White,5-14,4859,6928
Champaign,2016,Black,5-14,242,6930
Champaign,2016,White,5-14,4816,6931
Champaign,2017,Black,5-14,242,6933
Champaign,2017,White,5-14,4758,6934
Champaign,2018,Black,5-14,243,6936
Champaign,2018,White,5-14,4594,6937
Champaign,2019,Black,5-14,250,6939
Champaign,2019,White,5-14,4567,6940
Champaign,2020,Black,5-14,236,6942
Champaign,2020,White,5-14,4468,6943
Clark,2010,Black,5-14,2464,6948
Clark,2010,White,5-14,15336,6949
Clark,2011,Black,5-14,2525,6951
Clark,2011,White,5-14,15194,6952
Clark,2012,Black,5-14,2525,6954
Clark,2012,White,5-14,15072,6955
Clark,2013,Black,5-14,2557,6957
Clark,2013,White,5-14,15010,6958
Clark,2014,Black,5-14,2577,6960
Clark,2014,White,5-14,14766,6961
Clark,2015,Black,5-14,2529,6963
Clark,2015,White,5-14,14612,6964
Clark,2016,Black,5-14,2525,6966
Clark,2016,White,5-14,14378,6967
Clark,2017,Black,5-14,2578,6969
Clark,2017,White,5-14,14217,6970
Clark,2018,Black,5-14,2552,6972
Clark,2018,White,5-14,14075,6973
Clark,2019,Black,5-14,2541,6975
Clark,2019,White,5-14,13956,6976
Clark,2020,Black,5-14,2492,6978
Clark,2020,White,5-14,13992,6979
Clermont,2010,Black,5-14,576,6984
Clermont,2010,White,5-14,27572,6985
Clermont,2011,Black,5-14,596,6987
Clermont,2011,White,5-14,27552,6988
Clermont,2012,Black,5-14,636,6990
Clermont,2012,White,5-14,27389,6991
Clermont,2013,Black,5-14,629,6993
Clermont,2013,White,5-14,27280,6994
Clermont,2014,Black,5-14,669,6996
Clermont,2014,White,5-14,26905,6997
Clermont,2015,Black,5-14,684,6999
Clermont,2015,White,5-14,26442,7000
Clermont,2016,Black,5-14,756,7002
Clermont,2016,White,5-14,26134,7003
Clermont,2017,Black,5-14,815,7005
Clermont,2017,White,5-14,25904,7006
Clermont,2018,Black,5-14,837,7008
Clermont,2018,White,5-14,25606,7009
Clermont,2019,Black,5-14,892,7011
Clermont,2019,White,5-14,25188,7012
Clermont,2020,Black,5-14,908,7014
Clermont,2020,White,5-14,24879,7015
Clinton,2010,Black,5-14,255,7020
Clinton,2010,White,5-14,5527,7021
Clinton,2011,Black,5-14,263,7023
Clinton,2011,White,5-14,5524,7024
Clinton,2012,Black,5-14,256,7026
Clinton,2012,White,5-14,5450,7027
Clinton,2013,Black,5-14,245,7029
Clinton,2013,White,5-14,5471,7030
Clinton,2014,Black,5-14,258,7032
Clinton,2014,White,5-14,5345,7033
Clinton,2015,Black,5-14,273,7035
Clinton,2015,White,5-14,5280,7036
Clinton,2016,Black,5-14,289,7038
Clinton,2016,White,5-14,5184,7039
Clinton,2017,Black,5-14,293,7041
Clinton,2017,White,5-14,5153,7042
Clinton,2018,Black,5-14,301,7044
Clinton,2018,White,5-14,5122,7045
Clinton,2019,Black,5-14,266,7047
Clinton,2019,White,5-14,5020,7048
Clinton,2020,Black,5-14,273,7050
Clinton,2020,White,5-14,4956,7051
Columbiana,2010,Black,5-14,384,7056
Columbiana,2010,White,5-14,12663,7057
Columbiana,2011,Black,5-14,362,7059
Columbiana,2011,White,5-14,12493,7060
Columbiana,2012,Black,5-14,368,7062
Columbiana,2012,White,5-14,12330,7063
Columbiana,2013,Black,5-14,372,7065
Columbiana,2013,White,5-14,12119,7066
Columbiana,2014,Black,5-14,377,7068
Columbiana,2014,White,5-14,12047,7069
Columbiana,2015,Black,5-14,403,7071
Columbiana,2015,White,5-14,11890,7072
Columbiana,2016,Black,5-14,391,7074
Columbiana,2016,White,5-14,11653,7075
Columbiana,2017,Black,5-14,381,7077
Columbiana,2017,White,5-14,11441,7078
Columbiana,2018,Black,5-14,418,7080
Columbiana,2018,White,5-14,11265,7081
Columbiana,2019,Black,5-14,412,7083
Columbiana,2019,White,5-14,11088,7084
Columbiana,2020,Black,5-14,424,7086
Columbiana,2020,White,5-14,10969,7087
Coshocton,2010,Black,5-14,125,7092
Coshocton,2010,White,5-14,4849,7093
Coshocton,2011,Black,5-14,121,7095
Coshocton,2011,White,5-14,4864,7096
Coshocton,2012,Black,5-14,124,7098
Coshocton,2012,White,5-14,4806,7099
Coshocton,2013,Black,5-14,122,7101
Coshocton,2013,White,5-14,4744,7102
Coshocton,2014,Black,5-14,142,7104
Coshocton,2014,White,5-14,4704,7105
Coshocton,2015,Black,5-14,127,7107
Coshocton,2015,White,5-14,4693,7108
Coshocton,2016,Black,5-14,139,7110
Coshocton,2016,White,5-14,4642,7111
Coshocton,2017,Black,5-14,138,7113
Coshocton,2017,White,5-14,4623,7114
Coshocton,2018,Black,5-14,135,7116
Coshocton,2018,White,5-14,4644,7117
Coshocton,2019,Black,5-14,141,7119
Coshocton,2019,White,5-14,4650,7120
Coshocton,2020,Black,5-14,150,7122
Coshocton,2020,White,5-14,4628,7123
Crawford,2010,Black,5-14,150,7128
Crawford,2010,White,5-14,5554,7129
Crawford,2011,Black,5-14,148,7131
Crawford,2011,White,5-14,5442,7132
Crawford,2012,Black,5-14,146,7134
Crawford,2012,White,5-14,5275,7135
Crawford,2013,Black,5-14,145,7137
Crawford,2013,White,5-14,5211,7138
Crawford,2014,Black,5-14,145,7140
Crawford,2014,White,5-14,5030,7141
Crawford,2015,Black,5-14,148,7143
Crawford,2015,White,5-14,4958,7144
Crawford,2016,Black,5-14,139,7146
Crawford,2016,White,5-14,4900,7147
Crawford,2017,Black,5-14,147,7149
Crawford,2017,White,5-14,4839,7150
Crawford,2018,Black,5-14,126,7152
Crawford,2018,White,5-14,4839,7153
Crawford,2019,Black,5-14,114,7155
Crawford,2019,White,5-14,4802,7156
Crawford,2020,Black,5-14,120,7158
Crawford,2020,White,5-14,4773,7159
Cuyahoga,2010,Black,5-14,61589,7164
Cuyahoga,2010,White,5-14,92294,7165
Cuyahoga,2011,Black,5-14,60746,7167
Cuyahoga,2011,White,5-14,90102,7168
Cuyahoga,2012,Black,5-14,60291,7170
Cuyahoga,2012,White,5-14,88473,7171
Cuyahoga,2013,Black,5-14,59657,7173
Cuyahoga,2013,White,5-14,86614,7174
Cuyahoga,2014,Black,5-14,59264,7176
Cuyahoga,2014,White,5-14,84597,7177
Cuyahoga,2015,Black,5-14,58621,7179
Cuyahoga,2015,White,5-14,82198,7180
Cuyahoga,2016,Black,5-14,58061,7182
Cuyahoga,2016,White,5-14,80694,7183
Cuyahoga,2017,Black,5-14,57545,7185
Cuyahoga,2017,White,5-14,79193,7186
Cuyahoga,2018,Black,5-14,57401,7188
Cuyahoga,2018,White,5-14,77817,7189
Cuyahoga,2019,Black,5-14,57312,7191
Cuyahoga,2019,White,5-14,76715,7192
Cuyahoga,2020,Black,5-14,57147,7194
Cuyahoga,2020,White,5-14,75409,7195
Darke,2010,Black,5-14,127,7200
Darke,2010,White,5-14,7258,7201
Darke,2011,Black,5-14,118,7203
Darke,2011,White,5-14,7164,7204
Darke,2012,Black,5-14,128,7206
Darke,2012,White,5-14,7169,7207
Darke,2013,Black,5-14,128,7209
Darke,2013,White,5-14,7124,7210
Darke,2014,Black,5-14,131,7212
Darke,2014,White,5-14,7052,7213
Darke,2015,Black,5-14,130,7215
Darke,2015,White,5-14,6935,7216
Darke,2016,Black,5-14,128,7218
Darke,2016,White,5-14,6781,7219
Darke,2017,Black,5-14,132,7221
Darke,2017,White,5-14,6766,7222
Darke,2018,Black,5-14,142,7224
Darke,2018,White,5-14,6664,7225
Darke,2019,Black,5-14,133,7227
Darke,2019,White,5-14,6598,7228
Darke,2020,Black,5-14,152,7230
Darke,2020,White,5-14,6561,7231
Defiance,2010,Black,5-14,218,7236
Defiance,2010,White,5-14,5199,7237
Defiance,2011,Black,5-14,210,7239
Defiance,2011,White,5-14,5129,7240
Defiance,2012,Black,5-14,217,7242
Defiance,2012,White,5-14,5157,7243
Defiance,2013,Black,5-14,229,7245
Defiance,2013,White,5-14,5026,7246
Defiance,2014,Black,5-14,222,7248
Defiance,2014,White,5-14,4956,7249
Defiance,2015,Black,5-14,203,7251
Defiance,2015,White,5-14,4883,7252
Defiance,2016,Black,5-14,199,7254
Defiance,2016,White,5-14,4797,7255
Defiance,2017,Black,5-14,190,7257
Defiance,2017,White,5-14,4821,7258
Defiance,2018,Black,5-14,184,7260
Defiance,2018,White,5-14,4697,7261
Defiance,2019,Black,5-14,185,7263
Defiance,2019,White,5-14,4577,7264
Defiance,2020,Black,5-14,182,7266
Defiance,2020,White,5-14,4574,7267
Delaware,2010,Black,5-14,1361,7272
Delaware,2010,White,5-14,26966,7273
Delaware,2011,Black,5-14,1384,7275
Delaware,2011,White,5-14,27490,7276
Delaware,2012,Black,5-14,1374,7278
Delaware,2012,White,5-14,27587,7279
Delaware,2013,Black,5-14,1458,7281
Delaware,2013,White,5-14,27824,7282
Delaware,2014,Black,5-14,1468,7284
Delaware,2014,White,5-14,27724,7285
Delaware,2015,Black,5-14,1475,7287
Delaware,2015,White,5-14,27526,7288
Delaware,2016,Black,5-14,1572,7290
Delaware,2016,White,5-14,27319,7291
Delaware,2017,Black,5-14,1659,7293
Delaware,2017,White,5-14,27235,7294
Delaware,2018,Black,5-14,1671,7296
Delaware,2018,White,5-14,26935,7297
Delaware,2019,Black,5-14,1707,7299
Delaware,2019,White,5-14,26788,7300
Delaware,2020,Black,5-14,1762,7302
Delaware,2020,White,5-14,26458,7303
Erie,2010,Black,5-14,1437,7308
Erie,2010,White,5-14,7977,7309
Erie,2011,Black,5-14,1465,7311
Erie,2011,White,5-14,7800,7312
Erie,2012,Black,5-14,1462,7314
Erie,2012,White,5-14,7618,7315
Erie,2013,Black,5-14,1454,7317
Erie,2013,White,5-14,7449,7318
Erie,2014,Black,5-14,1482,7320
Erie,2014,White,5-14,7317,7321
Erie,2015,Black,5-14,1482,7323
Erie,2015,White,5-14,7176,7324
Erie,2016,Black,5-14,1472,7326
Erie,2016,White,5-14,7014,7327
Erie,2017,Black,5-14,1464,7329
Erie,2017,White,5-14,6902,7330
Erie,2018,Black,5-14,1439,7332
Erie,2018,White,5-14,6749,7333
Erie,2019,Black,5-14,1490,7335
Erie,2019,White,5-14,6680,7336
Erie,2020,Black,5-14,1489,7338
Erie,2020,White,5-14,6563,7339
Fairfield,2010,Black,5-14,2068,7344
Fairfield,2010,White,5-14,19497,7345
Fairfield,2011,Black,5-14,2091,7347
Fairfield,2011,White,5-14,19232,7348
Fairfield,2012,Black,5-14,2131,7350
Fairfield,2012,White,5-14,18920,7351
Fairfield,2013,Black,5-14,2137,7353
Fairfield,2013,White,5-14,18650,7354
Fairfield,2014,Black,5-14,2266,7356
Fairfield,2014,White,5-14,18407,7357
Fairfield,2015,Black,5-14,2279,7359
Fairfield,2015,White,5-14,18189,7360
Fairfield,2016,Black,5-14,2360,7362
Fairfield,2016,White,5-14,17992,7363
Fairfield,2017,Black,5-14,2478,7365
Fairfield,2017,White,5-14,17988,7366
Fairfield,2018,Black,5-14,2598,7368
Fairfield,2018,White,5-14,17986,7369
Fairfield,2019,Black,5-14,2744,7371
Fairfield,2019,White,5-14,17966,7372
Fairfield,2020,Black,5-14,2976,7374
Fairfield,2020,White,5-14,18078,7375
Fayette,2010,Black,5-14,167,7380
Fayette,2010,White,5-14,3693,7381
Fayette,2011,Black,5-14,159,7383
Fayette,2011,White,5-14,3721,7384
Fayette,2012,Black,5-14,167,7386
Fayette,2012,White,5-14,3692,7387
Fayette,2013,Black,5-14,187,7389
Fayette,2013,White,5-14,3601,7390
Fayette,2014,Black,5-14,180,7392
Fayette,2014,White,5-14,3622,7393
Fayette,2015,Black,5-14,175,7395
Fayette,2015,White,5-14,3617,7396
Fayette,2016,Black,5-14,186,7398
Fayette,2016,White,5-14,3610,7399
Fayette,2017,Black,5-14,190,7401
Fayette,2017,White,5-14,3613,7402
Fayette,2018,Black,5-14,203,7404
Fayette,2018,White,5-14,3635,7405
Fayette,2019,Black,5-14,193,7407
Fayette,2019,White,5-14,3591,7408
Fayette,2020,Black,5-14,209,7410
Fayette,2020,White,5-14,3525,7411
Franklin,2010,Black,5-14,46344,7416
Franklin,2010,White,5-14,96966,7417
Franklin,2011,Black,5-14,47167,7419
Franklin,2011,White,5-14,97034,7420
Franklin,2012,Black,5-14,48684,7422
Franklin,2012,White,5-14,97933,7423
Franklin,2013,Black,5-14,49869,7425
Franklin,2013,White,5-14,98328,7426
Franklin,2014,Black,5-14,51087,7428
Franklin,2014,White,5-14,98677,7429
Franklin,2015,Black,5-14,52168,7431
Franklin,2015,White,5-14,98517,7432
Franklin,2016,Black,5-14,53539,7434
Franklin,2016,White,5-14,98237,7435
Franklin,2017,Black,5-14,55091,7437
Franklin,2017,White,5-14,98576,7438
Franklin,2018,Black,5-14,56946,7440
Franklin,2018,White,5-14,98346,7441
Franklin,2019,Black,5-14,58258,7443
Franklin,2019,White,5-14,98247,7444
Franklin,2020,Black,5-14,59207,7446
Franklin,2020,White,5-14,97953,7447
Fulton,2010,Black,5-14,105,7452
Fulton,2010,White,5-14,5993,7453
Fulton,2011,Black,5-14,93,7455
Fulton,2011,White,5-14,5848,7456
Fulton,2012,Black,5-14,97,7458
Fulton,2012,White,5-14,5765,7459
Fulton,2013,Black,5-14,93,7461
Fulton,2013,White,5-14,5698,7462
Fulton,2014,Black,5-14,86,7464
Fulton,2014,White,5-14,5690,7465
Fulton,2015,Black,5-14,107,7467
Fulton,2015,White,5-14,5618,7468
Fulton,2016,Black,5-14,115,7470
Fulton,2016,White,5-14,5514,7471
Fulton,2017,Black,5-14,119,7473
Fulton,2017,White,5-14,5475,7474
Fulton,2018,Black,5-14,123,7476
Fulton,2018,White,5-14,5401,7477
Fulton,2019,Black,5-14,135,7479
Fulton,2019,White,5-14,5391,7480
Fulton,2020,Black,5-14,141,7482
Fulton,2020,White,5-14,5357,7483
Gallia,2010,Black,5-14,185,7488
Gallia,2010,White,5-14,3835,7489
Gallia,2011,Black,5-14,179,7491
Gallia,2011,White,5-14,3851,7492
Gallia,2012,Black,5-14,172,7494
Gallia,2012,White,5-14,3872,7495
Gallia,2013,Black,5-14,174,7497
Gallia,2013,White,5-14,3787,7498
Gallia,2014,Black,5-14,160,7500
Gallia,2014,White,5-14,3704,7501
Gallia,2015,Black,5-14,174,7503
Gallia,2015,White,5-14,3579,7504
Gallia,2016,Black,5-14,174,7506
Gallia,2016,White,5-14,3555,7507
Gallia,2017,Black,5-14,167,7509
Gallia,2017,White,5-14,3589,7510
Gallia,2018,Black,5-14,167,7512
Gallia,2018,White,5-14,3570,7513
Gallia,2019,Black,5-14,179,7515
Gallia,2019,White,5-14,3625,7516
Gallia,2020,Black,5-14,176,7518
Gallia,2020,White,5-14,3622,7519
Geauga,2010,Black,5-14,242,7524
Geauga,2010,White,5-14,13751,7525
Geauga,2011,Black,5-14,241,7527
Geauga,2011,White,5-14,13501,7528
Geauga,2012,Black,5-14,236,7530
Geauga,2012,White,5-14,13348,7531
Geauga,2013,Black,5-14,248,7533
Geauga,2013,White,5-14,13056,7534
Geauga,2014,Black,5-14,232,7536
Geauga,2014,White,5-14,12823,7537
Geauga,2015,Black,5-14,244,7539
Geauga,2015,White,5-14,12450,7540
Geauga,2016,Black,5-14,211,7542
Geauga,2016,White,5-14,12288,7543
Geauga,2017,Black,5-14,211,7545
Geauga,2017,White,5-14,11996,7546
Geauga,2018,Black,5-14,215,7548
Geauga,2018,White,5-14,11729,7549
Geauga,2019,Black,5-14,221,7551
Geauga,2019,White,5-14,11516,7552
Geauga,2020,Black,5-14,218,7554
Geauga,2020,White,5-14,11369,7555
Greene,2010,Black,5-14,1770,7560
Greene,2010,White,5-14,17065,7561
Greene,2011,Black,5-14,1782,7563
Greene,2011,White,5-14,17179,7564
Greene,2012,Black,5-14,1763,7566
Greene,2012,White,5-14,17024,7567
Greene,2013,Black,5-14,1726,7569
Greene,2013,White,5-14,16776,7570
Greene,2014,Black,5-14,1688,7572
Greene,2014,White,5-14,16608,7573
Greene,2015,Black,5-14,1656,7575
Greene,2015,White,5-14,16510,7576
Greene,2016,Black,5-14,1671,7578
Greene,2016,White,5-14,16365,7579
Greene,2017,Black,5-14,1661,7581
Greene,2017,White,5-14,16447,7582
Greene,2018,Black,5-14,1717,7584
Greene,2018,White,5-14,16564,7585
Greene,2019,Black,5-14,1764,7587
Greene,2019,White,5-14,16861,7588
Greene,2020,Black,5-14,1749,7590
Greene,2020,White,5-14,16882,7591
Guernsey,2010,Black,5-14,209,7596
Guernsey,2010,White,5-14,5081,7597
Guernsey,2011,Black,5-14,206,7599
Guernsey,2011,White,5-14,4969,7600
Guernsey,2012,Black,5-14,202,7602
Guernsey,2012,White,5-14,4928,7603
Guernsey,2013,Black,5-14,219,7605
Guernsey,2013,White,5-14,4829,7606
Guernsey,2014,Black,5-14,242,7608
Guernsey,2014,White,5-14,4779,7609
Guernsey,2015,Black,5-14,219,7611
Guernsey,2015,White,5-14,4626,7612
Guernsey,2016,Black,5-14,218,7614
Guernsey,2016,White,5-14,4564,7615
Guernsey,2017,Black,5-14,222,7617
Guernsey,2017,White,5-14,4596,7618
Guernsey,2018,Black,5-14,214,7620
Guernsey,2018,White,5-14,4573,7621
Guernsey,2019,Black,5-14,204,7623
Guernsey,2019,White,5-14,4512,7624
Guernsey,2020,Black,5-14,197,7626
Guernsey,2020,White,5-14,4487,7627
Hamilton,2010,Black,5-14,34729,7632
Hamilton,2010,White,5-14,65378,7633
Hamilton,2011,Black,5-14,34850,7635
Hamilton,2011,White,5-14,64418,7636
Hamilton,2012,Black,5-14,35430,7638
Hamilton,2012,White,5-14,64391,7639
Hamilton,2013,Black,5-14,36077,7641
Hamilton,2013,White,5-14,64162,7642
Hamilton,2014,Black,5-14,36400,7644
Hamilton,2014,White,5-14,64155,7645
Hamilton,2015,Black,5-14,36628,7647
Hamilton,2015,White,5-14,63497,7648
Hamilton,2016,Black,5-14,36822,7650
Hamilton,2016,White,5-14,63213,7651
Hamilton,2017,Black,5-14,37355,7653
Hamilton,2017,White,5-14,63027,7654
Hamilton,2018,Black,5-14,37683,7656
Hamilton,2018,White,5-14,62654,7657
Hamilton,2019,Black,5-14,37872,7659
Hamilton,2019,White,5-14,62264,7660
Hamilton,2020,Black,5-14,37729,7662
Hamilton,2020,White,5-14,62285,7663
Hancock,2010,Black,5-14,350,7668
Hancock,2010,White,5-14,9070,7669
Hancock,2011,Black,5-14,362,7671
Hancock,2011,White,5-14,9046,7672
Hancock,2012,Black,5-14,375,7674
Hancock,2012,White,5-14,9092,7675
Hancock,2013,Black,5-14,368,7677
Hancock,2013,White,5-14,9021,7678
Hancock,2014,Black,5-14,388,7680
Hancock,2014,White,5-14,8909,7681
Hancock,2015,Black,5-14,391,7683
Hancock,2015,White,5-14,8895,7684
Hancock,2016,Black,5-14,395,7686
Hancock,2016,White,5-14,8818,7687
Hancock,2017,Black,5-14,415,7689
Hancock,2017,White,5-14,8786,7690
Hancock,2018,Black,5-14,425,7692
Hancock,2018,White,5-14,8698,7693
Hancock,2019,Black,5-14,420,7695
Hancock,2019,White,5-14,8587,7696
Hancock,2020,Black,5-14,425,7698
Hancock,2020,White,5-14,8560,7699
Hardin,2010,Black,5-14,70,7704
Hardin,2010,White,5-14,4131,7705
Hardin,2011,Black,5-14,77,7707
Hardin,2011,White,5-14,4099,7708
Hardin,2012,Black,5-14,77,7710
Hardin,2012,White,5-14,4008,7711
Hardin,2013,Black,5-14,86,7713
Hardin,2013,White,5-14,4030,7714
Hardin,2014,Black,5-14,93,7716
Hardin,2014,White,5-14,4069,7717
Hardin,2015,Black,5-14,84,7719
Hardin,2015,White,5-14,4012,7720
Hardin,2016,Black,5-14,89,7722
Hardin,2016,White,5-14,3916,7723
Hardin,2017,Black,5-14,78,7725
Hardin,2017,White,5-14,3898,7726
Hardin,2018,Black,5-14,97,7728
Hardin,2018,White,5-14,3915,7729
Hardin,2019,Black,5-14,103,7731
Hardin,2019,White,5-14,3942,7732
Hardin,2020,Black,5-14,105,7734
Hardin,2020,White,5-14,3949,7735
Harrison,2010,Black,5-14,63,7740
Harrison,2010,White,5-14,1840,7741
Harrison,2011,Black,5-14,57,7743
Harrison,2011,White,5-14,1833,7744
Harrison,2012,Black,5-14,53,7746
Harrison,2012,White,5-14,1824,7747
Harrison,2013,Black,5-14,62,7749
Harrison,2013,White,5-14,1846,7750
Harrison,2014,Black,5-14,54,7752
Harrison,2014,White,5-14,1840,7753
Harrison,2015,Black,5-14,61,7755
Harrison,2015,White,5-14,1796,7756
Harrison,2016,Black,5-14,58,7758
Harrison,2016,White,5-14,1771,7759
Harrison,2017,Black,5-14,56,7761
Harrison,2017,White,5-14,1704,7762
Harrison,2018,Black,5-14,54,7764
Harrison,2018,White,5-14,1684,7765
Harrison,2019,Black,5-14,54,7767
Harrison,2019,White,5-14,1667,7768
Harrison,2020,Black,5-14,69,7770
Harrison,2020,White,5-14,1654,7771
Henry,2010,Black,5-14,52,7776
Henry,2010,White,5-14,3870,7777
Henry,2011,Black,5-14,61,7779
Henry,2011,White,5-14,3822,7780
Henry,2012,Black,5-14,60,7782
Henry,2012,White,5-14,3736,7783
Henry,2013,Black,5-14,66,7785
Henry,2013,White,5-14,3693,7786
Henry,2014,Black,5-14,63,7788
Henry,2014,White,5-14,3623,7789
Henry,2015,Black,5-14,63,7791
Henry,2015,White,5-14,3613,7792
Henry,2016,Black,5-14,62,7794
Henry,2016,White,5-14,3537,7795
Henry,2017,Black,5-14,60,7797
Henry,2017,White,5-14,3471,7798
Henry,2018,Black,5-14,60,7800
Henry,2018,White,5-14,3471,7801
Henry,2019,Black,5-14,50,7803
Henry,2019,White,5-14,3422,7804
Henry,2020,Black,5-14,51,7806
Henry,2020,White,5-14,3424,7807
Highland,2010,Black,5-14,194,7812
Highland,2010,White,5-14,6079,7813
Highland,2011,Black,5-14,201,7815
Highland,2011,White,5-14,5936,7816
Highland,2012,Black,5-14,193,7818
Highland,2012,White,5-14,5861,7819
Highland,2013,Black,5-14,189,7821
Highland,2013,White,5-14,5869,7822
Highland,2014,Black,5-14,183,7824
Highland,2014,White,5-14,5721,7825
Highland,2015,Black,5-14,190,7827
Highland,2015,White,5-14,5649,7828
Highland,2016,Black,5-14,202,7830
Highland,2016,White,5-14,5527,7831
Highland,2017,Black,5-14,203,7833
Highland,2017,White,5-14,5430,7834
Highland,2018,Black,5-14,201,7836
Highland,2018,White,5-14,5409,7837
Highland,2019,Black,5-14,180,7839
Highland,2019,White,5-14,5378,7840
Highland,2020,Black,5-14,182,7842
Highland,2020,White,5-14,5386,7843
Hocking,2010,Black,5-14,55,7848
Hocking,2010,White,5-14,3945,7849
Hocking,2011,Black,5-14,55,7851
Hocking,2011,White,5-14,3864,7852
Hocking,2012,Black,5-14,53,7854
Hocking,2012,White,5-14,3806,7855
Hocking,2013,Black,5-14,56,7857
Hocking,2013,White,5-14,3725,7858
Hocking,2014,Black,5-14,57,7860
Hocking,2014,White,5-14,3697,7861
Hocking,2015,Black,5-14,54,7863
Hocking,2015,White,5-14,3557,7864
Hocking,2016,Black,5-14,61,7866
Hocking,2016,White,5-14,3391,7867
Hocking,2017,Black,5-14,59,7869
Hocking,2017,White,5-14,3367,7870
Hocking,2018,Black,5-14,56,7872
Hocking,2018,White,5-14,3387,7873
Hocking,2019,Black,5-14,64,7875
Hocking,2019,White,5-14,3422,7876
Hocking,2020,Black,5-14,63,7878
Hocking,2020,White,5-14,3347,7879
Holmes,2010,Black,5-14,44,7884
Holmes,2010,White,5-14,8129,7885
Holmes,2011,Black,5-14,51,7887
Holmes,2011,White,5-14,8125,7888
Holmes,2012,Black,5-14,52,7890
Holmes,2012,White,5-14,8104,7891
Holmes,2013,Black,5-14,47,7893
Holmes,2013,White,5-14,8085,7894
Holmes,2014,Black,5-14,40,7896
Holmes,2014,White,5-14,8035,7897
Holmes,2015,Black,5-14,39,7899
Holmes,2015,White,5-14,7925,7900
Holmes,2016,Black,5-14,38,7902
Holmes,2016,White,5-14,7739,7903
Holmes,2017,Black,5-14,40,7905
Holmes,2017,White,5-14,7673,7906
Holmes,2018,Black,5-14,43,7908
Holmes,2018,White,5-14,7542,7909
Holmes,2019,Black,5-14,40,7911
Holmes,2019,White,5-14,7365,7912
Holmes,2020,Black,5-14,42,7914
Holmes,2020,White,5-14,7268,7915
Huron,2010,Black,5-14,228,7920
Huron,2010,White,5-14,8447,7921
Huron,2011,Black,5-14,238,7923
Huron,2011,White,5-14,8334,7924
Huron,2012,Black,5-14,256,7926
Huron,2012,White,5-14,8088,7927
Huron,2013,Black,5-14,251,7929
Huron,2013,White,5-14,8027,7930
Huron,2014,Black,5-14,263,7932
Huron,2014,White,5-14,7909,7933
Huron,2015,Black,5-14,258,7935
Huron,2015,White,5-14,7747,7936
Huron,2016,Black,5-14,274,7938
Huron,2016,White,5-14,7608,7939
Huron,2017,Black,5-14,275,7941
Huron,2017,White,5-14,7544,7942
Huron,2018,Black,5-14,282,7944
Huron,2018,White,5-14,7426,7945
Huron,2019,Black,5-14,282,7947
Huron,2019,White,5-14,7414,7948
Huron,2020,Black,5-14,277,7950
Huron,2020,White,5-14,7355,7951
Jackson,2010,Black,5-14,75,7956
Jackson,2010,White,5-14,4446,7957
Jackson,2011,Black,5-14,78,7959
Jackson,2011,White,5-14,4471,7960
Jackson,2012,Black,5-14,88,7962
Jackson,2012,White,5-14,4431,7963
Jackson,2013,Black,5-14,78,7965
Jackson,2013,White,5-14,4410,7966
Jackson,2014,Black,5-14,74,7968
Jackson,2014,White,5-14,4288,7969
Jackson,2015,Black,5-14,80,7971
Jackson,2015,White,5-14,4214,7972
Jackson,2016,Black,5-14,75,7974
Jackson,2016,White,5-14,4084,7975
Jackson,2017,Black,5-14,77,7977
Jackson,2017,White,5-14,4099,7978
Jackson,2018,Black,5-14,74,7980
Jackson,2018,White,5-14,4184,7981
Jackson,2019,Black,5-14,73,7983
Jackson,2019,White,5-14,4173,7984
Jackson,2020,Black,5-14,71,7986
Jackson,2020,White,5-14,4199,7987
Jefferson,2010,Black,5-14,767,7992
Jefferson,2010,White,5-14,7004,7993
Jefferson,2011,Black,5-14,753,7995
Jefferson,2011,White,5-14,6821,7996
Jefferson,2012,Black,5-14,709,7998
Jefferson,2012,White,5-14,6819,7999
Jefferson,2013,Black,5-14,715,8001
Jefferson,2013,White,5-14,6734,8002
Jefferson,2014,Black,5-14,700,8004
Jefferson,2014,White,5-14,6673,8005
Jefferson,2015,Black,5-14,716,8007
Jefferson,2015,White,5-14,6554,8008
Jefferson,2016,Black,5-14,703,8010
Jefferson,2016,White,5-14,6482,8011
Jefferson,2017,Black,5-14,697,8013
Jefferson,2017,White,5-14,6352,8014
Jefferson,2018,Black,5-14,693,8016
Jefferson,2018,White,5-14,6279,8017
Jefferson,2019,Black,5-14,706,8019
Jefferson,2019,White,5-14,6179,8020
Jefferson,2020,Black,5-14,722,8022
Jefferson,2020,White,5-14,6163,8023
Knox,2010,Black,5-14,144,8028
Knox,2010,White,5-14,8020,8029
Knox,2011,Black,5-14,163,8031
Knox,2011,White,5-14,8040,8032
Knox,2012,Black,5-14,176,8034
Knox,2012,White,5-14,7904,8035
Knox,2013,Black,5-14,186,8037
Knox,2013,White,5-14,7904,8038
Knox,2014,Black,5-14,171,8040
Knox,2014,White,5-14,7816,8041
Knox,2015,Black,5-14,179,8043
Knox,2015,White,5-14,7689,8044
Knox,2016,Black,5-14,183,8046
Knox,2016,White,5-14,7507,8047
Knox,2017,Black,5-14,183,8049
Knox,2017,White,5-14,7474,8050
Knox,2018,Black,5-14,186,8052
Knox,2018,White,5-14,7545,8053
Knox,2019,Black,5-14,198,8055
Knox,2019,White,5-14,7568,8056
Knox,2020,Black,5-14,185,8058
Knox,2020,White,5-14,7684,8059
Lake,2010,Black,5-14,1559,8064
Lake,2010,White,5-14,26834,8065
Lake,2011,Black,5-14,1611,8067
Lake,2011,White,5-14,26586,8068
Lake,2012,Black,5-14,1688,8070
Lake,2012,White,5-14,26024,8071
Lake,2013,Black,5-14,1782,8073
Lake,2013,White,5-14,25669,8074
Lake,2014,Black,5-14,1751,8076
Lake,2014,White,5-14,25312,8077
Lake,2015,Black,5-14,1790,8079
Lake,2015,White,5-14,24850,8080
Lake,2016,Black,5-14,1802,8082
Lake,2016,White,5-14,24207,8083
Lake,2017,Black,5-14,1988,8085
Lake,2017,White,5-14,23777,8086
Lake,2018,Black,5-14,2085,8088
Lake,2018,White,5-14,23305,8089
Lake,2019,Black,5-14,2164,8091
Lake,2019,White,5-14,22811,8092
Lake,2020,Black,5-14,2201,8094
Lake,2020,White,5-14,22252,8095
Lawrence,2010,Black,5-14,256,8100
Lawrence,2010,White,5-14,7820,8101
Lawrence,2011,Black,5-14,266,8103
Lawrence,2011,White,5-14,7756,8104
Lawrence,2012,Black,5-14,281,8106
Lawrence,2012,White,5-14,7764,8107
Lawrence,2013,Black,5-14,286,8109
Lawrence,2013,White,5-14,7667,8110
Lawrence,2014,Black,5-14,285,8112
Lawrence,2014,White,5-14,7533,8113
Lawrence,2015,Black,5-14,297,8115
Lawrence,2015,White,5-14,7276,8116
Lawrence,2016,Black,5-14,302,8118
Lawrence,2016,White,5-14,7149,8119
Lawrence,2017,Black,5-14,311,8121
Lawrence,2017,White,5-14,7067,8122
Lawrence,2018,Black,5-14,341,8124
Lawrence,2018,White,5-14,7013,8125
Lawrence,2019,Black,5-14,318,8127
Lawrence,2019,White,5-14,6949,8128
Lawrence,2020,Black,5-14,323,8130
Lawrence,2020,White,5-14,6852,8131
Licking,2010,Black,5-14,1379,8136
Licking,2010,White,5-14,21591,8137
Licking,2011,Black,5-14,1416,8139
Licking,2011,White,5-14,21438,8140
Licking,2012,Black,5-14,1414,8142
Licking,2012,White,5-14,21182,8143
Licking,2013,Black,5-14,1432,8145
Licking,2013,White,5-14,20973,8146
Licking,2014,Black,5-14,1467,8148
Licking,2014,White,5-14,20852,8149
Licking,2015,Black,5-14,1460,8151
Licking,2015,White,5-14,20811,8152
Licking,2016,Black,5-14,1486,8154
Licking,2016,White,5-14,20769,8155
Licking,2017,Black,5-14,1498,8157
Licking,2017,White,5-14,20800,8158
Licking,2018,Black,5-14,1495,8160
Licking,2018,White,5-14,20821,8161
Licking,2019,Black,5-14,1607,8163
Licking,2019,White,5-14,20701,8164
Licking,2020,Black,5-14,1576,8166
Licking,2020,White,5-14,20651,8167
Logan,2010,Black,5-14,297,8172
Logan,2010,White,5-14,6090,8173
Logan,2011,Black,5-14,291,8175
Logan,2011,White,5-14,6051,8176
Logan,2012,Black,5-14,285,8178
Logan,2012,White,5-14,5988,8179
Logan,2013,Black,5-14,309,8181
Logan,2013,White,5-14,5924,8182
Logan,2014,Black,5-14,294,8184
Logan,2014,White,5-14,5803,8185
Logan,2015,Black,5-14,272,8187
Logan,2015,White,5-14,5683,8188
Logan,2016,Black,5-14,274,8190
Logan,2016,White,5-14,5648,8191
Logan,2017,Black,5-14,268,8193
Logan,2017,White,5-14,5576,8194
Logan,2018,Black,5-14,269,8196
Logan,2018,White,5-14,5537,8197
Logan,2019,Black,5-14,280,8199
Logan,2019,White,5-14,5538,8200
Logan,2020,Black,5-14,285,8202
Logan,2020,White,5-14,5438,8203
Lorain,2010,Black,5-14,5530,8208
Lorain,2010,White,5-14,34430,8209
Lorain,2011,Black,5-14,5474,8211
Lorain,2011,White,5-14,33943,8212
Lorain,2012,Black,5-14,5476,8214
Lorain,2012,White,5-14,33538,8215
Lorain,2013,Black,5-14,5477,8217
Lorain,2013,White,5-14,33351,8218
Lorain,2014,Black,5-14,5483,8220
Lorain,2014,White,5-14,33058,8221
Lorain,2015,Black,5-14,5493,8223
Lorain,2015,White,5-14,32493,8224
Lorain,2016,Black,5-14,5510,8226
Lorain,2016,White,5-14,32162,8227
Lorain,2017,Black,5-14,5542,8229
Lorain,2017,White,5-14,31867,8230
Lorain,2018,Black,5-14,5619,8232
Lorain,2018,White,5-14,31785,8233
Lorain,2019,Black,5-14,5719,8235
Lorain,2019,White,5-14,31571,8236
Lorain,2020,Black,5-14,5741,8238
Lorain,2020,White,5-14,31599,8239
Lucas,2010,Black,5-14,15396,8244
Lucas,2010,White,5-14,40408,8245
Lucas,2011,Black,5-14,15463,8247
Lucas,2011,White,5-14,39994,8248
Lucas,2012,Black,5-14,15523,8250
Lucas,2012,White,5-14,39681,8251
Lucas,2013,Black,5-14,15681,8253
Lucas,2013,White,5-14,39353,8254
Lucas,2014,Black,5-14,15780,8256
Lucas,2014,White,5-14,38963,8257
Lucas,2015,Black,5-14,15913,8259
Lucas,2015,White,5-14,38552,8260
Lucas,2016,Black,5-14,15962,8262
Lucas,2016,White,5-14,38040,8263
Lucas,2017,Black,5-14,16102,8265
Lucas,2017,White,5-14,37707,8266
Lucas,2018,Black,5-14,16329,8268
Lucas,2018,White,5-14,37176,8269
Lucas,2019,Black,5-14,16458,8271
Lucas,2019,White,5-14,36866,8272
Lucas,2020,Black,5-14,16756,8274
Lucas,2020,White,5-14,36526,8275
Madison,2010,Black,5-14,171,8280
Madison,2010,White,5-14,5116,8281
Madison,2011,Black,5-14,188,8283
Madison,2011,White,5-14,5046,8284
Madison,2012,Black,5-14,192,8286
Madison,2012,White,5-14,5050,8287
Madison,2013,Black,5-14,190,8289
Madison,2013,White,5-14,5083,8290
Madison,2014,Black,5-14,207,8292
Madison,2014,White,5-14,5101,8293
Madison,2015,Black,5-14,188,8295
Madison,2015,White,5-14,4998,8296
Madison,2016,Black,5-14,198,8298
Madison,2016,White,5-14,4873,8299
Madison,2017,Black,5-14,201,8301
Madison,2017,White,5-14,4876,8302
Madison,2018,Black,5-14,194,8304
Madison,2018,White,5-14,4836,8305
Madison,2019,Black,5-14,197,8307
Madison,2019,White,5-14,4817,8308
Madison,2020,Black,5-14,186,8310
Madison,2020,White,5-14,4731,8311
Mahoning,2010,Black,5-14,6531,8316
Mahoning,2010,White,5-14,21628,8317
Mahoning,2011,Black,5-14,6558,8319
Mahoning,2011,White,5-14,21339,8320
Mahoning,2012,Black,5-14,6446,8322
Mahoning,2012,White,5-14,20919,8323
Mahoning,2013,Black,5-14,6430,8325
Mahoning,2013,White,5-14,20504,8326
Mahoning,2014,Black,5-14,6378,8328
Mahoning,2014,White,5-14,20079,8329
Mahoning,2015,Black,5-14,6343,8331
Mahoning,2015,White,5-14,19684,8332
Mahoning,2016,Black,5-14,6254,8334
Mahoning,2016,White,5-14,19251,8335
Mahoning,2017,Black,5-14,6195,8337
Mahoning,2017,White,5-14,18974,8338
Mahoning,2018,Black,5-14,6265,8340
Mahoning,2018,White,5-14,18659,8341
Mahoning,2019,Black,5-14,6227,8343
Mahoning,2019,White,5-14,18405,8344
Mahoning,2020,Black,5-14,6237,8346
Mahoning,2020,White,5-14,18126,8347
Marion,2010,Black,5-14,450,8352
Marion,2010,White,5-14,7597,8353
Marion,2011,Black,5-14,478,8355
Marion,2011,White,5-14,7405,8356
Marion,2012,Black,5-14,456,8358
Marion,2012,White,5-14,7186,8359
Marion,2013,Black,5-14,478,8361
Marion,2013,White,5-14,7084,8362
Marion,2014,Black,5-14,486,8364
Marion,2014,White,5-14,7042,8365
Marion,2015,Black,5-14,515,8367
Marion,2015,White,5-14,6878,8368
Marion,2016,Black,5-14,528,8370
Marion,2016,White,5-14,6851,8371
Marion,2017,Black,5-14,543,8373
Marion,2017,White,5-14,6796,8374
Marion,2018,Black,5-14,541,8376
Marion,2018,White,5-14,6999,8377
Marion,2019,Black,5-14,587,8379
Marion,2019,White,5-14,6949,8380
Marion,2020,Black,5-14,604,8382
Marion,2020,White,5-14,7122,8383
Medina,2010,Black,5-14,573,8388
Medina,2010,White,5-14,24354,8389
Medina,2011,Black,5-14,584,8391
Medina,2011,White,5-14,24043,8392
Medina,2012,Black,5-14,568,8394
Medina,2012,White,5-14,23835,8395
Medina,2013,Black,5-14,581,8397
Medina,2013,White,5-14,23493,8398
Medina,2014,Black,5-14,574,8400
Medina,2014,White,5-14,23023,8401
Medina,2015,Black,5-14,590,8403
Medina,2015,White,5-14,22491,8404
Medina,2016,Black,5-14,611,8406
Medina,2016,White,5-14,22090,8407
Medina,2017,Black,5-14,636,8409
Medina,2017,White,5-14,22008,8410
Medina,2018,Black,5-14,638,8412
Medina,2018,White,5-14,21644,8413
Medina,2019,Black,5-14,638,8415
Medina,2019,White,5-14,21520,8416
Medina,2020,Black,5-14,649,8418
Medina,2020,White,5-14,21478,8419
Meigs,2010,Black,5-14,61,8424
Meigs,2010,White,5-14,3014,8425
Meigs,2011,Black,5-14,56,8427
Meigs,2011,White,5-14,3002,8428
Meigs,2012,Black,5-14,55,8430
Meigs,2012,White,5-14,3004,8431
Meigs,2013,Black,5-14,45,8433
Meigs,2013,White,5-14,2970,8434
Meigs,2014,Black,5-14,43,8436
Meigs,2014,White,5-14,2910,8437
Meigs,2015,Black,5-14,43,8439
Meigs,2015,White,5-14,2888,8440
Meigs,2016,Black,5-14,42,8442
Meigs,2016,White,5-14,2813,8443
Meigs,2017,Black,5-14,44,8445
Meigs,2017,White,5-14,2737,8446
Meigs,2018,Black,5-14,47,8448
Meigs,2018,White,5-14,2706,8449
Meigs,2019,Black,5-14,58,8451
Meigs,2019,White,5-14,2622,8452
Meigs,2020,Black,5-14,51,8454
Meigs,2020,White,5-14,2525,8455
Mercer,2010,Black,5-14,64,8460
Mercer,2010,White,5-14,5792,8461
Mercer,2011,Black,5-14,69,8463
Mercer,2011,White,5-14,5788,8464
Mercer,2012,Black,5-14,69,8466
Mercer,2012,White,5-14,5794,8467
Mercer,2013,Black,5-14,75,8469
Mercer,2013,White,5-14,5769,8470
Mercer,2014,Black,5-14,82,8472
Mercer,2014,White,5-14,5676,8473
Mercer,2015,Black,5-14,74,8475
Mercer,2015,White,5-14,5667,8476
Mercer,2016,Black,5-14,83,8478
Mercer,2016,White,5-14,5596,8479
Mercer,2017,Black,5-14,95,8481
Mercer,2017,White,5-14,5557,8482
Mercer,2018,Black,5-14,97,8484
Mercer,2018,White,5-14,5519,8485
Mercer,2019,Black,5-14,97,8487
Mercer,2019,White,5-14,5537,8488
Mercer,2020,Black,5-14,98,8490
Mercer,2020,White,5-14,5527,8491
Miami,2010,Black,5-14,620,8496
Miami,2010,White,5-14,13053,8497
Miami,2011,Black,5-14,657,8499
Miami,2011,White,5-14,12923,8500
Miami,2012,Black,5-14,603,8502
Miami,2012,White,5-14,12950,8503
Miami,2013,Black,5-14,629,8505
Miami,2013,White,5-14,12805,8506
Miami,2014,Black,5-14,637,8508
Miami,2014,White,5-14,12951,8509
Miami,2015,Black,5-14,617,8511
Miami,2015,White,5-14,12757,8512
Miami,2016,Black,5-14,655,8514
Miami,2016,White,5-14,12646,8515
Miami,2017,Black,5-14,653,8517
Miami,2017,White,5-14,12622,8518
Miami,2018,Black,5-14,642,8520
Miami,2018,White,5-14,12632,8521
Miami,2019,Black,5-14,670,8523
Miami,2019,White,5-14,12841,8524
Miami,2020,Black,5-14,712,8526
Miami,2020,White,5-14,12936,8527
Monroe,2010,Black,5-14,20,8532
Monroe,2010,White,5-14,1699,8533
Monroe,2011,Black,5-14,23,8535
Monroe,2011,White,5-14,1684,8536
Monroe,2012,Black,5-14,18,8538
Monroe,2012,White,5-14,1665,8539
Monroe,2013,Black,5-14,23,8541
Monroe,2013,White,5-14,1686,8542
Monroe,2014,Black,5-14,27,8544
Monroe,2014,White,5-14,1683,8545
Monroe,2015,Black,5-14,26,8547
Monroe,2015,White,5-14,1635,8548
Monroe,2016,Black,5-14,27,8550
Monroe,2016,White,5-14,1626,8551
Monroe,2017,Black,5-14,30,8553
Monroe,2017,White,5-14,1544,8554
Monroe,2018,Black,5-14,27,8556
Monroe,2018,White,5-14,1555,8557
Monroe,2019,Black,5-14,25,8559
Monroe,2019,White,5-14,1546,8560
Monroe,2020,Black,5-14,26,8562
Monroe,2020,White,5-14,1561,8563
Montgomery,2010,Black,5-14,19037,8568
Montgomery,2010,White,5-14,47011,8569
Montgomery,2011,Black,5-14,18905,8571
Montgomery,2011,White,5-14,46757,8572
Montgomery,2012,Black,5-14,19016,8574
Montgomery,2012,White,5-14,46433,8575
Montgomery,2013,Black,5-14,18985,8577
Montgomery,2013,White,5-14,46082,8578
Montgomery,2014,Black,5-14,18875,8580
Montgomery,2014,White,5-14,45400,8581
Montgomery,2015,Black,5-14,18802,8583
Montgomery,2015,White,5-14,45001,8584
Montgomery,2016,Black,5-14,18607,8586
Montgomery,2016,White,5-14,44389,8587
Montgomery,2017,Black,5-14,18573,8589
Montgomery,2017,White,5-14,44214,8590
Montgomery,2018,Black,5-14,18655,8592
Montgomery,2018,White,5-14,43997,8593
Montgomery,2019,Black,5-14,18695,8595
Montgomery,2019,White,5-14,43674,8596
Montgomery,2020,Black,5-14,18837,8598
Montgomery,2020,White,5-14,43577,8599
Morgan,2010,Black,5-14,114,8604
Morgan,2010,White,5-14,1828,8605
Morgan,2011,Black,5-14,128,8607
Morgan,2011,White,5-14,1837,8608
Morgan,2012,Black,5-14,116,8610
Morgan,2012,White,5-14,1798,8611
Morgan,2013,Black,5-14,120,8613
Morgan,2013,White,5-14,1776,8614
Morgan,2014,Black,5-14,123,8616
Morgan,2014,White,5-14,1712,8617
Morgan,2015,Black,5-14,133,8619
Morgan,2015,White,5-14,1714,8620
Morgan,2016,Black,5-14,126,8622
Morgan,2016,White,5-14,1671,8623
Morgan,2017,Black,5-14,123,8625
Morgan,2017,White,5-14,1645,8626
Morgan,2018,Black,5-14,124,8628
Morgan,2018,White,5-14,1594,8629
Morgan,2019,Black,5-14,130,8631
Morgan,2019,White,5-14,1550,8632
Morgan,2020,Black,5-14,126,8634
Morgan,2020,White,5-14,1501,8635
Morrow,2010,Black,5-14,65,8640
Morrow,2010,White,5-14,5037,8641
Morrow,2011,Black,5-14,80,8643
Morrow,2011,White,5-14,4997,8644
Morrow,2012,Black,5-14,75,8646
Morrow,2012,White,5-14,4875,8647
Morrow,2013,Black,5-14,79,8649
Morrow,2013,White,5-14,4834,8650
Morrow,2014,Black,5-14,85,8652
Morrow,2014,White,5-14,4764,8653
Morrow,2015,Black,5-14,104,8655
Morrow,2015,White,5-14,4753,8656
Morrow,2016,Black,5-14,88,8658
Morrow,2016,White,5-14,4668,8659
Morrow,2017,Black,5-14,86,8661
Morrow,2017,White,5-14,4560,8662
Morrow,2018,Black,5-14,90,8664
Morrow,2018,White,5-14,4419,8665
Morrow,2019,Black,5-14,90,8667
Morrow,2019,White,5-14,4321,8668
Morrow,2020,Black,5-14,88,8670
Morrow,2020,White,5-14,4212,8671
Muskingum,2010,Black,5-14,871,8676
Muskingum,2010,White,5-14,10629,8677
Muskingum,2011,Black,5-14,871,8679
Muskingum,2011,White,5-14,10471,8680
Muskingum,2012,Black,5-14,856,8682
Muskingum,2012,White,5-14,10262,8683
Muskingum,2013,Black,5-14,848,8685
Muskingum,2013,White,5-14,10145,8686
Muskingum,2014,Black,5-14,868,8688
Muskingum,2014,White,5-14,10051,8689
Muskingum,2015,Black,5-14,875,8691
Muskingum,2015,White,5-14,10030,8692
Muskingum,2016,Black,5-14,878,8694
Muskingum,2016,White,5-14,9931,8695
Muskingum,2017,Black,5-14,886,8697
Muskingum,2017,White,5-14,9891,8698
Muskingum,2018,Black,5-14,895,8700
Muskingum,2018,White,5-14,9847,8701
Muskingum,2019,Black,5-14,918,8703
Muskingum,2019,White,5-14,9815,8704
Muskingum,2020,Black,5-14,903,8706
Muskingum,2020,White,5-14,9848,8707
Noble,2010,Black,5-14,7,8712
Noble,2010,White,5-14,1493,8713
Noble,2011,Black,5-14,10,8715
Noble,2011,White,5-14,1524,8716
Noble,2012,Black,5-14,9,8718
Noble,2012,White,5-14,1501,8719
Noble,2013,Black,5-14,11,8721
Noble,2013,White,5-14,1468,8722
Noble,2014,Black,5-14,10,8724
Noble,2014,White,5-14,1455,8725
Noble,2015,Black,5-14,13,8727
Noble,2015,White,5-14,1458,8728
Noble,2016,Black,5-14,15,8730
Noble,2016,White,5-14,1508,8731
Noble,2017,Black,5-14,12,8733
Noble,2017,White,5-14,1506,8734
Noble,2018,Black,5-14,16,8736
Noble,2018,White,5-14,1475,8737
Noble,2019,Black,5-14,27,8739
Noble,2019,White,5-14,1488,8740
Noble,2020,Black,5-14,22,8742
Noble,2020,White,5-14,1496,8743
NonOH,2010,Black,5-14,0,8748
NonOH,2010,White,5-14,0,8749
NonOH,2011,Black,5-14,0,8751
NonOH,2011,White,5-14,0,8752
NonOH,2012,Black,5-14,0,8754
NonOH,2012,White,5-14,0,8755
NonOH,2013,Black,5-14,0,8757
NonOH,2013,White,5-14,0,8758
NonOH,2014,Black,5-14,0,8760
NonOH,2014,White,5-14,0,8761
NonOH,2015,Black,5-14,0,8763
NonOH,2015,White,5-14,0,8764
NonOH,2016,Black,5-14,0,8766
NonOH,2016,White,5-14,0,8767
NonOH,2017,Black,5-14,0,8769
NonOH,2017,White,5-14,0,8770
NonOH,2018,Black,5-14,0,8772
NonOH,2018,White,5-14,0,8773
NonOH,2019,Black,5-14,0,8775
NonOH,2019,White,5-14,0,8776
NonOH,2020,Black,5-14,0,8778
NonOH,2020,White,5-14,0,8779
Ottawa,2010,Black,5-14,132,8784
Ottawa,2010,White,5-14,4713,8785
Ottawa,2011,Black,5-14,128,8787
Ottawa,2011,White,5-14,4658,8788
Ottawa,2012,Black,5-14,136,8790
Ottawa,2012,White,5-14,4601,8791
Ottawa,2013,Black,5-14,137,8793
Ottawa,2013,White,5-14,4558,8794
Ottawa,2014,Black,5-14,124,8796
Ottawa,2014,White,5-14,4492,8797
Ottawa,2015,Black,5-14,127,8799
Ottawa,2015,White,5-14,4373,8800
Ottawa,2016,Black,5-14,126,8802
Ottawa,2016,White,5-14,4210,8803
Ottawa,2017,Black,5-14,120,8805
Ottawa,2017,White,5-14,4217,8806
Ottawa,2018,Black,5-14,136,8808
Ottawa,2018,White,5-14,4142,8809
Ottawa,2019,Black,5-14,136,8811
Ottawa,2019,White,5-14,3985,8812
Ottawa,2020,Black,5-14,133,8814
Ottawa,2020,White,5-14,3927,8815
Paulding,2010,Black,5-14,66,8820
Paulding,2010,White,5-14,2592,8821
Paulding,2011,Black,5-14,66,8823
Paulding,2011,White,5-14,2574,8824
Paulding,2012,Black,5-14,69,8826
Paulding,2012,White,5-14,2561,8827
Paulding,2013,Black,5-14,60,8829
Paulding,2013,White,5-14,2569,8830
Paulding,2014,Black,5-14,51,8832
Paulding,2014,White,5-14,2541,8833
Paulding,2015,Black,5-14,49,8835
Paulding,2015,White,5-14,2538,8836
Paulding,2016,Black,5-14,52,8838
Paulding,2016,White,5-14,2487,8839
Paulding,2017,Black,5-14,52,8841
Paulding,2017,White,5-14,2465,8842
Paulding,2018,Black,5-14,55,8844
Paulding,2018,White,5-14,2444,8845
Paulding,2019,Black,5-14,58,8847
Paulding,2019,White,5-14,2430,8848
Paulding,2020,Black,5-14,71,8850
Paulding,2020,White,5-14,2390,8851
Perry,2010,Black,5-14,55,8856
Perry,2010,White,5-14,5161,8857
Perry,2011,Black,5-14,63,8859
Perry,2011,White,5-14,5119,8860
Perry,2012,Black,5-14,70,8862
Perry,2012,White,5-14,5024,8863
Perry,2013,Black,5-14,70,8865
Perry,2013,White,5-14,4935,8866
Perry,2014,Black,5-14,69,8868
Perry,2014,White,5-14,4825,8869
Perry,2015,Black,5-14,76,8871
Perry,2015,White,5-14,4777,8872
Perry,2016,Black,5-14,66,8874
Perry,2016,White,5-14,4706,8875
Perry,2017,Black,5-14,73,8877
Perry,2017,White,5-14,4658,8878
Perry,2018,Black,5-14,75,8880
Perry,2018,White,5-14,4670,8881
Perry,2019,Black,5-14,84,8883
Perry,2019,White,5-14,4701,8884
Perry,2020,Black,5-14,92,8886
Perry,2020,White,5-14,4742,8887
Pickaway,2010,Black,5-14,122,8892
Pickaway,2010,White,5-14,7270,8893
Pickaway,2011,Black,5-14,114,8895
Pickaway,2011,White,5-14,7218,8896
Pickaway,2012,Black,5-14,126,8898
Pickaway,2012,White,5-14,7155,8899
Pickaway,2013,Black,5-14,128,8901
Pickaway,2013,White,5-14,7021,8902
Pickaway,2014,Black,5-14,139,8904
Pickaway,2014,White,5-14,6896,8905
Pickaway,2015,Black,5-14,170,8907
Pickaway,2015,White,5-14,6900,8908
Pickaway,2016,Black,5-14,176,8910
Pickaway,2016,White,5-14,6706,8911
Pickaway,2017,Black,5-14,186,8913
Pickaway,2017,White,5-14,6610,8914
Pickaway,2018,Black,5-14,215,8916
Pickaway,2018,White,5-14,6651,8917
Pickaway,2019,Black,5-14,216,8919
Pickaway,2019,White,5-14,6627,8920
Pickaway,2020,Black,5-14,223,8922
Pickaway,2020,White,5-14,6707,8923
Pike,2010,Black,5-14,70,8928
Pike,2010,White,5-14,3833,8929
Pike,2011,Black,5-14,78,8931
Pike,2011,White,5-14,3854,8932
Pike,2012,Black,5-14,88,8934
Pike,2012,White,5-14,3850,8935
Pike,2013,Black,5-14,82,8937
Pike,2013,White,5-14,3815,8938
Pike,2014,Black,5-14,86,8940
Pike,2014,White,5-14,3759,8941
Pike,2015,Black,5-14,86,8943
Pike,2015,White,5-14,3619,8944
Pike,2016,Black,5-14,78,8946
Pike,2016,White,5-14,3644,8947
Pike,2017,Black,5-14,89,8949
Pike,2017,White,5-14,3601,8950
Pike,2018,Black,5-14,95,8952
Pike,2018,White,5-14,3497,8953
Pike,2019,Black,5-14,100,8955
Pike,2019,White,5-14,3491,8956
Pike,2020,Black,5-14,109,8958
Pike,2020,White,5-14,3407,8959
Portage,2010,Black,5-14,1249,8964
Portage,2010,White,5-14,17438,8965
Portage,2011,Black,5-14,1260,8967
Portage,2011,White,5-14,17178,8968
Portage,2012,Black,5-14,1241,8970
Portage,2012,White,5-14,16934,8971
Portage,2013,Black,5-14,1232,8973
Portage,2013,White,5-14,16567,8974
Portage,2014,Black,5-14,1242,8976
Portage,2014,White,5-14,16368,8977
Portage,2015,Black,5-14,1184,8979
Portage,2015,White,5-14,16002,8980
Portage,2016,Black,5-14,1216,8982
Portage,2016,White,5-14,15708,8983
Portage,2017,Black,5-14,1283,8985
Portage,2017,White,5-14,15355,8986
Portage,2018,Black,5-14,1331,8988
Portage,2018,White,5-14,15268,8989
Portage,2019,Black,5-14,1372,8991
Portage,2019,White,5-14,15091,8992
Portage,2020,Black,5-14,1420,8994
Portage,2020,White,5-14,14967,8995
Preble,2010,Black,5-14,72,9000
Preble,2010,White,5-14,5686,9001
Preble,2011,Black,5-14,69,9003
Preble,2011,White,5-14,5670,9004
Preble,2012,Black,5-14,75,9006
Preble,2012,White,5-14,5556,9007
Preble,2013,Black,5-14,79,9009
Preble,2013,White,5-14,5537,9010
Preble,2014,Black,5-14,83,9012
Preble,2014,White,5-14,5489,9013
Preble,2015,Black,5-14,95,9015
Preble,2015,White,5-14,5328,9016
Preble,2016,Black,5-14,99,9018
Preble,2016,White,5-14,5256,9019
Preble,2017,Black,5-14,104,9021
Preble,2017,White,5-14,5202,9022
Preble,2018,Black,5-14,106,9024
Preble,2018,White,5-14,5109,9025
Preble,2019,Black,5-14,122,9027
Preble,2019,White,5-14,5005,9028
Preble,2020,Black,5-14,139,9030
Preble,2020,White,5-14,4977,9031
Putnam,2010,Black,5-14,59,9036
Putnam,2010,White,5-14,4858,9037
Putnam,2011,Black,5-14,65,9039
Putnam,2011,White,5-14,4784,9040
Putnam,2012,Black,5-14,72,9042
Putnam,2012,White,5-14,4729,9043
Putnam,2013,Black,5-14,71,9045
Putnam,2013,White,5-14,4758,9046
Putnam,2014,Black,5-14,78,9048
Putnam,2014,White,5-14,4837,9049
Putnam,2015,Black,5-14,74,9051
Putnam,2015,White,5-14,4829,9052
Putnam,2016,Black,5-14,74,9054
Putnam,2016,White,5-14,4841,9055
Putnam,2017,Black,5-14,70,9057
Putnam,2017,White,5-14,4820,9058
Putnam,2018,Black,5-14,77,9060
Putnam,2018,White,5-14,4811,9061
Putnam,2019,Black,5-14,87,9063
Putnam,2019,White,5-14,4872,9064
Putnam,2020,Black,5-14,84,9066
Putnam,2020,White,5-14,4869,9067
Richland,2010,Black,5-14,1688,9072
Richland,2010,White,5-14,13562,9073
Richland,2011,Black,5-14,1646,9075
Richland,2011,White,5-14,13350,9076
Richland,2012,Black,5-14,1667,9078
Richland,2012,White,5-14,13319,9079
Richland,2013,Black,5-14,1696,9081
Richland,2013,White,5-14,13240,9082
Richland,2014,Black,5-14,1672,9084
Richland,2014,White,5-14,13051,9085
Richland,2015,Black,5-14,1666,9087
Richland,2015,White,5-14,12919,9088
Richland,2016,Black,5-14,1661,9090
Richland,2016,White,5-14,12776,9091
Richland,2017,Black,5-14,1725,9093
Richland,2017,White,5-14,12754,9094
Richland,2018,Black,5-14,1746,9096
Richland,2018,White,5-14,12871,9097
Richland,2019,Black,5-14,1811,9099
Richland,2019,White,5-14,12735,9100
Richland,2020,Black,5-14,1800,9102
Richland,2020,White,5-14,12765,9103
Ross,2010,Black,5-14,581,9108
Ross,2010,White,5-14,9137,9109
Ross,2011,Black,5-14,580,9111
Ross,2011,White,5-14,9118,9112
Ross,2012,Black,5-14,576,9114
Ross,2012,White,5-14,9056,9115
Ross,2013,Black,5-14,579,9117
Ross,2013,White,5-14,8963,9118
Ross,2014,Black,5-14,562,9120
Ross,2014,White,5-14,8829,9121
Ross,2015,Black,5-14,540,9123
Ross,2015,White,5-14,8736,9124
Ross,2016,Black,5-14,563,9126
Ross,2016,White,5-14,8481,9127
Ross,2017,Black,5-14,564,9129
Ross,2017,White,5-14,8476,9130
Ross,2018,Black,5-14,549,9132
Ross,2018,White,5-14,8412,9133
Ross,2019,Black,5-14,591,9135
Ross,2019,White,5-14,8393,9136
Ross,2020,Black,5-14,611,9138
Ross,2020,White,5-14,8348,9139
Sandusky,2010,Black,5-14,563,9144
Sandusky,2010,White,5-14,7685,9145
Sandusky,2011,Black,5-14,565,9147
Sandusky,2011,White,5-14,7539,9148
Sandusky,2012,Black,5-14,576,9150
Sandusky,2012,White,5-14,7531,9151
Sandusky,2013,Black,5-14,609,9153
Sandusky,2013,White,5-14,7414,9154
Sandusky,2014,Black,5-14,608,9156
Sandusky,2014,White,5-14,7355,9157
Sandusky,2015,Black,5-14,615,9159
Sandusky,2015,White,5-14,7192,9160
Sandusky,2016,Black,5-14,592,9162
Sandusky,2016,White,5-14,7037,9163
Sandusky,2017,Black,5-14,621,9165
Sandusky,2017,White,5-14,6853,9166
Sandusky,2018,Black,5-14,627,9168
Sandusky,2018,White,5-14,6611,9169
Sandusky,2019,Black,5-14,638,9171
Sandusky,2019,White,5-14,6551,9172
Sandusky,2020,Black,5-14,630,9174
Sandusky,2020,White,5-14,6462,9175
Scioto,2010,Black,5-14,306,9180
Scioto,2010,White,5-14,9747,9181
Scioto,2011,Black,5-14,328,9183
Scioto,2011,White,5-14,9635,9184
Scioto,2012,Black,5-14,334,9186
Scioto,2012,White,5-14,9449,9187
Scioto,2013,Black,5-14,330,9189
Scioto,2013,White,5-14,9345,9190
Scioto,2014,Black,5-14,321,9192
Scioto,2014,White,5-14,9195,9193
Scioto,2015,Black,5-14,312,9195
Scioto,2015,White,5-14,9139,9196
Scioto,2016,Black,5-14,312,9198
Scioto,2016,White,5-14,8890,9199
Scioto,2017,Black,5-14,319,9201
Scioto,2017,White,5-14,8803,9202
Scioto,2018,Black,5-14,350,9204
Scioto,2018,White,5-14,8679,9205
Scioto,2019,Black,5-14,341,9207
Scioto,2019,White,5-14,8651,9208
Scioto,2020,Black,5-14,352,9210
Scioto,2020,White,5-14,8549,9211
Seneca,2010,Black,5-14,360,9216
Seneca,2010,White,5-14,7046,9217
Seneca,2011,Black,5-14,348,9219
Seneca,2011,White,5-14,7075,9220
Seneca,2012,Black,5-14,347,9222
Seneca,2012,White,5-14,7055,9223
Seneca,2013,Black,5-14,351,9225
Seneca,2013,White,5-14,6956,9226
Seneca,2014,Black,5-14,360,9228
Seneca,2014,White,5-14,6923,9229
Seneca,2015,Black,5-14,352,9231
Seneca,2015,White,5-14,6796,9232
Seneca,2016,Black,5-14,341,9234
Seneca,2016,White,5-14,6701,9235
Seneca,2017,Black,5-14,358,9237
Seneca,2017,White,5-14,6528,9238
Seneca,2018,Black,5-14,378,9240
Seneca,2018,White,5-14,6372,9241
Seneca,2019,Black,5-14,398,9243
Seneca,2019,White,5-14,6134,9244
Seneca,2020,Black,5-14,441,9246
Seneca,2020,White,5-14,6025,9247
Shelby,2010,Black,5-14,338,9252
Shelby,2010,White,5-14,7202,9253
Shelby,2011,Black,5-14,336,9255
Shelby,2011,White,5-14,7202,9256
Shelby,2012,Black,5-14,347,9258
Shelby,2012,White,5-14,7091,9259
Shelby,2013,Black,5-14,351,9261
Shelby,2013,White,5-14,7064,9262
Shelby,2014,Black,5-14,386,9264
Shelby,2014,White,5-14,6835,9265
Shelby,2015,Black,5-14,379,9267
Shelby,2015,White,5-14,6726,9268
Shelby,2016,Black,5-14,361,9270
Shelby,2016,White,5-14,6548,9271
Shelby,2017,Black,5-14,356,9273
Shelby,2017,White,5-14,6443,9274
Shelby,2018,Black,5-14,363,9276
Shelby,2018,White,5-14,6333,9277
Shelby,2019,Black,5-14,369,9279
Shelby,2019,White,5-14,6190,9280
Shelby,2020,Black,5-14,361,9282
Shelby,2020,White,5-14,6137,9283
Stark,2010,Black,5-14,6162,9288
Stark,2010,White,5-14,41253,9289
Stark,2011,Black,5-14,6163,9291
Stark,2011,White,5-14,40680,9292
Stark,2012,Black,5-14,6222,9294
Stark,2012,White,5-14,40271,9295
Stark,2013,Black,5-14,6220,9297
Stark,2013,White,5-14,39908,9298
Stark,2014,Black,5-14,6202,9300
Stark,2014,White,5-14,39446,9301
Stark,2015,Black,5-14,6182,9303
Stark,2015,White,5-14,38802,9304
Stark,2016,Black,5-14,6194,9306
Stark,2016,White,5-14,38288,9307
Stark,2017,Black,5-14,6207,9309
Stark,2017,White,5-14,37797,9310
Stark,2018,Black,5-14,6230,9312
Stark,2018,White,5-14,37372,9313
Stark,2019,Black,5-14,6391,9315
Stark,2019,White,5-14,37123,9316
Stark,2020,Black,5-14,6412,9318
Stark,2020,White,5-14,36963,9319
Summit,2010,Black,5-14,14138,9324
Summit,2010,White,5-14,52385,9325
Summit,2011,Black,5-14,14024,9327
Summit,2011,White,5-14,51256,9328
Summit,2012,Black,5-14,14019,9330
Summit,2012,White,5-14,50245,9331
Summit,2013,Black,5-14,14073,9333
Summit,2013,White,5-14,49542,9334
Summit,2014,Black,5-14,14074,9336
Summit,2014,White,5-14,48486,9337
Summit,2015,Black,5-14,14035,9339
Summit,2015,White,5-14,47462,9340
Summit,2016,Black,5-14,13945,9342
Summit,2016,White,5-14,46543,9343
Summit,2017,Black,5-14,14002,9345
Summit,2017,White,5-14,45783,9346
Summit,2018,Black,5-14,14113,9348
Summit,2018,White,5-14,45163,9349
Summit,2019,Black,5-14,14308,9351
Summit,2019,White,5-14,44523,9352
Summit,2020,Black,5-14,14448,9354
Summit,2020,White,5-14,43921,9355
Trumbull,2010,Black,5-14,3215,9360
Trumbull,2010,White,5-14,22540,9361
Trumbull,2011,Black,5-14,3187,9363
Trumbull,2011,White,5-14,22316,9364
Trumbull,2012,Black,5-14,3170,9366
Trumbull,2012,White,5-14,21966,9367
Trumbull,2013,Black,5-14,3134,9369
Trumbull,2013,White,5-14,21551,9370
Trumbull,2014,Black,5-14,3089,9372
Trumbull,2014,White,5-14,21099,9373
Trumbull,2015,Black,5-14,3060,9375
Trumbull,2015,White,5-14,20579,9376
Trumbull,2016,Black,5-14,3026,9378
Trumbull,2016,White,5-14,20159,9379
Trumbull,2017,Black,5-14,3006,9381
Trumbull,2017,White,5-14,19654,9382
Trumbull,2018,Black,5-14,2966,9384
Trumbull,2018,White,5-14,19465,9385
Trumbull,2019,Black,5-14,2948,9387
Trumbull,2019,White,5-14,19175,9388
Trumbull,2020,Black,5-14,3008,9390
Trumbull,2020,White,5-14,18928,9391
Tuscarawas,2010,Black,5-14,260,9396
Tuscarawas,2010,White,5-14,11969,9397
Tuscarawas,2011,Black,5-14,245,9399
Tuscarawas,2011,White,5-14,11789,9400
Tuscarawas,2012,Black,5-14,261,9402
Tuscarawas,2012,White,5-14,11651,9403
Tuscarawas,2013,Black,5-14,262,9405
Tuscarawas,2013,White,5-14,11607,9406
Tuscarawas,2014,Black,5-14,278,9408
Tuscarawas,2014,White,5-14,11525,9409
Tuscarawas,2015,Black,5-14,278,9411
Tuscarawas,2015,White,5-14,11400,9412
Tuscarawas,2016,Black,5-14,297,9414
Tuscarawas,2016,White,5-14,11229,9415
Tuscarawas,2017,Black,5-14,334,9417
Tuscarawas,2017,White,5-14,11286,9418
Tuscarawas,2018,Black,5-14,358,9420
Tuscarawas,2018,White,5-14,11164,9421
Tuscarawas,2019,Black,5-14,368,9423
Tuscarawas,2019,White,5-14,11025,9424
Tuscarawas,2020,Black,5-14,345,9426
Tuscarawas,2020,White,5-14,11038,9427
Union,2010,Black,5-14,157,9432
Union,2010,White,5-14,7756,9433
Union,2011,Black,5-14,153,9435
Union,2011,White,5-14,7860,9436
Union,2012,Black,5-14,151,9438
Union,2012,White,5-14,7754,9439
Union,2013,Black,5-14,159,9441
Union,2013,White,5-14,7704,9442
Union,2014,Black,5-14,137,9444
Union,2014,White,5-14,7549,9445
Union,2015,Black,5-14,140,9447
Union,2015,White,5-14,7423,9448
Union,2016,Black,5-14,151,9450
Union,2016,White,5-14,7384,9451
Union,2017,Black,5-14,174,9453
Union,2017,White,5-14,7361,9454
Union,2018,Black,5-14,197,9456
Union,2018,White,5-14,7425,9457
Union,2019,Black,5-14,218,9459
Union,2019,White,5-14,7415,9460
Union,2020,Black,5-14,266,9462
Union,2020,White,5-14,7469,9463
Van Wert,2010,Black,5-14,104,9468
Van Wert,2010,White,5-14,3794,9469
Van Wert,2011,Black,5-14,91,9471
Van Wert,2011,White,5-14,3757,9472
Van Wert,2012,Black,5-14,109,9474
Van Wert,2012,White,5-14,3782,9475
Van Wert,2013,Black,5-14,103,9477
Van Wert,2013,White,5-14,3750,9478
Van Wert,2014,Black,5-14,104,9480
Van Wert,2014,White,5-14,3711,9481
Van Wert,2015,Black,5-14,109,9483
Van Wert,2015,White,5-14,3642,9484
Van Wert,2016,Black,5-14,109,9486
Van Wert,2016,White,5-14,3525,9487
Van Wert,2017,Black,5-14,105,9489
Van Wert,2017,White,5-14,3490,9490
Van Wert,2018,Black,5-14,122,9492
Van Wert,2018,White,5-14,3479,9493
Van Wert,2019,Black,5-14,122,9495
Van Wert,2019,White,5-14,3472,9496
Van Wert,2020,Black,5-14,138,9498
Van Wert,2020,White,5-14,3435,9499
Vinton,2010,Black,5-14,22,9504
Vinton,2010,White,5-14,1840,9505
Vinton,2011,Black,5-14,17,9507
Vinton,2011,White,5-14,1801,9508
Vinton,2012,Black,5-14,25,9510
Vinton,2012,White,5-14,1746,9511
Vinton,2013,Black,5-14,27,9513
Vinton,2013,White,5-14,1724,9514
Vinton,2014,Black,5-14,28,9516
Vinton,2014,White,5-14,1749,9517
Vinton,2015,Black,5-14,29,9519
Vinton,2015,White,5-14,1657,9520
Vinton,2016,Black,5-14,28,9522
Vinton,2016,White,5-14,1640,9523
Vinton,2017,Black,5-14,26,9525
Vinton,2017,White,5-14,1593,9526
Vinton,2018,Black,5-14,26,9528
Vinton,2018,White,5-14,1541,9529
Vinton,2019,Black,5-14,35,9531
Vinton,2019,White,5-14,1500,9532
Vinton,2020,Black,5-14,34,9534
Vinton,2020,White,5-14,1511,9535
Warren,2010,Black,5-14,1094,9540
Warren,2010,White,5-14,31362,9541
Warren,2011,Black,5-14,1106,9543
Warren,2011,White,5-14,31084,9544
Warren,2012,Black,5-14,1139,9546
Warren,2012,White,5-14,30851,9547
Warren,2013,Black,5-14,1165,9549
Warren,2013,White,5-14,30433,9550
Warren,2014,Black,5-14,1168,9552
Warren,2014,White,5-14,30127,9553
Warren,2015,Black,5-14,1187,9555
Warren,2015,White,5-14,29777,9556
Warren,2016,Black,5-14,1225,9558
Warren,2016,White,5-14,29282,9559
Warren,2017,Black,5-14,1284,9561
Warren,2017,White,5-14,28971,9562
Warren,2018,Black,5-14,1320,9564
Warren,2018,White,5-14,28922,9565
Warren,2019,Black,5-14,1342,9567
Warren,2019,White,5-14,28617,9568
Warren,2020,Black,5-14,1402,9570
Warren,2020,White,5-14,28613,9571
Washington,2010,Black,5-14,150,9576
Washington,2010,White,5-14,7001,9577
Washington,2011,Black,5-14,150,9579
Washington,2011,White,5-14,6934,9580
Washington,2012,Black,5-14,153,9582
Washington,2012,White,5-14,6867,9583
Washington,2013,Black,5-14,156,9585
Washington,2013,White,5-14,6814,9586
Washington,2014,Black,5-14,170,9588
Washington,2014,White,5-14,6739,9589
Washington,2015,Black,5-14,163,9591
Washington,2015,White,5-14,6658,9592
Washington,2016,Black,5-14,161,9594
Washington,2016,White,5-14,6544,9595
Washington,2017,Black,5-14,165,9597
Washington,2017,White,5-14,6476,9598
Washington,2018,Black,5-14,173,9600
Washington,2018,White,5-14,6429,9601
Washington,2019,Black,5-14,178,9603
Washington,2019,White,5-14,6381,9604
Washington,2020,Black,5-14,196,9606
Washington,2020,White,5-14,6307,9607
Wayne,2010,Black,5-14,479,9612
Wayne,2010,White,5-14,15568,9613
Wayne,2011,Black,5-14,452,9615
Wayne,2011,White,5-14,15485,9616
Wayne,2012,Black,5-14,459,9618
Wayne,2012,White,5-14,15463,9619
Wayne,2013,Black,5-14,451,9621
Wayne,2013,White,5-14,15394,9622
Wayne,2014,Black,5-14,448,9624
Wayne,2014,White,5-14,15278,9625
Wayne,2015,Black,5-14,474,9627
Wayne,2015,White,5-14,15125,9628
Wayne,2016,Black,5-14,484,9630
Wayne,2016,White,5-14,15074,9631
Wayne,2017,Black,5-14,479,9633
Wayne,2017,White,5-14,14989,9634
Wayne,2018,Black,5-14,493,9636
Wayne,2018,White,5-14,14922,9637
Wayne,2019,Black,5-14,496,9639
Wayne,2019,White,5-14,14860,9640
Wayne,2020,Black,5-14,496,9642
Wayne,2020,White,5-14,14859,9643
Williams,2010,Black,5-14,85,9648
Williams,2010,White,5-14,4891,9649
Williams,2011,Black,5-14,80,9651
Williams,2011,White,5-14,4950,9652
Williams,2012,Black,5-14,80,9654
Williams,2012,White,5-14,4947,9655
Williams,2013,Black,5-14,81,9657
Williams,2013,White,5-14,4929,9658
Williams,2014,Black,5-14,85,9660
Williams,2014,White,5-14,4780,9661
Williams,2015,Black,5-14,92,9663
Williams,2015,White,5-14,4686,9664
Williams,2016,Black,5-14,86,9666
Williams,2016,White,5-14,4673,9667
Williams,2017,Black,5-14,92,9669
Williams,2017,White,5-14,4603,9670
Williams,2018,Black,5-14,98,9672
Williams,2018,White,5-14,4538,9673
Williams,2019,Black,5-14,88,9675
Williams,2019,White,5-14,4492,9676
Williams,2020,Black,5-14,90,9678
Williams,2020,White,5-14,4393,9679
Wood,2010,Black,5-14,479,9684
Wood,2010,White,5-14,14515,9685
Wood,2011,Black,5-14,457,9687
Wood,2011,White,5-14,14434,9688
Wood,2012,Black,5-14,474,9690
Wood,2012,White,5-14,14373,9691
Wood,2013,Black,5-14,488,9693
Wood,2013,White,5-14,14296,9694
Wood,2014,Black,5-14,517,9696
Wood,2014,White,5-14,14191,9697
Wood,2015,Black,5-14,501,9699
Wood,2015,White,5-14,14052,9700
Wood,2016,Black,5-14,541,9702
Wood,2016,White,5-14,13950,9703
Wood,2017,Black,5-14,560,9705
Wood,2017,White,5-14,13962,9706
Wood,2018,Black,5-14,562,9708
Wood,2018,White,5-14,13968,9709
Wood,2019,Black,5-14,587,9711
Wood,2019,White,5-14,13994,9712
Wood,2020,Black,5-14,605,9714
Wood,2020,White,5-14,13821,9715
Wyandot,2010,Black,5-14,35,9720
Wyandot,2010,White,5-14,3013,9721
Wyandot,2011,Black,5-14,39,9723
Wyandot,2011,White,5-14,3005,9724
Wyandot,2012,Black,5-14,42,9726
Wyandot,2012,White,5-14,3001,9727
Wyandot,2013,Black,5-14,33,9729
Wyandot,2013,White,5-14,2934,9730
Wyandot,2014,Black,5-14,40,9732
Wyandot,2014,White,5-14,2883,9733
Wyandot,2015,Black,5-14,44,9735
Wyandot,2015,White,5-14,2867,9736
Wyandot,2016,Black,5-14,41,9738
Wyandot,2016,White,5-14,2791,9739
Wyandot,2017,Black,5-14,39,9741
Wyandot,2017,White,5-14,2774,9742
Wyandot,2018,Black,5-14,36,9744
Wyandot,2018,White,5-14,2753,9745
Wyandot,2019,Black,5-14,34,9747
Wyandot,2019,White,5-14,2705,9748
Wyandot,2020,Black,5-14,41,9750
Wyandot,2020,White,5-14,2679,9751
Unknown,2010,Black,5-14,0,9756
Unknown,2010,White,5-14,0,9757
Unknown,2011,Black,5-14,0,9759
Unknown,2011,White,5-14,0,9760
Unknown,2012,Black,5-14,0,9762
Unknown,2012,White,5-14,0,9763
Unknown,2013,Black,5-14,0,9765
Unknown,2013,White,5-14,0,9766
Unknown,2014,Black,5-14,0,9768
Unknown,2014,White,5-14,0,9769
Unknown,2015,Black,5-14,0,9771
Unknown,2015,White,5-14,0,9772
Unknown,2016,Black,5-14,0,9774
Unknown,2016,White,5-14,0,9775
Unknown,2017,Black,5-14,0,9777
Unknown,2017,White,5-14,0,9778
Unknown,2018,Black,5-14,0,9780
Unknown,2018,White,5-14,0,9781
Unknown,2019,Black,5-14,0,9783
Unknown,2019,White,5-14,0,9784
Unknown,2020,Black,5-14,0,9786
Unknown,2020,White,5-14,0,9787
Adams,2010,Black,15-24,26,9828
Adams,2010,White,15-24,3425,9829
Adams,2011,Black,15-24,31,9831
Adams,2011,White,15-24,3365,9832
Adams,2012,Black,15-24,35,9834
Adams,2012,White,15-24,3308,9835
Adams,2013,Black,15-24,38,9837
Adams,2013,White,15-24,3247,9838
Adams,2014,Black,15-24,49,9840
Adams,2014,White,15-24,3246,9841
Adams,2015,Black,15-24,45,9843
Adams,2015,White,15-24,3256,9844
Adams,2016,Black,15-24,39,9846
Adams,2016,White,15-24,3203,9847
Adams,2017,Black,15-24,36,9849
Adams,2017,White,15-24,3171,9850
Adams,2018,Black,15-24,42,9852
Adams,2018,White,15-24,3178,9853
Adams,2019,Black,15-24,39,9855
Adams,2019,White,15-24,3186,9856
Adams,2020,Black,15-24,39,9858
Adams,2020,White,15-24,3109,9859
Allen,2010,Black,15-24,2331,9864
Allen,2010,White,15-24,13415,9865
Allen,2011,Black,15-24,2373,9867
Allen,2011,White,15-24,13252,9868
Allen,2012,Black,15-24,2446,9870
Allen,2012,White,15-24,13018,9871
Allen,2013,Black,15-24,2462,9873
Allen,2013,White,15-24,12873,9874
Allen,2014,Black,15-24,2472,9876
Allen,2014,White,15-24,12684,9877
Allen,2015,Black,15-24,2525,9879
Allen,2015,White,15-24,12392,9880
Allen,2016,Black,15-24,2526,9882
Allen,2016,White,15-24,12004,9883
Allen,2017,Black,15-24,2501,9885
Allen,2017,White,15-24,11620,9886
Allen,2018,Black,15-24,2482,9888
Allen,2018,White,15-24,11476,9889
Allen,2019,Black,15-24,2495,9891
Allen,2019,White,15-24,11379,9892
Allen,2020,Black,15-24,2517,9894
Allen,2020,White,15-24,11331,9895
Ashland,2010,Black,15-24,158,9900
Ashland,2010,White,15-24,7644,9901
Ashland,2011,Black,15-24,159,9903
Ashland,2011,White,15-24,7725,9904
Ashland,2012,Black,15-24,174,9906
Ashland,2012,White,15-24,7700,9907
Ashland,2013,Black,15-24,166,9909
Ashland,2013,White,15-24,7546,9910
Ashland,2014,Black,15-24,167,9912
Ashland,2014,White,15-24,7396,9913
Ashland,2015,Black,15-24,171,9915
Ashland,2015,White,15-24,7588,9916
Ashland,2016,Black,15-24,176,9918
Ashland,2016,White,15-24,7790,9919
Ashland,2017,Black,15-24,169,9921
Ashland,2017,White,15-24,7868,9922
Ashland,2018,Black,15-24,175,9924
Ashland,2018,White,15-24,7741,9925
Ashland,2019,Black,15-24,154,9927
Ashland,2019,White,15-24,7438,9928
Ashland,2020,Black,15-24,149,9930
Ashland,2020,White,15-24,7206,9931
Ashtabula,2010,Black,15-24,718,9936
Ashtabula,2010,White,15-24,11550,9937
Ashtabula,2011,Black,15-24,724,9939
Ashtabula,2011,White,15-24,11464,9940
Ashtabula,2012,Black,15-24,768,9942
Ashtabula,2012,White,15-24,11359,9943
Ashtabula,2013,Black,15-24,734,9945
Ashtabula,2013,White,15-24,11309,9946
Ashtabula,2014,Black,15-24,738,9948
Ashtabula,2014,White,15-24,11075,9949
Ashtabula,2015,Black,15-24,756,9951
Ashtabula,2015,White,15-24,10913,9952
Ashtabula,2016,Black,15-24,760,9954
Ashtabula,2016,White,15-24,10789,9955
Ashtabula,2017,Black,15-24,761,9957
Ashtabula,2017,White,15-24,10577,9958
Ashtabula,2018,Black,15-24,755,9960
Ashtabula,2018,White,15-24,10327,9961
Ashtabula,2019,Black,15-24,752,9963
Ashtabula,2019,White,15-24,10341,9964
Ashtabula,2020,Black,15-24,723,9966
Ashtabula,2020,White,15-24,10205,9967
Athens,2010,Black,15-24,1030,9972
Athens,2010,White,15-24,20912,9973
Athens,2011,Black,15-24,1038,9975
Athens,2011,White,15-24,20420,9976
Athens,2012,Black,15-24,1063,9978
Athens,2012,White,15-24,19691,9979
Athens,2013,Black,15-24,1004,9981
Athens,2013,White,15-24,18503,9982
Athens,2014,Black,15-24,1001,9984
Athens,2014,White,15-24,18085,9985
Athens,2015,Black,15-24,1036,9987
Athens,2015,White,15-24,18669,9988
Athens,2016,Black,15-24,1095,9990
Athens,2016,White,15-24,18962,9991
Athens,2017,Black,15-24,1094,9993
Athens,2017,White,15-24,18804,9994
Athens,2018,Black,15-24,1049,9996
Athens,2018,White,15-24,18070,9997
Athens,2019,Black,15-24,1065,9999
Athens,2019,White,15-24,17987,10000
Athens,2020,Black,15-24,1051,10002
Athens,2020,White,15-24,17958,10003
Auglaize,2010,Black,15-24,51,10008
Auglaize,2010,White,15-24,5421,10009
Auglaize,2011,Black,15-24,55,10011
Auglaize,2011,White,15-24,5366,10012
Auglaize,2012,Black,15-24,64,10014
Auglaize,2012,White,15-24,5462,10015
Auglaize,2013,Black,15-24,56,10017
Auglaize,2013,White,15-24,5462,10018
Auglaize,2014,Black,15-24,64,10020
Auglaize,2014,White,15-24,5572,10021
Auglaize,2015,Black,15-24,78,10023
Auglaize,2015,White,15-24,5623,10024
Auglaize,2016,Black,15-24,83,10026
Auglaize,2016,White,15-24,5536,10027
Auglaize,2017,Black,15-24,93,10029
Auglaize,2017,White,15-24,5484,10030
Auglaize,2018,Black,15-24,86,10032
Auglaize,2018,White,15-24,5383,10033
Auglaize,2019,Black,15-24,96,10035
Auglaize,2019,White,15-24,5301,10036
Auglaize,2020,Black,15-24,92,10038
Auglaize,2020,White,15-24,5291,10039
Belmont,2010,Black,15-24,800,10044
Belmont,2010,White,15-24,7628,10045
Belmont,2011,Black,15-24,807,10047
Belmont,2011,White,15-24,7537,10048
Belmont,2012,Black,15-24,823,10050
Belmont,2012,White,15-24,7462,10051
Belmont,2013,Black,15-24,847,10053
Belmont,2013,White,15-24,7277,10054
Belmont,2014,Black,15-24,842,10056
Belmont,2014,White,15-24,7170,10057
Belmont,2015,Black,15-24,845,10059
Belmont,2015,White,15-24,7060,10060
Belmont,2016,Black,15-24,818,10062
Belmont,2016,White,15-24,6811,10063
Belmont,2017,Black,15-24,826,10065
Belmont,2017,White,15-24,6556,10066
Belmont,2018,Black,15-24,823,10068
Belmont,2018,White,15-24,6467,10069
Belmont,2019,Black,15-24,812,10071
Belmont,2019,White,15-24,6385,10072
Belmont,2020,Black,15-24,755,10074
Belmont,2020,White,15-24,6229,10075
Brown,2010,Black,15-24,62,10080
Brown,2010,White,15-24,5368,10081
Brown,2011,Black,15-24,65,10083
Brown,2011,White,15-24,5352,10084
Brown,2012,Black,15-24,70,10086
Brown,2012,White,15-24,5295,10087
Brown,2013,Black,15-24,72,10089
Brown,2013,White,15-24,5319,10090
Brown,2014,Black,15-24,72,10092
Brown,2014,White,15-24,5213,10093
Brown,2015,Black,15-24,73,10095
Brown,2015,White,15-24,5069,10096
Brown,2016,Black,15-24,73,10098
Brown,2016,White,15-24,5066,10099
Brown,2017,Black,15-24,72,10101
Brown,2017,White,15-24,4979,10102
Brown,2018,Black,15-24,64,10104
Brown,2018,White,15-24,4926,10105
Brown,2019,Black,15-24,73,10107
Brown,2019,White,15-24,4882,10108
Brown,2020,Black,15-24,66,10110
Brown,2020,White,15-24,4861,10111
Butler,2010,Black,15-24,5091,10116
Butler,2010,White,15-24,50697,10117
Butler,2011,Black,15-24,5313,10119
Butler,2011,White,15-24,51278,10120
Butler,2012,Black,15-24,5594,10122
Butler,2012,White,15-24,51780,10123
Butler,2013,Black,15-24,5685,10125
Butler,2013,White,15-24,52132,10126
Butler,2014,Black,15-24,5950,10128
Butler,2014,White,15-24,52558,10129
Butler,2015,Black,15-24,6180,10131
Butler,2015,White,15-24,53047,10132
Butler,2016,Black,15-24,6296,10134
Butler,2016,White,15-24,53325,10135
Butler,2017,Black,15-24,6336,10137
Butler,2017,White,15-24,53038,10138
Butler,2018,Black,15-24,6364,10140
Butler,2018,White,15-24,52564,10141
Butler,2019,Black,15-24,6514,10143
Butler,2019,White,15-24,52348,10144
Butler,2020,Black,15-24,6612,10146
Butler,2020,White,15-24,52636,10147
Carroll,2010,Black,15-24,36,10152
Carroll,2010,White,15-24,3226,10153
Carroll,2011,Black,15-24,42,10155
Carroll,2011,White,15-24,3264,10156
Carroll,2012,Black,15-24,48,10158
Carroll,2012,White,15-24,3218,10159
Carroll,2013,Black,15-24,51,10161
Carroll,2013,White,15-24,3216,10162
Carroll,2014,Black,15-24,56,10164
Carroll,2014,White,15-24,3233,10165
Carroll,2015,Black,15-24,59,10167
Carroll,2015,White,15-24,3149,10168
Carroll,2016,Black,15-24,63,10170
Carroll,2016,White,15-24,3137,10171
Carroll,2017,Black,15-24,66,10173
Carroll,2017,White,15-24,3031,10174
Carroll,2018,Black,15-24,64,10176
Carroll,2018,White,15-24,2934,10177
Carroll,2019,Black,15-24,62,10179
Carroll,2019,White,15-24,2908,10180
Carroll,2020,Black,15-24,64,10182
Carroll,2020,White,15-24,2870,10183
Champaign,2010,Black,15-24,269,10188
Champaign,2010,White,15-24,4971,10189
Champaign,2011,Black,15-24,275,10191
Champaign,2011,White,15-24,4885,10192
Champaign,2012,Black,15-24,294,10194
Champaign,2012,White,15-24,4863,10195
Champaign,2013,Black,15-24,282,10197
Champaign,2013,White,15-24,4847,10198
Champaign,2014,Black,15-24,289,10200
Champaign,2014,White,15-24,4759,10201
Champaign,2015,Black,15-24,286,10203
Champaign,2015,White,15-24,4781,10204
Champaign,2016,Black,15-24,272,10206
Champaign,2016,White,15-24,4638,10207
Champaign,2017,Black,15-24,246,10209
Champaign,2017,White,15-24,4591,10210
Champaign,2018,Black,15-24,233,10212
Champaign,2018,White,15-24,4588,10213
Champaign,2019,Black,15-24,244,10215
Champaign,2019,White,15-24,4524,10216
Champaign,2020,Black,15-24,247,10218
Champaign,2020,White,15-24,4480,10219
Clark,2010,Black,15-24,2072,10224
Clark,2010,White,15-24,16030,10225
Clark,2011,Black,15-24,2162,10227
Clark,2011,White,15-24,15855,10228
Clark,2012,Black,15-24,2232,10230
Clark,2012,White,15-24,15740,10231
Clark,2013,Black,15-24,2254,10233
Clark,2013,White,15-24,15374,10234
Clark,2014,Black,15-24,2264,10236
Clark,2014,White,15-24,15100,10237
Clark,2015,Black,15-24,2295,10239
Clark,2015,White,15-24,14901,10240
Clark,2016,Black,15-24,2219,10242
Clark,2016,White,15-24,14619,10243
Clark,2017,Black,15-24,2232,10245
Clark,2017,White,15-24,15026,10246
Clark,2018,Black,15-24,2205,10248
Clark,2018,White,15-24,15110,10249
Clark,2019,Black,15-24,2168,10251
Clark,2019,White,15-24,14817,10252
Clark,2020,Black,15-24,2192,10254
Clark,2020,White,15-24,14359,10255
Clermont,2010,Black,15-24,419,10260
Clermont,2010,White,15-24,23359,10261
Clermont,2011,Black,15-24,454,10263
Clermont,2011,White,15-24,23419,10264
Clermont,2012,Black,15-24,485,10266
Clermont,2012,White,15-24,23432,10267
Clermont,2013,Black,15-24,508,10269
Clermont,2013,White,15-24,23634,10270
Clermont,2014,Black,15-24,532,10272
Clermont,2014,White,15-24,23729,10273
Clermont,2015,Black,15-24,536,10275
Clermont,2015,White,15-24,23578,10276
Clermont,2016,Black,15-24,567,10278
Clermont,2016,White,15-24,23414,10279
Clermont,2017,Black,15-24,574,10281
Clermont,2017,White,15-24,23175,10282
Clermont,2018,Black,15-24,616,10284
Clermont,2018,White,15-24,23269,10285
Clermont,2019,Black,15-24,634,10287
Clermont,2019,White,15-24,23253,10288
Clermont,2020,Black,15-24,673,10290
Clermont,2020,White,15-24,23173,10291
Clinton,2010,Black,15-24,285,10296
Clinton,2010,White,15-24,5387,10297
Clinton,2011,Black,15-24,296,10299
Clinton,2011,White,15-24,5379,10300
Clinton,2012,Black,15-24,293,10302
Clinton,2012,White,15-24,5358,10303
Clinton,2013,Black,15-24,292,10305
Clinton,2013,White,15-24,5387,10306
Clinton,2014,Black,15-24,286,10308
Clinton,2014,White,15-24,5384,10309
Clinton,2015,Black,15-24,304,10311
Clinton,2015,White,15-24,5434,10312
Clinton,2016,Black,15-24,306,10314
Clinton,2016,White,15-24,5344,10315
Clinton,2017,Black,15-24,293,10317
Clinton,2017,White,15-24,5372,10318
Clinton,2018,Black,15-24,299,10320
Clinton,2018,White,15-24,5328,10321
Clinton,2019,Black,15-24,304,10323
Clinton,2019,White,15-24,5277,10324
Clinton,2020,Black,15-24,313,10326
Clinton,2020,White,15-24,5290,10327
Columbiana,2010,Black,15-24,355,10332
Columbiana,2010,White,15-24,12187,10333
Columbiana,2011,Black,15-24,381,10335
Columbiana,2011,White,15-24,12084,10336
Columbiana,2012,Black,15-24,387,10338
Columbiana,2012,White,15-24,11914,10339
Columbiana,2013,Black,15-24,407,10341
Columbiana,2013,White,15-24,11716,10342
Columbiana,2014,Black,15-24,395,10344
Columbiana,2014,White,15-24,11633,10345
Columbiana,2015,Black,15-24,417,10347
Columbiana,2015,White,15-24,11477,10348
Columbiana,2016,Black,15-24,413,10350
Columbiana,2016,White,15-24,11196,10351
Columbiana,2017,Black,15-24,404,10353
Columbiana,2017,White,15-24,10994,10354
Columbiana,2018,Black,15-24,404,10356
Columbiana,2018,White,15-24,10804,10357
Columbiana,2019,Black,15-24,401,10359
Columbiana,2019,White,15-24,10548,10360
Columbiana,2020,Black,15-24,405,10362
Columbiana,2020,White,15-24,10338,10363
Coshocton,2010,Black,15-24,79,10368
Coshocton,2010,White,15-24,4344,10369
Coshocton,2011,Black,15-24,80,10371
Coshocton,2011,White,15-24,4342,10372
Coshocton,2012,Black,15-24,80,10374
Coshocton,2012,White,15-24,4341,10375
Coshocton,2013,Black,15-24,88,10377
Coshocton,2013,White,15-24,4281,10378
Coshocton,2014,Black,15-24,80,10380
Coshocton,2014,White,15-24,4245,10381
Coshocton,2015,Black,15-24,94,10383
Coshocton,2015,White,15-24,4184,10384
Coshocton,2016,Black,15-24,101,10386
Coshocton,2016,White,15-24,4128,10387
Coshocton,2017,Black,15-24,104,10389
Coshocton,2017,White,15-24,4051,10390
Coshocton,2018,Black,15-24,121,10392
Coshocton,2018,White,15-24,4028,10393
Coshocton,2019,Black,15-24,130,10395
Coshocton,2019,White,15-24,4008,10396
Coshocton,2020,Black,15-24,126,10398
Coshocton,2020,White,15-24,3997,10399
Crawford,2010,Black,15-24,95,10404
Crawford,2010,White,15-24,4998,10405
Crawford,2011,Black,15-24,101,10407
Crawford,2011,White,15-24,4979,10408
Crawford,2012,Black,15-24,93,10410
Crawford,2012,White,15-24,4912,10411
Crawford,2013,Black,15-24,94,10413
Crawford,2013,White,15-24,4986,10414
Crawford,2014,Black,15-24,109,10416
Crawford,2014,White,15-24,5033,10417
Crawford,2015,Black,15-24,115,10419
Crawford,2015,White,15-24,4988,10420
Crawford,2016,Black,15-24,125,10422
Crawford,2016,White,15-24,4841,10423
Crawford,2017,Black,15-24,127,10425
Crawford,2017,White,15-24,4675,10426
Crawford,2018,Black,15-24,116,10428
Crawford,2018,White,15-24,4583,10429
Crawford,2019,Black,15-24,124,10431
Crawford,2019,White,15-24,4629,10432
Crawford,2020,Black,15-24,131,10434
Crawford,2020,White,15-24,4566,10435
Cuyahoga,2010,Black,15-24,62916,10440
Cuyahoga,2010,White,15-24,99561,10441
Cuyahoga,2011,Black,15-24,62993,10443
Cuyahoga,2011,White,15-24,97748,10444
Cuyahoga,2012,Black,15-24,63143,10446
Cuyahoga,2012,White,15-24,97011,10447
Cuyahoga,2013,Black,15-24,63610,10449
Cuyahoga,2013,White,15-24,97711,10450
Cuyahoga,2014,Black,15-24,62830,10452
Cuyahoga,2014,White,15-24,97173,10453
Cuyahoga,2015,Black,15-24,61738,10455
Cuyahoga,2015,White,15-24,96194,10456
Cuyahoga,2016,Black,15-24,59973,10458
Cuyahoga,2016,White,15-24,94956,10459
Cuyahoga,2017,Black,15-24,57700,10461
Cuyahoga,2017,White,15-24,92542,10462
Cuyahoga,2018,Black,15-24,55788,10464
Cuyahoga,2018,White,15-24,90641,10465
Cuyahoga,2019,Black,15-24,54407,10467
Cuyahoga,2019,White,15-24,88815,10468
Cuyahoga,2020,Black,15-24,53116,10470
Cuyahoga,2020,White,15-24,87235,10471
Darke,2010,Black,15-24,65,10476
Darke,2010,White,15-24,6109,10477
Darke,2011,Black,15-24,81,10479
Darke,2011,White,15-24,6093,10480
Darke,2012,Black,15-24,80,10482
Darke,2012,White,15-24,6150,10483
Darke,2013,Black,15-24,79,10485
Darke,2013,White,15-24,6172,10486
Darke,2014,Black,15-24,99,10488
Darke,2014,White,15-24,6302,10489
Darke,2015,Black,15-24,104,10491
Darke,2015,White,15-24,6230,10492
Darke,2016,Black,15-24,107,10494
Darke,2016,White,15-24,6172,10495
Darke,2017,Black,15-24,97,10497
Darke,2017,White,15-24,6073,10498
Darke,2018,Black,15-24,106,10500
Darke,2018,White,15-24,5947,10501
Darke,2019,Black,15-24,116,10503
Darke,2019,White,15-24,5936,10504
Darke,2020,Black,15-24,114,10506
Darke,2020,White,15-24,5897,10507
Defiance,2010,Black,15-24,199,10512
Defiance,2010,White,15-24,4894,10513
Defiance,2011,Black,15-24,210,10515
Defiance,2011,White,15-24,4903,10516
Defiance,2012,Black,15-24,220,10518
Defiance,2012,White,15-24,4882,10519
Defiance,2013,Black,15-24,217,10521
Defiance,2013,White,15-24,4893,10522
Defiance,2014,Black,15-24,232,10524
Defiance,2014,White,15-24,4877,10525
Defiance,2015,Black,15-24,236,10527
Defiance,2015,White,15-24,4817,10528
Defiance,2016,Black,15-24,250,10530
Defiance,2016,White,15-24,4786,10531
Defiance,2017,Black,15-24,242,10533
Defiance,2017,White,15-24,4748,10534
Defiance,2018,Black,15-24,257,10536
Defiance,2018,White,15-24,4684,10537
Defiance,2019,Black,15-24,265,10539
Defiance,2019,White,15-24,4682,10540
Defiance,2020,Black,15-24,268,10542
Defiance,2020,White,15-24,4601,10543
Delaware,2010,Black,15-24,1059,10548
Delaware,2010,White,15-24,17111,10549
Delaware,2011,Black,15-24,1148,10551
Delaware,2011,White,15-24,18039,10552
Delaware,2012,Black,15-24,1174,10554
Delaware,2012,White,15-24,18783,10555
Delaware,2013,Black,15-24,1227,10557
Delaware,2013,White,15-24,19801,10558
Delaware,2014,Black,15-24,1277,10560
Delaware,2014,White,15-24,20578,10561
Delaware,2015,Black,15-24,1327,10563
Delaware,2015,White,15-24,21346,10564
Delaware,2016,Black,15-24,1377,10566
Delaware,2016,White,15-24,21905,10567
Delaware,2017,Black,15-24,1436,10569
Delaware,2017,White,15-24,22296,10570
Delaware,2018,Black,15-24,1494,10572
Delaware,2018,White,15-24,22779,10573
Delaware,2019,Black,15-24,1549,10575
Delaware,2019,White,15-24,23336,10576
Delaware,2020,Black,15-24,1634,10578
Delaware,2020,White,15-24,23377,10579
Erie,2010,Black,15-24,1222,10584
Erie,2010,White,15-24,7701,10585
Erie,2011,Black,15-24,1226,10587
Erie,2011,White,15-24,7701,10588
Erie,2012,Black,15-24,1245,10590
Erie,2012,White,15-24,7822,10591
Erie,2013,Black,15-24,1275,10593
Erie,2013,White,15-24,7795,10594
Erie,2014,Black,15-24,1297,10596
Erie,2014,White,15-24,7756,10597
Erie,2015,Black,15-24,1331,10599
Erie,2015,White,15-24,7584,10600
Erie,2016,Black,15-24,1342,10602
Erie,2016,White,15-24,7475,10603
Erie,2017,Black,15-24,1339,10605
Erie,2017,White,15-24,7281,10606
Erie,2018,Black,15-24,1311,10608
Erie,2018,White,15-24,7157,10609
Erie,2019,Black,15-24,1300,10611
Erie,2019,White,15-24,7010,10612
Erie,2020,Black,15-24,1287,10614
Erie,2020,White,15-24,6863,10615
Fairfield,2010,Black,15-24,1791,10620
Fairfield,2010,White,15-24,16372,10621
Fairfield,2011,Black,15-24,1894,10623
Fairfield,2011,White,15-24,16621,10624
Fairfield,2012,Black,15-24,1945,10626
Fairfield,2012,White,15-24,16771,10627
Fairfield,2013,Black,15-24,2145,10629
Fairfield,2013,White,15-24,17027,10630
Fairfield,2014,Black,15-24,2213,10632
Fairfield,2014,White,15-24,17231,10633
Fairfield,2015,Black,15-24,2278,10635
Fairfield,2015,White,15-24,17241,10636
Fairfield,2016,Black,15-24,2348,10638
Fairfield,2016,White,15-24,17127,10639
Fairfield,2017,Black,15-24,2458,10641
Fairfield,2017,White,15-24,16996,10642
Fairfield,2018,Black,15-24,2527,10644
Fairfield,2018,White,15-24,16835,10645
Fairfield,2019,Black,15-24,2600,10647
Fairfield,2019,White,15-24,16611,10648
Fairfield,2020,Black,15-24,2611,10650
Fairfield,2020,White,15-24,16557,10651
Fayette,2010,Black,15-24,115,10656
Fayette,2010,White,15-24,3353,10657
Fayette,2011,Black,15-24,113,10659
Fayette,2011,White,15-24,3377,10660
Fayette,2012,Black,15-24,102,10662
Fayette,2012,White,15-24,3379,10663
Fayette,2013,Black,15-24,126,10665
Fayette,2013,White,15-24,3403,10666
Fayette,2014,Black,15-24,131,10668
Fayette,2014,White,15-24,3346,10669
Fayette,2015,Black,15-24,138,10671
Fayette,2015,White,15-24,3297,10672
Fayette,2016,Black,15-24,139,10674
Fayette,2016,White,15-24,3197,10675
Fayette,2017,Black,15-24,135,10677
Fayette,2017,White,15-24,3187,10678
Fayette,2018,Black,15-24,144,10680
Fayette,2018,White,15-24,3120,10681
Fayette,2019,Black,15-24,146,10683
Fayette,2019,White,15-24,3137,10684
Fayette,2020,Black,15-24,137,10686
Fayette,2020,White,15-24,3214,10687
Franklin,2010,Black,15-24,43212,10692
Franklin,2010,White,15-24,130648,10693
Franklin,2011,Black,15-24,44174,10695
Franklin,2011,White,15-24,127742,10696
Franklin,2012,Black,15-24,45184,10698
Franklin,2012,White,15-24,124217,10699
Franklin,2013,Black,15-24,46275,10701
Franklin,2013,White,15-24,120078,10702
Franklin,2014,Black,15-24,46952,10704
Franklin,2014,White,15-24,116404,10705
Franklin,2015,Black,15-24,47363,10707
Franklin,2015,White,15-24,113326,10708
Franklin,2016,Black,15-24,47396,10710
Franklin,2016,White,15-24,112500,10711
Franklin,2017,Black,15-24,47772,10713
Franklin,2017,White,15-24,114782,10714
Franklin,2018,Black,15-24,47637,10716
Franklin,2018,White,15-24,113696,10717
Franklin,2019,Black,15-24,47777,10719
Franklin,2019,White,15-24,113227,10720
Franklin,2020,Black,15-24,48378,10722
Franklin,2020,White,15-24,112569,10723
Fulton,2010,Black,15-24,61,10728
Fulton,2010,White,15-24,5146,10729
Fulton,2011,Black,15-24,67,10731
Fulton,2011,White,15-24,5178,10732
Fulton,2012,Black,15-24,90,10734
Fulton,2012,White,15-24,5240,10735
Fulton,2013,Black,15-24,93,10737
Fulton,2013,White,15-24,5270,10738
Fulton,2014,Black,15-24,100,10740
Fulton,2014,White,15-24,5292,10741
Fulton,2015,Black,15-24,102,10743
Fulton,2015,White,15-24,5265,10744
Fulton,2016,Black,15-24,107,10746
Fulton,2016,White,15-24,5205,10747
Fulton,2017,Black,15-24,109,10749
Fulton,2017,White,15-24,5079,10750
Fulton,2018,Black,15-24,110,10752
Fulton,2018,White,15-24,5102,10753
Fulton,2019,Black,15-24,94,10755
Fulton,2019,White,15-24,4943,10756
Fulton,2020,Black,15-24,85,10758
Fulton,2020,White,15-24,4823,10759
Gallia,2010,Black,15-24,211,10764
Gallia,2010,White,15-24,3925,10765
Gallia,2011,Black,15-24,216,10767
Gallia,2011,White,15-24,3888,10768
Gallia,2012,Black,15-24,207,10770
Gallia,2012,White,15-24,3753,10771
Gallia,2013,Black,15-24,202,10773
Gallia,2013,White,15-24,3673,10774
Gallia,2014,Black,15-24,200,10776
Gallia,2014,White,15-24,3633,10777
Gallia,2015,Black,15-24,206,10779
Gallia,2015,White,15-24,3591,10780
Gallia,2016,Black,15-24,211,10782
Gallia,2016,White,15-24,3530,10783
Gallia,2017,Black,15-24,184,10785
Gallia,2017,White,15-24,3490,10786
Gallia,2018,Black,15-24,170,10788
Gallia,2018,White,15-24,3415,10789
Gallia,2019,Black,15-24,172,10791
Gallia,2019,White,15-24,3355,10792
Gallia,2020,Black,15-24,180,10794
Gallia,2020,White,15-24,3290,10795
Geauga,2010,Black,15-24,213,10800
Geauga,2010,White,15-24,10785,10801
Geauga,2011,Black,15-24,214,10803
Geauga,2011,White,15-24,11147,10804
Geauga,2012,Black,15-24,227,10806
Geauga,2012,White,15-24,11542,10807
Geauga,2013,Black,15-24,221,10809
Geauga,2013,White,15-24,11795,10810
Geauga,2014,Black,15-24,224,10812
Geauga,2014,White,15-24,11875,10813
Geauga,2015,Black,15-24,247,10815
Geauga,2015,White,15-24,12054,10816
Geauga,2016,Black,15-24,244,10818
Geauga,2016,White,15-24,12058,10819
Geauga,2017,Black,15-24,239,10821
Geauga,2017,White,15-24,11958,10822
Geauga,2018,Black,15-24,226,10824
Geauga,2018,White,15-24,11884,10825
Geauga,2019,Black,15-24,209,10827
Geauga,2019,White,15-24,11593,10828
Geauga,2020,Black,15-24,209,10830
Geauga,2020,White,15-24,11387,10831
Greene,2010,Black,15-24,4829,10836
Greene,2010,White,15-24,23284,10837
Greene,2011,Black,15-24,4873,10839
Greene,2011,White,15-24,23232,10840
Greene,2012,Black,15-24,4886,10842
Greene,2012,White,15-24,22845,10843
Greene,2013,Black,15-24,4611,10845
Greene,2013,White,15-24,22127,10846
Greene,2014,Black,15-24,4597,10848
Greene,2014,White,15-24,21917,10849
Greene,2015,Black,15-24,4312,10851
Greene,2015,White,15-24,21124,10852
Greene,2016,Black,15-24,4229,10854
Greene,2016,White,15-24,20741,10855
Greene,2017,Black,15-24,4221,10857
Greene,2017,White,15-24,20699,10858
Greene,2018,Black,15-24,4229,10860
Greene,2018,White,15-24,20553,10861
Greene,2019,Black,15-24,4284,10863
Greene,2019,White,15-24,20508,10864
Greene,2020,Black,15-24,4301,10866
Greene,2020,White,15-24,20565,10867
Guernsey,2010,Black,15-24,164,10872
Guernsey,2010,White,15-24,4751,10873
Guernsey,2011,Black,15-24,162,10875
Guernsey,2011,White,15-24,4747,10876
Guernsey,2012,Black,15-24,164,10878
Guernsey,2012,White,15-24,4715,10879
Guernsey,2013,Black,15-24,161,10881
Guernsey,2013,White,15-24,4678,10882
Guernsey,2014,Black,15-24,163,10884
Guernsey,2014,White,15-24,4625,10885
Guernsey,2015,Black,15-24,188,10887
Guernsey,2015,White,15-24,4559,10888
Guernsey,2016,Black,15-24,192,10890
Guernsey,2016,White,15-24,4511,10891
Guernsey,2017,Black,15-24,178,10893
Guernsey,2017,White,15-24,4365,10894
Guernsey,2018,Black,15-24,178,10896
Guernsey,2018,White,15-24,4306,10897
Guernsey,2019,Black,15-24,173,10899
Guernsey,2019,White,15-24,4239,10900
Guernsey,2020,Black,15-24,178,10902
Guernsey,2020,White,15-24,4184,10903
Hamilton,2010,Black,15-24,34879,10908
Hamilton,2010,White,15-24,78925,10909
Hamilton,2011,Black,15-24,34624,10911
Hamilton,2011,White,15-24,76896,10912
Hamilton,2012,Black,15-24,34274,10914
Hamilton,2012,White,15-24,75521,10915
Hamilton,2013,Black,15-24,34192,10917
Hamilton,2013,White,15-24,74001,10918
Hamilton,2014,Black,15-24,33720,10920
Hamilton,2014,White,15-24,72151,10921
Hamilton,2015,Black,15-24,33313,10923
Hamilton,2015,White,15-24,71095,10924
Hamilton,2016,Black,15-24,32935,10926
Hamilton,2016,White,15-24,70114,10927
Hamilton,2017,Black,15-24,32419,10929
Hamilton,2017,White,15-24,70250,10930
Hamilton,2018,Black,15-24,32118,10932
Hamilton,2018,White,15-24,70010,10933
Hamilton,2019,Black,15-24,31946,10935
Hamilton,2019,White,15-24,70738,10936
Hamilton,2020,Black,15-24,31956,10938
Hamilton,2020,White,15-24,69698,10939
Hancock,2010,Black,15-24,333,10944
Hancock,2010,White,15-24,10195,10945
Hancock,2011,Black,15-24,349,10947
Hancock,2011,White,15-24,10173,10948
Hancock,2012,Black,15-24,356,10950
Hancock,2012,White,15-24,10149,10951
Hancock,2013,Black,15-24,357,10953
Hancock,2013,White,15-24,9960,10954
Hancock,2014,Black,15-24,339,10956
Hancock,2014,White,15-24,9690,10957
Hancock,2015,Black,15-24,379,10959
Hancock,2015,White,15-24,9570,10960
Hancock,2016,Black,15-24,396,10962
Hancock,2016,White,15-24,9501,10963
Hancock,2017,Black,15-24,380,10965
Hancock,2017,White,15-24,9242,10966
Hancock,2018,Black,15-24,403,10968
Hancock,2018,White,15-24,9077,10969
Hancock,2019,Black,15-24,451,10971
Hancock,2019,White,15-24,8962,10972
Hancock,2020,Black,15-24,455,10974
Hancock,2020,White,15-24,8667,10975
Hardin,2010,Black,15-24,140,10980
Hardin,2010,White,15-24,6127,10981
Hardin,2011,Black,15-24,136,10983
Hardin,2011,White,15-24,5846,10984
Hardin,2012,Black,15-24,129,10986
Hardin,2012,White,15-24,5913,10987
Hardin,2013,Black,15-24,137,10989
Hardin,2013,White,15-24,6030,10990
Hardin,2014,Black,15-24,132,10992
Hardin,2014,White,15-24,6064,10993
Hardin,2015,Black,15-24,143,10995
Hardin,2015,White,15-24,6055,10996
Hardin,2016,Black,15-24,138,10998
Hardin,2016,White,15-24,5855,10999
Hardin,2017,Black,15-24,137,11001
Hardin,2017,White,15-24,5869,11002
Hardin,2018,Black,15-24,134,11004
Hardin,2018,White,15-24,5830,11005
Hardin,2019,Black,15-24,136,11007
Hardin,2019,White,15-24,5790,11008
Hardin,2020,Black,15-24,145,11010
Hardin,2020,White,15-24,5762,11011
Harrison,2010,Black,15-24,89,11016
Harrison,2010,White,15-24,1660,11017
Harrison,2011,Black,15-24,85,11019
Harrison,2011,White,15-24,1671,11020
Harrison,2012,Black,15-24,86,11022
Harrison,2012,White,15-24,1649,11023
Harrison,2013,Black,15-24,81,11025
Harrison,2013,White,15-24,1644,11026
Harrison,2014,Black,15-24,76,11028
Harrison,2014,White,15-24,1631,11029
Harrison,2015,Black,15-24,79,11031
Harrison,2015,White,15-24,1601,11032
Harrison,2016,Black,15-24,62,11034
Harrison,2016,White,15-24,1562,11035
Harrison,2017,Black,15-24,62,11037
Harrison,2017,White,15-24,1571,11038
Harrison,2018,Black,15-24,48,11040
Harrison,2018,White,15-24,1590,11041
Harrison,2019,Black,15-24,50,11043
Harrison,2019,White,15-24,1549,11044
Harrison,2020,Black,15-24,54,11046
Harrison,2020,White,15-24,1551,11047
Henry,2010,Black,15-24,41,11052
Henry,2010,White,15-24,3339,11053
Henry,2011,Black,15-24,45,11055
Henry,2011,White,15-24,3313,11056
Henry,2012,Black,15-24,45,11058
Henry,2012,White,15-24,3329,11059
Henry,2013,Black,15-24,49,11061
Henry,2013,White,15-24,3403,11062
Henry,2014,Black,15-24,59,11064
Henry,2014,White,15-24,3342,11065
Henry,2015,Black,15-24,66,11067
Henry,2015,White,15-24,3241,11068
Henry,2016,Black,15-24,68,11070
Henry,2016,White,15-24,3212,11071
Henry,2017,Black,15-24,63,11073
Henry,2017,White,15-24,3201,11074
Henry,2018,Black,15-24,66,11076
Henry,2018,White,15-24,3128,11077
Henry,2019,Black,15-24,69,11079
Henry,2019,White,15-24,3061,11080
Henry,2020,Black,15-24,65,11082
Henry,2020,White,15-24,3025,11083
Highland,2010,Black,15-24,123,11088
Highland,2010,White,15-24,5110,11089
Highland,2011,Black,15-24,120,11091
Highland,2011,White,15-24,5139,11092
Highland,2012,Black,15-24,130,11094
Highland,2012,White,15-24,5063,11095
Highland,2013,Black,15-24,126,11097
Highland,2013,White,15-24,5097,11098
Highland,2014,Black,15-24,137,11100
Highland,2014,White,15-24,5101,11101
Highland,2015,Black,15-24,141,11103
Highland,2015,White,15-24,5004,11104
Highland,2016,Black,15-24,138,11106
Highland,2016,White,15-24,5033,11107
Highland,2017,Black,15-24,134,11109
Highland,2017,White,15-24,4958,11110
Highland,2018,Black,15-24,131,11112
Highland,2018,White,15-24,4880,11113
Highland,2019,Black,15-24,148,11115
Highland,2019,White,15-24,4961,11116
Highland,2020,Black,15-24,153,11118
Highland,2020,White,15-24,4910,11119
Hocking,2010,Black,15-24,38,11124
Hocking,2010,White,15-24,3425,11125
Hocking,2011,Black,15-24,32,11127
Hocking,2011,White,15-24,3456,11128
Hocking,2012,Black,15-24,39,11130
Hocking,2012,White,15-24,3464,11131
Hocking,2013,Black,15-24,44,11133
Hocking,2013,White,15-24,3432,11134
Hocking,2014,Black,15-24,52,11136
Hocking,2014,White,15-24,3422,11137
Hocking,2015,Black,15-24,47,11139
Hocking,2015,White,15-24,3379,11140
Hocking,2016,Black,15-24,54,11142
Hocking,2016,White,15-24,3287,11143
Hocking,2017,Black,15-24,49,11145
Hocking,2017,White,15-24,3294,11146
Hocking,2018,Black,15-24,44,11148
Hocking,2018,White,15-24,3232,11149
Hocking,2019,Black,15-24,49,11151
Hocking,2019,White,15-24,3149,11152
Hocking,2020,Black,15-24,45,11154
Hocking,2020,White,15-24,3056,11155
Holmes,2010,Black,15-24,40,11160
Holmes,2010,White,15-24,6481,11161
Holmes,2011,Black,15-24,39,11163
Holmes,2011,White,15-24,6561,11164
Holmes,2012,Black,15-24,45,11166
Holmes,2012,White,15-24,6633,11167
Holmes,2013,Black,15-24,50,11169
Holmes,2013,White,15-24,6768,11170
Holmes,2014,Black,15-24,61,11172
Holmes,2014,White,15-24,6759,11173
Holmes,2015,Black,15-24,58,11175
Holmes,2015,White,15-24,6763,11176
Holmes,2016,Black,15-24,58,11178
Holmes,2016,White,15-24,6775,11179
Holmes,2017,Black,15-24,57,11181
Holmes,2017,White,15-24,6713,11182
Holmes,2018,Black,15-24,61,11184
Holmes,2018,White,15-24,6720,11185
Holmes,2019,Black,15-24,51,11187
Holmes,2019,White,15-24,6730,11188
Holmes,2020,Black,15-24,53,11190
Holmes,2020,White,15-24,6698,11191
Huron,2010,Black,15-24,178,11196
Huron,2010,White,15-24,7305,11197
Huron,2011,Black,15-24,185,11199
Huron,2011,White,15-24,7390,11200
Huron,2012,Black,15-24,187,11202
Huron,2012,White,15-24,7561,11203
Huron,2013,Black,15-24,190,11205
Huron,2013,White,15-24,7470,11206
Huron,2014,Black,15-24,210,11208
Huron,2014,White,15-24,7327,11209
Huron,2015,Black,15-24,222,11211
Huron,2015,White,15-24,7270,11212
Huron,2016,Black,15-24,223,11214
Huron,2016,White,15-24,7224,11215
Huron,2017,Black,15-24,218,11217
Huron,2017,White,15-24,7126,11218
Huron,2018,Black,15-24,216,11220
Huron,2018,White,15-24,7043,11221
Huron,2019,Black,15-24,214,11223
Huron,2019,White,15-24,6929,11224
Huron,2020,Black,15-24,221,11226
Huron,2020,White,15-24,6748,11227
Jackson,2010,Black,15-24,45,11232
Jackson,2010,White,15-24,4089,11233
Jackson,2011,Black,15-24,46,11235
Jackson,2011,White,15-24,3960,11236
Jackson,2012,Black,15-24,51,11238
Jackson,2012,White,15-24,3968,11239
Jackson,2013,Black,15-24,58,11241
Jackson,2013,White,15-24,3919,11242
Jackson,2014,Black,15-24,56,11244
Jackson,2014,White,15-24,3958,11245
Jackson,2015,Black,15-24,65,11247
Jackson,2015,White,15-24,3917,11248
Jackson,2016,Black,15-24,69,11250
Jackson,2016,White,15-24,3840,11251
Jackson,2017,Black,15-24,73,11253
Jackson,2017,White,15-24,3687,11254
Jackson,2018,Black,15-24,72,11256
Jackson,2018,White,15-24,3629,11257
Jackson,2019,Black,15-24,70,11259
Jackson,2019,White,15-24,3677,11260
Jackson,2020,Black,15-24,69,11262
Jackson,2020,White,15-24,3676,11263
Jefferson,2010,Black,15-24,706,11268
Jefferson,2010,White,15-24,8543,11269
Jefferson,2011,Black,15-24,719,11271
Jefferson,2011,White,15-24,8565,11272
Jefferson,2012,Black,15-24,734,11274
Jefferson,2012,White,15-24,8499,11275
Jefferson,2013,Black,15-24,746,11277
Jefferson,2013,White,15-24,8387,11278
Jefferson,2014,Black,15-24,775,11280
Jefferson,2014,White,15-24,8263,11281
Jefferson,2015,Black,15-24,768,11283
Jefferson,2015,White,15-24,8086,11284
Jefferson,2016,Black,15-24,777,11286
Jefferson,2016,White,15-24,7861,11287
Jefferson,2017,Black,15-24,722,11289
Jefferson,2017,White,15-24,7806,11290
Jefferson,2018,Black,15-24,707,11292
Jefferson,2018,White,15-24,7709,11293
Jefferson,2019,Black,15-24,700,11295
Jefferson,2019,White,15-24,7588,11296
Jefferson,2020,Black,15-24,668,11298
Jefferson,2020,White,15-24,7425,11299
Knox,2010,Black,15-24,207,11304
Knox,2010,White,15-24,9512,11305
Knox,2011,Black,15-24,212,11307
Knox,2011,White,15-24,9471,11308
Knox,2012,Black,15-24,195,11310
Knox,2012,White,15-24,9405,11311
Knox,2013,Black,15-24,203,11313
Knox,2013,White,15-24,9304,11314
Knox,2014,Black,15-24,211,11316
Knox,2014,White,15-24,9319,11317
Knox,2015,Black,15-24,212,11319
Knox,2015,White,15-24,9293,11320
Knox,2016,Black,15-24,217,11322
Knox,2016,White,15-24,9271,11323
Knox,2017,Black,15-24,208,11325
Knox,2017,White,15-24,9238,11326
Knox,2018,Black,15-24,211,11328
Knox,2018,White,15-24,9203,11329
Knox,2019,Black,15-24,221,11331
Knox,2019,White,15-24,9255,11332
Knox,2020,Black,15-24,222,11334
Knox,2020,White,15-24,9161,11335
Lake,2010,Black,15-24,1472,11340
Lake,2010,White,15-24,24768,11341
Lake,2011,Black,15-24,1515,11343
Lake,2011,White,15-24,24754,11344
Lake,2012,Black,15-24,1518,11346
Lake,2012,White,15-24,24878,11347
Lake,2013,Black,15-24,1635,11349
Lake,2013,White,15-24,25181,11350
Lake,2014,Black,15-24,1695,11352
Lake,2014,White,15-24,25080,11353
Lake,2015,Black,15-24,1680,11355
Lake,2015,White,15-24,24964,11356
Lake,2016,Black,15-24,1737,11358
Lake,2016,White,15-24,24789,11359
Lake,2017,Black,15-24,1804,11361
Lake,2017,White,15-24,24406,11362
Lake,2018,Black,15-24,1869,11364
Lake,2018,White,15-24,23991,11365
Lake,2019,Black,15-24,1869,11367
Lake,2019,White,15-24,23881,11368
Lake,2020,Black,15-24,1953,11370
Lake,2020,White,15-24,23532,11371
Lawrence,2010,Black,15-24,254,11376
Lawrence,2010,White,15-24,7233,11377
Lawrence,2011,Black,15-24,257,11379
Lawrence,2011,White,15-24,7261,11380
Lawrence,2012,Black,15-24,256,11382
Lawrence,2012,White,15-24,7260,11383
Lawrence,2013,Black,15-24,258,11385
Lawrence,2013,White,15-24,7204,11386
Lawrence,2014,Black,15-24,264,11388
Lawrence,2014,White,15-24,7070,11389
Lawrence,2015,Black,15-24,242,11391
Lawrence,2015,White,15-24,6833,11392
Lawrence,2016,Black,15-24,247,11394
Lawrence,2016,White,15-24,6755,11395
Lawrence,2017,Black,15-24,246,11397
Lawrence,2017,White,15-24,6581,11398
Lawrence,2018,Black,15-24,228,11400
Lawrence,2018,White,15-24,6487,11401
Lawrence,2019,Black,15-24,224,11403
Lawrence,2019,White,15-24,6469,11404
Lawrence,2020,Black,15-24,239,11406
Lawrence,2020,White,15-24,6337,11407
Licking,2010,Black,15-24,1201,11412
Licking,2010,White,15-24,20335,11413
Licking,2011,Black,15-24,1208,11415
Licking,2011,White,15-24,20448,11416
Licking,2012,Black,15-24,1297,11418
Licking,2012,White,15-24,20523,11419
Licking,2013,Black,15-24,1389,11421
Licking,2013,White,15-24,20849,11422
Licking,2014,Black,15-24,1429,11424
Licking,2014,White,15-24,20785,11425
Licking,2015,Black,15-24,1442,11427
Licking,2015,White,15-24,20774,11428
Licking,2016,Black,15-24,1490,11430
Licking,2016,White,15-24,20583,11431
Licking,2017,Black,15-24,1539,11433
Licking,2017,White,15-24,20547,11434
Licking,2018,Black,15-24,1592,11436
Licking,2018,White,15-24,20538,11437
Licking,2019,Black,15-24,1585,11439
Licking,2019,White,15-24,20189,11440
Licking,2020,Black,15-24,1547,11442
Licking,2020,White,15-24,19908,11443
Logan,2010,Black,15-24,200,11448
Logan,2010,White,15-24,5277,11449
Logan,2011,Black,15-24,193,11451
Logan,2011,White,15-24,5240,11452
Logan,2012,Black,15-24,204,11454
Logan,2012,White,15-24,5198,11455
Logan,2013,Black,15-24,222,11457
Logan,2013,White,15-24,5233,11458
Logan,2014,Black,15-24,236,11460
Logan,2014,White,15-24,5340,11461
Logan,2015,Black,15-24,243,11463
Logan,2015,White,15-24,5366,11464
Logan,2016,Black,15-24,258,11466
Logan,2016,White,15-24,5224,11467
Logan,2017,Black,15-24,256,11469
Logan,2017,White,15-24,5076,11470
Logan,2018,Black,15-24,255,11472
Logan,2018,White,15-24,5048,11473
Logan,2019,Black,15-24,236,11475
Logan,2019,White,15-24,5029,11476
Logan,2020,Black,15-24,246,11478
Logan,2020,White,15-24,4988,11479
Lorain,2010,Black,15-24,5272,11484
Lorain,2010,White,15-24,32488,11485
Lorain,2011,Black,15-24,5330,11487
Lorain,2011,White,15-24,32873,11488
Lorain,2012,Black,15-24,5342,11490
Lorain,2012,White,15-24,33025,11491
Lorain,2013,Black,15-24,5486,11493
Lorain,2013,White,15-24,33136,11494
Lorain,2014,Black,15-24,5537,11496
Lorain,2014,White,15-24,32943,11497
Lorain,2015,Black,15-24,5586,11499
Lorain,2015,White,15-24,32923,11500
Lorain,2016,Black,15-24,5616,11502
Lorain,2016,White,15-24,32798,11503
Lorain,2017,Black,15-24,5617,11505
Lorain,2017,White,15-24,32431,11506
Lorain,2018,Black,15-24,5570,11508
Lorain,2018,White,15-24,32209,11509
Lorain,2019,Black,15-24,5434,11511
Lorain,2019,White,15-24,31902,11512
Lorain,2020,Black,15-24,5340,11514
Lorain,2020,White,15-24,31533,11515
Lucas,2010,Black,15-24,17089,11520
Lucas,2010,White,15-24,48202,11521
Lucas,2011,Black,15-24,17099,11523
Lucas,2011,White,15-24,46859,11524
Lucas,2012,Black,15-24,16897,11526
Lucas,2012,White,15-24,45172,11527
Lucas,2013,Black,15-24,16795,11529
Lucas,2013,White,15-24,44285,11530
Lucas,2014,Black,15-24,16386,11532
Lucas,2014,White,15-24,42487,11533
Lucas,2015,Black,15-24,15836,11535
Lucas,2015,White,15-24,41072,11536
Lucas,2016,Black,15-24,15422,11538
Lucas,2016,White,15-24,39810,11539
Lucas,2017,Black,15-24,14933,11541
Lucas,2017,White,15-24,38717,11542
Lucas,2018,Black,15-24,14575,11544
Lucas,2018,White,15-24,37908,11545
Lucas,2019,Black,15-24,14438,11547
Lucas,2019,White,15-24,37542,11548
Lucas,2020,Black,15-24,14439,11550
Lucas,2020,White,15-24,37094,11551
Madison,2010,Black,15-24,551,11556
Madison,2010,White,15-24,4968,11557
Madison,2011,Black,15-24,530,11559
Madison,2011,White,15-24,4896,11560
Madison,2012,Black,15-24,522,11562
Madison,2012,White,15-24,4782,11563
Madison,2013,Black,15-24,508,11565
Madison,2013,White,15-24,4766,11566
Madison,2014,Black,15-24,539,11568
Madison,2014,White,15-24,4761,11569
Madison,2015,Black,15-24,547,11571
Madison,2015,White,15-24,4716,11572
Madison,2016,Black,15-24,485,11574
Madison,2016,White,15-24,4600,11575
Madison,2017,Black,15-24,539,11577
Madison,2017,White,15-24,4538,11578
Madison,2018,Black,15-24,526,11580
Madison,2018,White,15-24,4588,11581
Madison,2019,Black,15-24,550,11583
Madison,2019,White,15-24,4526,11584
Madison,2020,Black,15-24,525,11586
Madison,2020,White,15-24,4461,11587
Mahoning,2010,Black,15-24,6794,11592
Mahoning,2010,White,15-24,22714,11593
Mahoning,2011,Black,15-24,6798,11595
Mahoning,2011,White,15-24,22757,11596
Mahoning,2012,Black,15-24,6783,11598
Mahoning,2012,White,15-24,22694,11599
Mahoning,2013,Black,15-24,6808,11601
Mahoning,2013,White,15-24,22688,11602
Mahoning,2014,Black,15-24,6833,11604
Mahoning,2014,White,15-24,22453,11605
Mahoning,2015,Black,15-24,6669,11607
Mahoning,2015,White,15-24,22114,11608
Mahoning,2016,Black,15-24,6470,11610
Mahoning,2016,White,15-24,21594,11611
Mahoning,2017,Black,15-24,6281,11613
Mahoning,2017,White,15-24,21073,11614
Mahoning,2018,Black,15-24,6114,11616
Mahoning,2018,White,15-24,20732,11617
Mahoning,2019,Black,15-24,5990,11619
Mahoning,2019,White,15-24,20459,11620
Mahoning,2020,Black,15-24,5870,11622
Mahoning,2020,White,15-24,20212,11623
Marion,2010,Black,15-24,645,11628
Marion,2010,White,15-24,7858,11629
Marion,2011,Black,15-24,674,11631
Marion,2011,White,15-24,7792,11632
Marion,2012,Black,15-24,688,11634
Marion,2012,White,15-24,7689,11635
Marion,2013,Black,15-24,684,11637
Marion,2013,White,15-24,7602,11638
Marion,2014,Black,15-24,685,11640
Marion,2014,White,15-24,7413,11641
Marion,2015,Black,15-24,689,11643
Marion,2015,White,15-24,7262,11644
Marion,2016,Black,15-24,694,11646
Marion,2016,White,15-24,7115,11647
Marion,2017,Black,15-24,724,11649
Marion,2017,White,15-24,6928,11650
Marion,2018,Black,15-24,728,11652
Marion,2018,White,15-24,6930,11653
Marion,2019,Black,15-24,717,11655
Marion,2019,White,15-24,6755,11656
Marion,2020,Black,15-24,699,11658
Marion,2020,White,15-24,6611,11659
Medina,2010,Black,15-24,407,11664
Medina,2010,White,15-24,19181,11665
Medina,2011,Black,15-24,436,11667
Medina,2011,White,15-24,19584,11668
Medina,2012,Black,15-24,474,11670
Medina,2012,White,15-24,19786,11671
Medina,2013,Black,15-24,494,11673
Medina,2013,White,15-24,20217,11674
Medina,2014,Black,15-24,536,11676
Medina,2014,White,15-24,20628,11677
Medina,2015,Black,15-24,528,11679
Medina,2015,White,15-24,20802,11680
Medina,2016,Black,15-24,527,11682
Medina,2016,White,15-24,20755,11683
Medina,2017,Black,15-24,541,11685
Medina,2017,White,15-24,20518,11686
Medina,2018,Black,15-24,512,11688
Medina,2018,White,15-24,20327,11689
Medina,2019,Black,15-24,539,11691
Medina,2019,White,15-24,20235,11692
Medina,2020,Black,15-24,573,11694
Medina,2020,White,15-24,20118,11695
Meigs,2010,Black,15-24,47,11700
Meigs,2010,White,15-24,2737,11701
Meigs,2011,Black,15-24,48,11703
Meigs,2011,White,15-24,2665,11704
Meigs,2012,Black,15-24,43,11706
Meigs,2012,White,15-24,2611,11707
Meigs,2013,Black,15-24,57,11709
Meigs,2013,White,15-24,2550,11710
Meigs,2014,Black,15-24,56,11712
Meigs,2014,White,15-24,2488,11713
Meigs,2015,Black,15-24,62,11715
Meigs,2015,White,15-24,2470,11716
Meigs,2016,Black,15-24,59,11718
Meigs,2016,White,15-24,2482,11719
Meigs,2017,Black,15-24,61,11721
Meigs,2017,White,15-24,2451,11722
Meigs,2018,Black,15-24,50,11724
Meigs,2018,White,15-24,2457,11725
Meigs,2019,Black,15-24,43,11727
Meigs,2019,White,15-24,2460,11728
Meigs,2020,Black,15-24,39,11730
Meigs,2020,White,15-24,2462,11731
Mercer,2010,Black,15-24,43,11736
Mercer,2010,White,15-24,5009,11737
Mercer,2011,Black,15-24,44,11739
Mercer,2011,White,15-24,4989,11740
Mercer,2012,Black,15-24,48,11742
Mercer,2012,White,15-24,5063,11743
Mercer,2013,Black,15-24,56,11745
Mercer,2013,White,15-24,5074,11746
Mercer,2014,Black,15-24,55,11748
Mercer,2014,White,15-24,5197,11749
Mercer,2015,Black,15-24,58,11751
Mercer,2015,White,15-24,5121,11752
Mercer,2016,Black,15-24,65,11754
Mercer,2016,White,15-24,5041,11755
Mercer,2017,Black,15-24,73,11757
Mercer,2017,White,15-24,4924,11758
Mercer,2018,Black,15-24,73,11760
Mercer,2018,White,15-24,4790,11761
Mercer,2019,Black,15-24,66,11763
Mercer,2019,White,15-24,4801,11764
Mercer,2020,Black,15-24,67,11766
Mercer,2020,White,15-24,4738,11767
Miami,2010,Black,15-24,434,11772
Miami,2010,White,15-24,11596,11773
Miami,2011,Black,15-24,444,11775
Miami,2011,White,15-24,11643,11776
Miami,2012,Black,15-24,454,11778
Miami,2012,White,15-24,11635,11779
Miami,2013,Black,15-24,493,11781
Miami,2013,White,15-24,11714,11782
Miami,2014,Black,15-24,489,11784
Miami,2014,White,15-24,11589,11785
Miami,2015,Black,15-24,546,11787
Miami,2015,White,15-24,11480,11788
Miami,2016,Black,15-24,542,11790
Miami,2016,White,15-24,11301,11791
Miami,2017,Black,15-24,558,11793
Miami,2017,White,15-24,11183,11794
Miami,2018,Black,15-24,560,11796
Miami,2018,White,15-24,11254,11797
Miami,2019,Black,15-24,572,11799
Miami,2019,White,15-24,11266,11800
Miami,2020,Black,15-24,600,11802
Miami,2020,White,15-24,11185,11803
Monroe,2010,Black,15-24,21,11808
Monroe,2010,White,15-24,1569,11809
Monroe,2011,Black,15-24,22,11811
Monroe,2011,White,15-24,1561,11812
Monroe,2012,Black,15-24,18,11814
Monroe,2012,White,15-24,1530,11815
Monroe,2013,Black,15-24,21,11817
Monroe,2013,White,15-24,1558,11818
Monroe,2014,Black,15-24,21,11820
Monroe,2014,White,15-24,1533,11821
Monroe,2015,Black,15-24,22,11823
Monroe,2015,White,15-24,1504,11824
Monroe,2016,Black,15-24,24,11826
Monroe,2016,White,15-24,1504,11827
Monroe,2017,Black,15-24,28,11829
Monroe,2017,White,15-24,1489,11830
Monroe,2018,Black,15-24,21,11832
Monroe,2018,White,15-24,1411,11833
Monroe,2019,Black,15-24,24,11835
Monroe,2019,White,15-24,1393,11836
Monroe,2020,Black,15-24,23,11838
Monroe,2020,White,15-24,1370,11839
Montgomery,2010,Black,15-24,18760,11844
Montgomery,2010,White,15-24,52726,11845
Montgomery,2011,Black,15-24,18746,11847
Montgomery,2011,White,15-24,52166,11848
Montgomery,2012,Black,15-24,18811,11850
Montgomery,2012,White,15-24,51694,11851
Montgomery,2013,Black,15-24,18993,11853
Montgomery,2013,White,15-24,51553,11854
Montgomery,2014,Black,15-24,18799,11856
Montgomery,2014,White,15-24,50752,11857
Montgomery,2015,Black,15-24,18681,11859
Montgomery,2015,White,15-24,50095,11860
Montgomery,2016,Black,15-24,18404,11862
Montgomery,2016,White,15-24,49867,11863
Montgomery,2017,Black,15-24,18170,11865
Montgomery,2017,White,15-24,48986,11866
Montgomery,2018,Black,15-24,17876,11868
Montgomery,2018,White,15-24,48837,11869
Montgomery,2019,Black,15-24,17697,11871
Montgomery,2019,White,15-24,48802,11872
Montgomery,2020,Black,15-24,17610,11874
Montgomery,2020,White,15-24,48191,11875
Morgan,2010,Black,15-24,105,11880
Morgan,2010,White,15-24,1666,11881
Morgan,2011,Black,15-24,104,11883
Morgan,2011,White,15-24,1667,11884
Morgan,2012,Black,15-24,104,11886
Morgan,2012,White,15-24,1681,11887
Morgan,2013,Black,15-24,113,11889
Morgan,2013,White,15-24,1670,11890
Morgan,2014,Black,15-24,107,11892
Morgan,2014,White,15-24,1654,11893
Morgan,2015,Black,15-24,108,11895
Morgan,2015,White,15-24,1636,11896
Morgan,2016,Black,15-24,108,11898
Morgan,2016,White,15-24,1598,11899
Morgan,2017,Black,15-24,114,11901
Morgan,2017,White,15-24,1560,11902
Morgan,2018,Black,15-24,114,11904
Morgan,2018,White,15-24,1498,11905
Morgan,2019,Black,15-24,112,11907
Morgan,2019,White,15-24,1461,11908
Morgan,2020,Black,15-24,107,11910
Morgan,2020,White,15-24,1444,11911
Morrow,2010,Black,15-24,46,11916
Morrow,2010,White,15-24,4103,11917
Morrow,2011,Black,15-24,54,11919
Morrow,2011,White,15-24,4137,11920
Morrow,2012,Black,15-24,55,11922
Morrow,2012,White,15-24,4173,11923
Morrow,2013,Black,15-24,70,11925
Morrow,2013,White,15-24,4155,11926
Morrow,2014,Black,15-24,61,11928
Morrow,2014,White,15-24,4149,11929
Morrow,2015,Black,15-24,70,11931
Morrow,2015,White,15-24,4130,11932
Morrow,2016,Black,15-24,72,11934
Morrow,2016,White,15-24,4064,11935
Morrow,2017,Black,15-24,83,11937
Morrow,2017,White,15-24,3996,11938
Morrow,2018,Black,15-24,86,11940
Morrow,2018,White,15-24,3974,11941
Morrow,2019,Black,15-24,91,11943
Morrow,2019,White,15-24,3952,11944
Morrow,2020,Black,15-24,87,11946
Morrow,2020,White,15-24,3979,11947
Muskingum,2010,Black,15-24,730,11952
Muskingum,2010,White,15-24,10801,11953
Muskingum,2011,Black,15-24,759,11955
Muskingum,2011,White,15-24,10892,11956
Muskingum,2012,Black,15-24,757,11958
Muskingum,2012,White,15-24,10746,11959
Muskingum,2013,Black,15-24,808,11961
Muskingum,2013,White,15-24,10797,11962
Muskingum,2014,Black,15-24,837,11964
Muskingum,2014,White,15-24,10768,11965
Muskingum,2015,Black,15-24,836,11967
Muskingum,2015,White,15-24,10695,11968
Muskingum,2016,Black,15-24,833,11970
Muskingum,2016,White,15-24,10497,11971
Muskingum,2017,Black,15-24,832,11973
Muskingum,2017,White,15-24,10188,11974
Muskingum,2018,Black,15-24,809,11976
Muskingum,2018,White,15-24,10038,11977
Muskingum,2019,Black,15-24,791,11979
Muskingum,2019,White,15-24,9974,11980
Muskingum,2020,Black,15-24,803,11982
Muskingum,2020,White,15-24,9749,11983
Noble,2010,Black,15-24,12,11988
Noble,2010,White,15-24,1495,11989
Noble,2011,Black,15-24,14,11991
Noble,2011,White,15-24,1452,11992
Noble,2012,Black,15-24,15,11994
Noble,2012,White,15-24,1430,11995
Noble,2013,Black,15-24,16,11997
Noble,2013,White,15-24,1384,11998
Noble,2014,Black,15-24,15,12000
Noble,2014,White,15-24,1362,12001
Noble,2015,Black,15-24,18,12003
Noble,2015,White,15-24,1320,12004
Noble,2016,Black,15-24,13,12006
Noble,2016,White,15-24,1275,12007
Noble,2017,Black,15-24,16,12009
Noble,2017,White,15-24,1269,12010
Noble,2018,Black,15-24,15,12012
Noble,2018,White,15-24,1249,12013
Noble,2019,Black,15-24,12,12015
Noble,2019,White,15-24,1241,12016
Noble,2020,Black,15-24,18,12018
Noble,2020,White,15-24,1210,12019
NonOH,2010,Black,15-24,0,12024
NonOH,2010,White,15-24,0,12025
NonOH,2011,Black,15-24,0,12027
NonOH,2011,White,15-24,0,12028
NonOH,2012,Black,15-24,0,12030
NonOH,2012,White,15-24,0,12031
NonOH,2013,Black,15-24,0,12033
NonOH,2013,White,15-24,0,12034
NonOH,2014,Black,15-24,0,12036
NonOH,2014,White,15-24,0,12037
NonOH,2015,Black,15-24,0,12039
NonOH,2015,White,15-24,0,12040
NonOH,2016,Black,15-24,0,12042
NonOH,2016,White,15-24,0,12043
NonOH,2017,Black,15-24,0,12045
NonOH,2017,White,15-24,0,12046
NonOH,2018,Black,15-24,0,12048
NonOH,2018,White,15-24,0,12049
NonOH,2019,Black,15-24,0,12051
NonOH,2019,White,15-24,0,12052
NonOH,2020,Black,15-24,0,12054
NonOH,2020,White,15-24,0,12055
Ottawa,2010,Black,15-24,79,12060
Ottawa,2010,White,15-24,4281,12061
Ottawa,2011,Black,15-24,90,12063
Ottawa,2011,White,15-24,4225,12064
Ottawa,2012,Black,15-24,95,12066
Ottawa,2012,White,15-24,4237,12067
Ottawa,2013,Black,15-24,97,12069
Ottawa,2013,White,15-24,4260,12070
Ottawa,2014,Black,15-24,104,12072
Ottawa,2014,White,15-24,4206,12073
Ottawa,2015,Black,15-24,110,12075
Ottawa,2015,White,15-24,4151,12076
Ottawa,2016,Black,15-24,102,12078
Ottawa,2016,White,15-24,4062,12079
Ottawa,2017,Black,15-24,107,12081
Ottawa,2017,White,15-24,4085,12082
Ottawa,2018,Black,15-24,108,12084
Ottawa,2018,White,15-24,4084,12085
Ottawa,2019,Black,15-24,120,12087
Ottawa,2019,White,15-24,3926,12088
Ottawa,2020,Black,15-24,120,12090
Ottawa,2020,White,15-24,3910,12091
Paulding,2010,Black,15-24,55,12096
Paulding,2010,White,15-24,2288,12097
Paulding,2011,Black,15-24,58,12099
Paulding,2011,White,15-24,2236,12100
Paulding,2012,Black,15-24,65,12102
Paulding,2012,White,15-24,2239,12103
Paulding,2013,Black,15-24,69,12105
Paulding,2013,White,15-24,2257,12106
Paulding,2014,Black,15-24,74,12108
Paulding,2014,White,15-24,2167,12109
Paulding,2015,Black,15-24,78,12111
Paulding,2015,White,15-24,2186,12112
Paulding,2016,Black,15-24,71,12114
Paulding,2016,White,15-24,2185,12115
Paulding,2017,Black,15-24,76,12117
Paulding,2017,White,15-24,2167,12118
Paulding,2018,Black,15-24,72,12120
Paulding,2018,White,15-24,2105,12121
Paulding,2019,Black,15-24,66,12123
Paulding,2019,White,15-24,2115,12124
Paulding,2020,Black,15-24,63,12126
Paulding,2020,White,15-24,2123,12127
Perry,2010,Black,15-24,39,12132
Perry,2010,White,15-24,4623,12133
Perry,2011,Black,15-24,48,12135
Perry,2011,White,15-24,4563,12136
Perry,2012,Black,15-24,49,12138
Perry,2012,White,15-24,4607,12139
Perry,2013,Black,15-24,51,12141
Perry,2013,White,15-24,4612,12142
Perry,2014,Black,15-24,53,12144
Perry,2014,White,15-24,4496,12145
Perry,2015,Black,15-24,44,12147
Perry,2015,White,15-24,4433,12148
Perry,2016,Black,15-24,44,12150
Perry,2016,White,15-24,4310,12151
Perry,2017,Black,15-24,51,12153
Perry,2017,White,15-24,4222,12154
Perry,2018,Black,15-24,54,12156
Perry,2018,White,15-24,4115,12157
Perry,2019,Black,15-24,48,12159
Perry,2019,White,15-24,4079,12160
Perry,2020,Black,15-24,54,12162
Perry,2020,White,15-24,4067,12163
Pickaway,2010,Black,15-24,482,12168
Pickaway,2010,White,15-24,6693,12169
Pickaway,2011,Black,15-24,495,12171
Pickaway,2011,White,15-24,6809,12172
Pickaway,2012,Black,15-24,519,12174
Pickaway,2012,White,15-24,6856,12175
Pickaway,2013,Black,15-24,538,12177
Pickaway,2013,White,15-24,6984,12178
Pickaway,2014,Black,15-24,539,12180
Pickaway,2014,White,15-24,7033,12181
Pickaway,2015,Black,15-24,536,12183
Pickaway,2015,White,15-24,6992,12184
Pickaway,2016,Black,15-24,578,12186
Pickaway,2016,White,15-24,6981,12187
Pickaway,2017,Black,15-24,589,12189
Pickaway,2017,White,15-24,6886,12190
Pickaway,2018,Black,15-24,578,12192
Pickaway,2018,White,15-24,6823,12193
Pickaway,2019,Black,15-24,588,12195
Pickaway,2019,White,15-24,6724,12196
Pickaway,2020,Black,15-24,562,12198
Pickaway,2020,White,15-24,6603,12199
Pike,2010,Black,15-24,69,12204
Pike,2010,White,15-24,3524,12205
Pike,2011,Black,15-24,79,12207
Pike,2011,White,15-24,3489,12208
Pike,2012,Black,15-24,73,12210
Pike,2012,White,15-24,3434,12211
Pike,2013,Black,15-24,74,12213
Pike,2013,White,15-24,3402,12214
Pike,2014,Black,15-24,81,12216
Pike,2014,White,15-24,3355,12217
Pike,2015,Black,15-24,69,12219
Pike,2015,White,15-24,3314,12220
Pike,2016,Black,15-24,66,12222
Pike,2016,White,15-24,3211,12223
Pike,2017,Black,15-24,72,12225
Pike,2017,White,15-24,3244,12226
Pike,2018,Black,15-24,71,12228
Pike,2018,White,15-24,3253,12229
Pike,2019,Black,15-24,68,12231
Pike,2019,White,15-24,3189,12232
Pike,2020,Black,15-24,68,12234
Pike,2020,White,15-24,3166,12235
Portage,2010,Black,15-24,2286,12240
Portage,2010,White,15-24,28457,12241
Portage,2011,Black,15-24,2429,12243
Portage,2011,White,15-24,28868,12244
Portage,2012,Black,15-24,2524,12246
Portage,2012,White,15-24,29169,12247
Portage,2013,Black,15-24,2592,12249
Portage,2013,White,15-24,29266,12250
Portage,2014,Black,15-24,2659,12252
Portage,2014,White,15-24,29429,12253
Portage,2015,Black,15-24,2672,12255
Portage,2015,White,15-24,29366,12256
Portage,2016,Black,15-24,2636,12258
Portage,2016,White,15-24,29140,12259
Portage,2017,Black,15-24,2662,12261
Portage,2017,White,15-24,28696,12262
Portage,2018,Black,15-24,2600,12264
Portage,2018,White,15-24,28125,12265
Portage,2019,Black,15-24,2598,12267
Portage,2019,White,15-24,27863,12268
Portage,2020,Black,15-24,2556,12270
Portage,2020,White,15-24,27271,12271
Preble,2010,Black,15-24,50,12276
Preble,2010,White,15-24,4909,12277
Preble,2011,Black,15-24,54,12279
Preble,2011,White,15-24,4871,12280
Preble,2012,Black,15-24,62,12282
Preble,2012,White,15-24,4896,12283
Preble,2013,Black,15-24,71,12285
Preble,2013,White,15-24,4859,12286
Preble,2014,Black,15-24,78,12288
Preble,2014,White,15-24,4848,12289
Preble,2015,Black,15-24,79,12291
Preble,2015,White,15-24,4807,12292
Preble,2016,Black,15-24,74,12294
Preble,2016,White,15-24,4735,12295
Preble,2017,Black,15-24,71,12297
Preble,2017,White,15-24,4629,12298
Preble,2018,Black,15-24,73,12300
Preble,2018,White,15-24,4618,12301
Preble,2019,Black,15-24,82,12303
Preble,2019,White,15-24,4563,12304
Preble,2020,Black,15-24,78,12306
Preble,2020,White,15-24,4544,12307
Putnam,2010,Black,15-24,29,12312
Putnam,2010,White,15-24,4301,12313
Putnam,2011,Black,15-24,30,12315
Putnam,2011,White,15-24,4292,12316
Putnam,2012,Black,15-24,40,12318
Putnam,2012,White,15-24,4316,12319
Putnam,2013,Black,15-24,45,12321
Putnam,2013,White,15-24,4337,12322
Putnam,2014,Black,15-24,57,12324
Putnam,2014,White,15-24,4295,12325
Putnam,2015,Black,15-24,62,12327
Putnam,2015,White,15-24,4267,12328
Putnam,2016,Black,15-24,50,12330
Putnam,2016,White,15-24,4154,12331
Putnam,2017,Black,15-24,51,12333
Putnam,2017,White,15-24,4039,12334
Putnam,2018,Black,15-24,48,12336
Putnam,2018,White,15-24,3937,12337
Putnam,2019,Black,15-24,52,12339
Putnam,2019,White,15-24,3904,12340
Putnam,2020,Black,15-24,48,12342
Putnam,2020,White,15-24,3809,12343
Richland,2010,Black,15-24,2214,12348
Richland,2010,White,15-24,13137,12349
Richland,2011,Black,15-24,2191,12351
Richland,2011,White,15-24,13053,12352
Richland,2012,Black,15-24,2146,12354
Richland,2012,White,15-24,12993,12355
Richland,2013,Black,15-24,2156,12357
Richland,2013,White,15-24,12977,12358
Richland,2014,Black,15-24,2191,12360
Richland,2014,White,15-24,12897,12361
Richland,2015,Black,15-24,2204,12363
Richland,2015,White,15-24,12676,12364
Richland,2016,Black,15-24,2261,12366
Richland,2016,White,15-24,12435,12367
Richland,2017,Black,15-24,2162,12369
Richland,2017,White,15-24,12182,12370
Richland,2018,Black,15-24,2191,12372
Richland,2018,White,15-24,12205,12373
Richland,2019,Black,15-24,2181,12375
Richland,2019,White,15-24,12207,12376
Richland,2020,Black,15-24,2084,12378
Richland,2020,White,15-24,12008,12379
Ross,2010,Black,15-24,728,12384
Ross,2010,White,15-24,8451,12385
Ross,2011,Black,15-24,725,12387
Ross,2011,White,15-24,8382,12388
Ross,2012,Black,15-24,741,12390
Ross,2012,White,15-24,8405,12391
Ross,2013,Black,15-24,770,12393
Ross,2013,White,15-24,8538,12394
Ross,2014,Black,15-24,790,12396
Ross,2014,White,15-24,8335,12397
Ross,2015,Black,15-24,804,12399
Ross,2015,White,15-24,8315,12400
Ross,2016,Black,15-24,815,12402
Ross,2016,White,15-24,8258,12403
Ross,2017,Black,15-24,832,12405
Ross,2017,White,15-24,8139,12406
Ross,2018,Black,15-24,794,12408
Ross,2018,White,15-24,8072,12409
Ross,2019,Black,15-24,783,12411
Ross,2019,White,15-24,7940,12412
Ross,2020,Black,15-24,754,12414
Ross,2020,White,15-24,7881,12415
Sandusky,2010,Black,15-24,369,12420
Sandusky,2010,White,15-24,6911,12421
Sandusky,2011,Black,15-24,382,12423
Sandusky,2011,White,15-24,6851,12424
Sandusky,2012,Black,15-24,393,12426
Sandusky,2012,White,15-24,6758,12427
Sandusky,2013,Black,15-24,399,12429
Sandusky,2013,White,15-24,6754,12430
Sandusky,2014,Black,15-24,453,12432
Sandusky,2014,White,15-24,6722,12433
Sandusky,2015,Black,15-24,453,12435
Sandusky,2015,White,15-24,6619,12436
Sandusky,2016,Black,15-24,487,12438
Sandusky,2016,White,15-24,6609,12439
Sandusky,2017,Black,15-24,503,12441
Sandusky,2017,White,15-24,6514,12442
Sandusky,2018,Black,15-24,492,12444
Sandusky,2018,White,15-24,6413,12445
Sandusky,2019,Black,15-24,509,12447
Sandusky,2019,White,15-24,6279,12448
Sandusky,2020,Black,15-24,520,12450
Sandusky,2020,White,15-24,6170,12451
Scioto,2010,Black,15-24,669,12456
Scioto,2010,White,15-24,10089,12457
Scioto,2011,Black,15-24,616,12459
Scioto,2011,White,15-24,10186,12460
Scioto,2012,Black,15-24,592,12462
Scioto,2012,White,15-24,10160,12463
Scioto,2013,Black,15-24,574,12465
Scioto,2013,White,15-24,9880,12466
Scioto,2014,Black,15-24,556,12468
Scioto,2014,White,15-24,9626,12469
Scioto,2015,Black,15-24,550,12471
Scioto,2015,White,15-24,9355,12472
Scioto,2016,Black,15-24,543,12474
Scioto,2016,White,15-24,9127,12475
Scioto,2017,Black,15-24,551,12477
Scioto,2017,White,15-24,8898,12478
Scioto,2018,Black,15-24,520,12480
Scioto,2018,White,15-24,8681,12481
Scioto,2019,Black,15-24,553,12483
Scioto,2019,White,15-24,8656,12484
Scioto,2020,Black,15-24,536,12486
Scioto,2020,White,15-24,8539,12487
Seneca,2010,Black,15-24,547,12492
Seneca,2010,White,15-24,7719,12493
Seneca,2011,Black,15-24,555,12495
Seneca,2011,White,15-24,7682,12496
Seneca,2012,Black,15-24,573,12498
Seneca,2012,White,15-24,7668,12499
Seneca,2013,Black,15-24,592,12501
Seneca,2013,White,15-24,7613,12502
Seneca,2014,Black,15-24,601,12504
Seneca,2014,White,15-24,7605,12505
Seneca,2015,Black,15-24,630,12507
Seneca,2015,White,15-24,7515,12508
Seneca,2016,Black,15-24,649,12510
Seneca,2016,White,15-24,7388,12511
Seneca,2017,Black,15-24,641,12513
Seneca,2017,White,15-24,7388,12514
Seneca,2018,Black,15-24,620,12516
Seneca,2018,White,15-24,7394,12517
Seneca,2019,Black,15-24,613,12519
Seneca,2019,White,15-24,7414,12520
Seneca,2020,Black,15-24,579,12522
Seneca,2020,White,15-24,7283,12523
Shelby,2010,Black,15-24,224,12528
Shelby,2010,White,15-24,5774,12529
Shelby,2011,Black,15-24,224,12531
Shelby,2011,White,15-24,5800,12532
Shelby,2012,Black,15-24,238,12534
Shelby,2012,White,15-24,5887,12535
Shelby,2013,Black,15-24,262,12537
Shelby,2013,White,15-24,5949,12538
Shelby,2014,Black,15-24,263,12540
Shelby,2014,White,15-24,5979,12541
Shelby,2015,Black,15-24,260,12543
Shelby,2015,White,15-24,6029,12544
Shelby,2016,Black,15-24,255,12546
Shelby,2016,White,15-24,6001,12547
Shelby,2017,Black,15-24,273,12549
Shelby,2017,White,15-24,5880,12550
Shelby,2018,Black,15-24,284,12552
Shelby,2018,White,15-24,5783,12553
Shelby,2019,Black,15-24,298,12555
Shelby,2019,White,15-24,5786,12556
Shelby,2020,Black,15-24,279,12558
Shelby,2020,White,15-24,5706,12559
Stark,2010,Black,15-24,5551,12564
Stark,2010,White,15-24,42384,12565
Stark,2011,Black,15-24,5588,12567
Stark,2011,White,15-24,42451,12568
Stark,2012,Black,15-24,5702,12570
Stark,2012,White,15-24,42754,12571
Stark,2013,Black,15-24,5912,12573
Stark,2013,White,15-24,42796,12574
Stark,2014,Black,15-24,6000,12576
Stark,2014,White,15-24,42209,12577
Stark,2015,Black,15-24,6006,12579
Stark,2015,White,15-24,41682,12580
Stark,2016,Black,15-24,5961,12582
Stark,2016,White,15-24,40820,12583
Stark,2017,Black,15-24,5839,12585
Stark,2017,White,15-24,40034,12586
Stark,2018,Black,15-24,5773,12588
Stark,2018,White,15-24,39484,12589
Stark,2019,Black,15-24,5790,12591
Stark,2019,White,15-24,38745,12592
Stark,2020,Black,15-24,5783,12594
Stark,2020,White,15-24,38135,12595
Summit,2010,Black,15-24,14072,12600
Summit,2010,White,15-24,55954,12601
Summit,2011,Black,15-24,14473,12603
Summit,2011,White,15-24,55827,12604
Summit,2012,Black,15-24,14637,12606
Summit,2012,White,15-24,55438,12607
Summit,2013,Black,15-24,14721,12609
Summit,2013,White,15-24,54493,12610
Summit,2014,Black,15-24,14615,12612
Summit,2014,White,15-24,53328,12613
Summit,2015,Black,15-24,14523,12615
Summit,2015,White,15-24,52246,12616
Summit,2016,Black,15-24,14285,12618
Summit,2016,White,15-24,50945,12619
Summit,2017,Black,15-24,14020,12621
Summit,2017,White,15-24,49995,12622
Summit,2018,Black,15-24,13772,12624
Summit,2018,White,15-24,49130,12625
Summit,2019,Black,15-24,13467,12627
Summit,2019,White,15-24,47858,12628
Summit,2020,Black,15-24,13221,12630
Summit,2020,White,15-24,46571,12631
Trumbull,2010,Black,15-24,3182,12636
Trumbull,2010,White,15-24,22048,12637
Trumbull,2011,Black,15-24,3191,12639
Trumbull,2011,White,15-24,21947,12640
Trumbull,2012,Black,15-24,3215,12642
Trumbull,2012,White,15-24,21804,12643
Trumbull,2013,Black,15-24,3242,12645
Trumbull,2013,White,15-24,21776,12646
Trumbull,2014,Black,15-24,3223,12648
Trumbull,2014,White,15-24,21513,12649
Trumbull,2015,Black,15-24,3229,12651
Trumbull,2015,White,15-24,21118,12652
Trumbull,2016,Black,15-24,3192,12654
Trumbull,2016,White,15-24,20601,12655
Trumbull,2017,Black,15-24,3076,12657
Trumbull,2017,White,15-24,20171,12658
Trumbull,2018,Black,15-24,2886,12660
Trumbull,2018,White,15-24,19717,12661
Trumbull,2019,Black,15-24,2902,12663
Trumbull,2019,White,15-24,19393,12664
Trumbull,2020,Black,15-24,2867,12666
Trumbull,2020,White,15-24,18985,12667
Tuscarawas,2010,Black,15-24,161,12672
Tuscarawas,2010,White,15-24,10608,12673
Tuscarawas,2011,Black,15-24,166,12675
Tuscarawas,2011,White,15-24,10622,12676
Tuscarawas,2012,Black,15-24,190,12678
Tuscarawas,2012,White,15-24,10644,12679
Tuscarawas,2013,Black,15-24,187,12681
Tuscarawas,2013,White,15-24,10703,12682
Tuscarawas,2014,Black,15-24,209,12684
Tuscarawas,2014,White,15-24,10721,12685
Tuscarawas,2015,Black,15-24,209,12687
Tuscarawas,2015,White,15-24,10722,12688
Tuscarawas,2016,Black,15-24,244,12690
Tuscarawas,2016,White,15-24,10661,12691
Tuscarawas,2017,Black,15-24,243,12693
Tuscarawas,2017,White,15-24,10501,12694
Tuscarawas,2018,Black,15-24,245,12696
Tuscarawas,2018,White,15-24,10499,12697
Tuscarawas,2019,Black,15-24,242,12699
Tuscarawas,2019,White,15-24,10472,12700
Tuscarawas,2020,Black,15-24,245,12702
Tuscarawas,2020,White,15-24,10292,12703
Union,2010,Black,15-24,254,12708
Union,2010,White,15-24,5793,12709
Union,2011,Black,15-24,268,12711
Union,2011,White,15-24,5953,12712
Union,2012,Black,15-24,252,12714
Union,2012,White,15-24,6094,12715
Union,2013,Black,15-24,259,12717
Union,2013,White,15-24,6344,12718
Union,2014,Black,15-24,280,12720
Union,2014,White,15-24,6388,12721
Union,2015,Black,15-24,279,12723
Union,2015,White,15-24,6494,12724
Union,2016,Black,15-24,304,12726
Union,2016,White,15-24,6554,12727
Union,2017,Black,15-24,300,12729
Union,2017,White,15-24,6550,12730
Union,2018,Black,15-24,295,12732
Union,2018,White,15-24,6509,12733
Union,2019,Black,15-24,288,12735
Union,2019,White,15-24,6565,12736
Union,2020,Black,15-24,276,12738
Union,2020,White,15-24,6488,12739
Van Wert,2010,Black,15-24,91,12744
Van Wert,2010,White,15-24,3339,12745
Van Wert,2011,Black,15-24,103,12747
Van Wert,2011,White,15-24,3375,12748
Van Wert,2012,Black,15-24,107,12750
Van Wert,2012,White,15-24,3411,12751
Van Wert,2013,Black,15-24,105,12753
Van Wert,2013,White,15-24,3376,12754
Van Wert,2014,Black,15-24,119,12756
Van Wert,2014,White,15-24,3428,12757
Van Wert,2015,Black,15-24,114,12759
Van Wert,2015,White,15-24,3485,12760
Van Wert,2016,Black,15-24,110,12762
Van Wert,2016,White,15-24,3357,12763
Van Wert,2017,Black,15-24,105,12765
Van Wert,2017,White,15-24,3317,12766
Van Wert,2018,Black,15-24,104,12768
Van Wert,2018,White,15-24,3261,12769
Van Wert,2019,Black,15-24,96,12771
Van Wert,2019,White,15-24,3220,12772
Van Wert,2020,Black,15-24,95,12774
Van Wert,2020,White,15-24,3132,12775
Vinton,2010,Black,15-24,12,12780
Vinton,2010,White,15-24,1674,12781
Vinton,2011,Black,15-24,18,12783
Vinton,2011,White,15-24,1722,12784
Vinton,2012,Black,15-24,16,12786
Vinton,2012,White,15-24,1653,12787
Vinton,2013,Black,15-24,15,12789
Vinton,2013,White,15-24,1665,12790
Vinton,2014,Black,15-24,21,12792
Vinton,2014,White,15-24,1615,12793
Vinton,2015,Black,15-24,18,12795
Vinton,2015,White,15-24,1583,12796
Vinton,2016,Black,15-24,14,12798
Vinton,2016,White,15-24,1558,12799
Vinton,2017,Black,15-24,22,12801
Vinton,2017,White,15-24,1549,12802
Vinton,2018,Black,15-24,22,12804
Vinton,2018,White,15-24,1496,12805
Vinton,2019,Black,15-24,25,12807
Vinton,2019,White,15-24,1448,12808
Vinton,2020,Black,15-24,29,12810
Vinton,2020,White,15-24,1465,12811
Warren,2010,Black,15-24,1526,12816
Warren,2010,White,15-24,21846,12817
Warren,2011,Black,15-24,1581,12819
Warren,2011,White,15-24,22569,12820
Warren,2012,Black,15-24,1618,12822
Warren,2012,White,15-24,23318,12823
Warren,2013,Black,15-24,1678,12825
Warren,2013,White,15-24,24011,12826
Warren,2014,Black,15-24,1679,12828
Warren,2014,White,15-24,24738,12829
Warren,2015,Black,15-24,1697,12831
Warren,2015,White,15-24,25371,12832
Warren,2016,Black,15-24,1751,12834
Warren,2016,White,15-24,25648,12835
Warren,2017,Black,15-24,1710,12837
Warren,2017,White,15-24,25756,12838
Warren,2018,Black,15-24,1739,12840
Warren,2018,White,15-24,25955,12841
Warren,2019,Black,15-24,1783,12843
Warren,2019,White,15-24,26133,12844
Warren,2020,Black,15-24,1752,12846
Warren,2020,White,15-24,26153,12847
Washington,2010,Black,15-24,162,12852
Washington,2010,White,15-24,7580,12853
Washington,2011,Black,15-24,162,12855
Washington,2011,White,15-24,7630,12856
Washington,2012,Black,15-24,169,12858
Washington,2012,White,15-24,7616,12859
Washington,2013,Black,15-24,181,12861
Washington,2013,White,15-24,7585,12862
Washington,2014,Black,15-24,178,12864
Washington,2014,White,15-24,7469,12865
Washington,2015,Black,15-24,188,12867
Washington,2015,White,15-24,7418,12868
Washington,2016,Black,15-24,192,12870
Washington,2016,White,15-24,7120,12871
Washington,2017,Black,15-24,203,12873
Washington,2017,White,15-24,7177,12874
Washington,2018,Black,15-24,199,12876
Washington,2018,White,15-24,7043,12877
Washington,2019,Black,15-24,211,12879
Washington,2019,White,15-24,6861,12880
Washington,2020,Black,15-24,193,12882
Washington,2020,White,15-24,6781,12883
Wayne,2010,Black,15-24,507,12888
Wayne,2010,White,15-24,15384,12889
Wayne,2011,Black,15-24,578,12891
Wayne,2011,White,15-24,15605,12892
Wayne,2012,Black,15-24,588,12894
Wayne,2012,White,15-24,15748,12895
Wayne,2013,Black,15-24,612,12897
Wayne,2013,White,15-24,15737,12898
Wayne,2014,Black,15-24,638,12900
Wayne,2014,White,15-24,15796,12901
Wayne,2015,Black,15-24,638,12903
Wayne,2015,White,15-24,15716,12904
Wayne,2016,Black,15-24,665,12906
Wayne,2016,White,15-24,15568,12907
Wayne,2017,Black,15-24,611,12909
Wayne,2017,White,15-24,15176,12910
Wayne,2018,Black,15-24,619,12912
Wayne,2018,White,15-24,14989,12913
Wayne,2019,Black,15-24,602,12915
Wayne,2019,White,15-24,14959,12916
Wayne,2020,Black,15-24,555,12918
Wayne,2020,White,15-24,14758,12919
Williams,2010,Black,15-24,119,12924
Williams,2010,White,15-24,4328,12925
Williams,2011,Black,15-24,129,12927
Williams,2011,White,15-24,4321,12928
Williams,2012,Black,15-24,119,12930
Williams,2012,White,15-24,4303,12931
Williams,2013,Black,15-24,118,12933
Williams,2013,White,15-24,4335,12934
Williams,2014,Black,15-24,129,12936
Williams,2014,White,15-24,4345,12937
Williams,2015,Black,15-24,134,12939
Williams,2015,White,15-24,4284,12940
Williams,2016,Black,15-24,141,12942
Williams,2016,White,15-24,4256,12943
Williams,2017,Black,15-24,145,12945
Williams,2017,White,15-24,4220,12946
Williams,2018,Black,15-24,145,12948
Williams,2018,White,15-24,4215,12949
Williams,2019,Black,15-24,143,12951
Williams,2019,White,15-24,4232,12952
Williams,2020,Black,15-24,146,12954
Williams,2020,White,15-24,4111,12955
Wood,2010,Black,15-24,1799,12960
Wood,2010,White,15-24,23665,12961
Wood,2011,Black,15-24,1847,12963
Wood,2011,White,15-24,24518,12964
Wood,2012,Black,15-24,1949,12966
Wood,2012,White,15-24,25381,12967
Wood,2013,Black,15-24,1910,12969
Wood,2013,White,15-24,25448,12970
Wood,2014,Black,15-24,1888,12972
Wood,2014,White,15-24,25429,12973
Wood,2015,Black,15-24,1934,12975
Wood,2015,White,15-24,25176,12976
Wood,2016,Black,15-24,1944,12978
Wood,2016,White,15-24,25132,12979
Wood,2017,Black,15-24,1932,12981
Wood,2017,White,15-24,25250,12982
Wood,2018,Black,15-24,1918,12984
Wood,2018,White,15-24,24674,12985
Wood,2019,Black,15-24,1818,12987
Wood,2019,White,15-24,24581,12988
Wood,2020,Black,15-24,1780,12990
Wood,2020,White,15-24,24344,12991
Wyandot,2010,Black,15-24,19,12996
Wyandot,2010,White,15-24,2594,12997
Wyandot,2011,Black,15-24,26,12999
Wyandot,2011,White,15-24,2619,13000
Wyandot,2012,Black,15-24,35,13002
Wyandot,2012,White,15-24,2644,13003
Wyandot,2013,Black,15-24,29,13005
Wyandot,2013,White,15-24,2638,13006
Wyandot,2014,Black,15-24,34,13008
Wyandot,2014,White,15-24,2624,13009
Wyandot,2015,Black,15-24,35,13011
Wyandot,2015,White,15-24,2567,13012
Wyandot,2016,Black,15-24,38,13014
Wyandot,2016,White,15-24,2558,13015
Wyandot,2017,Black,15-24,38,13017
Wyandot,2017,White,15-24,2520,13018
Wyandot,2018,Black,15-24,40,13020
Wyandot,2018,White,15-24,2465,13021
Wyandot,2019,Black,15-24,41,13023
Wyandot,2019,White,15-24,2442,13024
Wyandot,2020,Black,15-24,44,13026
Wyandot,2020,White,15-24,2414,13027
Unknown,2010,Black,15-24,0,13032
Unknown,2010,White,15-24,0,13033
Unknown,2011,Black,15-24,0,13035
Unknown,2011,White,15-24,0,13036
Unknown,2012,Black,15-24,0,13038
Unknown,2012,White,15-24,0,13039
Unknown,2013,Black,15-24,0,13041
Unknown,2013,White,15-24,0,13042
Unknown,2014,Black,15-24,0,13044
Unknown,2014,White,15-24,0,13045
Unknown,2015,Black,15-24,0,13047
Unknown,2015,White,15-24,0,13048
Unknown,2016,Black,15-24,0,13050
Unknown,2016,White,15-24,0,13051
Unknown,2017,Black,15-24,0,13053
Unknown,2017,White,15-24,0,13054
Unknown,2018,Black,15-24,0,13056
Unknown,2018,White,15-24,0,13057
Unknown,2019,Black,15-24,0,13059
Unknown,2019,White,15-24,0,13060
Unknown,2020,Black,15-24,0,13062
Unknown,2020,White,15-24,0,13063
Adams,2010,Black,25-34,21,13104
Adams,2010,White,25-34,3125,13105
Adams,2011,Black,25-34,26,13107
Adams,2011,White,25-34,3064,13108
Adams,2012,Black,25-34,26,13110
Adams,2012,White,25-34,3023,13111
Adams,2013,Black,25-34,28,13113
Adams,2013,White,25-34,2982,13114
Adams,2014,Black,25-34,30,13116
Adams,2014,White,25-34,2948,13117
Adams,2015,Black,25-34,28,13119
Adams,2015,White,25-34,2957,13120
Adams,2016,Black,25-34,33,13122
Adams,2016,White,25-34,2963,13123
Adams,2017,Black,25-34,23,13125
Adams,2017,White,25-34,2979,13126
Adams,2018,Black,25-34,27,13128
Adams,2018,White,25-34,2998,13129
Adams,2019,Black,25-34,30,13131
Adams,2019,White,25-34,3023,13132
Adams,2020,Black,25-34,33,13134
Adams,2020,White,25-34,3061,13135
Allen,2010,Black,25-34,1849,13140
Allen,2010,White,25-34,10434,13141
Allen,2011,Black,25-34,1817,13143
Allen,2011,White,25-34,10398,13144
Allen,2012,Black,25-34,1763,13146
Allen,2012,White,25-34,10373,13147
Allen,2013,Black,25-34,1778,13149
Allen,2013,White,25-34,10360,13150
Allen,2014,Black,25-34,1772,13152
Allen,2014,White,25-34,10467,13153
Allen,2015,Black,25-34,1793,13155
Allen,2015,White,25-34,10447,13156
Allen,2016,Black,25-34,1892,13158
Allen,2016,White,25-34,10512,13159
Allen,2017,Black,25-34,1947,13161
Allen,2017,White,25-34,10528,13162
Allen,2018,Black,25-34,2007,13164
Allen,2018,White,25-34,10484,13165
Allen,2019,Black,25-34,2002,13167
Allen,2019,White,25-34,10608,13168
Allen,2020,Black,25-34,1997,13170
Allen,2020,White,25-34,10492,13171
Ashland,2010,Black,25-34,66,13176
Ashland,2010,White,25-34,5720,13177
Ashland,2011,Black,25-34,68,13179
Ashland,2011,White,25-34,5702,13180
Ashland,2012,Black,25-34,59,13182
Ashland,2012,White,25-34,5706,13183
Ashland,2013,Black,25-34,60,13185
Ashland,2013,White,25-34,5657,13186
Ashland,2014,Black,25-34,64,13188
Ashland,2014,White,25-34,5681,13189
Ashland,2015,Black,25-34,66,13191
Ashland,2015,White,25-34,5695,13192
Ashland,2016,Black,25-34,73,13194
Ashland,2016,White,25-34,5700,13195
Ashland,2017,Black,25-34,69,13197
Ashland,2017,White,25-34,5801,13198
Ashland,2018,Black,25-34,83,13200
Ashland,2018,White,25-34,5831,13201
Ashland,2019,Black,25-34,99,13203
Ashland,2019,White,25-34,5816,13204
Ashland,2020,Black,25-34,102,13206
Ashland,2020,White,25-34,5901,13207
Ashtabula,2010,Black,25-34,688,13212
Ashtabula,2010,White,25-34,10261,13213
Ashtabula,2011,Black,25-34,709,13215
Ashtabula,2011,White,25-34,10309,13216
Ashtabula,2012,Black,25-34,726,13218
Ashtabula,2012,White,25-34,10163,13219
Ashtabula,2013,Black,25-34,780,13221
Ashtabula,2013,White,25-34,10140,13222
Ashtabula,2014,Black,25-34,799,13224
Ashtabula,2014,White,25-34,10122,13225
Ashtabula,2015,Black,25-34,813,13227
Ashtabula,2015,White,25-34,10096,13228
Ashtabula,2016,Black,25-34,846,13230
Ashtabula,2016,White,25-34,10285,13231
Ashtabula,2017,Black,25-34,868,13233
Ashtabula,2017,White,25-34,10222,13234
Ashtabula,2018,Black,25-34,872,13236
Ashtabula,2018,White,25-34,10334,13237
Ashtabula,2019,Black,25-34,895,13239
Ashtabula,2019,White,25-34,10368,13240
Ashtabula,2020,Black,25-34,868,13242
Ashtabula,2020,White,25-34,10328,13243
Athens,2010,Black,25-34,284,13248
Athens,2010,White,25-34,6943,13249
Athens,2011,Black,25-34,287,13251
Athens,2011,White,25-34,7058,13252
Athens,2012,Black,25-34,267,13254
Athens,2012,White,25-34,7162,13255
Athens,2013,Black,25-34,319,13257
Athens,2013,White,25-34,7601,13258
Athens,2014,Black,25-34,281,13260
Athens,2014,White,25-34,7762,13261
Athens,2015,Black,25-34,304,13263
Athens,2015,White,25-34,7792,13264
Athens,2016,Black,25-34,282,13266
Athens,2016,White,25-34,7619,13267
Athens,2017,Black,25-34,300,13269
Athens,2017,White,25-34,7525,13270
Athens,2018,Black,25-34,312,13272
Athens,2018,White,25-34,7327,13273
Athens,2019,Black,25-34,294,13275
Athens,2019,White,25-34,7229,13276
Athens,2020,Black,25-34,314,13278
Athens,2020,White,25-34,7025,13279
Auglaize,2010,Black,25-34,17,13284
Auglaize,2010,White,25-34,5011,13285
Auglaize,2011,Black,25-34,35,13287
Auglaize,2011,White,25-34,4975,13288
Auglaize,2012,Black,25-34,44,13290
Auglaize,2012,White,25-34,4931,13291
Auglaize,2013,Black,25-34,49,13293
Auglaize,2013,White,25-34,4915,13294
Auglaize,2014,Black,25-34,50,13296
Auglaize,2014,White,25-34,4872,13297
Auglaize,2015,Black,25-34,56,13299
Auglaize,2015,White,25-34,4903,13300
Auglaize,2016,Black,25-34,63,13302
Auglaize,2016,White,25-34,4988,13303
Auglaize,2017,Black,25-34,66,13305
Auglaize,2017,White,25-34,4986,13306
Auglaize,2018,Black,25-34,71,13308
Auglaize,2018,White,25-34,5093,13309
Auglaize,2019,Black,25-34,65,13311
Auglaize,2019,White,25-34,5150,13312
Auglaize,2020,Black,25-34,73,13314
Auglaize,2020,White,25-34,5287,13315
Belmont,2010,Black,25-34,759,13320
Belmont,2010,White,25-34,7387,13321
Belmont,2011,Black,25-34,772,13323
Belmont,2011,White,25-34,7471,13324
Belmont,2012,Black,25-34,785,13326
Belmont,2012,White,25-34,7435,13327
Belmont,2013,Black,25-34,786,13329
Belmont,2013,White,25-34,7573,13330
Belmont,2014,Black,25-34,817,13332
Belmont,2014,White,25-34,7647,13333
Belmont,2015,Black,25-34,832,13335
Belmont,2015,White,25-34,7599,13336
Belmont,2016,Black,25-34,842,13338
Belmont,2016,White,25-34,7724,13339
Belmont,2017,Black,25-34,848,13341
Belmont,2017,White,25-34,7648,13342
Belmont,2018,Black,25-34,887,13344
Belmont,2018,White,25-34,7589,13345
Belmont,2019,Black,25-34,900,13347
Belmont,2019,White,25-34,7565,13348
Belmont,2020,Black,25-34,827,13350
Belmont,2020,White,25-34,7384,13351
Brown,2010,Black,25-34,42,13356
Brown,2010,White,25-34,4980,13357
Brown,2011,Black,25-34,56,13359
Brown,2011,White,25-34,4912,13360
Brown,2012,Black,25-34,45,13362
Brown,2012,White,25-34,4813,13363
Brown,2013,Black,25-34,53,13365
Brown,2013,White,25-34,4781,13366
Brown,2014,Black,25-34,56,13368
Brown,2014,White,25-34,4768,13369
Brown,2015,Black,25-34,49,13371
Brown,2015,White,25-34,4748,13372
Brown,2016,Black,25-34,52,13374
Brown,2016,White,25-34,4687,13375
Brown,2017,Black,25-34,61,13377
Brown,2017,White,25-34,4778,13378
Brown,2018,Black,25-34,76,13380
Brown,2018,White,25-34,4843,13381
Brown,2019,Black,25-34,76,13383
Brown,2019,White,25-34,4866,13384
Brown,2020,Black,25-34,79,13386
Brown,2020,White,25-34,4895,13387
Butler,2010,Black,25-34,3946,13392
Butler,2010,White,25-34,39246,13393
Butler,2011,Black,25-34,3969,13395
Butler,2011,White,25-34,38793,13396
Butler,2012,Black,25-34,4055,13398
Butler,2012,White,25-34,38180,13399
Butler,2013,Black,25-34,4114,13401
Butler,2013,White,25-34,37951,13402
Butler,2014,Black,25-34,4321,13404
Butler,2014,White,25-34,37850,13405
Butler,2015,Black,25-34,4560,13407
Butler,2015,White,25-34,37383,13408
Butler,2016,Black,25-34,4777,13410
Butler,2016,White,25-34,37128,13411
Butler,2017,Black,25-34,5059,13413
Butler,2017,White,25-34,37390,13414
Butler,2018,Black,25-34,5300,13416
Butler,2018,White,25-34,37277,13417
Butler,2019,Black,25-34,5644,13419
Butler,2019,White,25-34,37222,13420
Butler,2020,Black,25-34,5917,13422
Butler,2020,White,25-34,36934,13423
Carroll,2010,Black,25-34,27,13428
Carroll,2010,White,25-34,2861,13429
Carroll,2011,Black,25-34,33,13431
Carroll,2011,White,25-34,2806,13432
Carroll,2012,Black,25-34,38,13434
Carroll,2012,White,25-34,2747,13435
Carroll,2013,Black,25-34,38,13437
Carroll,2013,White,25-34,2718,13438
Carroll,2014,Black,25-34,33,13440
Carroll,2014,White,25-34,2710,13441
Carroll,2015,Black,25-34,36,13443
Carroll,2015,White,25-34,2707,13444
Carroll,2016,Black,25-34,34,13446
Carroll,2016,White,25-34,2728,13447
Carroll,2017,Black,25-34,36,13449
Carroll,2017,White,25-34,2739,13450
Carroll,2018,Black,25-34,35,13452
Carroll,2018,White,25-34,2724,13453
Carroll,2019,Black,25-34,35,13455
Carroll,2019,White,25-34,2746,13456
Carroll,2020,Black,25-34,33,13458
Carroll,2020,White,25-34,2708,13459
Champaign,2010,Black,25-34,104,13464
Champaign,2010,White,25-34,4126,13465
Champaign,2011,Black,25-34,109,13467
Champaign,2011,White,25-34,4078,13468
Champaign,2012,Black,25-34,118,13470
Champaign,2012,White,25-34,4058,13471
Champaign,2013,Black,25-34,131,13473
Champaign,2013,White,25-34,4065,13474
Champaign,2014,Black,25-34,134,13476
Champaign,2014,White,25-34,3991,13477
Champaign,2015,Black,25-34,144,13479
Champaign,2015,White,25-34,4003,13480
Champaign,2016,Black,25-34,149,13482
Champaign,2016,White,25-34,4058,13483
Champaign,2017,Black,25-34,153,13485
Champaign,2017,White,25-34,4172,13486
Champaign,2018,Black,25-34,150,13488
Champaign,2018,White,25-34,4251,13489
Champaign,2019,Black,25-34,148,13491
Champaign,2019,White,25-34,4424,13492
Champaign,2020,Black,25-34,162,13494
Champaign,2020,White,25-34,4520,13495
Clark,2010,Black,25-34,1591,13500
Clark,2010,White,25-34,13509,13501
Clark,2011,Black,25-34,1591,13503
Clark,2011,White,25-34,13477,13504
Clark,2012,Black,25-34,1585,13506
Clark,2012,White,25-34,13416,13507
Clark,2013,Black,25-34,1587,13509
Clark,2013,White,25-34,13583,13510
Clark,2014,Black,25-34,1602,13512
Clark,2014,White,25-34,13695,13513
Clark,2015,Black,25-34,1586,13515
Clark,2015,White,25-34,13705,13516
Clark,2016,Black,25-34,1643,13518
Clark,2016,White,25-34,13838,13519
Clark,2017,Black,25-34,1726,13521
Clark,2017,White,25-34,13773,13522
Clark,2018,Black,25-34,1793,13524
Clark,2018,White,25-34,13735,13525
Clark,2019,Black,25-34,1842,13527
Clark,2019,White,25-34,13780,13528
Clark,2020,Black,25-34,1880,13530
Clark,2020,White,25-34,13705,13531
Clermont,2010,Black,25-34,420,13536
Clermont,2010,White,25-34,23006,13537
Clermont,2011,Black,25-34,439,13539
Clermont,2011,White,25-34,23252,13540
Clermont,2012,Black,25-34,435,13542
Clermont,2012,White,25-34,23272,13543
Clermont,2013,Black,25-34,458,13545
Clermont,2013,White,25-34,23154,13546
Clermont,2014,Black,25-34,504,13548
Clermont,2014,White,25-34,23330,13549
Clermont,2015,Black,25-34,547,13551
Clermont,2015,White,25-34,23461,13552
Clermont,2016,Black,25-34,642,13554
Clermont,2016,White,25-34,23858,13555
Clermont,2017,Black,25-34,682,13557
Clermont,2017,White,25-34,24145,13558
Clermont,2018,Black,25-34,684,13560
Clermont,2018,White,25-34,24328,13561
Clermont,2019,Black,25-34,745,13563
Clermont,2019,White,25-34,24612,13564
Clermont,2020,Black,25-34,861,13566
Clermont,2020,White,25-34,24660,13567
Clinton,2010,Black,25-34,130,13572
Clinton,2010,White,25-34,4704,13573
Clinton,2011,Black,25-34,136,13575
Clinton,2011,White,25-34,4720,13576
Clinton,2012,Black,25-34,142,13578
Clinton,2012,White,25-34,4766,13579
Clinton,2013,Black,25-34,150,13581
Clinton,2013,White,25-34,4664,13582
Clinton,2014,Black,25-34,143,13584
Clinton,2014,White,25-34,4620,13585
Clinton,2015,Black,25-34,137,13587
Clinton,2015,White,25-34,4671,13588
Clinton,2016,Black,25-34,147,13590
Clinton,2016,White,25-34,4609,13591
Clinton,2017,Black,25-34,158,13593
Clinton,2017,White,25-34,4551,13594
Clinton,2018,Black,25-34,156,13596
Clinton,2018,White,25-34,4617,13597
Clinton,2019,Black,25-34,163,13599
Clinton,2019,White,25-34,4681,13600
Clinton,2020,Black,25-34,172,13602
Clinton,2020,White,25-34,4672,13603
Columbiana,2010,Black,25-34,578,13608
Columbiana,2010,White,25-34,11331,13609
Columbiana,2011,Black,25-34,586,13611
Columbiana,2011,White,25-34,11302,13612
Columbiana,2012,Black,25-34,585,13614
Columbiana,2012,White,25-34,11038,13615
Columbiana,2013,Black,25-34,586,13617
Columbiana,2013,White,25-34,10989,13618
Columbiana,2014,Black,25-34,602,13620
Columbiana,2014,White,25-34,11023,13621
Columbiana,2015,Black,25-34,616,13623
Columbiana,2015,White,25-34,10865,13624
Columbiana,2016,Black,25-34,623,13626
Columbiana,2016,White,25-34,10891,13627
Columbiana,2017,Black,25-34,646,13629
Columbiana,2017,White,25-34,10916,13630
Columbiana,2018,Black,25-34,665,13632
Columbiana,2018,White,25-34,10963,13633
Columbiana,2019,Black,25-34,683,13635
Columbiana,2019,White,25-34,11022,13636
Columbiana,2020,Black,25-34,710,13638
Columbiana,2020,White,25-34,10908,13639
Coshocton,2010,Black,25-34,47,13644
Coshocton,2010,White,25-34,4054,13645
Coshocton,2011,Black,25-34,56,13647
Coshocton,2011,White,25-34,4068,13648
Coshocton,2012,Black,25-34,54,13650
Coshocton,2012,White,25-34,4065,13651
Coshocton,2013,Black,25-34,60,13653
Coshocton,2013,White,25-34,4032,13654
Coshocton,2014,Black,25-34,63,13656
Coshocton,2014,White,25-34,4048,13657
Coshocton,2015,Black,25-34,61,13659
Coshocton,2015,White,25-34,4067,13660
Coshocton,2016,Black,25-34,64,13662
Coshocton,2016,White,25-34,4084,13663
Coshocton,2017,Black,25-34,63,13665
Coshocton,2017,White,25-34,4041,13666
Coshocton,2018,Black,25-34,69,13668
Coshocton,2018,White,25-34,4062,13669
Coshocton,2019,Black,25-34,63,13671
Coshocton,2019,White,25-34,4077,13672
Coshocton,2020,Black,25-34,67,13674
Coshocton,2020,White,25-34,4099,13675
Crawford,2010,Black,25-34,68,13680
Crawford,2010,White,25-34,4671,13681
Crawford,2011,Black,25-34,63,13683
Crawford,2011,White,25-34,4549,13684
Crawford,2012,Black,25-34,66,13686
Crawford,2012,White,25-34,4450,13687
Crawford,2013,Black,25-34,78,13689
Crawford,2013,White,25-34,4402,13690
Crawford,2014,Black,25-34,74,13692
Crawford,2014,White,25-34,4322,13693
Crawford,2015,Black,25-34,76,13695
Crawford,2015,White,25-34,4336,13696
Crawford,2016,Black,25-34,75,13698
Crawford,2016,White,25-34,4400,13699
Crawford,2017,Black,25-34,88,13701
Crawford,2017,White,25-34,4476,13702
Crawford,2018,Black,25-34,96,13704
Crawford,2018,White,25-34,4471,13705
Crawford,2019,Black,25-34,114,13707
Crawford,2019,White,25-34,4486,13708
Crawford,2020,Black,25-34,90,13710
Crawford,2020,White,25-34,4566,13711
Cuyahoga,2010,Black,25-34,47228,13716
Cuyahoga,2010,White,25-34,102813,13717
Cuyahoga,2011,Black,25-34,47655,13719
Cuyahoga,2011,White,25-34,103768,13720
Cuyahoga,2012,Black,25-34,48053,13722
Cuyahoga,2012,White,25-34,104630,13723
Cuyahoga,2013,Black,25-34,49142,13725
Cuyahoga,2013,White,25-34,105393,13726
Cuyahoga,2014,Black,25-34,50204,13728
Cuyahoga,2014,White,25-34,106315,13729
Cuyahoga,2015,Black,25-34,51491,13731
Cuyahoga,2015,White,25-34,106573,13732
Cuyahoga,2016,Black,25-34,53242,13734
Cuyahoga,2016,White,25-34,107209,13735
Cuyahoga,2017,Black,25-34,55030,13737
Cuyahoga,2017,White,25-34,108627,13738
Cuyahoga,2018,Black,25-34,56465,13740
Cuyahoga,2018,White,25-34,109644,13741
Cuyahoga,2019,Black,25-34,57791,13743
Cuyahoga,2019,White,25-34,110351,13744
Cuyahoga,2020,Black,25-34,58519,13746
Cuyahoga,2020,White,25-34,110661,13747
Darke,2010,Black,25-34,39,13752
Darke,2010,White,25-34,5630,13753
Darke,2011,Black,25-34,49,13755
Darke,2011,White,25-34,5548,13756
Darke,2012,Black,25-34,58,13758
Darke,2012,White,25-34,5422,13759
Darke,2013,Black,25-34,57,13761
Darke,2013,White,25-34,5362,13762
Darke,2014,Black,25-34,59,13764
Darke,2014,White,25-34,5176,13765
Darke,2015,Black,25-34,63,13767
Darke,2015,White,25-34,5226,13768
Darke,2016,Black,25-34,66,13770
Darke,2016,White,25-34,5239,13771
Darke,2017,Black,25-34,70,13773
Darke,2017,White,25-34,5353,13774
Darke,2018,Black,25-34,68,13776
Darke,2018,White,25-34,5348,13777
Darke,2019,Black,25-34,84,13779
Darke,2019,White,25-34,5421,13780
Darke,2020,Black,25-34,92,13782
Darke,2020,White,25-34,5509,13783
Defiance,2010,Black,25-34,104,13788
Defiance,2010,White,25-34,4347,13789
Defiance,2011,Black,25-34,108,13791
Defiance,2011,White,25-34,4342,13792
Defiance,2012,Black,25-34,95,13794
Defiance,2012,White,25-34,4318,13795
Defiance,2013,Black,25-34,97,13797
Defiance,2013,White,25-34,4288,13798
Defiance,2014,Black,25-34,109,13800
Defiance,2014,White,25-34,4321,13801
Defiance,2015,Black,25-34,109,13803
Defiance,2015,White,25-34,4234,13804
Defiance,2016,Black,25-34,111,13806
Defiance,2016,White,25-34,4192,13807
Defiance,2017,Black,25-34,113,13809
Defiance,2017,White,25-34,4230,13810
Defiance,2018,Black,25-34,125,13812
Defiance,2018,White,25-34,4265,13813
Defiance,2019,Black,25-34,122,13815
Defiance,2019,White,25-34,4245,13816
Defiance,2020,Black,25-34,134,13818
Defiance,2020,White,25-34,4171,13819
Delaware,2010,Black,25-34,638,13824
Delaware,2010,White,25-34,17084,13825
Delaware,2011,Black,25-34,642,13827
Delaware,2011,White,25-34,16854,13828
Delaware,2012,Black,25-34,661,13830
Delaware,2012,White,25-34,16734,13831
Delaware,2013,Black,25-34,641,13833
Delaware,2013,White,25-34,16863,13834
Delaware,2014,Black,25-34,629,13836
Delaware,2014,White,25-34,17046,13837
Delaware,2015,Black,25-34,690,13839
Delaware,2015,White,25-34,17018,13840
Delaware,2016,Black,25-34,786,13842
Delaware,2016,White,25-34,16938,13843
Delaware,2017,Black,25-34,863,13845
Delaware,2017,White,25-34,16650,13846
Delaware,2018,Black,25-34,947,13848
Delaware,2018,White,25-34,16853,13849
Delaware,2019,Black,25-34,1044,13851
Delaware,2019,White,25-34,16971,13852
Delaware,2020,Black,25-34,1109,13854
Delaware,2020,White,25-34,17178,13855
Erie,2010,Black,25-34,905,13860
Erie,2010,White,25-34,6963,13861
Erie,2011,Black,25-34,915,13863
Erie,2011,White,25-34,7051,13864
Erie,2012,Black,25-34,919,13866
Erie,2012,White,25-34,7079,13867
Erie,2013,Black,25-34,917,13869
Erie,2013,White,25-34,7094,13870
Erie,2014,Black,25-34,937,13872
Erie,2014,White,25-34,7103,13873
Erie,2015,Black,25-34,952,13875
Erie,2015,White,25-34,7045,13876
Erie,2016,Black,25-34,989,13878
Erie,2016,White,25-34,7143,13879
Erie,2017,Black,25-34,1020,13881
Erie,2017,White,25-34,7215,13882
Erie,2018,Black,25-34,1088,13884
Erie,2018,White,25-34,7274,13885
Erie,2019,Black,25-34,1125,13887
Erie,2019,White,25-34,7287,13888
Erie,2020,Black,25-34,1166,13890
Erie,2020,White,25-34,7262,13891
Fairfield,2010,Black,25-34,1410,13896
Fairfield,2010,White,25-34,15681,13897
Fairfield,2011,Black,25-34,1393,13899
Fairfield,2011,White,25-34,15680,13900
Fairfield,2012,Black,25-34,1421,13902
Fairfield,2012,White,25-34,15354,13903
Fairfield,2013,Black,25-34,1550,13905
Fairfield,2013,White,25-34,15474,13906
Fairfield,2014,Black,25-34,1615,13908
Fairfield,2014,White,25-34,15515,13909
Fairfield,2015,Black,25-34,1630,13911
Fairfield,2015,White,25-34,15674,13912
Fairfield,2016,Black,25-34,1849,13914
Fairfield,2016,White,25-34,15938,13915
Fairfield,2017,Black,25-34,1977,13917
Fairfield,2017,White,25-34,16088,13918
Fairfield,2018,Black,25-34,1942,13920
Fairfield,2018,White,25-34,16063,13921
Fairfield,2019,Black,25-34,2070,13923
Fairfield,2019,White,25-34,16307,13924
Fairfield,2020,Black,25-34,2290,13926
Fairfield,2020,White,25-34,16341,13927
Fayette,2010,Black,25-34,91,13932
Fayette,2010,White,25-34,3317,13933
Fayette,2011,Black,25-34,101,13935
Fayette,2011,White,25-34,3270,13936
Fayette,2012,Black,25-34,105,13938
Fayette,2012,White,25-34,3197,13939
Fayette,2013,Black,25-34,105,13941
Fayette,2013,White,25-34,3155,13942
Fayette,2014,Black,25-34,103,13944
Fayette,2014,White,25-34,3200,13945
Fayette,2015,Black,25-34,101,13947
Fayette,2015,White,25-34,3236,13948
Fayette,2016,Black,25-34,112,13950
Fayette,2016,White,25-34,3296,13951
Fayette,2017,Black,25-34,124,13953
Fayette,2017,White,25-34,3285,13954
Fayette,2018,Black,25-34,110,13956
Fayette,2018,White,25-34,3288,13957
Fayette,2019,Black,25-34,104,13959
Fayette,2019,White,25-34,3261,13960
Fayette,2020,Black,25-34,121,13962
Fayette,2020,White,25-34,3240,13963
Franklin,2010,Black,25-34,38718,13968
Franklin,2010,White,25-34,140387,13969
Franklin,2011,Black,25-34,39677,13971
Franklin,2011,White,25-34,144181,13972
Franklin,2012,Black,25-34,40806,13974
Franklin,2012,White,25-34,148499,13975
Franklin,2013,Black,25-34,42558,13977
Franklin,2013,White,25-34,154171,13978
Franklin,2014,Black,25-34,44748,13980
Franklin,2014,White,25-34,159361,13981
Franklin,2015,Black,25-34,47153,13983
Franklin,2015,White,25-34,162423,13984
Franklin,2016,Black,25-34,49672,13986
Franklin,2016,White,25-34,163691,13987
Franklin,2017,Black,25-34,52169,13989
Franklin,2017,White,25-34,164681,13990
Franklin,2018,Black,25-34,54681,13992
Franklin,2018,White,25-34,164814,13993
Franklin,2019,Black,25-34,56547,13995
Franklin,2019,White,25-34,164625,13996
Franklin,2020,Black,25-34,57481,13998
Franklin,2020,White,25-34,163586,13999
Fulton,2010,Black,25-34,37,14004
Fulton,2010,White,25-34,4544,14005
Fulton,2011,Black,25-34,41,14007
Fulton,2011,White,25-34,4531,14008
Fulton,2012,Black,25-34,45,14010
Fulton,2012,White,25-34,4514,14011
Fulton,2013,Black,25-34,45,14013
Fulton,2013,White,25-34,4483,14014
Fulton,2014,Black,25-34,57,14016
Fulton,2014,White,25-34,4508,14017
Fulton,2015,Black,25-34,49,14019
Fulton,2015,White,25-34,4463,14020
Fulton,2016,Black,25-34,50,14022
Fulton,2016,White,25-34,4536,14023
Fulton,2017,Black,25-34,59,14025
Fulton,2017,White,25-34,4604,14026
Fulton,2018,Black,25-34,58,14028
Fulton,2018,White,25-34,4612,14029
Fulton,2019,Black,25-34,73,14031
Fulton,2019,White,25-34,4686,14032
Fulton,2020,Black,25-34,76,14034
Fulton,2020,White,25-34,4646,14035
Gallia,2010,Black,25-34,100,14040
Gallia,2010,White,25-34,3432,14041
Gallia,2011,Black,25-34,91,14043
Gallia,2011,White,25-34,3424,14044
Gallia,2012,Black,25-34,91,14046
Gallia,2012,White,25-34,3418,14047
Gallia,2013,Black,25-34,100,14049
Gallia,2013,White,25-34,3392,14050
Gallia,2014,Black,25-34,105,14052
Gallia,2014,White,25-34,3380,14053
Gallia,2015,Black,25-34,106,14055
Gallia,2015,White,25-34,3359,14056
Gallia,2016,Black,25-34,105,14058
Gallia,2016,White,25-34,3375,14059
Gallia,2017,Black,25-34,103,14061
Gallia,2017,White,25-34,3359,14062
Gallia,2018,Black,25-34,98,14064
Gallia,2018,White,25-34,3304,14065
Gallia,2019,Black,25-34,95,14067
Gallia,2019,White,25-34,3270,14068
Gallia,2020,Black,25-34,101,14070
Gallia,2020,White,25-34,3297,14071
Geauga,2010,Black,25-34,146,14076
Geauga,2010,White,25-34,7014,14077
Geauga,2011,Black,25-34,139,14079
Geauga,2011,White,25-34,6975,14080
Geauga,2012,Black,25-34,150,14082
Geauga,2012,White,25-34,7073,14083
Geauga,2013,Black,25-34,153,14085
Geauga,2013,White,25-34,7164,14086
Geauga,2014,Black,25-34,153,14088
Geauga,2014,White,25-34,7356,14089
Geauga,2015,Black,25-34,156,14091
Geauga,2015,White,25-34,7437,14092
Geauga,2016,Black,25-34,146,14094
Geauga,2016,White,25-34,7445,14095
Geauga,2017,Black,25-34,152,14097
Geauga,2017,White,25-34,7746,14098
Geauga,2018,Black,25-34,155,14100
Geauga,2018,White,25-34,7929,14101
Geauga,2019,Black,25-34,148,14103
Geauga,2019,White,25-34,8025,14104
Geauga,2020,Black,25-34,152,14106
Geauga,2020,White,25-34,8174,14107
Greene,2010,Black,25-34,1463,14112
Greene,2010,White,25-34,16832,14113
Greene,2011,Black,25-34,1539,14115
Greene,2011,White,25-34,17781,14116
Greene,2012,Black,25-34,1621,14118
Greene,2012,White,25-34,18421,14119
Greene,2013,Black,25-34,1707,14121
Greene,2013,White,25-34,18708,14122
Greene,2014,Black,25-34,1750,14124
Greene,2014,White,25-34,18955,14125
Greene,2015,Black,25-34,1773,14127
Greene,2015,White,25-34,18978,14128
Greene,2016,Black,25-34,1974,14130
Greene,2016,White,25-34,19269,14131
Greene,2017,Black,25-34,2010,14133
Greene,2017,White,25-34,19361,14134
Greene,2018,Black,25-34,2051,14136
Greene,2018,White,25-34,19328,14137
Greene,2019,Black,25-34,2161,14139
Greene,2019,White,25-34,19604,14140
Greene,2020,Black,25-34,2203,14142
Greene,2020,White,25-34,19575,14143
Guernsey,2010,Black,25-34,89,14148
Guernsey,2010,White,25-34,4293,14149
Guernsey,2011,Black,25-34,86,14151
Guernsey,2011,White,25-34,4246,14152
Guernsey,2012,Black,25-34,85,14154
Guernsey,2012,White,25-34,4272,14155
Guernsey,2013,Black,25-34,80,14157
Guernsey,2013,White,25-34,4272,14158
Guernsey,2014,Black,25-34,80,14160
Guernsey,2014,White,25-34,4370,14161
Guernsey,2015,Black,25-34,95,14163
Guernsey,2015,White,25-34,4383,14164
Guernsey,2016,Black,25-34,89,14166
Guernsey,2016,White,25-34,4392,14167
Guernsey,2017,Black,25-34,97,14169
Guernsey,2017,White,25-34,4406,14170
Guernsey,2018,Black,25-34,101,14172
Guernsey,2018,White,25-34,4437,14173
Guernsey,2019,Black,25-34,127,14175
Guernsey,2019,White,25-34,4503,14176
Guernsey,2020,Black,25-34,137,14178
Guernsey,2020,White,25-34,4558,14179
Hamilton,2010,Black,25-34,27741,14184
Hamilton,2010,White,25-34,76006,14185
Hamilton,2011,Black,25-34,27981,14187
Hamilton,2011,White,25-34,77479,14188
Hamilton,2012,Black,25-34,28594,14190
Hamilton,2012,White,25-34,79006,14191
Hamilton,2013,Black,25-34,29521,14193
Hamilton,2013,White,25-34,80497,14194
Hamilton,2014,Black,25-34,30306,14196
Hamilton,2014,White,25-34,82215,14197
Hamilton,2015,Black,25-34,31133,14199
Hamilton,2015,White,25-34,83063,14200
Hamilton,2016,Black,25-34,31839,14202
Hamilton,2016,White,25-34,83946,14203
Hamilton,2017,Black,25-34,32726,14205
Hamilton,2017,White,25-34,84303,14206
Hamilton,2018,Black,25-34,33543,14208
Hamilton,2018,White,25-34,84605,14209
Hamilton,2019,Black,25-34,34262,14211
Hamilton,2019,White,25-34,84739,14212
Hamilton,2020,Black,25-34,34367,14214
Hamilton,2020,White,25-34,84589,14215
Hancock,2010,Black,25-34,271,14220
Hancock,2010,White,25-34,8497,14221
Hancock,2011,Black,25-34,263,14223
Hancock,2011,White,25-34,8741,14224
Hancock,2012,Black,25-34,266,14226
Hancock,2012,White,25-34,8810,14227
Hancock,2013,Black,25-34,263,14229
Hancock,2013,White,25-34,9132,14230
Hancock,2014,Black,25-34,273,14232
Hancock,2014,White,25-34,9143,14233
Hancock,2015,Black,25-34,305,14235
Hancock,2015,White,25-34,9362,14236
Hancock,2016,Black,25-34,302,14238
Hancock,2016,White,25-34,9407,14239
Hancock,2017,Black,25-34,331,14241
Hancock,2017,White,25-34,9594,14242
Hancock,2018,Black,25-34,343,14244
Hancock,2018,White,25-34,9681,14245
Hancock,2019,Black,25-34,359,14247
Hancock,2019,White,25-34,9589,14248
Hancock,2020,Black,25-34,379,14250
Hancock,2020,White,25-34,9455,14251
Hardin,2010,Black,25-34,57,14256
Hardin,2010,White,25-34,3478,14257
Hardin,2011,Black,25-34,61,14259
Hardin,2011,White,25-34,3394,14260
Hardin,2012,Black,25-34,60,14262
Hardin,2012,White,25-34,3314,14263
Hardin,2013,Black,25-34,60,14265
Hardin,2013,White,25-34,3213,14266
Hardin,2014,Black,25-34,62,14268
Hardin,2014,White,25-34,3178,14269
Hardin,2015,Black,25-34,57,14271
Hardin,2015,White,25-34,3129,14272
Hardin,2016,Black,25-34,56,14274
Hardin,2016,White,25-34,3130,14275
Hardin,2017,Black,25-34,52,14277
Hardin,2017,White,25-34,3138,14278
Hardin,2018,Black,25-34,57,14280
Hardin,2018,White,25-34,3145,14281
Hardin,2019,Black,25-34,72,14283
Hardin,2019,White,25-34,3122,14284
Hardin,2020,Black,25-34,84,14286
Hardin,2020,White,25-34,3136,14287
Harrison,2010,Black,25-34,37,14292
Harrison,2010,White,25-34,1510,14293
Harrison,2011,Black,25-34,42,14295
Harrison,2011,White,25-34,1533,14296
Harrison,2012,Black,25-34,44,14298
Harrison,2012,White,25-34,1503,14299
Harrison,2013,Black,25-34,45,14301
Harrison,2013,White,25-34,1488,14302
Harrison,2014,Black,25-34,46,14304
Harrison,2014,White,25-34,1456,14305
Harrison,2015,Black,25-34,51,14307
Harrison,2015,White,25-34,1463,14308
Harrison,2016,Black,25-34,63,14310
Harrison,2016,White,25-34,1474,14311
Harrison,2017,Black,25-34,66,14313
Harrison,2017,White,25-34,1491,14314
Harrison,2018,Black,25-34,58,14316
Harrison,2018,White,25-34,1526,14317
Harrison,2019,Black,25-34,67,14319
Harrison,2019,White,25-34,1507,14320
Harrison,2020,Black,25-34,59,14322
Harrison,2020,White,25-34,1517,14323
Henry,2010,Black,25-34,32,14328
Henry,2010,White,25-34,3174,14329
Henry,2011,Black,25-34,32,14331
Henry,2011,White,25-34,3147,14332
Henry,2012,Black,25-34,36,14334
Henry,2012,White,25-34,3083,14335
Henry,2013,Black,25-34,37,14337
Henry,2013,White,25-34,3046,14338
Henry,2014,Black,25-34,38,14340
Henry,2014,White,25-34,3010,14341
Henry,2015,Black,25-34,39,14343
Henry,2015,White,25-34,3027,14344
Henry,2016,Black,25-34,40,14346
Henry,2016,White,25-34,3057,14347
Henry,2017,Black,25-34,48,14349
Henry,2017,White,25-34,3004,14350
Henry,2018,Black,25-34,36,14352
Henry,2018,White,25-34,3004,14353
Henry,2019,Black,25-34,49,14355
Henry,2019,White,25-34,3001,14356
Henry,2020,Black,25-34,50,14358
Henry,2020,White,25-34,3002,14359
Highland,2010,Black,25-34,96,14364
Highland,2010,White,25-34,4938,14365
Highland,2011,Black,25-34,104,14367
Highland,2011,White,25-34,4847,14368
Highland,2012,Black,25-34,93,14370
Highland,2012,White,25-34,4697,14371
Highland,2013,Black,25-34,94,14373
Highland,2013,White,25-34,4753,14374
Highland,2014,Black,25-34,115,14376
Highland,2014,White,25-34,4681,14377
Highland,2015,Black,25-34,120,14379
Highland,2015,White,25-34,4641,14380
Highland,2016,Black,25-34,130,14382
Highland,2016,White,25-34,4666,14383
Highland,2017,Black,25-34,133,14385
Highland,2017,White,25-34,4681,14386
Highland,2018,Black,25-34,144,14388
Highland,2018,White,25-34,4738,14389
Highland,2019,Black,25-34,152,14391
Highland,2019,White,25-34,4704,14392
Highland,2020,Black,25-34,155,14394
Highland,2020,White,25-34,4804,14395
Hocking,2010,Black,25-34,27,14400
Hocking,2010,White,25-34,3178,14401
Hocking,2011,Black,25-34,30,14403
Hocking,2011,White,25-34,3142,14404
Hocking,2012,Black,25-34,31,14406
Hocking,2012,White,25-34,3045,14407
Hocking,2013,Black,25-34,27,14409
Hocking,2013,White,25-34,2992,14410
Hocking,2014,Black,25-34,27,14412
Hocking,2014,White,25-34,3042,14413
Hocking,2015,Black,25-34,31,14415
Hocking,2015,White,25-34,2993,14416
Hocking,2016,Black,25-34,33,14418
Hocking,2016,White,25-34,3024,14419
Hocking,2017,Black,25-34,41,14421
Hocking,2017,White,25-34,3088,14422
Hocking,2018,Black,25-34,40,14424
Hocking,2018,White,25-34,3080,14425
Hocking,2019,Black,25-34,48,14427
Hocking,2019,White,25-34,3080,14428
Hocking,2020,Black,25-34,42,14430
Hocking,2020,White,25-34,3082,14431
Holmes,2010,Black,25-34,17,14436
Holmes,2010,White,25-34,5043,14437
Holmes,2011,Black,25-34,21,14439
Holmes,2011,White,25-34,5052,14440
Holmes,2012,Black,25-34,22,14442
Holmes,2012,White,25-34,5079,14443
Holmes,2013,Black,25-34,22,14445
Holmes,2013,White,25-34,5148,14446
Holmes,2014,Black,25-34,20,14448
Holmes,2014,White,25-34,5246,14449
Holmes,2015,Black,25-34,23,14451
Holmes,2015,White,25-34,5402,14452
Holmes,2016,Black,25-34,29,14454
Holmes,2016,White,25-34,5453,14455
Holmes,2017,Black,25-34,30,14457
Holmes,2017,White,25-34,5498,14458
Holmes,2018,Black,25-34,29,14460
Holmes,2018,White,25-34,5579,14461
Holmes,2019,Black,25-34,38,14463
Holmes,2019,White,25-34,5666,14464
Holmes,2020,Black,25-34,40,14466
Holmes,2020,White,25-34,5646,14467
Huron,2010,Black,25-34,103,14472
Huron,2010,White,25-34,6860,14473
Huron,2011,Black,25-34,111,14475
Huron,2011,White,25-34,6734,14476
Huron,2012,Black,25-34,110,14478
Huron,2012,White,25-34,6580,14479
Huron,2013,Black,25-34,110,14481
Huron,2013,White,25-34,6471,14482
Huron,2014,Black,25-34,115,14484
Huron,2014,White,25-34,6478,14485
Huron,2015,Black,25-34,124,14487
Huron,2015,White,25-34,6469,14488
Huron,2016,Black,25-34,138,14490
Huron,2016,White,25-34,6454,14491
Huron,2017,Black,25-34,145,14493
Huron,2017,White,25-34,6575,14494
Huron,2018,Black,25-34,153,14496
Huron,2018,White,25-34,6633,14497
Huron,2019,Black,25-34,175,14499
Huron,2019,White,25-34,6702,14500
Huron,2020,Black,25-34,196,14502
Huron,2020,White,25-34,6761,14503
Jackson,2010,Black,25-34,32,14508
Jackson,2010,White,25-34,3964,14509
Jackson,2011,Black,25-34,33,14511
Jackson,2011,White,25-34,3960,14512
Jackson,2012,Black,25-34,34,14514
Jackson,2012,White,25-34,3877,14515
Jackson,2013,Black,25-34,27,14517
Jackson,2013,White,25-34,3901,14518
Jackson,2014,Black,25-34,26,14520
Jackson,2014,White,25-34,3912,14521
Jackson,2015,Black,25-34,29,14523
Jackson,2015,White,25-34,3885,14524
Jackson,2016,Black,25-34,36,14526
Jackson,2016,White,25-34,3921,14527
Jackson,2017,Black,25-34,41,14529
Jackson,2017,White,25-34,3950,14530
Jackson,2018,Black,25-34,37,14532
Jackson,2018,White,25-34,3998,14533
Jackson,2019,Black,25-34,42,14535
Jackson,2019,White,25-34,3982,14536
Jackson,2020,Black,25-34,49,14538
Jackson,2020,White,25-34,3918,14539
Jefferson,2010,Black,25-34,456,14544
Jefferson,2010,White,25-34,6442,14545
Jefferson,2011,Black,25-34,438,14547
Jefferson,2011,White,25-34,6368,14548
Jefferson,2012,Black,25-34,426,14550
Jefferson,2012,White,25-34,6369,14551
Jefferson,2013,Black,25-34,423,14553
Jefferson,2013,White,25-34,6429,14554
Jefferson,2014,Black,25-34,418,14556
Jefferson,2014,White,25-34,6587,14557
Jefferson,2015,Black,25-34,419,14559
Jefferson,2015,White,25-34,6631,14560
Jefferson,2016,Black,25-34,466,14562
Jefferson,2016,White,25-34,6640,14563
Jefferson,2017,Black,25-34,484,14565
Jefferson,2017,White,25-34,6667,14566
Jefferson,2018,Black,25-34,479,14568
Jefferson,2018,White,25-34,6641,14569
Jefferson,2019,Black,25-34,540,14571
Jefferson,2019,White,25-34,6744,14572
Jefferson,2020,Black,25-34,600,14574
Jefferson,2020,White,25-34,6768,14575
Knox,2010,Black,25-34,70,14580
Knox,2010,White,25-34,6351,14581
Knox,2011,Black,25-34,70,14583
Knox,2011,White,25-34,6468,14584
Knox,2012,Black,25-34,71,14586
Knox,2012,White,25-34,6288,14587
Knox,2013,Black,25-34,75,14589
Knox,2013,White,25-34,6366,14590
Knox,2014,Black,25-34,97,14592
Knox,2014,White,25-34,6409,14593
Knox,2015,Black,25-34,86,14595
Knox,2015,White,25-34,6468,14596
Knox,2016,Black,25-34,90,14598
Knox,2016,White,25-34,6433,14599
Knox,2017,Black,25-34,95,14601
Knox,2017,White,25-34,6532,14602
Knox,2018,Black,25-34,102,14604
Knox,2018,White,25-34,6643,14605
Knox,2019,Black,25-34,109,14607
Knox,2019,White,25-34,6690,14608
Knox,2020,Black,25-34,121,14610
Knox,2020,White,25-34,6640,14611
Lake,2010,Black,25-34,1130,14616
Lake,2010,White,25-34,24052,14617
Lake,2011,Black,25-34,1176,14619
Lake,2011,White,25-34,24000,14620
Lake,2012,Black,25-34,1295,14622
Lake,2012,White,25-34,24032,14623
Lake,2013,Black,25-34,1353,14625
Lake,2013,White,25-34,24172,14626
Lake,2014,Black,25-34,1385,14628
Lake,2014,White,25-34,24036,14629
Lake,2015,Black,25-34,1540,14631
Lake,2015,White,25-34,23865,14632
Lake,2016,Black,25-34,1625,14634
Lake,2016,White,25-34,23969,14635
Lake,2017,Black,25-34,1839,14637
Lake,2017,White,25-34,24328,14638
Lake,2018,Black,25-34,2016,14640
Lake,2018,White,25-34,24700,14641
Lake,2019,Black,25-34,2157,14643
Lake,2019,White,25-34,24927,14644
Lake,2020,Black,25-34,2250,14646
Lake,2020,White,25-34,25113,14647
Lawrence,2010,Black,25-34,186,14652
Lawrence,2010,White,25-34,7216,14653
Lawrence,2011,Black,25-34,207,14655
Lawrence,2011,White,25-34,7187,14656
Lawrence,2012,Black,25-34,196,14658
Lawrence,2012,White,25-34,7009,14659
Lawrence,2013,Black,25-34,194,14661
Lawrence,2013,White,25-34,6948,14662
Lawrence,2014,Black,25-34,195,14664
Lawrence,2014,White,25-34,6959,14665
Lawrence,2015,Black,25-34,210,14667
Lawrence,2015,White,25-34,6931,14668
Lawrence,2016,Black,25-34,215,14670
Lawrence,2016,White,25-34,6845,14671
Lawrence,2017,Black,25-34,213,14673
Lawrence,2017,White,25-34,6878,14674
Lawrence,2018,Black,25-34,203,14676
Lawrence,2018,White,25-34,6931,14677
Lawrence,2019,Black,25-34,218,14679
Lawrence,2019,White,25-34,6905,14680
Lawrence,2020,Black,25-34,204,14682
Lawrence,2020,White,25-34,6891,14683
Licking,2010,Black,25-34,686,14688
Licking,2010,White,25-34,17816,14689
Licking,2011,Black,25-34,715,14691
Licking,2011,White,25-34,17934,14692
Licking,2012,Black,25-34,721,14694
Licking,2012,White,25-34,17965,14695
Licking,2013,Black,25-34,716,14697
Licking,2013,White,25-34,18030,14698
Licking,2014,Black,25-34,770,14700
Licking,2014,White,25-34,18119,14701
Licking,2015,Black,25-34,837,14703
Licking,2015,White,25-34,18477,14704
Licking,2016,Black,25-34,917,14706
Licking,2016,White,25-34,18694,14707
Licking,2017,Black,25-34,1026,14709
Licking,2017,White,25-34,18837,14710
Licking,2018,Black,25-34,1053,14712
Licking,2018,White,25-34,18973,14713
Licking,2019,Black,25-34,1121,14715
Licking,2019,White,25-34,19003,14716
Licking,2020,Black,25-34,1174,14718
Licking,2020,White,25-34,18922,14719
Logan,2010,Black,25-34,119,14724
Logan,2010,White,25-34,4951,14725
Logan,2011,Black,25-34,110,14727
Logan,2011,White,25-34,4928,14728
Logan,2012,Black,25-34,130,14730
Logan,2012,White,25-34,4849,14731
Logan,2013,Black,25-34,137,14733
Logan,2013,White,25-34,4782,14734
Logan,2014,Black,25-34,132,14736
Logan,2014,White,25-34,4769,14737
Logan,2015,Black,25-34,143,14739
Logan,2015,White,25-34,4680,14740
Logan,2016,Black,25-34,142,14742
Logan,2016,White,25-34,4735,14743
Logan,2017,Black,25-34,160,14745
Logan,2017,White,25-34,4802,14746
Logan,2018,Black,25-34,175,14748
Logan,2018,White,25-34,4910,14749
Logan,2019,Black,25-34,195,14751
Logan,2019,White,25-34,4970,14752
Logan,2020,Black,25-34,193,14754
Logan,2020,White,25-34,4930,14755
Lorain,2010,Black,25-34,3921,14760
Lorain,2010,White,25-34,29029,14761
Lorain,2011,Black,25-34,3894,14763
Lorain,2011,White,25-34,28747,14764
Lorain,2012,Black,25-34,3840,14766
Lorain,2012,White,25-34,28362,14767
Lorain,2013,Black,25-34,3859,14769
Lorain,2013,White,25-34,28489,14770
Lorain,2014,Black,25-34,3899,14772
Lorain,2014,White,25-34,28722,14773
Lorain,2015,Black,25-34,3988,14775
Lorain,2015,White,25-34,28731,14776
Lorain,2016,Black,25-34,4134,14778
Lorain,2016,White,25-34,28804,14779
Lorain,2017,Black,25-34,4295,14781
Lorain,2017,White,25-34,29157,14782
Lorain,2018,Black,25-34,4487,14784
Lorain,2018,White,25-34,29522,14785
Lorain,2019,Black,25-34,4616,14787
Lorain,2019,White,25-34,29891,14788
Lorain,2020,Black,25-34,4790,14790
Lorain,2020,White,25-34,30438,14791
Lucas,2010,Black,25-34,11467,14796
Lucas,2010,White,25-34,42871,14797
Lucas,2011,Black,25-34,11591,14799
Lucas,2011,White,25-34,43141,14800
Lucas,2012,Black,25-34,11747,14802
Lucas,2012,White,25-34,43208,14803
Lucas,2013,Black,25-34,12088,14805
Lucas,2013,White,25-34,43624,14806
Lucas,2014,Black,25-34,12407,14808
Lucas,2014,White,25-34,44340,14809
Lucas,2015,Black,25-34,12978,14811
Lucas,2015,White,25-34,44891,14812
Lucas,2016,Black,25-34,13678,14814
Lucas,2016,White,25-34,45217,14815
Lucas,2017,Black,25-34,14030,14817
Lucas,2017,White,25-34,45127,14818
Lucas,2018,Black,25-34,14586,14820
Lucas,2018,White,25-34,45115,14821
Lucas,2019,Black,25-34,14796,14823
Lucas,2019,White,25-34,44954,14824
Lucas,2020,Black,25-34,14990,14826
Lucas,2020,White,25-34,44777,14827
Madison,2010,Black,25-34,811,14832
Madison,2010,White,25-34,4736,14833
Madison,2011,Black,25-34,773,14835
Madison,2011,White,25-34,4738,14836
Madison,2012,Black,25-34,784,14838
Madison,2012,White,25-34,4711,14839
Madison,2013,Black,25-34,781,14841
Madison,2013,White,25-34,4824,14842
Madison,2014,Black,25-34,837,14844
Madison,2014,White,25-34,4905,14845
Madison,2015,Black,25-34,838,14847
Madison,2015,White,25-34,5004,14848
Madison,2016,Black,25-34,729,14850
Madison,2016,White,25-34,4884,14851
Madison,2017,Black,25-34,812,14853
Madison,2017,White,25-34,5103,14854
Madison,2018,Black,25-34,792,14856
Madison,2018,White,25-34,5177,14857
Madison,2019,Black,25-34,817,14859
Madison,2019,White,25-34,5326,14860
Madison,2020,Black,25-34,758,14862
Madison,2020,White,25-34,5255,14863
Mahoning,2010,Black,25-34,4917,14868
Mahoning,2010,White,25-34,20430,14869
Mahoning,2011,Black,25-34,4958,14871
Mahoning,2011,White,25-34,20369,14872
Mahoning,2012,Black,25-34,4875,14874
Mahoning,2012,White,25-34,20356,14875
Mahoning,2013,Black,25-34,4845,14877
Mahoning,2013,White,25-34,20354,14878
Mahoning,2014,Black,25-34,4900,14880
Mahoning,2014,White,25-34,20523,14881
Mahoning,2015,Black,25-34,4986,14883
Mahoning,2015,White,25-34,20671,14884
Mahoning,2016,Black,25-34,5116,14886
Mahoning,2016,White,25-34,20683,14887
Mahoning,2017,Black,25-34,5340,14889
Mahoning,2017,White,25-34,20952,14890
Mahoning,2018,Black,25-34,5675,14892
Mahoning,2018,White,25-34,21124,14893
Mahoning,2019,Black,25-34,5778,14895
Mahoning,2019,White,25-34,21171,14896
Mahoning,2020,Black,25-34,5957,14898
Mahoning,2020,White,25-34,21289,14899
Marion,2010,Black,25-34,831,14904
Marion,2010,White,25-34,7482,14905
Marion,2011,Black,25-34,854,14907
Marion,2011,White,25-34,7477,14908
Marion,2012,Black,25-34,880,14910
Marion,2012,White,25-34,7429,14911
Marion,2013,Black,25-34,888,14913
Marion,2013,White,25-34,7357,14914
Marion,2014,Black,25-34,904,14916
Marion,2014,White,25-34,7381,14917
Marion,2015,Black,25-34,909,14919
Marion,2015,White,25-34,7323,14920
Marion,2016,Black,25-34,940,14922
Marion,2016,White,25-34,7468,14923
Marion,2017,Black,25-34,933,14925
Marion,2017,White,25-34,7559,14926
Marion,2018,Black,25-34,941,14928
Marion,2018,White,25-34,7723,14929
Marion,2019,Black,25-34,950,14931
Marion,2019,White,25-34,7749,14932
Marion,2020,Black,25-34,926,14934
Marion,2020,White,25-34,7699,14935
Medina,2010,Black,25-34,276,14940
Medina,2010,White,25-34,17397,14941
Medina,2011,Black,25-34,307,14943
Medina,2011,White,25-34,17554,14944
Medina,2012,Black,25-34,335,14946
Medina,2012,White,25-34,17396,14947
Medina,2013,Black,25-34,359,14949
Medina,2013,White,25-34,17504,14950
Medina,2014,Black,25-34,386,14952
Medina,2014,White,25-34,17561,14953
Medina,2015,Black,25-34,402,14955
Medina,2015,White,25-34,17661,14956
Medina,2016,Black,25-34,422,14958
Medina,2016,White,25-34,17793,14959
Medina,2017,Black,25-34,447,14961
Medina,2017,White,25-34,18210,14962
Medina,2018,Black,25-34,486,14964
Medina,2018,White,25-34,18460,14965
Medina,2019,Black,25-34,495,14967
Medina,2019,White,25-34,18602,14968
Medina,2020,Black,25-34,539,14970
Medina,2020,White,25-34,18616,14971
Meigs,2010,Black,25-34,20,14976
Meigs,2010,White,25-34,2710,14977
Meigs,2011,Black,25-34,20,14979
Meigs,2011,White,25-34,2728,14980
Meigs,2012,Black,25-34,28,14982
Meigs,2012,White,25-34,2743,14983
Meigs,2013,Black,25-34,23,14985
Meigs,2013,White,25-34,2675,14986
Meigs,2014,Black,25-34,21,14988
Meigs,2014,White,25-34,2597,14989
Meigs,2015,Black,25-34,25,14991
Meigs,2015,White,25-34,2528,14992
Meigs,2016,Black,25-34,23,14994
Meigs,2016,White,25-34,2510,14995
Meigs,2017,Black,25-34,32,14997
Meigs,2017,White,25-34,2504,14998
Meigs,2018,Black,25-34,39,15000
Meigs,2018,White,25-34,2492,15001
Meigs,2019,Black,25-34,45,15003
Meigs,2019,White,25-34,2435,15004
Meigs,2020,Black,25-34,40,15006
Meigs,2020,White,25-34,2366,15007
Mercer,2010,Black,25-34,38,15012
Mercer,2010,White,25-34,4396,15013
Mercer,2011,Black,25-34,34,15015
Mercer,2011,White,25-34,4400,15016
Mercer,2012,Black,25-34,43,15018
Mercer,2012,White,25-34,4361,15019
Mercer,2013,Black,25-34,39,15021
Mercer,2013,White,25-34,4357,15022
Mercer,2014,Black,25-34,44,15024
Mercer,2014,White,25-34,4398,15025
Mercer,2015,Black,25-34,46,15027
Mercer,2015,White,25-34,4449,15028
Mercer,2016,Black,25-34,38,15030
Mercer,2016,White,25-34,4550,15031
Mercer,2017,Black,25-34,41,15033
Mercer,2017,White,25-34,4591,15034
Mercer,2018,Black,25-34,59,15036
Mercer,2018,White,25-34,4632,15037
Mercer,2019,Black,25-34,63,15039
Mercer,2019,White,25-34,4646,15040
Mercer,2020,Black,25-34,65,15042
Mercer,2020,White,25-34,4642,15043
Miami,2010,Black,25-34,332,15048
Miami,2010,White,25-34,10868,15049
Miami,2011,Black,25-34,321,15051
Miami,2011,White,25-34,11062,15052
Miami,2012,Black,25-34,355,15054
Miami,2012,White,25-34,11190,15055
Miami,2013,Black,25-34,354,15057
Miami,2013,White,25-34,11151,15058
Miami,2014,Black,25-34,362,15060
Miami,2014,White,25-34,11361,15061
Miami,2015,Black,25-34,380,15063
Miami,2015,White,25-34,11404,15064
Miami,2016,Black,25-34,388,15066
Miami,2016,White,25-34,11691,15067
Miami,2017,Black,25-34,438,15069
Miami,2017,White,25-34,11806,15070
Miami,2018,Black,25-34,478,15072
Miami,2018,White,25-34,11898,15073
Miami,2019,Black,25-34,517,15075
Miami,2019,White,25-34,11927,15076
Miami,2020,Black,25-34,550,15078
Miami,2020,White,25-34,11892,15079
Monroe,2010,Black,25-34,15,15084
Monroe,2010,White,25-34,1457,15085
Monroe,2011,Black,25-34,9,15087
Monroe,2011,White,25-34,1457,15088
Monroe,2012,Black,25-34,15,15090
Monroe,2012,White,25-34,1440,15091
Monroe,2013,Black,25-34,16,15093
Monroe,2013,White,25-34,1460,15094
Monroe,2014,Black,25-34,16,15096
Monroe,2014,White,25-34,1396,15097
Monroe,2015,Black,25-34,18,15099
Monroe,2015,White,25-34,1411,15100
Monroe,2016,Black,25-34,18,15102
Monroe,2016,White,25-34,1352,15103
Monroe,2017,Black,25-34,19,15105
Monroe,2017,White,25-34,1377,15106
Monroe,2018,Black,25-34,19,15108
Monroe,2018,White,25-34,1414,15109
Monroe,2019,Black,25-34,22,15111
Monroe,2019,White,25-34,1387,15112
Monroe,2020,Black,25-34,22,15114
Monroe,2020,White,25-34,1352,15115
Montgomery,2010,Black,25-34,14414,15120
Montgomery,2010,White,25-34,50595,15121
Montgomery,2011,Black,25-34,14633,15123
Montgomery,2011,White,25-34,51289,15124
Montgomery,2012,Black,25-34,14768,15126
Montgomery,2012,White,25-34,51620,15127
Montgomery,2013,Black,25-34,14952,15129
Montgomery,2013,White,25-34,51710,15130
Montgomery,2014,Black,25-34,15138,15132
Montgomery,2014,White,25-34,51607,15133
Montgomery,2015,Black,25-34,15491,15135
Montgomery,2015,White,25-34,51676,15136
Montgomery,2016,Black,25-34,16093,15138
Montgomery,2016,White,25-34,51790,15139
Montgomery,2017,Black,25-34,16691,15141
Montgomery,2017,White,25-34,52278,15142
Montgomery,2018,Black,25-34,17402,15144
Montgomery,2018,White,25-34,52604,15145
Montgomery,2019,Black,25-34,18026,15147
Montgomery,2019,White,25-34,52770,15148
Montgomery,2020,Black,25-34,18316,15150
Montgomery,2020,White,25-34,52667,15151
Morgan,2010,Black,25-34,81,15156
Morgan,2010,White,25-34,1511,15157
Morgan,2011,Black,25-34,70,15159
Morgan,2011,White,25-34,1510,15160
Morgan,2012,Black,25-34,70,15162
Morgan,2012,White,25-34,1473,15163
Morgan,2013,Black,25-34,68,15165
Morgan,2013,White,25-34,1476,15166
Morgan,2014,Black,25-34,70,15168
Morgan,2014,White,25-34,1434,15169
Morgan,2015,Black,25-34,68,15171
Morgan,2015,White,25-34,1471,15172
Morgan,2016,Black,25-34,67,15174
Morgan,2016,White,25-34,1463,15175
Morgan,2017,Black,25-34,81,15177
Morgan,2017,White,25-34,1454,15178
Morgan,2018,Black,25-34,81,15180
Morgan,2018,White,25-34,1465,15181
Morgan,2019,Black,25-34,79,15183
Morgan,2019,White,25-34,1465,15184
Morgan,2020,Black,25-34,85,15186
Morgan,2020,White,25-34,1399,15187
Morrow,2010,Black,25-34,23,15192
Morrow,2010,White,25-34,3774,15193
Morrow,2011,Black,25-34,19,15195
Morrow,2011,White,25-34,3731,15196
Morrow,2012,Black,25-34,25,15198
Morrow,2012,White,25-34,3651,15199
Morrow,2013,Black,25-34,31,15201
Morrow,2013,White,25-34,3598,15202
Morrow,2014,Black,25-34,34,15204
Morrow,2014,White,25-34,3625,15205
Morrow,2015,Black,25-34,40,15207
Morrow,2015,White,25-34,3608,15208
Morrow,2016,Black,25-34,41,15210
Morrow,2016,White,25-34,3657,15211
Morrow,2017,Black,25-34,46,15213
Morrow,2017,White,25-34,3689,15214
Morrow,2018,Black,25-34,53,15216
Morrow,2018,White,25-34,3766,15217
Morrow,2019,Black,25-34,61,15219
Morrow,2019,White,25-34,3838,15220
Morrow,2020,Black,25-34,66,15222
Morrow,2020,White,25-34,3855,15223
Muskingum,2010,Black,25-34,451,15228
Muskingum,2010,White,25-34,9352,15229
Muskingum,2011,Black,25-34,475,15231
Muskingum,2011,White,25-34,9371,15232
Muskingum,2012,Black,25-34,468,15234
Muskingum,2012,White,25-34,9312,15235
Muskingum,2013,Black,25-34,483,15237
Muskingum,2013,White,25-34,9255,15238
Muskingum,2014,Black,25-34,504,15240
Muskingum,2014,White,25-34,9261,15241
Muskingum,2015,Black,25-34,542,15243
Muskingum,2015,White,25-34,9430,15244
Muskingum,2016,Black,25-34,519,15246
Muskingum,2016,White,25-34,9525,15247
Muskingum,2017,Black,25-34,568,15249
Muskingum,2017,White,25-34,9741,15250
Muskingum,2018,Black,25-34,606,15252
Muskingum,2018,White,25-34,9777,15253
Muskingum,2019,Black,25-34,654,15255
Muskingum,2019,White,25-34,9769,15256
Muskingum,2020,Black,25-34,683,15258
Muskingum,2020,White,25-34,9943,15259
Noble,2010,Black,25-34,10,15264
Noble,2010,White,25-34,1373,15265
Noble,2011,Black,25-34,10,15267
Noble,2011,White,25-34,1401,15268
Noble,2012,Black,25-34,10,15270
Noble,2012,White,25-34,1393,15271
Noble,2013,Black,25-34,12,15273
Noble,2013,White,25-34,1343,15274
Noble,2014,Black,25-34,16,15276
Noble,2014,White,25-34,1301,15277
Noble,2015,Black,25-34,17,15279
Noble,2015,White,25-34,1324,15280
Noble,2016,Black,25-34,13,15282
Noble,2016,White,25-34,1335,15283
Noble,2017,Black,25-34,13,15285
Noble,2017,White,25-34,1310,15286
Noble,2018,Black,25-34,19,15288
Noble,2018,White,25-34,1273,15289
Noble,2019,Black,25-34,16,15291
Noble,2019,White,25-34,1327,15292
Noble,2020,Black,25-34,16,15294
Noble,2020,White,25-34,1279,15295
NonOH,2010,Black,25-34,0,15300
NonOH,2010,White,25-34,0,15301
NonOH,2011,Black,25-34,0,15303
NonOH,2011,White,25-34,0,15304
NonOH,2012,Black,25-34,0,15306
NonOH,2012,White,25-34,0,15307
NonOH,2013,Black,25-34,0,15309
NonOH,2013,White,25-34,0,15310
NonOH,2014,Black,25-34,0,15312
NonOH,2014,White,25-34,0,15313
NonOH,2015,Black,25-34,0,15315
NonOH,2015,White,25-34,0,15316
NonOH,2016,Black,25-34,0,15318
NonOH,2016,White,25-34,0,15319
NonOH,2017,Black,25-34,0,15321
NonOH,2017,White,25-34,0,15322
NonOH,2018,Black,25-34,0,15324
NonOH,2018,White,25-34,0,15325
NonOH,2019,Black,25-34,0,15327
NonOH,2019,White,25-34,0,15328
NonOH,2020,Black,25-34,0,15330
NonOH,2020,White,25-34,0,15331
Ottawa,2010,Black,25-34,53,15336
Ottawa,2010,White,25-34,3728,15337
Ottawa,2011,Black,25-34,50,15339
Ottawa,2011,White,25-34,3777,15340
Ottawa,2012,Black,25-34,53,15342
Ottawa,2012,White,25-34,3744,15343
Ottawa,2013,Black,25-34,58,15345
Ottawa,2013,White,25-34,3687,15346
Ottawa,2014,Black,25-34,73,15348
Ottawa,2014,White,25-34,3647,15349
Ottawa,2015,Black,25-34,65,15351
Ottawa,2015,White,25-34,3666,15352
Ottawa,2016,Black,25-34,79,15354
Ottawa,2016,White,25-34,3730,15355
Ottawa,2017,Black,25-34,72,15357
Ottawa,2017,White,25-34,3759,15358
Ottawa,2018,Black,25-34,75,15360
Ottawa,2018,White,25-34,3798,15361
Ottawa,2019,Black,25-34,84,15363
Ottawa,2019,White,25-34,3818,15364
Ottawa,2020,Black,25-34,98,15366
Ottawa,2020,White,25-34,3706,15367
Paulding,2010,Black,25-34,32,15372
Paulding,2010,White,25-34,2142,15373
Paulding,2011,Black,25-34,28,15375
Paulding,2011,White,25-34,2098,15376
Paulding,2012,Black,25-34,31,15378
Paulding,2012,White,25-34,2057,15379
Paulding,2013,Black,25-34,29,15381
Paulding,2013,White,25-34,2033,15382
Paulding,2014,Black,25-34,28,15384
Paulding,2014,White,25-34,2018,15385
Paulding,2015,Black,25-34,25,15387
Paulding,2015,White,25-34,1990,15388
Paulding,2016,Black,25-34,28,15390
Paulding,2016,White,25-34,2037,15391
Paulding,2017,Black,25-34,38,15393
Paulding,2017,White,25-34,1993,15394
Paulding,2018,Black,25-34,38,15396
Paulding,2018,White,25-34,2022,15397
Paulding,2019,Black,25-34,37,15399
Paulding,2019,White,25-34,1983,15400
Paulding,2020,Black,25-34,39,15402
Paulding,2020,White,25-34,1978,15403
Perry,2010,Black,25-34,27,15408
Perry,2010,White,25-34,4089,15409
Perry,2011,Black,25-34,26,15411
Perry,2011,White,25-34,4194,15412
Perry,2012,Black,25-34,27,15414
Perry,2012,White,25-34,4064,15415
Perry,2013,Black,25-34,29,15417
Perry,2013,White,25-34,4048,15418
Perry,2014,Black,25-34,34,15420
Perry,2014,White,25-34,4085,15421
Perry,2015,Black,25-34,32,15423
Perry,2015,White,25-34,4123,15424
Perry,2016,Black,25-34,34,15426
Perry,2016,White,25-34,4188,15427
Perry,2017,Black,25-34,38,15429
Perry,2017,White,25-34,4221,15430
Perry,2018,Black,25-34,51,15432
Perry,2018,White,25-34,4254,15433
Perry,2019,Black,25-34,42,15435
Perry,2019,White,25-34,4240,15436
Perry,2020,Black,25-34,37,15438
Perry,2020,White,25-34,4248,15439
Pickaway,2010,Black,25-34,503,15444
Pickaway,2010,White,25-34,6655,15445
Pickaway,2011,Black,25-34,501,15447
Pickaway,2011,White,25-34,6606,15448
Pickaway,2012,Black,25-34,540,15450
Pickaway,2012,White,25-34,6612,15451
Pickaway,2013,Black,25-34,550,15453
Pickaway,2013,White,25-34,6526,15454
Pickaway,2014,Black,25-34,564,15456
Pickaway,2014,White,25-34,6604,15457
Pickaway,2015,Black,25-34,541,15459
Pickaway,2015,White,25-34,6601,15460
Pickaway,2016,Black,25-34,603,15462
Pickaway,2016,White,25-34,6845,15463
Pickaway,2017,Black,25-34,591,15465
Pickaway,2017,White,25-34,6961,15466
Pickaway,2018,Black,25-34,592,15468
Pickaway,2018,White,25-34,7113,15469
Pickaway,2019,Black,25-34,594,15471
Pickaway,2019,White,25-34,7316,15472
Pickaway,2020,Black,25-34,561,15474
Pickaway,2020,White,25-34,7352,15475
Pike,2010,Black,25-34,47,15480
Pike,2010,White,25-34,3217,15481
Pike,2011,Black,25-34,37,15483
Pike,2011,White,25-34,3154,15484
Pike,2012,Black,25-34,36,15486
Pike,2012,White,25-34,3134,15487
Pike,2013,Black,25-34,42,15489
Pike,2013,White,25-34,3072,15490
Pike,2014,Black,25-34,42,15492
Pike,2014,White,25-34,3006,15493
Pike,2015,Black,25-34,48,15495
Pike,2015,White,25-34,3067,15496
Pike,2016,Black,25-34,51,15498
Pike,2016,White,25-34,3162,15499
Pike,2017,Black,25-34,46,15501
Pike,2017,White,25-34,3140,15502
Pike,2018,Black,25-34,60,15504
Pike,2018,White,25-34,3068,15505
Pike,2019,Black,25-34,65,15507
Pike,2019,White,25-34,3135,15508
Pike,2020,Black,25-34,71,15510
Pike,2020,White,25-34,3146,15511
Portage,2010,Black,25-34,896,15516
Portage,2010,White,25-34,16261,15517
Portage,2011,Black,25-34,897,15519
Portage,2011,White,25-34,16376,15520
Portage,2012,Black,25-34,863,15522
Portage,2012,White,25-34,16150,15523
Portage,2013,Black,25-34,884,15525
Portage,2013,White,25-34,16301,15526
Portage,2014,Black,25-34,967,15528
Portage,2014,White,25-34,16179,15529
Portage,2015,Black,25-34,988,15531
Portage,2015,White,25-34,16367,15532
Portage,2016,Black,25-34,1029,15534
Portage,2016,White,25-34,16465,15535
Portage,2017,Black,25-34,1051,15537
Portage,2017,White,25-34,16648,15538
Portage,2018,Black,25-34,1156,15540
Portage,2018,White,25-34,16862,15541
Portage,2019,Black,25-34,1234,15543
Portage,2019,White,25-34,16812,15544
Portage,2020,Black,25-34,1350,15546
Portage,2020,White,25-34,17065,15547
Preble,2010,Black,25-34,33,15552
Preble,2010,White,25-34,4488,15553
Preble,2011,Black,25-34,28,15555
Preble,2011,White,25-34,4532,15556
Preble,2012,Black,25-34,29,15558
Preble,2012,White,25-34,4476,15559
Preble,2013,Black,25-34,31,15561
Preble,2013,White,25-34,4495,15562
Preble,2014,Black,25-34,47,15564
Preble,2014,White,25-34,4451,15565
Preble,2015,Black,25-34,47,15567
Preble,2015,White,25-34,4456,15568
Preble,2016,Black,25-34,56,15570
Preble,2016,White,25-34,4437,15571
Preble,2017,Black,25-34,52,15573
Preble,2017,White,25-34,4432,15574
Preble,2018,Black,25-34,60,15576
Preble,2018,White,25-34,4393,15577
Preble,2019,Black,25-34,56,15579
Preble,2019,White,25-34,4409,15580
Preble,2020,Black,25-34,65,15582
Preble,2020,White,25-34,4392,15583
Putnam,2010,Black,25-34,36,15588
Putnam,2010,White,25-34,3800,15589
Putnam,2011,Black,25-34,33,15591
Putnam,2011,White,25-34,3837,15592
Putnam,2012,Black,25-34,32,15594
Putnam,2012,White,25-34,3743,15595
Putnam,2013,Black,25-34,38,15597
Putnam,2013,White,25-34,3683,15598
Putnam,2014,Black,25-34,35,15600
Putnam,2014,White,25-34,3655,15601
Putnam,2015,Black,25-34,33,15603
Putnam,2015,White,25-34,3562,15604
Putnam,2016,Black,25-34,30,15606
Putnam,2016,White,25-34,3635,15607
Putnam,2017,Black,25-34,34,15609
Putnam,2017,White,25-34,3612,15610
Putnam,2018,Black,25-34,43,15612
Putnam,2018,White,25-34,3667,15613
Putnam,2019,Black,25-34,38,15615
Putnam,2019,White,25-34,3678,15616
Putnam,2020,Black,25-34,40,15618
Putnam,2020,White,25-34,3630,15619
Richland,2010,Black,25-34,2224,15624
Richland,2010,White,25-34,12352,15625
Richland,2011,Black,25-34,2167,15627
Richland,2011,White,25-34,12318,15628
Richland,2012,Black,25-34,2180,15630
Richland,2012,White,25-34,12147,15631
Richland,2013,Black,25-34,2197,15633
Richland,2013,White,25-34,12057,15634
Richland,2014,Black,25-34,2209,15636
Richland,2014,White,25-34,12078,15637
Richland,2015,Black,25-34,2299,15639
Richland,2015,White,25-34,12190,15640
Richland,2016,Black,25-34,2292,15642
Richland,2016,White,25-34,12322,15643
Richland,2017,Black,25-34,2248,15645
Richland,2017,White,25-34,12421,15646
Richland,2018,Black,25-34,2390,15648
Richland,2018,White,25-34,12658,15649
Richland,2019,Black,25-34,2458,15651
Richland,2019,White,25-34,12913,15652
Richland,2020,Black,25-34,2437,15654
Richland,2020,White,25-34,12947,15655
Ross,2010,Black,25-34,995,15660
Ross,2010,White,25-34,8998,15661
Ross,2011,Black,25-34,953,15663
Ross,2011,White,25-34,8902,15664
Ross,2012,Black,25-34,934,15666
Ross,2012,White,25-34,8738,15667
Ross,2013,Black,25-34,909,15669
Ross,2013,White,25-34,8612,15670
Ross,2014,Black,25-34,907,15672
Ross,2014,White,25-34,8563,15673
Ross,2015,Black,25-34,908,15675
Ross,2015,White,25-34,8543,15676
Ross,2016,Black,25-34,930,15678
Ross,2016,White,25-34,8520,15679
Ross,2017,Black,25-34,993,15681
Ross,2017,White,25-34,8651,15682
Ross,2018,Black,25-34,936,15684
Ross,2018,White,25-34,8576,15685
Ross,2019,Black,25-34,918,15687
Ross,2019,White,25-34,8607,15688
Ross,2020,Black,25-34,928,15690
Ross,2020,White,25-34,8636,15691
Sandusky,2010,Black,25-34,296,15696
Sandusky,2010,White,25-34,6598,15697
Sandusky,2011,Black,25-34,317,15699
Sandusky,2011,White,25-34,6559,15700
Sandusky,2012,Black,25-34,318,15702
Sandusky,2012,White,25-34,6519,15703
Sandusky,2013,Black,25-34,319,15705
Sandusky,2013,White,25-34,6427,15706
Sandusky,2014,Black,25-34,308,15708
Sandusky,2014,White,25-34,6336,15709
Sandusky,2015,Black,25-34,323,15711
Sandusky,2015,White,25-34,6232,15712
Sandusky,2016,Black,25-34,332,15714
Sandusky,2016,White,25-34,6245,15715
Sandusky,2017,Black,25-34,335,15717
Sandusky,2017,White,25-34,6271,15718
Sandusky,2018,Black,25-34,360,15720
Sandusky,2018,White,25-34,6285,15721
Sandusky,2019,Black,25-34,371,15723
Sandusky,2019,White,25-34,6228,15724
Sandusky,2020,Black,25-34,385,15726
Sandusky,2020,White,25-34,6293,15727
Scioto,2010,Black,25-34,553,15732
Scioto,2010,White,25-34,9371,15733
Scioto,2011,Black,25-34,559,15735
Scioto,2011,White,25-34,9220,15736
Scioto,2012,Black,25-34,555,15738
Scioto,2012,White,25-34,9073,15739
Scioto,2013,Black,25-34,543,15741
Scioto,2013,White,25-34,9113,15742
Scioto,2014,Black,25-34,511,15744
Scioto,2014,White,25-34,9058,15745
Scioto,2015,Black,25-34,537,15747
Scioto,2015,White,25-34,9179,15748
Scioto,2016,Black,25-34,533,15750
Scioto,2016,White,25-34,9147,15751
Scioto,2017,Black,25-34,559,15753
Scioto,2017,White,25-34,9046,15754
Scioto,2018,Black,25-34,543,15756
Scioto,2018,White,25-34,8948,15757
Scioto,2019,Black,25-34,582,15759
Scioto,2019,White,25-34,8902,15760
Scioto,2020,Black,25-34,572,15762
Scioto,2020,White,25-34,8778,15763
Seneca,2010,Black,25-34,188,15768
Seneca,2010,White,25-34,6169,15769
Seneca,2011,Black,25-34,190,15771
Seneca,2011,White,25-34,6245,15772
Seneca,2012,Black,25-34,185,15774
Seneca,2012,White,25-34,6128,15775
Seneca,2013,Black,25-34,192,15777
Seneca,2013,White,25-34,6047,15778
Seneca,2014,Black,25-34,204,15780
Seneca,2014,White,25-34,6010,15781
Seneca,2015,Black,25-34,185,15783
Seneca,2015,White,25-34,5971,15784
Seneca,2016,Black,25-34,204,15786
Seneca,2016,White,25-34,5951,15787
Seneca,2017,Black,25-34,213,15789
Seneca,2017,White,25-34,5954,15790
Seneca,2018,Black,25-34,264,15792
Seneca,2018,White,25-34,5992,15793
Seneca,2019,Black,25-34,274,15795
Seneca,2019,White,25-34,6094,15796
Seneca,2020,Black,25-34,266,15798
Seneca,2020,White,25-34,6051,15799
Shelby,2010,Black,25-34,140,15804
Shelby,2010,White,25-34,5450,15805
Shelby,2011,Black,25-34,145,15807
Shelby,2011,White,25-34,5353,15808
Shelby,2012,Black,25-34,147,15810
Shelby,2012,White,25-34,5220,15811
Shelby,2013,Black,25-34,153,15813
Shelby,2013,White,25-34,5201,15814
Shelby,2014,Black,25-34,181,15816
Shelby,2014,White,25-34,5073,15817
Shelby,2015,Black,25-34,187,15819
Shelby,2015,White,25-34,5125,15820
Shelby,2016,Black,25-34,183,15822
Shelby,2016,White,25-34,5119,15823
Shelby,2017,Black,25-34,197,15825
Shelby,2017,White,25-34,5291,15826
Shelby,2018,Black,25-34,232,15828
Shelby,2018,White,25-34,5330,15829
Shelby,2019,Black,25-34,243,15831
Shelby,2019,White,25-34,5344,15832
Shelby,2020,Black,25-34,248,15834
Shelby,2020,White,25-34,5284,15835
Stark,2010,Black,25-34,3775,15840
Stark,2010,White,25-34,37106,15841
Stark,2011,Black,25-34,3776,15843
Stark,2011,White,25-34,37289,15844
Stark,2012,Black,25-34,3809,15846
Stark,2012,White,25-34,37634,15847
Stark,2013,Black,25-34,3908,15849
Stark,2013,White,25-34,38049,15850
Stark,2014,Black,25-34,4006,15852
Stark,2014,White,25-34,38540,15853
Stark,2015,Black,25-34,4120,15855
Stark,2015,White,25-34,38695,15856
Stark,2016,Black,25-34,4258,15858
Stark,2016,White,25-34,38914,15859
Stark,2017,Black,25-34,4525,15861
Stark,2017,White,25-34,38827,15862
Stark,2018,Black,25-34,4718,15864
Stark,2018,White,25-34,38937,15865
Stark,2019,Black,25-34,4883,15867
Stark,2019,White,25-34,39362,15868
Stark,2020,Black,25-34,5058,15870
Stark,2020,White,25-34,39269,15871
Summit,2010,Black,25-34,9815,15876
Summit,2010,White,25-34,52309,15877
Summit,2011,Black,25-34,9989,15879
Summit,2011,White,25-34,52790,15880
Summit,2012,Black,25-34,10046,15882
Summit,2012,White,25-34,53184,15883
Summit,2013,Black,25-34,10362,15885
Summit,2013,White,25-34,53931,15886
Summit,2014,Black,25-34,10654,15888
Summit,2014,White,25-34,54689,15889
Summit,2015,Black,25-34,11072,15891
Summit,2015,White,25-34,55166,15892
Summit,2016,Black,25-34,11556,15894
Summit,2016,White,25-34,55311,15895
Summit,2017,Black,25-34,12039,15897
Summit,2017,White,25-34,55715,15898
Summit,2018,Black,25-34,12528,15900
Summit,2018,White,25-34,55658,15901
Summit,2019,Black,25-34,12840,15903
Summit,2019,White,25-34,55888,15904
Summit,2020,Black,25-34,13171,15906
Summit,2020,White,25-34,55430,15907
Trumbull,2010,Black,25-34,2416,15912
Trumbull,2010,White,25-34,19669,15913
Trumbull,2011,Black,25-34,2348,15915
Trumbull,2011,White,25-34,19652,15916
Trumbull,2012,Black,25-34,2360,15918
Trumbull,2012,White,25-34,19496,15919
Trumbull,2013,Black,25-34,2466,15921
Trumbull,2013,White,25-34,19521,15922
Trumbull,2014,Black,25-34,2543,15924
Trumbull,2014,White,25-34,19527,15925
Trumbull,2015,Black,25-34,2562,15927
Trumbull,2015,White,25-34,19477,15928
Trumbull,2016,Black,25-34,2623,15930
Trumbull,2016,White,25-34,19549,15931
Trumbull,2017,Black,25-34,2707,15933
Trumbull,2017,White,25-34,19816,15934
Trumbull,2018,Black,25-34,2571,15936
Trumbull,2018,White,25-34,19858,15937
Trumbull,2019,Black,25-34,2910,15939
Trumbull,2019,White,25-34,20159,15940
Trumbull,2020,Black,25-34,2900,15942
Trumbull,2020,White,25-34,20285,15943
Tuscarawas,2010,Black,25-34,112,15948
Tuscarawas,2010,White,25-34,10394,15949
Tuscarawas,2011,Black,25-34,106,15951
Tuscarawas,2011,White,25-34,10399,15952
Tuscarawas,2012,Black,25-34,99,15954
Tuscarawas,2012,White,25-34,10280,15955
Tuscarawas,2013,Black,25-34,101,15957
Tuscarawas,2013,White,25-34,10238,15958
Tuscarawas,2014,Black,25-34,123,15960
Tuscarawas,2014,White,25-34,10368,15961
Tuscarawas,2015,Black,25-34,125,15963
Tuscarawas,2015,White,25-34,10395,15964
Tuscarawas,2016,Black,25-34,128,15966
Tuscarawas,2016,White,25-34,10356,15967
Tuscarawas,2017,Black,25-34,165,15969
Tuscarawas,2017,White,25-34,10362,15970
Tuscarawas,2018,Black,25-34,163,15972
Tuscarawas,2018,White,25-34,10262,15973
Tuscarawas,2019,Black,25-34,184,15975
Tuscarawas,2019,White,25-34,10242,15976
Tuscarawas,2020,Black,25-34,204,15978
Tuscarawas,2020,White,25-34,10282,15979
Union,2010,Black,25-34,350,15984
Union,2010,White,25-34,6377,15985
Union,2011,Black,25-34,382,15987
Union,2011,White,25-34,6384,15988
Union,2012,Black,25-34,341,15990
Union,2012,White,25-34,6066,15991
Union,2013,Black,25-34,375,15993
Union,2013,White,25-34,5962,15994
Union,2014,Black,25-34,381,15996
Union,2014,White,25-34,6013,15997
Union,2015,Black,25-34,393,15999
Union,2015,White,25-34,6125,16000
Union,2016,Black,25-34,417,16002
Union,2016,White,25-34,6429,16003
Union,2017,Black,25-34,404,16005
Union,2017,White,25-34,6680,16006
Union,2018,Black,25-34,404,16008
Union,2018,White,25-34,6764,16009
Union,2019,Black,25-34,402,16011
Union,2019,White,25-34,7005,16012
Union,2020,Black,25-34,397,16014
Union,2020,White,25-34,7018,16015
Van Wert,2010,Black,25-34,42,16020
Van Wert,2010,White,25-34,3216,16021
Van Wert,2011,Black,25-34,38,16023
Van Wert,2011,White,25-34,3199,16024
Van Wert,2012,Black,25-34,47,16026
Van Wert,2012,White,25-34,3150,16027
Van Wert,2013,Black,25-34,46,16029
Van Wert,2013,White,25-34,3086,16030
Van Wert,2014,Black,25-34,43,16032
Van Wert,2014,White,25-34,3028,16033
Van Wert,2015,Black,25-34,48,16035
Van Wert,2015,White,25-34,3032,16036
Van Wert,2016,Black,25-34,45,16038
Van Wert,2016,White,25-34,3094,16039
Van Wert,2017,Black,25-34,55,16041
Van Wert,2017,White,25-34,3141,16042
Van Wert,2018,Black,25-34,64,16044
Van Wert,2018,White,25-34,3133,16045
Van Wert,2019,Black,25-34,69,16047
Van Wert,2019,White,25-34,3221,16048
Van Wert,2020,Black,25-34,80,16050
Van Wert,2020,White,25-34,3254,16051
Vinton,2010,Black,25-34,8,16056
Vinton,2010,White,25-34,1450,16057
Vinton,2011,Black,25-34,8,16059
Vinton,2011,White,25-34,1395,16060
Vinton,2012,Black,25-34,8,16062
Vinton,2012,White,25-34,1370,16063
Vinton,2013,Black,25-34,11,16065
Vinton,2013,White,25-34,1410,16066
Vinton,2014,Black,25-34,15,16068
Vinton,2014,White,25-34,1388,16069
Vinton,2015,Black,25-34,13,16071
Vinton,2015,White,25-34,1364,16072
Vinton,2016,Black,25-34,16,16074
Vinton,2016,White,25-34,1371,16075
Vinton,2017,Black,25-34,10,16077
Vinton,2017,White,25-34,1380,16078
Vinton,2018,Black,25-34,19,16080
Vinton,2018,White,25-34,1461,16081
Vinton,2019,Black,25-34,19,16083
Vinton,2019,White,25-34,1463,16084
Vinton,2020,Black,25-34,21,16086
Vinton,2020,White,25-34,1472,16087
Warren,2010,Black,25-34,1510,16092
Warren,2010,White,25-34,22122,16093
Warren,2011,Black,25-34,1544,16095
Warren,2011,White,25-34,22023,16096
Warren,2012,Black,25-34,1525,16098
Warren,2012,White,25-34,22005,16099
Warren,2013,Black,25-34,1520,16101
Warren,2013,White,25-34,21950,16102
Warren,2014,Black,25-34,1483,16104
Warren,2014,White,25-34,21805,16105
Warren,2015,Black,25-34,1510,16107
Warren,2015,White,25-34,21708,16108
Warren,2016,Black,25-34,1606,16110
Warren,2016,White,25-34,21894,16111
Warren,2017,Black,25-34,1591,16113
Warren,2017,White,25-34,21914,16114
Warren,2018,Black,25-34,1676,16116
Warren,2018,White,25-34,22185,16117
Warren,2019,Black,25-34,1800,16119
Warren,2019,White,25-34,22588,16120
Warren,2020,Black,25-34,1779,16122
Warren,2020,White,25-34,22856,16123
Washington,2010,Black,25-34,87,16128
Washington,2010,White,25-34,6382,16129
Washington,2011,Black,25-34,98,16131
Washington,2011,White,25-34,6421,16132
Washington,2012,Black,25-34,114,16134
Washington,2012,White,25-34,6451,16135
Washington,2013,Black,25-34,117,16137
Washington,2013,White,25-34,6493,16138
Washington,2014,Black,25-34,105,16140
Washington,2014,White,25-34,6473,16141
Washington,2015,Black,25-34,114,16143
Washington,2015,White,25-34,6465,16144
Washington,2016,Black,25-34,108,16146
Washington,2016,White,25-34,6582,16147
Washington,2017,Black,25-34,109,16149
Washington,2017,White,25-34,6567,16150
Washington,2018,Black,25-34,116,16152
Washington,2018,White,25-34,6536,16153
Washington,2019,Black,25-34,141,16155
Washington,2019,White,25-34,6582,16156
Washington,2020,Black,25-34,150,16158
Washington,2020,White,25-34,6577,16159
Wayne,2010,Black,25-34,222,16164
Wayne,2010,White,25-34,12367,16165
Wayne,2011,Black,25-34,226,16167
Wayne,2011,White,25-34,12360,16168
Wayne,2012,Black,25-34,238,16170
Wayne,2012,White,25-34,12384,16171
Wayne,2013,Black,25-34,241,16173
Wayne,2013,White,25-34,12531,16174
Wayne,2014,Black,25-34,256,16176
Wayne,2014,White,25-34,12586,16177
Wayne,2015,Black,25-34,300,16179
Wayne,2015,White,25-34,12836,16180
Wayne,2016,Black,25-34,308,16182
Wayne,2016,White,25-34,13033,16183
Wayne,2017,Black,25-34,327,16185
Wayne,2017,White,25-34,13103,16186
Wayne,2018,Black,25-34,332,16188
Wayne,2018,White,25-34,13055,16189
Wayne,2019,Black,25-34,355,16191
Wayne,2019,White,25-34,13103,16192
Wayne,2020,Black,25-34,368,16194
Wayne,2020,White,25-34,13196,16195
Williams,2010,Black,25-34,90,16200
Williams,2010,White,25-34,4207,16201
Williams,2011,Black,25-34,95,16203
Williams,2011,White,25-34,4202,16204
Williams,2012,Black,25-34,106,16206
Williams,2012,White,25-34,4168,16207
Williams,2013,Black,25-34,115,16209
Williams,2013,White,25-34,4095,16210
Williams,2014,Black,25-34,111,16212
Williams,2014,White,25-34,4075,16213
Williams,2015,Black,25-34,109,16215
Williams,2015,White,25-34,4036,16216
Williams,2016,Black,25-34,109,16218
Williams,2016,White,25-34,4029,16219
Williams,2017,Black,25-34,114,16221
Williams,2017,White,25-34,4052,16222
Williams,2018,Black,25-34,124,16224
Williams,2018,White,25-34,4132,16225
Williams,2019,Black,25-34,121,16227
Williams,2019,White,25-34,4177,16228
Williams,2020,Black,25-34,134,16230
Williams,2020,White,25-34,4131,16231
Wood,2010,Black,25-34,398,16236
Wood,2010,White,25-34,13748,16237
Wood,2011,Black,25-34,401,16239
Wood,2011,White,25-34,13934,16240
Wood,2012,Black,25-34,417,16242
Wood,2012,White,25-34,14129,16243
Wood,2013,Black,25-34,484,16245
Wood,2013,White,25-34,14334,16246
Wood,2014,Black,25-34,536,16248
Wood,2014,White,25-34,14457,16249
Wood,2015,Black,25-34,527,16251
Wood,2015,White,25-34,14401,16252
Wood,2016,Black,25-34,552,16254
Wood,2016,White,25-34,14580,16255
Wood,2017,Black,25-34,585,16257
Wood,2017,White,25-34,14774,16258
Wood,2018,Black,25-34,604,16260
Wood,2018,White,25-34,14837,16261
Wood,2019,Black,25-34,673,16263
Wood,2019,White,25-34,15091,16264
Wood,2020,Black,25-34,703,16266
Wood,2020,White,25-34,15198,16267
Wyandot,2010,Black,25-34,12,16272
Wyandot,2010,White,25-34,2518,16273
Wyandot,2011,Black,25-34,15,16275
Wyandot,2011,White,25-34,2536,16276
Wyandot,2012,Black,25-34,13,16278
Wyandot,2012,White,25-34,2507,16279
Wyandot,2013,Black,25-34,20,16281
Wyandot,2013,White,25-34,2494,16282
Wyandot,2014,Black,25-34,17,16284
Wyandot,2014,White,25-34,2437,16285
Wyandot,2015,Black,25-34,18,16287
Wyandot,2015,White,25-34,2426,16288
Wyandot,2016,Black,25-34,18,16290
Wyandot,2016,White,25-34,2394,16291
Wyandot,2017,Black,25-34,21,16293
Wyandot,2017,White,25-34,2424,16294
Wyandot,2018,Black,25-34,14,16296
Wyandot,2018,White,25-34,2388,16297
Wyandot,2019,Black,25-34,24,16299
Wyandot,2019,White,25-34,2392,16300
Wyandot,2020,Black,25-34,22,16302
Wyandot,2020,White,25-34,2375,16303
Unknown,2010,Black,25-34,0,16308
Unknown,2010,White,25-34,0,16309
Unknown,2011,Black,25-34,0,16311
Unknown,2011,White,25-34,0,16312
Unknown,2012,Black,25-34,0,16314
Unknown,2012,White,25-34,0,16315
Unknown,2013,Black,25-34,0,16317
Unknown,2013,White,25-34,0,16318
Unknown,2014,Black,25-34,0,16320
Unknown,2014,White,25-34,0,16321
Unknown,2015,Black,25-34,0,16323
Unknown,2015,White,25-34,0,16324
Unknown,2016,Black,25-34,0,16326
Unknown,2016,White,25-34,0,16327
Unknown,2017,Black,25-34,0,16329
Unknown,2017,White,25-34,0,16330
Unknown,2018,Black,25-34,0,16332
Unknown,2018,White,25-34,0,16333
Unknown,2019,Black,25-34,0,16335
Unknown,2019,White,25-34,0,16336
Unknown,2020,Black,25-34,0,16338
Unknown,2020,White,25-34,0,16339
Adams,2010,Black,35-44,20,16380
Adams,2010,White,35-44,3753,16381
Adams,2011,Black,35-44,21,16383
Adams,2011,White,35-44,3694,16384
Adams,2012,Black,35-44,16,16386
Adams,2012,White,35-44,3636,16387
Adams,2013,Black,35-44,14,16389
Adams,2013,White,35-44,3560,16390
Adams,2014,Black,35-44,17,16392
Adams,2014,White,35-44,3476,16393
Adams,2015,Black,35-44,20,16395
Adams,2015,White,35-44,3401,16396
Adams,2016,Black,35-44,21,16398
Adams,2016,White,35-44,3342,16399
Adams,2017,Black,35-44,20,16401
Adams,2017,White,35-44,3240,16402
Adams,2018,Black,35-44,20,16404
Adams,2018,White,35-44,3155,16405
Adams,2019,Black,35-44,18,16407
Adams,2019,White,35-44,3083,16408
Adams,2020,Black,35-44,25,16410
Adams,2020,White,35-44,2976,16411
Allen,2010,Black,35-44,1654,16416
Allen,2010,White,35-44,10502,16417
Allen,2011,Black,35-44,1672,16419
Allen,2011,White,35-44,10302,16420
Allen,2012,Black,35-44,1654,16422
Allen,2012,White,35-44,10200,16423
Allen,2013,Black,35-44,1663,16425
Allen,2013,White,35-44,10174,16426
Allen,2014,Black,35-44,1693,16428
Allen,2014,White,35-44,10238,16429
Allen,2015,Black,35-44,1699,16431
Allen,2015,White,35-44,10152,16432
Allen,2016,Black,35-44,1718,16434
Allen,2016,White,35-44,10017,16435
Allen,2017,Black,35-44,1730,16437
Allen,2017,White,35-44,10078,16438
Allen,2018,Black,35-44,1730,16440
Allen,2018,White,35-44,10100,16441
Allen,2019,Black,35-44,1761,16443
Allen,2019,White,35-44,10025,16444
Allen,2020,Black,35-44,1748,16446
Allen,2020,White,35-44,9940,16447
Ashland,2010,Black,35-44,58,16452
Ashland,2010,White,35-44,6188,16453
Ashland,2011,Black,35-44,52,16455
Ashland,2011,White,35-44,6118,16456
Ashland,2012,Black,35-44,51,16458
Ashland,2012,White,35-44,5995,16459
Ashland,2013,Black,35-44,53,16461
Ashland,2013,White,35-44,5911,16462
Ashland,2014,Black,35-44,61,16464
Ashland,2014,White,35-44,5824,16465
Ashland,2015,Black,35-44,66,16467
Ashland,2015,White,35-44,5737,16468
Ashland,2016,Black,35-44,68,16470
Ashland,2016,White,35-44,5656,16471
Ashland,2017,Black,35-44,64,16473
Ashland,2017,White,35-44,5656,16474
Ashland,2018,Black,35-44,68,16476
Ashland,2018,White,35-44,5671,16477
Ashland,2019,Black,35-44,71,16479
Ashland,2019,White,35-44,5729,16480
Ashland,2020,Black,35-44,74,16482
Ashland,2020,White,35-44,5801,16483
Ashtabula,2010,Black,35-44,584,16488
Ashtabula,2010,White,35-44,12297,16489
Ashtabula,2011,Black,35-44,572,16491
Ashtabula,2011,White,35-44,11983,16492
Ashtabula,2012,Black,35-44,576,16494
Ashtabula,2012,White,35-44,11581,16495
Ashtabula,2013,Black,35-44,596,16497
Ashtabula,2013,White,35-44,11302,16498
Ashtabula,2014,Black,35-44,593,16500
Ashtabula,2014,White,35-44,10922,16501
Ashtabula,2015,Black,35-44,597,16503
Ashtabula,2015,White,35-44,10783,16504
Ashtabula,2016,Black,35-44,601,16506
Ashtabula,2016,White,35-44,10369,16507
Ashtabula,2017,Black,35-44,602,16509
Ashtabula,2017,White,35-44,10323,16510
Ashtabula,2018,Black,35-44,609,16512
Ashtabula,2018,White,35-44,10170,16513
Ashtabula,2019,Black,35-44,610,16515
Ashtabula,2019,White,35-44,10010,16516
Ashtabula,2020,Black,35-44,568,16518
Ashtabula,2020,White,35-44,9963,16519
Athens,2010,Black,35-44,173,16524
Athens,2010,White,35-44,5796,16525
Athens,2011,Black,35-44,164,16527
Athens,2011,White,35-44,5798,16528
Athens,2012,Black,35-44,153,16530
Athens,2012,White,35-44,5831,16531
Athens,2013,Black,35-44,159,16533
Athens,2013,White,35-44,5918,16534
Athens,2014,Black,35-44,170,16536
Athens,2014,White,35-44,5989,16537
Athens,2015,Black,35-44,186,16539
Athens,2015,White,35-44,6019,16540
Athens,2016,Black,35-44,197,16542
Athens,2016,White,35-44,6060,16543
Athens,2017,Black,35-44,222,16545
Athens,2017,White,35-44,6139,16546
Athens,2018,Black,35-44,233,16548
Athens,2018,White,35-44,6203,16549
Athens,2019,Black,35-44,250,16551
Athens,2019,White,35-44,6274,16552
Athens,2020,Black,35-44,261,16554
Athens,2020,White,35-44,6308,16555
Auglaize,2010,Black,35-44,42,16560
Auglaize,2010,White,35-44,5655,16561
Auglaize,2011,Black,35-44,42,16563
Auglaize,2011,White,35-44,5470,16564
Auglaize,2012,Black,35-44,40,16566
Auglaize,2012,White,35-44,5371,16567
Auglaize,2013,Black,35-44,42,16569
Auglaize,2013,White,35-44,5288,16570
Auglaize,2014,Black,35-44,43,16572
Auglaize,2014,White,35-44,5209,16573
Auglaize,2015,Black,35-44,59,16575
Auglaize,2015,White,35-44,5114,16576
Auglaize,2016,Black,35-44,50,16578
Auglaize,2016,White,35-44,5133,16579
Auglaize,2017,Black,35-44,56,16581
Auglaize,2017,White,35-44,5103,16582
Auglaize,2018,Black,35-44,61,16584
Auglaize,2018,White,35-44,5081,16585
Auglaize,2019,Black,35-44,63,16587
Auglaize,2019,White,35-44,5045,16588
Auglaize,2020,Black,35-44,66,16590
Auglaize,2020,White,35-44,5088,16591
Belmont,2010,Black,35-44,444,16596
Belmont,2010,White,35-44,8211,16597
Belmont,2011,Black,35-44,441,16599
Belmont,2011,White,35-44,8061,16600
Belmont,2012,Black,35-44,431,16602
Belmont,2012,White,35-44,7967,16603
Belmont,2013,Black,35-44,433,16605
Belmont,2013,White,35-44,7874,16606
Belmont,2014,Black,35-44,432,16608
Belmont,2014,White,35-44,7756,16609
Belmont,2015,Black,35-44,421,16611
Belmont,2015,White,35-44,7669,16612
Belmont,2016,Black,35-44,396,16614
Belmont,2016,White,35-44,7543,16615
Belmont,2017,Black,35-44,400,16617
Belmont,2017,White,35-44,7503,16618
Belmont,2018,Black,35-44,400,16620
Belmont,2018,White,35-44,7429,16621
Belmont,2019,Black,35-44,388,16623
Belmont,2019,White,35-44,7355,16624
Belmont,2020,Black,35-44,366,16626
Belmont,2020,White,35-44,7253,16627
Brown,2010,Black,35-44,53,16632
Brown,2010,White,35-44,5815,16633
Brown,2011,Black,35-44,57,16635
Brown,2011,White,35-44,5687,16636
Brown,2012,Black,35-44,60,16638
Brown,2012,White,35-44,5550,16639
Brown,2013,Black,35-44,56,16641
Brown,2013,White,35-44,5446,16642
Brown,2014,Black,35-44,68,16644
Brown,2014,White,35-44,5420,16645
Brown,2015,Black,35-44,63,16647
Brown,2015,White,35-44,5354,16648
Brown,2016,Black,35-44,70,16650
Brown,2016,White,35-44,5251,16651
Brown,2017,Black,35-44,56,16653
Brown,2017,White,35-44,5104,16654
Brown,2018,Black,35-44,58,16656
Brown,2018,White,35-44,5066,16657
Brown,2019,Black,35-44,60,16659
Brown,2019,White,35-44,5004,16660
Brown,2020,Black,35-44,64,16662
Brown,2020,White,35-44,4961,16663
Butler,2010,Black,35-44,4245,16668
Butler,2010,White,35-44,42545,16669
Butler,2011,Black,35-44,4263,16671
Butler,2011,White,35-44,41677,16672
Butler,2012,Black,35-44,4215,16674
Butler,2012,White,35-44,40825,16675
Butler,2013,Black,35-44,4244,16677
Butler,2013,White,35-44,39948,16678
Butler,2014,Black,35-44,4309,16680
Butler,2014,White,35-44,39622,16681
Butler,2015,Black,35-44,4407,16683
Butler,2015,White,35-44,39140,16684
Butler,2016,Black,35-44,4577,16686
Butler,2016,White,35-44,38830,16687
Butler,2017,Black,35-44,4703,16689
Butler,2017,White,35-44,38789,16690
Butler,2018,Black,35-44,4820,16692
Butler,2018,White,35-44,38892,16693
Butler,2019,Black,35-44,4985,16695
Butler,2019,White,35-44,38885,16696
Butler,2020,Black,35-44,5185,16698
Butler,2020,White,35-44,38895,16699
Carroll,2010,Black,35-44,10,16704
Carroll,2010,White,35-44,3451,16705
Carroll,2011,Black,35-44,17,16707
Carroll,2011,White,35-44,3390,16708
Carroll,2012,Black,35-44,17,16710
Carroll,2012,White,35-44,3346,16711
Carroll,2013,Black,35-44,18,16713
Carroll,2013,White,35-44,3267,16714
Carroll,2014,Black,35-44,23,16716
Carroll,2014,White,35-44,3240,16717
Carroll,2015,Black,35-44,28,16719
Carroll,2015,White,35-44,3148,16720
Carroll,2016,Black,35-44,24,16722
Carroll,2016,White,35-44,3054,16723
Carroll,2017,Black,35-44,21,16725
Carroll,2017,White,35-44,2947,16726
Carroll,2018,Black,35-44,27,16728
Carroll,2018,White,35-44,2892,16729
Carroll,2019,Black,35-44,18,16731
Carroll,2019,White,35-44,2831,16732
Carroll,2020,Black,35-44,28,16734
Carroll,2020,White,35-44,2820,16735
Champaign,2010,Black,35-44,100,16740
Champaign,2010,White,35-44,5215,16741
Champaign,2011,Black,35-44,93,16743
Champaign,2011,White,35-44,5014,16744
Champaign,2012,Black,35-44,86,16746
Champaign,2012,White,35-44,4848,16747
Champaign,2013,Black,35-44,82,16749
Champaign,2013,White,35-44,4772,16750
Champaign,2014,Black,35-44,89,16752
Champaign,2014,White,35-44,4601,16753
Champaign,2015,Black,35-44,99,16755
Champaign,2015,White,35-44,4457,16756
Champaign,2016,Black,35-44,92,16758
Champaign,2016,White,35-44,4266,16759
Champaign,2017,Black,35-44,91,16761
Champaign,2017,White,35-44,4281,16762
Champaign,2018,Black,35-44,96,16764
Champaign,2018,White,35-44,4185,16765
Champaign,2019,Black,35-44,111,16767
Champaign,2019,White,35-44,4150,16768
Champaign,2020,Black,35-44,124,16770
Champaign,2020,White,35-44,4186,16771
Clark,2010,Black,35-44,1501,16776
Clark,2010,White,35-44,14925,16777
Clark,2011,Black,35-44,1465,16779
Clark,2011,White,35-44,14523,16780
Clark,2012,Black,35-44,1426,16782
Clark,2012,White,35-44,14224,16783
Clark,2013,Black,35-44,1434,16785
Clark,2013,White,35-44,14072,16786
Clark,2014,Black,35-44,1462,16788
Clark,2014,White,35-44,13849,16789
Clark,2015,Black,35-44,1489,16791
Clark,2015,White,35-44,13526,16792
Clark,2016,Black,35-44,1422,16794
Clark,2016,White,35-44,13048,16795
Clark,2017,Black,35-44,1405,16797
Clark,2017,White,35-44,12854,16798
Clark,2018,Black,35-44,1410,16800
Clark,2018,White,35-44,12818,16801
Clark,2019,Black,35-44,1426,16803
Clark,2019,White,35-44,12955,16804
Clark,2020,Black,35-44,1470,16806
Clark,2020,White,35-44,13018,16807
Clermont,2010,Black,35-44,342,16812
Clermont,2010,White,35-44,26317,16813
Clermont,2011,Black,35-44,385,16815
Clermont,2011,White,35-44,25753,16816
Clermont,2012,Black,35-44,397,16818
Clermont,2012,White,35-44,25120,16819
Clermont,2013,Black,35-44,400,16821
Clermont,2013,White,35-44,25041,16822
Clermont,2014,Black,35-44,424,16824
Clermont,2014,White,35-44,24767,16825
Clermont,2015,Black,35-44,445,16827
Clermont,2015,White,35-44,24481,16828
Clermont,2016,Black,35-44,481,16830
Clermont,2016,White,35-44,24220,16831
Clermont,2017,Black,35-44,498,16833
Clermont,2017,White,35-44,24302,16834
Clermont,2018,Black,35-44,548,16836
Clermont,2018,White,35-44,24405,16837
Clermont,2019,Black,35-44,561,16839
Clermont,2019,White,35-44,24401,16840
Clermont,2020,Black,35-44,552,16842
Clermont,2020,White,35-44,24619,16843
Clinton,2010,Black,35-44,106,16848
Clinton,2010,White,35-44,5007,16849
Clinton,2011,Black,35-44,117,16851
Clinton,2011,White,35-44,4897,16852
Clinton,2012,Black,35-44,109,16854
Clinton,2012,White,35-44,4842,16855
Clinton,2013,Black,35-44,113,16857
Clinton,2013,White,35-44,4810,16858
Clinton,2014,Black,35-44,120,16860
Clinton,2014,White,35-44,4831,16861
Clinton,2015,Black,35-44,124,16863
Clinton,2015,White,35-44,4759,16864
Clinton,2016,Black,35-44,118,16866
Clinton,2016,White,35-44,4735,16867
Clinton,2017,Black,35-44,104,16869
Clinton,2017,White,35-44,4750,16870
Clinton,2018,Black,35-44,129,16872
Clinton,2018,White,35-44,4759,16873
Clinton,2019,Black,35-44,137,16875
Clinton,2019,White,35-44,4730,16876
Clinton,2020,Black,35-44,133,16878
Clinton,2020,White,35-44,4731,16879
Columbiana,2010,Black,35-44,639,16884
Columbiana,2010,White,35-44,13177,16885
Columbiana,2011,Black,35-44,635,16887
Columbiana,2011,White,35-44,12918,16888
Columbiana,2012,Black,35-44,637,16890
Columbiana,2012,White,35-44,12651,16891
Columbiana,2013,Black,35-44,647,16893
Columbiana,2013,White,35-44,12443,16894
Columbiana,2014,Black,35-44,646,16896
Columbiana,2014,White,35-44,12236,16897
Columbiana,2015,Black,35-44,642,16899
Columbiana,2015,White,35-44,11993,16900
Columbiana,2016,Black,35-44,658,16902
Columbiana,2016,White,35-44,11695,16903
Columbiana,2017,Black,35-44,643,16905
Columbiana,2017,White,35-44,11392,16906
Columbiana,2018,Black,35-44,653,16908
Columbiana,2018,White,35-44,11228,16909
Columbiana,2019,Black,35-44,661,16911
Columbiana,2019,White,35-44,11079,16912
Columbiana,2020,Black,35-44,666,16914
Columbiana,2020,White,35-44,11012,16915
Coshocton,2010,Black,35-44,68,16920
Coshocton,2010,White,35-44,4427,16921
Coshocton,2011,Black,35-44,68,16923
Coshocton,2011,White,35-44,4347,16924
Coshocton,2012,Black,35-44,70,16926
Coshocton,2012,White,35-44,4253,16927
Coshocton,2013,Black,35-44,61,16929
Coshocton,2013,White,35-44,4148,16930
Coshocton,2014,Black,35-44,65,16932
Coshocton,2014,White,35-44,4079,16933
Coshocton,2015,Black,35-44,69,16935
Coshocton,2015,White,35-44,4048,16936
Coshocton,2016,Black,35-44,70,16938
Coshocton,2016,White,35-44,4014,16939
Coshocton,2017,Black,35-44,56,16941
Coshocton,2017,White,35-44,4030,16942
Coshocton,2018,Black,35-44,60,16944
Coshocton,2018,White,35-44,4006,16945
Coshocton,2019,Black,35-44,66,16947
Coshocton,2019,White,35-44,3988,16948
Coshocton,2020,Black,35-44,66,16950
Coshocton,2020,White,35-44,3970,16951
Crawford,2010,Black,35-44,49,16956
Crawford,2010,White,35-44,5339,16957
Crawford,2011,Black,35-44,49,16959
Crawford,2011,White,35-44,5224,16960
Crawford,2012,Black,35-44,53,16962
Crawford,2012,White,35-44,5099,16963
Crawford,2013,Black,35-44,51,16965
Crawford,2013,White,35-44,5023,16966
Crawford,2014,Black,35-44,62,16968
Crawford,2014,White,35-44,4944,16969
Crawford,2015,Black,35-44,68,16971
Crawford,2015,White,35-44,4948,16972
Crawford,2016,Black,35-44,77,16974
Crawford,2016,White,35-44,4822,16975
Crawford,2017,Black,35-44,70,16977
Crawford,2017,White,35-44,4619,16978
Crawford,2018,Black,35-44,71,16980
Crawford,2018,White,35-44,4575,16981
Crawford,2019,Black,35-44,75,16983
Crawford,2019,White,35-44,4509,16984
Crawford,2020,Black,35-44,71,16986
Crawford,2020,White,35-44,4473,16987
Cuyahoga,2010,Black,35-44,47102,16992
Cuyahoga,2010,White,35-44,104198,16993
Cuyahoga,2011,Black,35-44,45913,16995
Cuyahoga,2011,White,35-44,101032,16996
Cuyahoga,2012,Black,35-44,45124,16998
Cuyahoga,2012,White,35-44,98800,16999
Cuyahoga,2013,Black,35-44,44662,17001
Cuyahoga,2013,White,35-44,97029,17002
Cuyahoga,2014,Black,35-44,44397,17004
Cuyahoga,2014,White,35-44,95102,17005
Cuyahoga,2015,Black,35-44,43974,17007
Cuyahoga,2015,White,35-44,93499,17008
Cuyahoga,2016,Black,35-44,43329,17010
Cuyahoga,2016,White,35-44,91977,17011
Cuyahoga,2017,Black,35-44,42800,17013
Cuyahoga,2017,White,35-44,91390,17014
Cuyahoga,2018,Black,35-44,42755,17016
Cuyahoga,2018,White,35-44,92231,17017
Cuyahoga,2019,Black,35-44,42918,17019
Cuyahoga,2019,White,35-44,92997,17020
Cuyahoga,2020,Black,35-44,43077,17022
Cuyahoga,2020,White,35-44,93561,17023
Darke,2010,Black,35-44,47,17028
Darke,2010,White,35-44,6403,17029
Darke,2011,Black,35-44,48,17031
Darke,2011,White,35-44,6232,17032
Darke,2012,Black,35-44,43,17034
Darke,2012,White,35-44,6126,17035
Darke,2013,Black,35-44,37,17037
Darke,2013,White,35-44,6058,17038
Darke,2014,Black,35-44,36,17040
Darke,2014,White,35-44,5961,17041
Darke,2015,Black,35-44,48,17043
Darke,2015,White,35-44,5906,17044
Darke,2016,Black,35-44,45,17046
Darke,2016,White,35-44,5775,17047
Darke,2017,Black,35-44,47,17049
Darke,2017,White,35-44,5657,17050
Darke,2018,Black,35-44,52,17052
Darke,2018,White,35-44,5656,17053
Darke,2019,Black,35-44,55,17055
Darke,2019,White,35-44,5566,17056
Darke,2020,Black,35-44,69,17058
Darke,2020,White,35-44,5569,17059
Defiance,2010,Black,35-44,111,17064
Defiance,2010,White,35-44,4576,17065
Defiance,2011,Black,35-44,111,17067
Defiance,2011,White,35-44,4544,17068
Defiance,2012,Black,35-44,106,17070
Defiance,2012,White,35-44,4444,17071
Defiance,2013,Black,35-44,110,17073
Defiance,2013,White,35-44,4437,17074
Defiance,2014,Black,35-44,107,17076
Defiance,2014,White,35-44,4426,17077
Defiance,2015,Black,35-44,111,17079
Defiance,2015,White,35-44,4458,17080
Defiance,2016,Black,35-44,112,17082
Defiance,2016,White,35-44,4399,17083
Defiance,2017,Black,35-44,104,17085
Defiance,2017,White,35-44,4367,17086
Defiance,2018,Black,35-44,114,17088
Defiance,2018,White,35-44,4341,17089
Defiance,2019,Black,35-44,116,17091
Defiance,2019,White,35-44,4360,17092
Defiance,2020,Black,35-44,105,17094
Defiance,2020,White,35-44,4424,17095
Delaware,2010,Black,35-44,1102,17100
Delaware,2010,White,35-44,26733,17101
Delaware,2011,Black,35-44,1063,17103
Delaware,2011,White,35-44,26557,17104
Delaware,2012,Black,35-44,1054,17106
Delaware,2012,White,35-44,26387,17107
Delaware,2013,Black,35-44,1021,17109
Delaware,2013,White,35-44,26362,17110
Delaware,2014,Black,35-44,1053,17112
Delaware,2014,White,35-44,26295,17113
Delaware,2015,Black,35-44,1053,17115
Delaware,2015,White,35-44,25990,17116
Delaware,2016,Black,35-44,1107,17118
Delaware,2016,White,35-44,25685,17119
Delaware,2017,Black,35-44,1139,17121
Delaware,2017,White,35-44,25831,17122
Delaware,2018,Black,35-44,1217,17124
Delaware,2018,White,35-44,26012,17125
Delaware,2019,Black,35-44,1326,17127
Delaware,2019,White,35-44,26147,17128
Delaware,2020,Black,35-44,1389,17130
Delaware,2020,White,35-44,26313,17131
Erie,2010,Black,35-44,825,17136
Erie,2010,White,35-44,8282,17137
Erie,2011,Black,35-44,818,17139
Erie,2011,White,35-44,8011,17140
Erie,2012,Black,35-44,805,17142
Erie,2012,White,35-44,7738,17143
Erie,2013,Black,35-44,777,17145
Erie,2013,White,35-44,7573,17146
Erie,2014,Black,35-44,808,17148
Erie,2014,White,35-44,7300,17149
Erie,2015,Black,35-44,831,17151
Erie,2015,White,35-44,7115,17152
Erie,2016,Black,35-44,817,17154
Erie,2016,White,35-44,6939,17155
Erie,2017,Black,35-44,815,17157
Erie,2017,White,35-44,6822,17158
Erie,2018,Black,35-44,828,17160
Erie,2018,White,35-44,6803,17161
Erie,2019,Black,35-44,819,17163
Erie,2019,White,35-44,6805,17164
Erie,2020,Black,35-44,822,17166
Erie,2020,White,35-44,6890,17167
Fairfield,2010,Black,35-44,1479,17172
Fairfield,2010,White,35-44,18751,17173
Fairfield,2011,Black,35-44,1549,17175
Fairfield,2011,White,35-44,18439,17176
Fairfield,2012,Black,35-44,1606,17178
Fairfield,2012,White,35-44,18077,17179
Fairfield,2013,Black,35-44,1679,17181
Fairfield,2013,White,35-44,17929,17182
Fairfield,2014,Black,35-44,1823,17184
Fairfield,2014,White,35-44,17739,17185
Fairfield,2015,Black,35-44,1884,17187
Fairfield,2015,White,35-44,17408,17188
Fairfield,2016,Black,35-44,1870,17190
Fairfield,2016,White,35-44,17160,17191
Fairfield,2017,Black,35-44,1971,17193
Fairfield,2017,White,35-44,17320,17194
Fairfield,2018,Black,35-44,2067,17196
Fairfield,2018,White,35-44,17466,17197
Fairfield,2019,Black,35-44,2223,17199
Fairfield,2019,White,35-44,17541,17200
Fairfield,2020,Black,35-44,2360,17202
Fairfield,2020,White,35-44,17716,17203
Fayette,2010,Black,35-44,98,17208
Fayette,2010,White,35-44,3635,17209
Fayette,2011,Black,35-44,90,17211
Fayette,2011,White,35-44,3579,17212
Fayette,2012,Black,35-44,88,17214
Fayette,2012,White,35-44,3566,17215
Fayette,2013,Black,35-44,101,17217
Fayette,2013,White,35-44,3501,17218
Fayette,2014,Black,35-44,97,17220
Fayette,2014,White,35-44,3412,17221
Fayette,2015,Black,35-44,98,17223
Fayette,2015,White,35-44,3347,17224
Fayette,2016,Black,35-44,99,17226
Fayette,2016,White,35-44,3287,17227
Fayette,2017,Black,35-44,98,17229
Fayette,2017,White,35-44,3261,17230
Fayette,2018,Black,35-44,103,17232
Fayette,2018,White,35-44,3231,17233
Fayette,2019,Black,35-44,107,17235
Fayette,2019,White,35-44,3198,17236
Fayette,2020,Black,35-44,111,17238
Fayette,2020,White,35-44,3197,17239
Franklin,2010,Black,35-44,35689,17244
Franklin,2010,White,35-44,113223,17245
Franklin,2011,Black,35-44,36045,17247
Franklin,2011,White,35-44,113466,17248
Franklin,2012,Black,35-44,36833,17250
Franklin,2012,White,35-44,114241,17251
Franklin,2013,Black,35-44,37634,17253
Franklin,2013,White,35-44,115298,17254
Franklin,2014,Black,35-44,38468,17256
Franklin,2014,White,35-44,115349,17257
Franklin,2015,Black,35-44,39184,17259
Franklin,2015,White,35-44,116563,17260
Franklin,2016,Black,35-44,39757,17262
Franklin,2016,White,35-44,116971,17263
Franklin,2017,Black,35-44,40808,17265
Franklin,2017,White,35-44,118067,17266
Franklin,2018,Black,35-44,41764,17268
Franklin,2018,White,35-44,119795,17269
Franklin,2019,Black,35-44,42827,17271
Franklin,2019,White,35-44,121304,17272
Franklin,2020,Black,35-44,43885,17274
Franklin,2020,White,35-44,123012,17275
Fulton,2010,Black,35-44,45,17280
Fulton,2010,White,35-44,5331,17281
Fulton,2011,Black,35-44,39,17283
Fulton,2011,White,35-44,5090,17284
Fulton,2012,Black,35-44,57,17286
Fulton,2012,White,35-44,4984,17287
Fulton,2013,Black,35-44,40,17289
Fulton,2013,White,35-44,4927,17290
Fulton,2014,Black,35-44,44,17292
Fulton,2014,White,35-44,4902,17293
Fulton,2015,Black,35-44,50,17295
Fulton,2015,White,35-44,4826,17296
Fulton,2016,Black,35-44,58,17298
Fulton,2016,White,35-44,4837,17299
Fulton,2017,Black,35-44,56,17301
Fulton,2017,White,35-44,4840,17302
Fulton,2018,Black,35-44,64,17304
Fulton,2018,White,35-44,4832,17305
Fulton,2019,Black,35-44,65,17307
Fulton,2019,White,35-44,4821,17308
Fulton,2020,Black,35-44,65,17310
Fulton,2020,White,35-44,4816,17311
Gallia,2010,Black,35-44,95,17316
Gallia,2010,White,35-44,3527,17317
Gallia,2011,Black,35-44,93,17319
Gallia,2011,White,35-44,3507,17320
Gallia,2012,Black,35-44,93,17322
Gallia,2012,White,35-44,3509,17323
Gallia,2013,Black,35-44,83,17325
Gallia,2013,White,35-44,3491,17326
Gallia,2014,Black,35-44,83,17328
Gallia,2014,White,35-44,3416,17329
Gallia,2015,Black,35-44,82,17331
Gallia,2015,White,35-44,3379,17332
Gallia,2016,Black,35-44,80,17334
Gallia,2016,White,35-44,3321,17335
Gallia,2017,Black,35-44,78,17337
Gallia,2017,White,35-44,3280,17338
Gallia,2018,Black,35-44,71,17340
Gallia,2018,White,35-44,3254,17341
Gallia,2019,Black,35-44,79,17343
Gallia,2019,White,35-44,3277,17344
Gallia,2020,Black,35-44,81,17346
Gallia,2020,White,35-44,3278,17347
Geauga,2010,Black,35-44,144,17352
Geauga,2010,White,35-44,11186,17353
Geauga,2011,Black,35-44,124,17355
Geauga,2011,White,35-44,10681,17356
Geauga,2012,Black,35-44,131,17358
Geauga,2012,White,35-44,10283,17359
Geauga,2013,Black,35-44,138,17361
Geauga,2013,White,35-44,9942,17362
Geauga,2014,Black,35-44,141,17364
Geauga,2014,White,35-44,9727,17365
Geauga,2015,Black,35-44,132,17367
Geauga,2015,White,35-44,9517,17368
Geauga,2016,Black,35-44,134,17370
Geauga,2016,White,35-44,9462,17371
Geauga,2017,Black,35-44,152,17373
Geauga,2017,White,35-44,9380,17374
Geauga,2018,Black,35-44,158,17376
Geauga,2018,White,35-44,9532,17377
Geauga,2019,Black,35-44,169,17379
Geauga,2019,White,35-44,9517,17380
Geauga,2020,Black,35-44,169,17382
Geauga,2020,White,35-44,9377,17383
Greene,2010,Black,35-44,1021,17388
Greene,2010,White,35-44,16457,17389
Greene,2011,Black,35-44,1050,17391
Greene,2011,White,35-44,16251,17392
Greene,2012,Black,35-44,1079,17394
Greene,2012,White,35-44,16030,17395
Greene,2013,Black,35-44,1079,17397
Greene,2013,White,35-44,15949,17398
Greene,2014,Black,35-44,1082,17400
Greene,2014,White,35-44,16068,17401
Greene,2015,Black,35-44,1129,17403
Greene,2015,White,35-44,15966,17404
Greene,2016,Black,35-44,1177,17406
Greene,2016,White,35-44,16048,17407
Greene,2017,Black,35-44,1237,17409
Greene,2017,White,35-44,16391,17410
Greene,2018,Black,35-44,1324,17412
Greene,2018,White,35-44,16704,17413
Greene,2019,Black,35-44,1345,17415
Greene,2019,White,35-44,17196,17416
Greene,2020,Black,35-44,1359,17418
Greene,2020,White,35-44,17558,17419
Guernsey,2010,Black,35-44,81,17424
Guernsey,2010,White,35-44,4857,17425
Guernsey,2011,Black,35-44,76,17427
Guernsey,2011,White,35-44,4783,17428
Guernsey,2012,Black,35-44,72,17430
Guernsey,2012,White,35-44,4689,17431
Guernsey,2013,Black,35-44,79,17433
Guernsey,2013,White,35-44,4582,17434
Guernsey,2014,Black,35-44,93,17436
Guernsey,2014,White,35-44,4488,17437
Guernsey,2015,Black,35-44,78,17439
Guernsey,2015,White,35-44,4349,17440
Guernsey,2016,Black,35-44,81,17442
Guernsey,2016,White,35-44,4201,17443
Guernsey,2017,Black,35-44,80,17445
Guernsey,2017,White,35-44,4163,17446
Guernsey,2018,Black,35-44,78,17448
Guernsey,2018,White,35-44,4142,17449
Guernsey,2019,Black,35-44,74,17451
Guernsey,2019,White,35-44,4151,17452
Guernsey,2020,Black,35-44,87,17454
Guernsey,2020,White,35-44,4134,17455
Hamilton,2010,Black,35-44,25954,17460
Hamilton,2010,White,35-44,68102,17461
Hamilton,2011,Black,35-44,25517,17463
Hamilton,2011,White,35-44,66445,17464
Hamilton,2012,Black,35-44,25266,17466
Hamilton,2012,White,35-44,65792,17467
Hamilton,2013,Black,35-44,25117,17469
Hamilton,2013,White,35-44,65240,17470
Hamilton,2014,Black,35-44,25286,17472
Hamilton,2014,White,35-44,65074,17473
Hamilton,2015,Black,35-44,25219,17475
Hamilton,2015,White,35-44,65025,17476
Hamilton,2016,Black,35-44,25063,17478
Hamilton,2016,White,35-44,64995,17479
Hamilton,2017,Black,35-44,25202,17481
Hamilton,2017,White,35-44,65611,17482
Hamilton,2018,Black,35-44,25522,17484
Hamilton,2018,White,35-44,66587,17485
Hamilton,2019,Black,35-44,25906,17487
Hamilton,2019,White,35-44,67701,17488
Hamilton,2020,Black,35-44,26422,17490
Hamilton,2020,White,35-44,68882,17491
Hancock,2010,Black,35-44,176,17496
Hancock,2010,White,35-44,8721,17497
Hancock,2011,Black,35-44,178,17499
Hancock,2011,White,35-44,8593,17500
Hancock,2012,Black,35-44,183,17502
Hancock,2012,White,35-44,8650,17503
Hancock,2013,Black,35-44,200,17505
Hancock,2013,White,35-44,8481,17506
Hancock,2014,Black,35-44,200,17508
Hancock,2014,White,35-44,8385,17509
Hancock,2015,Black,35-44,201,17511
Hancock,2015,White,35-44,8396,17512
Hancock,2016,Black,35-44,222,17514
Hancock,2016,White,35-44,8286,17515
Hancock,2017,Black,35-44,209,17517
Hancock,2017,White,35-44,8321,17518
Hancock,2018,Black,35-44,249,17520
Hancock,2018,White,35-44,8327,17521
Hancock,2019,Black,35-44,254,17523
Hancock,2019,White,35-44,8347,17524
Hancock,2020,Black,35-44,257,17526
Hancock,2020,White,35-44,8407,17527
Hardin,2010,Black,35-44,33,17532
Hardin,2010,White,35-44,3661,17533
Hardin,2011,Black,35-44,26,17535
Hardin,2011,White,35-44,3641,17536
Hardin,2012,Black,35-44,24,17538
Hardin,2012,White,35-44,3599,17539
Hardin,2013,Black,35-44,26,17541
Hardin,2013,White,35-44,3613,17542
Hardin,2014,Black,35-44,38,17544
Hardin,2014,White,35-44,3524,17545
Hardin,2015,Black,35-44,36,17547
Hardin,2015,White,35-44,3458,17548
Hardin,2016,Black,35-44,40,17550
Hardin,2016,White,35-44,3390,17551
Hardin,2017,Black,35-44,43,17553
Hardin,2017,White,35-44,3302,17554
Hardin,2018,Black,35-44,39,17556
Hardin,2018,White,35-44,3296,17557
Hardin,2019,Black,35-44,37,17559
Hardin,2019,White,35-44,3290,17560
Hardin,2020,Black,35-44,37,17562
Hardin,2020,White,35-44,3287,17563
Harrison,2010,Black,35-44,45,17568
Harrison,2010,White,35-44,1802,17569
Harrison,2011,Black,35-44,37,17571
Harrison,2011,White,35-44,1767,17572
Harrison,2012,Black,35-44,34,17574
Harrison,2012,White,35-44,1726,17575
Harrison,2013,Black,35-44,43,17577
Harrison,2013,White,35-44,1674,17578
Harrison,2014,Black,35-44,45,17580
Harrison,2014,White,35-44,1674,17581
Harrison,2015,Black,35-44,40,17583
Harrison,2015,White,35-44,1645,17584
Harrison,2016,Black,35-44,41,17586
Harrison,2016,White,35-44,1619,17587
Harrison,2017,Black,35-44,37,17589
Harrison,2017,White,35-44,1583,17590
Harrison,2018,Black,35-44,40,17592
Harrison,2018,White,35-44,1541,17593
Harrison,2019,Black,35-44,45,17595
Harrison,2019,White,35-44,1522,17596
Harrison,2020,Black,35-44,48,17598
Harrison,2020,White,35-44,1571,17599
Henry,2010,Black,35-44,17,17604
Henry,2010,White,35-44,3409,17605
Henry,2011,Black,35-44,20,17607
Henry,2011,White,35-44,3321,17608
Henry,2012,Black,35-44,27,17610
Henry,2012,White,35-44,3302,17611
Henry,2013,Black,35-44,27,17613
Henry,2013,White,35-44,3245,17614
Henry,2014,Black,35-44,30,17616
Henry,2014,White,35-44,3208,17617
Henry,2015,Black,35-44,29,17619
Henry,2015,White,35-44,3164,17620
Henry,2016,Black,35-44,38,17622
Henry,2016,White,35-44,3126,17623
Henry,2017,Black,35-44,38,17625
Henry,2017,White,35-44,3165,17626
Henry,2018,Black,35-44,46,17628
Henry,2018,White,35-44,3161,17629
Henry,2019,Black,35-44,42,17631
Henry,2019,White,35-44,3095,17632
Henry,2020,Black,35-44,38,17634
Henry,2020,White,35-44,3094,17635
Highland,2010,Black,35-44,84,17640
Highland,2010,White,35-44,5563,17641
Highland,2011,Black,35-44,76,17643
Highland,2011,White,35-44,5462,17644
Highland,2012,Black,35-44,79,17646
Highland,2012,White,35-44,5317,17647
Highland,2013,Black,35-44,67,17649
Highland,2013,White,35-44,5289,17650
Highland,2014,Black,35-44,71,17652
Highland,2014,White,35-44,5207,17653
Highland,2015,Black,35-44,73,17655
Highland,2015,White,35-44,5167,17656
Highland,2016,Black,35-44,89,17658
Highland,2016,White,35-44,5024,17659
Highland,2017,Black,35-44,86,17661
Highland,2017,White,35-44,4970,17662
Highland,2018,Black,35-44,90,17664
Highland,2018,White,35-44,4903,17665
Highland,2019,Black,35-44,103,17667
Highland,2019,White,35-44,4838,17668
Highland,2020,Black,35-44,108,17670
Highland,2020,White,35-44,4877,17671
Hocking,2010,Black,35-44,20,17676
Hocking,2010,White,35-44,3699,17677
Hocking,2011,Black,35-44,18,17679
Hocking,2011,White,35-44,3647,17680
Hocking,2012,Black,35-44,19,17682
Hocking,2012,White,35-44,3587,17683
Hocking,2013,Black,35-44,24,17685
Hocking,2013,White,35-44,3538,17686
Hocking,2014,Black,35-44,29,17688
Hocking,2014,White,35-44,3498,17689
Hocking,2015,Black,35-44,27,17691
Hocking,2015,White,35-44,3415,17692
Hocking,2016,Black,35-44,30,17694
Hocking,2016,White,35-44,3303,17695
Hocking,2017,Black,35-44,28,17697
Hocking,2017,White,35-44,3247,17698
Hocking,2018,Black,35-44,33,17700
Hocking,2018,White,35-44,3225,17701
Hocking,2019,Black,35-44,40,17703
Hocking,2019,White,35-44,3176,17704
Hocking,2020,Black,35-44,39,17706
Hocking,2020,White,35-44,3137,17707
Holmes,2010,Black,35-44,14,17712
Holmes,2010,White,35-44,4661,17713
Holmes,2011,Black,35-44,17,17715
Holmes,2011,White,35-44,4708,17716
Holmes,2012,Black,35-44,19,17718
Holmes,2012,White,35-44,4721,17719
Holmes,2013,Black,35-44,18,17721
Holmes,2013,White,35-44,4755,17722
Holmes,2014,Black,35-44,18,17724
Holmes,2014,White,35-44,4778,17725
Holmes,2015,Black,35-44,22,17727
Holmes,2015,White,35-44,4758,17728
Holmes,2016,Black,35-44,27,17730
Holmes,2016,White,35-44,4738,17731
Holmes,2017,Black,35-44,21,17733
Holmes,2017,White,35-44,4766,17734
Holmes,2018,Black,35-44,26,17736
Holmes,2018,White,35-44,4734,17737
Holmes,2019,Black,35-44,22,17739
Holmes,2019,White,35-44,4759,17740
Holmes,2020,Black,35-44,20,17742
Holmes,2020,White,35-44,4765,17743
Huron,2010,Black,35-44,121,17748
Huron,2010,White,35-44,7503,17749
Huron,2011,Black,35-44,129,17751
Huron,2011,White,35-44,7332,17752
Huron,2012,Black,35-44,128,17754
Huron,2012,White,35-44,7239,17755
Huron,2013,Black,35-44,121,17757
Huron,2013,White,35-44,7109,17758
Huron,2014,Black,35-44,121,17760
Huron,2014,White,35-44,7021,17761
Huron,2015,Black,35-44,118,17763
Huron,2015,White,35-44,6820,17764
Huron,2016,Black,35-44,122,17766
Huron,2016,White,35-44,6694,17767
Huron,2017,Black,35-44,122,17769
Huron,2017,White,35-44,6594,17770
Huron,2018,Black,35-44,115,17772
Huron,2018,White,35-44,6521,17773
Huron,2019,Black,35-44,107,17775
Huron,2019,White,35-44,6544,17776
Huron,2020,Black,35-44,108,17778
Huron,2020,White,35-44,6540,17779
Jackson,2010,Black,35-44,32,17784
Jackson,2010,White,35-44,4252,17785
Jackson,2011,Black,35-44,29,17787
Jackson,2011,White,35-44,4207,17788
Jackson,2012,Black,35-44,35,17790
Jackson,2012,White,35-44,4169,17791
Jackson,2013,Black,35-44,38,17793
Jackson,2013,White,35-44,4121,17794
Jackson,2014,Black,35-44,40,17796
Jackson,2014,White,35-44,4074,17797
Jackson,2015,Black,35-44,28,17799
Jackson,2015,White,35-44,4019,17800
Jackson,2016,Black,35-44,31,17802
Jackson,2016,White,35-44,3968,17803
Jackson,2017,Black,35-44,36,17805
Jackson,2017,White,35-44,3926,17806
Jackson,2018,Black,35-44,38,17808
Jackson,2018,White,35-44,3863,17809
Jackson,2019,Black,35-44,39,17811
Jackson,2019,White,35-44,3845,17812
Jackson,2020,Black,35-44,38,17814
Jackson,2020,White,35-44,3909,17815
Jefferson,2010,Black,35-44,469,17820
Jefferson,2010,White,35-44,7598,17821
Jefferson,2011,Black,35-44,461,17823
Jefferson,2011,White,35-44,7405,17824
Jefferson,2012,Black,35-44,444,17826
Jefferson,2012,White,35-44,7262,17827
Jefferson,2013,Black,35-44,440,17829
Jefferson,2013,White,35-44,7152,17830
Jefferson,2014,Black,35-44,434,17832
Jefferson,2014,White,35-44,7041,17833
Jefferson,2015,Black,35-44,430,17835
Jefferson,2015,White,35-44,6948,17836
Jefferson,2016,Black,35-44,401,17838
Jefferson,2016,White,35-44,6754,17839
Jefferson,2017,Black,35-44,392,17841
Jefferson,2017,White,35-44,6551,17842
Jefferson,2018,Black,35-44,397,17844
Jefferson,2018,White,35-44,6414,17845
Jefferson,2019,Black,35-44,381,17847
Jefferson,2019,White,35-44,6335,17848
Jefferson,2020,Black,35-44,400,17850
Jefferson,2020,White,35-44,6238,17851
Knox,2010,Black,35-44,63,17856
Knox,2010,White,35-44,7036,17857
Knox,2011,Black,35-44,61,17859
Knox,2011,White,35-44,6867,17860
Knox,2012,Black,35-44,68,17862
Knox,2012,White,35-44,6768,17863
Knox,2013,Black,35-44,69,17865
Knox,2013,White,35-44,6739,17866
Knox,2014,Black,35-44,71,17868
Knox,2014,White,35-44,6639,17869
Knox,2015,Black,35-44,69,17871
Knox,2015,White,35-44,6567,17872
Knox,2016,Black,35-44,77,17874
Knox,2016,White,35-44,6437,17875
Knox,2017,Black,35-44,75,17877
Knox,2017,White,35-44,6413,17878
Knox,2018,Black,35-44,89,17880
Knox,2018,White,35-44,6476,17881
Knox,2019,Black,35-44,87,17883
Knox,2019,White,35-44,6546,17884
Knox,2020,Black,35-44,74,17886
Knox,2020,White,35-44,6682,17887
Lake,2010,Black,35-44,1114,17892
Lake,2010,White,35-44,27978,17893
Lake,2011,Black,35-44,1174,17895
Lake,2011,White,35-44,27239,17896
Lake,2012,Black,35-44,1181,17898
Lake,2012,White,35-44,26425,17899
Lake,2013,Black,35-44,1257,17901
Lake,2013,White,35-44,25748,17902
Lake,2014,Black,35-44,1281,17904
Lake,2014,White,35-44,25195,17905
Lake,2015,Black,35-44,1282,17907
Lake,2015,White,35-44,24882,17908
Lake,2016,Black,35-44,1301,17910
Lake,2016,White,35-44,24356,17911
Lake,2017,Black,35-44,1360,17913
Lake,2017,White,35-44,24107,17914
Lake,2018,Black,35-44,1430,17916
Lake,2018,White,35-44,24047,17917
Lake,2019,Black,35-44,1518,17919
Lake,2019,White,35-44,23948,17920
Lake,2020,Black,35-44,1644,17922
Lake,2020,White,35-44,23987,17923
Lawrence,2010,Black,35-44,175,17928
Lawrence,2010,White,35-44,8071,17929
Lawrence,2011,Black,35-44,171,17931
Lawrence,2011,White,35-44,7955,17932
Lawrence,2012,Black,35-44,172,17934
Lawrence,2012,White,35-44,7847,17935
Lawrence,2013,Black,35-44,180,17937
Lawrence,2013,White,35-44,7756,17938
Lawrence,2014,Black,35-44,173,17940
Lawrence,2014,White,35-44,7600,17941
Lawrence,2015,Black,35-44,173,17943
Lawrence,2015,White,35-44,7463,17944
Lawrence,2016,Black,35-44,188,17946
Lawrence,2016,White,35-44,7295,17947
Lawrence,2017,Black,35-44,180,17949
Lawrence,2017,White,35-44,7090,17950
Lawrence,2018,Black,35-44,186,17952
Lawrence,2018,White,35-44,7030,17953
Lawrence,2019,Black,35-44,185,17955
Lawrence,2019,White,35-44,6983,17956
Lawrence,2020,Black,35-44,192,17958
Lawrence,2020,White,35-44,6919,17959
Licking,2010,Black,35-44,964,17964
Licking,2010,White,35-44,21134,17965
Licking,2011,Black,35-44,971,17967
Licking,2011,White,35-44,20677,17968
Licking,2012,Black,35-44,968,17970
Licking,2012,White,35-44,20293,17971
Licking,2013,Black,35-44,989,17973
Licking,2013,White,35-44,20021,17974
Licking,2014,Black,35-44,959,17976
Licking,2014,White,35-44,19851,17977
Licking,2015,Black,35-44,964,17979
Licking,2015,White,35-44,19437,17980
Licking,2016,Black,35-44,972,17982
Licking,2016,White,35-44,19329,17983
Licking,2017,Black,35-44,973,17985
Licking,2017,White,35-44,19354,17986
Licking,2018,Black,35-44,1009,17988
Licking,2018,White,35-44,19617,17989
Licking,2019,Black,35-44,1056,17991
Licking,2019,White,35-44,19823,17992
Licking,2020,Black,35-44,1085,17994
Licking,2020,White,35-44,20089,17995
Logan,2010,Black,35-44,119,18000
Logan,2010,White,35-44,5525,18001
Logan,2011,Black,35-44,111,18003
Logan,2011,White,35-44,5400,18004
Logan,2012,Black,35-44,118,18006
Logan,2012,White,35-44,5349,18007
Logan,2013,Black,35-44,126,18009
Logan,2013,White,35-44,5282,18010
Logan,2014,Black,35-44,141,18012
Logan,2014,White,35-44,5274,18013
Logan,2015,Black,35-44,135,18015
Logan,2015,White,35-44,5231,18016
Logan,2016,Black,35-44,141,18018
Logan,2016,White,35-44,5144,18019
Logan,2017,Black,35-44,148,18021
Logan,2017,White,35-44,5099,18022
Logan,2018,Black,35-44,144,18024
Logan,2018,White,35-44,5026,18025
Logan,2019,Black,35-44,147,18027
Logan,2019,White,35-44,5041,18028
Logan,2020,Black,35-44,161,18030
Logan,2020,White,35-44,4966,18031
Lorain,2010,Black,35-44,3571,18036
Lorain,2010,White,35-44,35759,18037
Lorain,2011,Black,35-44,3548,18039
Lorain,2011,White,35-44,35089,18040
Lorain,2012,Black,35-44,3508,18042
Lorain,2012,White,35-44,34407,18043
Lorain,2013,Black,35-44,3546,18045
Lorain,2013,White,35-44,33921,18046
Lorain,2014,Black,35-44,3573,18048
Lorain,2014,White,35-44,33612,18049
Lorain,2015,Black,35-44,3611,18051
Lorain,2015,White,35-44,33188,18052
Lorain,2016,Black,35-44,3652,18054
Lorain,2016,White,35-44,32825,18055
Lorain,2017,Black,35-44,3587,18057
Lorain,2017,White,35-44,32500,18058
Lorain,2018,Black,35-44,3602,18060
Lorain,2018,White,35-44,32464,18061
Lorain,2019,Black,35-44,3641,18063
Lorain,2019,White,35-44,32472,18064
Lorain,2020,Black,35-44,3745,18066
Lorain,2020,White,35-44,32715,18067
Lucas,2010,Black,35-44,10695,18072
Lucas,2010,White,35-44,42243,18073
Lucas,2011,Black,35-44,10576,18075
Lucas,2011,White,35-44,41413,18076
Lucas,2012,Black,35-44,10396,18078
Lucas,2012,White,35-44,40756,18079
Lucas,2013,Black,35-44,10373,18081
Lucas,2013,White,35-44,40369,18082
Lucas,2014,Black,35-44,10332,18084
Lucas,2014,White,35-44,39753,18085
Lucas,2015,Black,35-44,10289,18087
Lucas,2015,White,35-44,39266,18088
Lucas,2016,Black,35-44,10205,18090
Lucas,2016,White,35-44,38636,18091
Lucas,2017,Black,35-44,10077,18093
Lucas,2017,White,35-44,38009,18094
Lucas,2018,Black,35-44,10141,18096
Lucas,2018,White,35-44,37858,18097
Lucas,2019,Black,35-44,10123,18099
Lucas,2019,White,35-44,37849,18100
Lucas,2020,Black,35-44,10317,18102
Lucas,2020,White,35-44,38019,18103
Madison,2010,Black,35-44,689,18108
Madison,2010,White,35-44,5974,18109
Madison,2011,Black,35-44,654,18111
Madison,2011,White,35-44,5798,18112
Madison,2012,Black,35-44,662,18114
Madison,2012,White,35-44,5662,18115
Madison,2013,Black,35-44,650,18117
Madison,2013,White,35-44,5592,18118
Madison,2014,Black,35-44,699,18120
Madison,2014,White,35-44,5639,18121
Madison,2015,Black,35-44,725,18123
Madison,2015,White,35-44,5584,18124
Madison,2016,Black,35-44,641,18126
Madison,2016,White,35-44,5368,18127
Madison,2017,Black,35-44,685,18129
Madison,2017,White,35-44,5344,18130
Madison,2018,Black,35-44,669,18132
Madison,2018,White,35-44,5434,18133
Madison,2019,Black,35-44,687,18135
Madison,2019,White,35-44,5395,18136
Madison,2020,Black,35-44,666,18138
Madison,2020,White,35-44,5335,18139
Mahoning,2010,Black,35-44,4502,18144
Mahoning,2010,White,35-44,23264,18145
Mahoning,2011,Black,35-44,4499,18147
Mahoning,2011,White,35-44,22763,18148
Mahoning,2012,Black,35-44,4488,18150
Mahoning,2012,White,35-44,22283,18151
Mahoning,2013,Black,35-44,4442,18153
Mahoning,2013,White,35-44,21964,18154
Mahoning,2014,Black,35-44,4489,18156
Mahoning,2014,White,35-44,21566,18157
Mahoning,2015,Black,35-44,4515,18159
Mahoning,2015,White,35-44,21243,18160
Mahoning,2016,Black,35-44,4440,18162
Mahoning,2016,White,35-44,20853,18163
Mahoning,2017,Black,35-44,4354,18165
Mahoning,2017,White,35-44,20707,18166
Mahoning,2018,Black,35-44,4379,18168
Mahoning,2018,White,35-44,20703,18169
Mahoning,2019,Black,35-44,4342,18171
Mahoning,2019,White,35-44,20508,18172
Mahoning,2020,Black,35-44,4273,18174
Mahoning,2020,White,35-44,20450,18175
Marion,2010,Black,35-44,794,18180
Marion,2010,White,35-44,7951,18181
Marion,2011,Black,35-44,839,18183
Marion,2011,White,35-44,7858,18184
Marion,2012,Black,35-44,883,18186
Marion,2012,White,35-44,7690,18187
Marion,2013,Black,35-44,884,18189
Marion,2013,White,35-44,7496,18190
Marion,2014,Black,35-44,889,18192
Marion,2014,White,35-44,7408,18193
Marion,2015,Black,35-44,896,18195
Marion,2015,White,35-44,7333,18196
Marion,2016,Black,35-44,940,18198
Marion,2016,White,35-44,7220,18199
Marion,2017,Black,35-44,918,18201
Marion,2017,White,35-44,7067,18202
Marion,2018,Black,35-44,928,18204
Marion,2018,White,35-44,7052,18205
Marion,2019,Black,35-44,912,18207
Marion,2019,White,35-44,7007,18208
Marion,2020,Black,35-44,881,18210
Marion,2020,White,35-44,7040,18211
Medina,2010,Black,35-44,316,18216
Medina,2010,White,35-44,24175,18217
Medina,2011,Black,35-44,321,18219
Medina,2011,White,35-44,23570,18220
Medina,2012,Black,35-44,321,18222
Medina,2012,White,35-44,22845,18223
Medina,2013,Black,35-44,326,18225
Medina,2013,White,35-44,22380,18226
Medina,2014,Black,35-44,338,18228
Medina,2014,White,35-44,22113,18229
Medina,2015,Black,35-44,354,18231
Medina,2015,White,35-44,21685,18232
Medina,2016,Black,35-44,343,18234
Medina,2016,White,35-44,21300,18235
Medina,2017,Black,35-44,369,18237
Medina,2017,White,35-44,21260,18238
Medina,2018,Black,35-44,391,18240
Medina,2018,White,35-44,21340,18241
Medina,2019,Black,35-44,432,18243
Medina,2019,White,35-44,21455,18244
Medina,2020,Black,35-44,446,18246
Medina,2020,White,35-44,21567,18247
Meigs,2010,Black,35-44,35,18252
Meigs,2010,White,35-44,2988,18253
Meigs,2011,Black,35-44,34,18255
Meigs,2011,White,35-44,2887,18256
Meigs,2012,Black,35-44,34,18258
Meigs,2012,White,35-44,2839,18259
Meigs,2013,Black,35-44,41,18261
Meigs,2013,White,35-44,2828,18262
Meigs,2014,Black,35-44,38,18264
Meigs,2014,White,35-44,2811,18265
Meigs,2015,Black,35-44,33,18267
Meigs,2015,White,35-44,2790,18268
Meigs,2016,Black,35-44,35,18270
Meigs,2016,White,35-44,2788,18271
Meigs,2017,Black,35-44,34,18273
Meigs,2017,White,35-44,2733,18274
Meigs,2018,Black,35-44,28,18276
Meigs,2018,White,35-44,2732,18277
Meigs,2019,Black,35-44,30,18279
Meigs,2019,White,35-44,2720,18280
Meigs,2020,Black,35-44,23,18282
Meigs,2020,White,35-44,2722,18283
Mercer,2010,Black,35-44,20,18288
Mercer,2010,White,35-44,4618,18289
Mercer,2011,Black,35-44,20,18291
Mercer,2011,White,35-44,4517,18292
Mercer,2012,Black,35-44,26,18294
Mercer,2012,White,35-44,4411,18295
Mercer,2013,Black,35-44,27,18297
Mercer,2013,White,35-44,4374,18298
Mercer,2014,Black,35-44,32,18300
Mercer,2014,White,35-44,4313,18301
Mercer,2015,Black,35-44,35,18303
Mercer,2015,White,35-44,4260,18304
Mercer,2016,Black,35-44,44,18306
Mercer,2016,White,35-44,4223,18307
Mercer,2017,Black,35-44,44,18309
Mercer,2017,White,35-44,4295,18310
Mercer,2018,Black,35-44,43,18312
Mercer,2018,White,35-44,4318,18313
Mercer,2019,Black,35-44,48,18315
Mercer,2019,White,35-44,4335,18316
Mercer,2020,Black,35-44,39,18318
Mercer,2020,White,35-44,4348,18319
Miami,2010,Black,35-44,327,18324
Miami,2010,White,35-44,12691,18325
Miami,2011,Black,35-44,321,18327
Miami,2011,White,35-44,12459,18328
Miami,2012,Black,35-44,321,18330
Miami,2012,White,35-44,12199,18331
Miami,2013,Black,35-44,321,18333
Miami,2013,White,35-44,12164,18334
Miami,2014,Black,35-44,323,18336
Miami,2014,White,35-44,12130,18337
Miami,2015,Black,35-44,348,18339
Miami,2015,White,35-44,11940,18340
Miami,2016,Black,35-44,349,18342
Miami,2016,White,35-44,11762,18343
Miami,2017,Black,35-44,360,18345
Miami,2017,White,35-44,11851,18346
Miami,2018,Black,35-44,376,18348
Miami,2018,White,35-44,12018,18349
Miami,2019,Black,35-44,406,18351
Miami,2019,White,35-44,12211,18352
Miami,2020,Black,35-44,447,18354
Miami,2020,White,35-44,12326,18355
Monroe,2010,Black,35-44,15,18360
Monroe,2010,White,35-44,1710,18361
Monroe,2011,Black,35-44,14,18363
Monroe,2011,White,35-44,1677,18364
Monroe,2012,Black,35-44,16,18366
Monroe,2012,White,35-44,1640,18367
Monroe,2013,Black,35-44,15,18369
Monroe,2013,White,35-44,1614,18370
Monroe,2014,Black,35-44,12,18372
Monroe,2014,White,35-44,1610,18373
Monroe,2015,Black,35-44,16,18375
Monroe,2015,White,35-44,1583,18376
Monroe,2016,Black,35-44,18,18378
Monroe,2016,White,35-44,1523,18379
Monroe,2017,Black,35-44,19,18381
Monroe,2017,White,35-44,1463,18382
Monroe,2018,Black,35-44,19,18384
Monroe,2018,White,35-44,1434,18385
Monroe,2019,Black,35-44,17,18387
Monroe,2019,White,35-44,1456,18388
Monroe,2020,Black,35-44,17,18390
Monroe,2020,White,35-44,1474,18391
Montgomery,2010,Black,35-44,14065,18396
Montgomery,2010,White,35-44,49285,18397
Montgomery,2011,Black,35-44,13694,18399
Montgomery,2011,White,35-44,47894,18400
Montgomery,2012,Black,35-44,13497,18402
Montgomery,2012,White,35-44,47020,18403
Montgomery,2013,Black,35-44,13500,18405
Montgomery,2013,White,35-44,46438,18406
Montgomery,2014,Black,35-44,13410,18408
Montgomery,2014,White,35-44,45737,18409
Montgomery,2015,Black,35-44,13325,18411
Montgomery,2015,White,35-44,45387,18412
Montgomery,2016,Black,35-44,13197,18414
Montgomery,2016,White,35-44,44891,18415
Montgomery,2017,Black,35-44,13256,18417
Montgomery,2017,White,35-44,44635,18418
Montgomery,2018,Black,35-44,13219,18420
Montgomery,2018,White,35-44,44969,18421
Montgomery,2019,Black,35-44,13314,18423
Montgomery,2019,White,35-44,45286,18424
Montgomery,2020,Black,35-44,13479,18426
Montgomery,2020,White,35-44,46060,18427
Morgan,2010,Black,35-44,80,18432
Morgan,2010,White,35-44,1641,18433
Morgan,2011,Black,35-44,80,18435
Morgan,2011,White,35-44,1609,18436
Morgan,2012,Black,35-44,77,18438
Morgan,2012,White,35-44,1615,18439
Morgan,2013,Black,35-44,82,18441
Morgan,2013,White,35-44,1599,18442
Morgan,2014,Black,35-44,67,18444
Morgan,2014,White,35-44,1575,18445
Morgan,2015,Black,35-44,73,18447
Morgan,2015,White,35-44,1560,18448
Morgan,2016,Black,35-44,76,18450
Morgan,2016,White,35-44,1570,18451
Morgan,2017,Black,35-44,81,18453
Morgan,2017,White,35-44,1540,18454
Morgan,2018,Black,35-44,77,18456
Morgan,2018,White,35-44,1543,18457
Morgan,2019,Black,35-44,72,18459
Morgan,2019,White,35-44,1549,18460
Morgan,2020,Black,35-44,79,18462
Morgan,2020,White,35-44,1543,18463
Morrow,2010,Black,35-44,15,18468
Morrow,2010,White,35-44,4658,18469
Morrow,2011,Black,35-44,21,18471
Morrow,2011,White,35-44,4583,18472
Morrow,2012,Black,35-44,24,18474
Morrow,2012,White,35-44,4520,18475
Morrow,2013,Black,35-44,25,18477
Morrow,2013,White,35-44,4482,18478
Morrow,2014,Black,35-44,23,18480
Morrow,2014,White,35-44,4488,18481
Morrow,2015,Black,35-44,27,18483
Morrow,2015,White,35-44,4359,18484
Morrow,2016,Black,35-44,26,18486
Morrow,2016,White,35-44,4308,18487
Morrow,2017,Black,35-44,37,18489
Morrow,2017,White,35-44,4237,18490
Morrow,2018,Black,35-44,31,18492
Morrow,2018,White,35-44,4241,18493
Morrow,2019,Black,35-44,33,18495
Morrow,2019,White,35-44,4214,18496
Morrow,2020,Black,35-44,32,18498
Morrow,2020,White,35-44,4197,18499
Muskingum,2010,Black,35-44,452,18504
Muskingum,2010,White,35-44,10349,18505
Muskingum,2011,Black,35-44,436,18507
Muskingum,2011,White,35-44,10087,18508
Muskingum,2012,Black,35-44,418,18510
Muskingum,2012,White,35-44,9912,18511
Muskingum,2013,Black,35-44,423,18513
Muskingum,2013,White,35-44,9722,18514
Muskingum,2014,Black,35-44,436,18516
Muskingum,2014,White,35-44,9631,18517
Muskingum,2015,Black,35-44,434,18519
Muskingum,2015,White,35-44,9577,18520
Muskingum,2016,Black,35-44,443,18522
Muskingum,2016,White,35-44,9403,18523
Muskingum,2017,Black,35-44,441,18525
Muskingum,2017,White,35-44,9309,18526
Muskingum,2018,Black,35-44,460,18528
Muskingum,2018,White,35-44,9343,18529
Muskingum,2019,Black,35-44,453,18531
Muskingum,2019,White,35-44,9385,18532
Muskingum,2020,Black,35-44,445,18534
Muskingum,2020,White,35-44,9363,18535
Noble,2010,Black,35-44,7,18540
Noble,2010,White,35-44,1441,18541
Noble,2011,Black,35-44,7,18543
Noble,2011,White,35-44,1374,18544
Noble,2012,Black,35-44,8,18546
Noble,2012,White,35-44,1321,18547
Noble,2013,Black,35-44,11,18549
Noble,2013,White,35-44,1278,18550
Noble,2014,Black,35-44,9,18552
Noble,2014,White,35-44,1248,18553
Noble,2015,Black,35-44,8,18555
Noble,2015,White,35-44,1204,18556
Noble,2016,Black,35-44,8,18558
Noble,2016,White,35-44,1159,18559
Noble,2017,Black,35-44,11,18561
Noble,2017,White,35-44,1155,18562
Noble,2018,Black,35-44,9,18564
Noble,2018,White,35-44,1152,18565
Noble,2019,Black,35-44,14,18567
Noble,2019,White,35-44,1129,18568
Noble,2020,Black,35-44,11,18570
Noble,2020,White,35-44,1167,18571
NonOH,2010,Black,35-44,0,18576
NonOH,2010,White,35-44,0,18577
NonOH,2011,Black,35-44,0,18579
NonOH,2011,White,35-44,0,18580
NonOH,2012,Black,35-44,0,18582
NonOH,2012,White,35-44,0,18583
NonOH,2013,Black,35-44,0,18585
NonOH,2013,White,35-44,0,18586
NonOH,2014,Black,35-44,0,18588
NonOH,2014,White,35-44,0,18589
NonOH,2015,Black,35-44,0,18591
NonOH,2015,White,35-44,0,18592
NonOH,2016,Black,35-44,0,18594
NonOH,2016,White,35-44,0,18595
NonOH,2017,Black,35-44,0,18597
NonOH,2017,White,35-44,0,18598
NonOH,2018,Black,35-44,0,18600
NonOH,2018,White,35-44,0,18601
NonOH,2019,Black,35-44,0,18603
NonOH,2019,White,35-44,0,18604
NonOH,2020,Black,35-44,0,18606
NonOH,2020,White,35-44,0,18607
Ottawa,2010,Black,35-44,57,18612
Ottawa,2010,White,35-44,4670,18613
Ottawa,2011,Black,35-44,57,18615
Ottawa,2011,White,35-44,4513,18616
Ottawa,2012,Black,35-44,55,18618
Ottawa,2012,White,35-44,4429,18619
Ottawa,2013,Black,35-44,56,18621
Ottawa,2013,White,35-44,4335,18622
Ottawa,2014,Black,35-44,47,18624
Ottawa,2014,White,35-44,4297,18625
Ottawa,2015,Black,35-44,48,18627
Ottawa,2015,White,35-44,4150,18628
Ottawa,2016,Black,35-44,43,18630
Ottawa,2016,White,35-44,4013,18631
Ottawa,2017,Black,35-44,55,18633
Ottawa,2017,White,35-44,4008,18634
Ottawa,2018,Black,35-44,53,18636
Ottawa,2018,White,35-44,3997,18637
Ottawa,2019,Black,35-44,59,18639
Ottawa,2019,White,35-44,3938,18640
Ottawa,2020,Black,35-44,65,18642
Ottawa,2020,White,35-44,3968,18643
Paulding,2010,Black,35-44,26,18648
Paulding,2010,White,35-44,2350,18649
Paulding,2011,Black,35-44,27,18651
Paulding,2011,White,35-44,2290,18652
Paulding,2012,Black,35-44,30,18654
Paulding,2012,White,35-44,2253,18655
Paulding,2013,Black,35-44,32,18657
Paulding,2013,White,35-44,2207,18658
Paulding,2014,Black,35-44,33,18660
Paulding,2014,White,35-44,2177,18661
Paulding,2015,Black,35-44,35,18663
Paulding,2015,White,35-44,2159,18664
Paulding,2016,Black,35-44,35,18666
Paulding,2016,White,35-44,2081,18667
Paulding,2017,Black,35-44,38,18669
Paulding,2017,White,35-44,2117,18670
Paulding,2018,Black,35-44,26,18672
Paulding,2018,White,35-44,2122,18673
Paulding,2019,Black,35-44,24,18675
Paulding,2019,White,35-44,2133,18676
Paulding,2020,Black,35-44,31,18678
Paulding,2020,White,35-44,2101,18679
Perry,2010,Black,35-44,19,18684
Perry,2010,White,35-44,4716,18685
Perry,2011,Black,35-44,22,18687
Perry,2011,White,35-44,4618,18688
Perry,2012,Black,35-44,22,18690
Perry,2012,White,35-44,4546,18691
Perry,2013,Black,35-44,23,18693
Perry,2013,White,35-44,4462,18694
Perry,2014,Black,35-44,21,18696
Perry,2014,White,35-44,4341,18697
Perry,2015,Black,35-44,17,18699
Perry,2015,White,35-44,4334,18700
Perry,2016,Black,35-44,18,18702
Perry,2016,White,35-44,4287,18703
Perry,2017,Black,35-44,31,18705
Perry,2017,White,35-44,4258,18706
Perry,2018,Black,35-44,31,18708
Perry,2018,White,35-44,4235,18709
Perry,2019,Black,35-44,31,18711
Perry,2019,White,35-44,4281,18712
Perry,2020,Black,35-44,33,18714
Perry,2020,White,35-44,4295,18715
Pickaway,2010,Black,35-44,383,18720
Pickaway,2010,White,35-44,7657,18721
Pickaway,2011,Black,35-44,377,18723
Pickaway,2011,White,35-44,7568,18724
Pickaway,2012,Black,35-44,408,18726
Pickaway,2012,White,35-44,7512,18727
Pickaway,2013,Black,35-44,416,18729
Pickaway,2013,White,35-44,7430,18730
Pickaway,2014,Black,35-44,407,18732
Pickaway,2014,White,35-44,7378,18733
Pickaway,2015,Black,35-44,397,18735
Pickaway,2015,White,35-44,7360,18736
Pickaway,2016,Black,35-44,439,18738
Pickaway,2016,White,35-44,7302,18739
Pickaway,2017,Black,35-44,448,18741
Pickaway,2017,White,35-44,7239,18742
Pickaway,2018,Black,35-44,468,18744
Pickaway,2018,White,35-44,7222,18745
Pickaway,2019,Black,35-44,483,18747
Pickaway,2019,White,35-44,7193,18748
Pickaway,2020,Black,35-44,466,18750
Pickaway,2020,White,35-44,7220,18751
Pike,2010,Black,35-44,37,18756
Pike,2010,White,35-44,3647,18757
Pike,2011,Black,35-44,47,18759
Pike,2011,White,35-44,3540,18760
Pike,2012,Black,35-44,45,18762
Pike,2012,White,35-44,3493,18763
Pike,2013,Black,35-44,58,18765
Pike,2013,White,35-44,3486,18766
Pike,2014,Black,35-44,52,18768
Pike,2014,White,35-44,3488,18769
Pike,2015,Black,35-44,53,18771
Pike,2015,White,35-44,3420,18772
Pike,2016,Black,35-44,51,18774
Pike,2016,White,35-44,3366,18775
Pike,2017,Black,35-44,56,18777
Pike,2017,White,35-44,3347,18778
Pike,2018,Black,35-44,56,18780
Pike,2018,White,35-44,3264,18781
Pike,2019,Black,35-44,54,18783
Pike,2019,White,35-44,3136,18784
Pike,2020,Black,35-44,53,18786
Pike,2020,White,35-44,3063,18787
Portage,2010,Black,35-44,762,18792
Portage,2010,White,35-44,18308,18793
Portage,2011,Black,35-44,790,18795
Portage,2011,White,35-44,17747,18796
Portage,2012,Black,35-44,777,18798
Portage,2012,White,35-44,17231,18799
Portage,2013,Black,35-44,749,18801
Portage,2013,White,35-44,16828,18802
Portage,2014,Black,35-44,765,18804
Portage,2014,White,35-44,16598,18805
Portage,2015,Black,35-44,792,18807
Portage,2015,White,35-44,16204,18808
Portage,2016,Black,35-44,774,18810
Portage,2016,White,35-44,15991,18811
Portage,2017,Black,35-44,788,18813
Portage,2017,White,35-44,15853,18814
Portage,2018,Black,35-44,808,18816
Portage,2018,White,35-44,15787,18817
Portage,2019,Black,35-44,843,18819
Portage,2019,White,35-44,15881,18820
Portage,2020,Black,35-44,860,18822
Portage,2020,White,35-44,15995,18823
Preble,2010,Black,35-44,30,18828
Preble,2010,White,35-44,5327,18829
Preble,2011,Black,35-44,32,18831
Preble,2011,White,35-44,5141,18832
Preble,2012,Black,35-44,33,18834
Preble,2012,White,35-44,5108,18835
Preble,2013,Black,35-44,34,18837
Preble,2013,White,35-44,4976,18838
Preble,2014,Black,35-44,35,18840
Preble,2014,White,35-44,4912,18841
Preble,2015,Black,35-44,36,18843
Preble,2015,White,35-44,4859,18844
Preble,2016,Black,35-44,36,18846
Preble,2016,White,35-44,4746,18847
Preble,2017,Black,35-44,49,18849
Preble,2017,White,35-44,4715,18850
Preble,2018,Black,35-44,47,18852
Preble,2018,White,35-44,4716,18853
Preble,2019,Black,35-44,54,18855
Preble,2019,White,35-44,4641,18856
Preble,2020,Black,35-44,60,18858
Preble,2020,White,35-44,4655,18859
Putnam,2010,Black,35-44,16,18864
Putnam,2010,White,35-44,4090,18865
Putnam,2011,Black,35-44,18,18867
Putnam,2011,White,35-44,3923,18868
Putnam,2012,Black,35-44,18,18870
Putnam,2012,White,35-44,3862,18871
Putnam,2013,Black,35-44,22,18873
Putnam,2013,White,35-44,3819,18874
Putnam,2014,Black,35-44,23,18876
Putnam,2014,White,35-44,3807,18877
Putnam,2015,Black,35-44,29,18879
Putnam,2015,White,35-44,3775,18880
Putnam,2016,Black,35-44,23,18882
Putnam,2016,White,35-44,3776,18883
Putnam,2017,Black,35-44,31,18885
Putnam,2017,White,35-44,3754,18886
Putnam,2018,Black,35-44,34,18888
Putnam,2018,White,35-44,3739,18889
Putnam,2019,Black,35-44,36,18891
Putnam,2019,White,35-44,3818,18892
Putnam,2020,Black,35-44,36,18894
Putnam,2020,White,35-44,3859,18895
Richland,2010,Black,35-44,1790,18900
Richland,2010,White,35-44,13561,18901
Richland,2011,Black,35-44,1730,18903
Richland,2011,White,35-44,13243,18904
Richland,2012,Black,35-44,1700,18906
Richland,2012,White,35-44,12975,18907
Richland,2013,Black,35-44,1721,18909
Richland,2013,White,35-44,12813,18910
Richland,2014,Black,35-44,1707,18912
Richland,2014,White,35-44,12630,18913
Richland,2015,Black,35-44,1730,18915
Richland,2015,White,35-44,12505,18916
Richland,2016,Black,35-44,1707,18918
Richland,2016,White,35-44,12426,18919
Richland,2017,Black,35-44,1656,18921
Richland,2017,White,35-44,12290,18922
Richland,2018,Black,35-44,1733,18924
Richland,2018,White,35-44,12351,18925
Richland,2019,Black,35-44,1744,18927
Richland,2019,White,35-44,12330,18928
Richland,2020,Black,35-44,1684,18930
Richland,2020,White,35-44,12303,18931
Ross,2010,Black,35-44,1033,18936
Ross,2010,White,35-44,10012,18937
Ross,2011,Black,35-44,990,18939
Ross,2011,White,35-44,9778,18940
Ross,2012,Black,35-44,967,18942
Ross,2012,White,35-44,9638,18943
Ross,2013,Black,35-44,966,18945
Ross,2013,White,35-44,9552,18946
Ross,2014,Black,35-44,957,18948
Ross,2014,White,35-44,9456,18949
Ross,2015,Black,35-44,933,18951
Ross,2015,White,35-44,9316,18952
Ross,2016,Black,35-44,915,18954
Ross,2016,White,35-44,9131,18955
Ross,2017,Black,35-44,987,18957
Ross,2017,White,35-44,9137,18958
Ross,2018,Black,35-44,922,18960
Ross,2018,White,35-44,9040,18961
Ross,2019,Black,35-44,881,18963
Ross,2019,White,35-44,8987,18964
Ross,2020,Black,35-44,877,18966
Ross,2020,White,35-44,8918,18967
Sandusky,2010,Black,35-44,228,18972
Sandusky,2010,White,35-44,7277,18973
Sandusky,2011,Black,35-44,242,18975
Sandusky,2011,White,35-44,7058,18976
Sandusky,2012,Black,35-44,250,18978
Sandusky,2012,White,35-44,6899,18979
Sandusky,2013,Black,35-44,263,18981
Sandusky,2013,White,35-44,6823,18982
Sandusky,2014,Black,35-44,270,18984
Sandusky,2014,White,35-44,6851,18985
Sandusky,2015,Black,35-44,265,18987
Sandusky,2015,White,35-44,6775,18988
Sandusky,2016,Black,35-44,274,18990
Sandusky,2016,White,35-44,6653,18991
Sandusky,2017,Black,35-44,292,18993
Sandusky,2017,White,35-44,6659,18994
Sandusky,2018,Black,35-44,289,18996
Sandusky,2018,White,35-44,6606,18997
Sandusky,2019,Black,35-44,300,18999
Sandusky,2019,White,35-44,6616,19000
Sandusky,2020,Black,35-44,306,19002
Sandusky,2020,White,35-44,6611,19003
Scioto,2010,Black,35-44,299,19008
Scioto,2010,White,35-44,9706,19009
Scioto,2011,Black,35-44,293,19011
Scioto,2011,White,35-44,9622,19012
Scioto,2012,Black,35-44,304,19014
Scioto,2012,White,35-44,9502,19015
Scioto,2013,Black,35-44,300,19017
Scioto,2013,White,35-44,9423,19018
Scioto,2014,Black,35-44,291,19020
Scioto,2014,White,35-44,9253,19021
Scioto,2015,Black,35-44,297,19023
Scioto,2015,White,35-44,9130,19024
Scioto,2016,Black,35-44,295,19026
Scioto,2016,White,35-44,8973,19027
Scioto,2017,Black,35-44,308,19029
Scioto,2017,White,35-44,8848,19030
Scioto,2018,Black,35-44,308,19032
Scioto,2018,White,35-44,8676,19033
Scioto,2019,Black,35-44,310,19035
Scioto,2019,White,35-44,8610,19036
Scioto,2020,Black,35-44,302,19038
Scioto,2020,White,35-44,8475,19039
Seneca,2010,Black,35-44,155,19044
Seneca,2010,White,35-44,6267,19045
Seneca,2011,Black,35-44,147,19047
Seneca,2011,White,35-44,6116,19048
Seneca,2012,Black,35-44,167,19050
Seneca,2012,White,35-44,6130,19051
Seneca,2013,Black,35-44,180,19053
Seneca,2013,White,35-44,6119,19054
Seneca,2014,Black,35-44,183,19056
Seneca,2014,White,35-44,6150,19057
Seneca,2015,Black,35-44,180,19059
Seneca,2015,White,35-44,6170,19060
Seneca,2016,Black,35-44,179,19062
Seneca,2016,White,35-44,6190,19063
Seneca,2017,Black,35-44,181,19065
Seneca,2017,White,35-44,6170,19066
Seneca,2018,Black,35-44,177,19068
Seneca,2018,White,35-44,6166,19069
Seneca,2019,Black,35-44,173,19071
Seneca,2019,White,35-44,6116,19072
Seneca,2020,Black,35-44,184,19074
Seneca,2020,White,35-44,6146,19075
Shelby,2010,Black,35-44,166,19080
Shelby,2010,White,35-44,6166,19081
Shelby,2011,Black,35-44,161,19083
Shelby,2011,White,35-44,6018,19084
Shelby,2012,Black,35-44,139,19086
Shelby,2012,White,35-44,5890,19087
Shelby,2013,Black,35-44,144,19089
Shelby,2013,White,35-44,5777,19090
Shelby,2014,Black,35-44,142,19092
Shelby,2014,White,35-44,5675,19093
Shelby,2015,Black,35-44,138,19095
Shelby,2015,White,35-44,5622,19096
Shelby,2016,Black,35-44,145,19098
Shelby,2016,White,35-44,5432,19099
Shelby,2017,Black,35-44,151,19101
Shelby,2017,White,35-44,5346,19102
Shelby,2018,Black,35-44,149,19104
Shelby,2018,White,35-44,5305,19105
Shelby,2019,Black,35-44,146,19107
Shelby,2019,White,35-44,5283,19108
Shelby,2020,Black,35-44,152,19110
Shelby,2020,White,35-44,5232,19111
Stark,2010,Black,35-44,3608,19116
Stark,2010,White,35-44,41599,19117
Stark,2011,Black,35-44,3553,19119
Stark,2011,White,35-44,40631,19120
Stark,2012,Black,35-44,3559,19122
Stark,2012,White,35-44,39904,19123
Stark,2013,Black,35-44,3567,19125
Stark,2013,White,35-44,39419,19126
Stark,2014,Black,35-44,3605,19128
Stark,2014,White,35-44,38931,19129
Stark,2015,Black,35-44,3594,19131
Stark,2015,White,35-44,38278,19132
Stark,2016,Black,35-44,3561,19134
Stark,2016,White,35-44,37582,19135
Stark,2017,Black,35-44,3566,19137
Stark,2017,White,35-44,37386,19138
Stark,2018,Black,35-44,3583,19140
Stark,2018,White,35-44,37576,19141
Stark,2019,Black,35-44,3621,19143
Stark,2019,White,35-44,37633,19144
Stark,2020,Black,35-44,3621,19146
Stark,2020,White,35-44,37959,19147
Summit,2010,Black,35-44,10219,19152
Summit,2010,White,35-44,56440,19153
Summit,2011,Black,35-44,10076,19155
Summit,2011,White,35-44,54714,19156
Summit,2012,Black,35-44,9901,19158
Summit,2012,White,35-44,53365,19159
Summit,2013,Black,35-44,9917,19161
Summit,2013,White,35-44,52774,19162
Summit,2014,Black,35-44,9869,19164
Summit,2014,White,35-44,51779,19165
Summit,2015,Black,35-44,9659,19167
Summit,2015,White,35-44,50814,19168
Summit,2016,Black,35-44,9418,19170
Summit,2016,White,35-44,49939,19171
Summit,2017,Black,35-44,9357,19173
Summit,2017,White,35-44,49873,19174
Summit,2018,Black,35-44,9356,19176
Summit,2018,White,35-44,50048,19177
Summit,2019,Black,35-44,9458,19179
Summit,2019,White,35-44,50295,19180
Summit,2020,Black,35-44,9560,19182
Summit,2020,White,35-44,50570,19183
Trumbull,2010,Black,35-44,2034,19188
Trumbull,2010,White,35-44,23253,19189
Trumbull,2011,Black,35-44,2028,19191
Trumbull,2011,White,35-44,22631,19192
Trumbull,2012,Black,35-44,2072,19194
Trumbull,2012,White,35-44,21983,19195
Trumbull,2013,Black,35-44,2066,19197
Trumbull,2013,White,35-44,21513,19198
Trumbull,2014,Black,35-44,2069,19200
Trumbull,2014,White,35-44,20975,19201
Trumbull,2015,Black,35-44,2068,19203
Trumbull,2015,White,35-44,20471,19204
Trumbull,2016,Black,35-44,2026,19206
Trumbull,2016,White,35-44,20120,19207
Trumbull,2017,Black,35-44,1974,19209
Trumbull,2017,White,35-44,19611,19210
Trumbull,2018,Black,35-44,1877,19212
Trumbull,2018,White,35-44,19275,19213
Trumbull,2019,Black,35-44,1922,19215
Trumbull,2019,White,35-44,19086,19216
Trumbull,2020,Black,35-44,1940,19218
Trumbull,2020,White,35-44,18887,19219
Tuscarawas,2010,Black,35-44,108,19224
Tuscarawas,2010,White,35-44,11045,19225
Tuscarawas,2011,Black,35-44,111,19227
Tuscarawas,2011,White,35-44,10852,19228
Tuscarawas,2012,Black,35-44,111,19230
Tuscarawas,2012,White,35-44,10784,19231
Tuscarawas,2013,Black,35-44,104,19233
Tuscarawas,2013,White,35-44,10792,19234
Tuscarawas,2014,Black,35-44,91,19236
Tuscarawas,2014,White,35-44,10729,19237
Tuscarawas,2015,Black,35-44,92,19239
Tuscarawas,2015,White,35-44,10635,19240
Tuscarawas,2016,Black,35-44,101,19242
Tuscarawas,2016,White,35-44,10444,19243
Tuscarawas,2017,Black,35-44,103,19245
Tuscarawas,2017,White,35-44,10333,19246
Tuscarawas,2018,Black,35-44,114,19248
Tuscarawas,2018,White,35-44,10371,19249
Tuscarawas,2019,Black,35-44,130,19251
Tuscarawas,2019,White,35-44,10422,19252
Tuscarawas,2020,Black,35-44,121,19254
Tuscarawas,2020,White,35-44,10441,19255
Union,2010,Black,35-44,305,19260
Union,2010,White,35-44,8011,19261
Union,2011,Black,35-44,331,19263
Union,2011,White,35-44,7936,19264
Union,2012,Black,35-44,288,19266
Union,2012,White,35-44,7719,19267
Union,2013,Black,35-44,288,19269
Union,2013,White,35-44,7729,19270
Union,2014,Black,35-44,293,19272
Union,2014,White,35-44,7644,19273
Union,2015,Black,35-44,308,19275
Union,2015,White,35-44,7411,19276
Union,2016,Black,35-44,333,19278
Union,2016,White,35-44,7400,19279
Union,2017,Black,35-44,332,19281
Union,2017,White,35-44,7511,19282
Union,2018,Black,35-44,344,19284
Union,2018,White,35-44,7641,19285
Union,2019,Black,35-44,339,19287
Union,2019,White,35-44,7808,19288
Union,2020,Black,35-44,341,19290
Union,2020,White,35-44,7901,19291
Van Wert,2010,Black,35-44,39,19296
Van Wert,2010,White,35-44,3372,19297
Van Wert,2011,Black,35-44,45,19299
Van Wert,2011,White,35-44,3321,19300
Van Wert,2012,Black,35-44,42,19302
Van Wert,2012,White,35-44,3323,19303
Van Wert,2013,Black,35-44,39,19305
Van Wert,2013,White,35-44,3285,19306
Van Wert,2014,Black,35-44,47,19308
Van Wert,2014,White,35-44,3281,19309
Van Wert,2015,Black,35-44,45,19311
Van Wert,2015,White,35-44,3250,19312
Van Wert,2016,Black,35-44,41,19314
Van Wert,2016,White,35-44,3247,19315
Van Wert,2017,Black,35-44,46,19317
Van Wert,2017,White,35-44,3253,19318
Van Wert,2018,Black,35-44,44,19320
Van Wert,2018,White,35-44,3276,19321
Van Wert,2019,Black,35-44,45,19323
Van Wert,2019,White,35-44,3252,19324
Van Wert,2020,Black,35-44,45,19326
Van Wert,2020,White,35-44,3278,19327
Vinton,2010,Black,35-44,9,19332
Vinton,2010,White,35-44,1795,19333
Vinton,2011,Black,35-44,14,19335
Vinton,2011,White,35-44,1750,19336
Vinton,2012,Black,35-44,14,19338
Vinton,2012,White,35-44,1669,19339
Vinton,2013,Black,35-44,17,19341
Vinton,2013,White,35-44,1671,19342
Vinton,2014,Black,35-44,19,19344
Vinton,2014,White,35-44,1651,19345
Vinton,2015,Black,35-44,16,19347
Vinton,2015,White,35-44,1649,19348
Vinton,2016,Black,35-44,14,19350
Vinton,2016,White,35-44,1612,19351
Vinton,2017,Black,35-44,14,19353
Vinton,2017,White,35-44,1627,19354
Vinton,2018,Black,35-44,12,19356
Vinton,2018,White,35-44,1573,19357
Vinton,2019,Black,35-44,13,19359
Vinton,2019,White,35-44,1513,19360
Vinton,2020,Black,35-44,14,19362
Vinton,2020,White,35-44,1402,19363
Warren,2010,Black,35-44,1236,19368
Warren,2010,White,35-44,30129,19369
Warren,2011,Black,35-44,1248,19371
Warren,2011,White,35-44,29362,19372
Warren,2012,Black,35-44,1260,19374
Warren,2012,White,35-44,28525,19375
Warren,2013,Black,35-44,1283,19377
Warren,2013,White,35-44,27951,19378
Warren,2014,Black,35-44,1283,19380
Warren,2014,White,35-44,27458,19381
Warren,2015,Black,35-44,1294,19383
Warren,2015,White,35-44,27153,19384
Warren,2016,Black,35-44,1322,19386
Warren,2016,White,35-44,26730,19387
Warren,2017,Black,35-44,1352,19389
Warren,2017,White,35-44,26630,19390
Warren,2018,Black,35-44,1395,19392
Warren,2018,White,35-44,26910,19393
Warren,2019,Black,35-44,1419,19395
Warren,2019,White,35-44,27136,19396
Warren,2020,Black,35-44,1430,19398
Warren,2020,White,35-44,27370,19399
Washington,2010,Black,35-44,100,19404
Washington,2010,White,35-44,7271,19405
Washington,2011,Black,35-44,99,19407
Washington,2011,White,35-44,7125,19408
Washington,2012,Black,35-44,93,19410
Washington,2012,White,35-44,7003,19411
Washington,2013,Black,35-44,101,19413
Washington,2013,White,35-44,6908,19414
Washington,2014,Black,35-44,107,19416
Washington,2014,White,35-44,6773,19417
Washington,2015,Black,35-44,121,19419
Washington,2015,White,35-44,6727,19420
Washington,2016,Black,35-44,108,19422
Washington,2016,White,35-44,6658,19423
Washington,2017,Black,35-44,105,19425
Washington,2017,White,35-44,6615,19426
Washington,2018,Black,35-44,101,19428
Washington,2018,White,35-44,6556,19429
Washington,2019,Black,35-44,112,19431
Washington,2019,White,35-44,6616,19432
Washington,2020,Black,35-44,105,19434
Washington,2020,White,35-44,6548,19435
Wayne,2010,Black,35-44,243,19440
Wayne,2010,White,35-44,13155,19441
Wayne,2011,Black,35-44,236,19443
Wayne,2011,White,35-44,12984,19444
Wayne,2012,Black,35-44,245,19446
Wayne,2012,White,35-44,12829,19447
Wayne,2013,Black,35-44,250,19449
Wayne,2013,White,35-44,12759,19450
Wayne,2014,Black,35-44,259,19452
Wayne,2014,White,35-44,12616,19453
Wayne,2015,Black,35-44,250,19455
Wayne,2015,White,35-44,12477,19456
Wayne,2016,Black,35-44,253,19458
Wayne,2016,White,35-44,12359,19459
Wayne,2017,Black,35-44,238,19461
Wayne,2017,White,35-44,12326,19462
Wayne,2018,Black,35-44,253,19464
Wayne,2018,White,35-44,12366,19465
Wayne,2019,Black,35-44,247,19467
Wayne,2019,White,35-44,12351,19468
Wayne,2020,Black,35-44,253,19470
Wayne,2020,White,35-44,12373,19471
Williams,2010,Black,35-44,79,19476
Williams,2010,White,35-44,4502,19477
Williams,2011,Black,35-44,78,19479
Williams,2011,White,35-44,4409,19480
Williams,2012,Black,35-44,78,19482
Williams,2012,White,35-44,4330,19483
Williams,2013,Black,35-44,78,19485
Williams,2013,White,35-44,4323,19486
Williams,2014,Black,35-44,79,19488
Williams,2014,White,35-44,4292,19489
Williams,2015,Black,35-44,83,19491
Williams,2015,White,35-44,4259,19492
Williams,2016,Black,35-44,85,19494
Williams,2016,White,35-44,4215,19495
Williams,2017,Black,35-44,91,19497
Williams,2017,White,35-44,4170,19498
Williams,2018,Black,35-44,87,19500
Williams,2018,White,35-44,4166,19501
Williams,2019,Black,35-44,80,19503
Williams,2019,White,35-44,4226,19504
Williams,2020,Black,35-44,89,19506
Williams,2020,White,35-44,4202,19507
Wood,2010,Black,35-44,278,19512
Wood,2010,White,35-44,14172,19513
Wood,2011,Black,35-44,309,19515
Wood,2011,White,35-44,14004,19516
Wood,2012,Black,35-44,308,19518
Wood,2012,White,35-44,13830,19519
Wood,2013,Black,35-44,353,19521
Wood,2013,White,35-44,13769,19522
Wood,2014,Black,35-44,381,19524
Wood,2014,White,35-44,13694,19525
Wood,2015,Black,35-44,390,19527
Wood,2015,White,35-44,13684,19528
Wood,2016,Black,35-44,377,19530
Wood,2016,White,35-44,13593,19531
Wood,2017,Black,35-44,388,19533
Wood,2017,White,35-44,13601,19534
Wood,2018,Black,35-44,392,19536
Wood,2018,White,35-44,13638,19537
Wood,2019,Black,35-44,394,19539
Wood,2019,White,35-44,13737,19540
Wood,2020,Black,35-44,410,19542
Wood,2020,White,35-44,13875,19543
Wyandot,2010,Black,35-44,13,19548
Wyandot,2010,White,35-44,2839,19549
Wyandot,2011,Black,35-44,15,19551
Wyandot,2011,White,35-44,2781,19552
Wyandot,2012,Black,35-44,15,19554
Wyandot,2012,White,35-44,2720,19555
Wyandot,2013,Black,35-44,14,19557
Wyandot,2013,White,35-44,2685,19558
Wyandot,2014,Black,35-44,22,19560
Wyandot,2014,White,35-44,2660,19561
Wyandot,2015,Black,35-44,18,19563
Wyandot,2015,White,35-44,2664,19564
Wyandot,2016,Black,35-44,14,19566
Wyandot,2016,White,35-44,2637,19567
Wyandot,2017,Black,35-44,19,19569
Wyandot,2017,White,35-44,2613,19570
Wyandot,2018,Black,35-44,21,19572
Wyandot,2018,White,35-44,2626,19573
Wyandot,2019,Black,35-44,19,19575
Wyandot,2019,White,35-44,2561,19576
Wyandot,2020,Black,35-44,25,19578
Wyandot,2020,White,35-44,2534,19579
Unknown,2010,Black,35-44,0,19584
Unknown,2010,White,35-44,0,19585
Unknown,2011,Black,35-44,0,19587
Unknown,2011,White,35-44,0,19588
Unknown,2012,Black,35-44,0,19590
Unknown,2012,White,35-44,0,19591
Unknown,2013,Black,35-44,0,19593
Unknown,2013,White,35-44,0,19594
Unknown,2014,Black,35-44,0,19596
Unknown,2014,White,35-44,0,19597
Unknown,2015,Black,35-44,0,19599
Unknown,2015,White,35-44,0,19600
Unknown,2016,Black,35-44,0,19602
Unknown,2016,White,35-44,0,19603
Unknown,2017,Black,35-44,0,19605
Unknown,2017,White,35-44,0,19606
Unknown,2018,Black,35-44,0,19608
Unknown,2018,White,35-44,0,19609
Unknown,2019,Black,35-44,0,19611
Unknown,2019,White,35-44,0,19612
Unknown,2020,Black,35-44,0,19614
Unknown,2020,White,35-44,0,19615
Adams,2010,Black,45-54,30,19656
Adams,2010,White,45-54,4177,19657
Adams,2011,Black,45-54,24,19659
Adams,2011,White,45-54,4104,19660
Adams,2012,Black,45-54,29,19662
Adams,2012,White,45-54,4004,19663
Adams,2013,Black,45-54,31,19665
Adams,2013,White,45-54,3935,19666
Adams,2014,Black,45-54,27,19668
Adams,2014,White,45-54,3880,19669
Adams,2015,Black,45-54,24,19671
Adams,2015,White,45-54,3789,19672
Adams,2016,Black,45-54,27,19674
Adams,2016,White,45-54,3773,19675
Adams,2017,Black,45-54,33,19677
Adams,2017,White,45-54,3738,19678
Adams,2018,Black,45-54,23,19680
Adams,2018,White,45-54,3625,19681
Adams,2019,Black,45-54,24,19683
Adams,2019,White,45-54,3579,19684
Adams,2020,Black,45-54,26,19686
Adams,2020,White,45-54,3540,19687
Allen,2010,Black,45-54,1784,19692
Allen,2010,White,45-54,13439,19693
Allen,2011,Black,45-54,1769,19695
Allen,2011,White,45-54,13085,19696
Allen,2012,Black,45-54,1738,19698
Allen,2012,White,45-54,12640,19699
Allen,2013,Black,45-54,1714,19701
Allen,2013,White,45-54,12172,19702
Allen,2014,Black,45-54,1661,19704
Allen,2014,White,45-54,11718,19705
Allen,2015,Black,45-54,1602,19707
Allen,2015,White,45-54,11376,19708
Allen,2016,Black,45-54,1629,19710
Allen,2016,White,45-54,11133,19711
Allen,2017,Black,45-54,1610,19713
Allen,2017,White,45-54,10860,19714
Allen,2018,Black,45-54,1551,19716
Allen,2018,White,45-54,10513,19717
Allen,2019,Black,45-54,1500,19719
Allen,2019,White,45-54,10133,19720
Allen,2020,Black,45-54,1507,19722
Allen,2020,White,45-54,9956,19723
Ashland,2010,Black,45-54,57,19728
Ashland,2010,White,45-54,7462,19729
Ashland,2011,Black,45-54,48,19731
Ashland,2011,White,45-54,7319,19732
Ashland,2012,Black,45-54,51,19734
Ashland,2012,White,45-54,7169,19735
Ashland,2013,Black,45-54,52,19737
Ashland,2013,White,45-54,6992,19738
Ashland,2014,Black,45-54,44,19740
Ashland,2014,White,45-54,6879,19741
Ashland,2015,Black,45-54,51,19743
Ashland,2015,White,45-54,6739,19744
Ashland,2016,Black,45-54,55,19746
Ashland,2016,White,45-54,6639,19747
Ashland,2017,Black,45-54,56,19749
Ashland,2017,White,45-54,6537,19750
Ashland,2018,Black,45-54,49,19752
Ashland,2018,White,45-54,6425,19753
Ashland,2019,Black,45-54,51,19755
Ashland,2019,White,45-54,6188,19756
Ashland,2020,Black,45-54,58,19758
Ashland,2020,White,45-54,6122,19759
Ashtabula,2010,Black,45-54,564,19764
Ashtabula,2010,White,45-54,15025,19765
Ashtabula,2011,Black,45-54,550,19767
Ashtabula,2011,White,45-54,14745,19768
Ashtabula,2012,Black,45-54,540,19770
Ashtabula,2012,White,45-54,14395,19771
Ashtabula,2013,Black,45-54,514,19773
Ashtabula,2013,White,45-54,14069,19774
Ashtabula,2014,Black,45-54,497,19776
Ashtabula,2014,White,45-54,13790,19777
Ashtabula,2015,Black,45-54,482,19779
Ashtabula,2015,White,45-54,13420,19780
Ashtabula,2016,Black,45-54,478,19782
Ashtabula,2016,White,45-54,13224,19783
Ashtabula,2017,Black,45-54,493,19785
Ashtabula,2017,White,45-54,12897,19786
Ashtabula,2018,Black,45-54,469,19788
Ashtabula,2018,White,45-54,12531,19789
Ashtabula,2019,Black,45-54,472,19791
Ashtabula,2019,White,45-54,12138,19792
Ashtabula,2020,Black,45-54,440,19794
Ashtabula,2020,White,45-54,11725,19795
Athens,2010,Black,45-54,157,19800
Athens,2010,White,45-54,6668,19801
Athens,2011,Black,45-54,150,19803
Athens,2011,White,45-54,6630,19804
Athens,2012,Black,45-54,142,19806
Athens,2012,White,45-54,6545,19807
Athens,2013,Black,45-54,158,19809
Athens,2013,White,45-54,6540,19810
Athens,2014,Black,45-54,154,19812
Athens,2014,White,45-54,6551,19813
Athens,2015,Black,45-54,168,19815
Athens,2015,White,45-54,6517,19816
Athens,2016,Black,45-54,155,19818
Athens,2016,White,45-54,6565,19819
Athens,2017,Black,45-54,155,19821
Athens,2017,White,45-54,6506,19822
Athens,2018,Black,45-54,151,19824
Athens,2018,White,45-54,6379,19825
Athens,2019,Black,45-54,149,19827
Athens,2019,White,45-54,6254,19828
Athens,2020,Black,45-54,141,19830
Athens,2020,White,45-54,6166,19831
Auglaize,2010,Black,45-54,41,19836
Auglaize,2010,White,45-54,6928,19837
Auglaize,2011,Black,45-54,37,19839
Auglaize,2011,White,45-54,6816,19840
Auglaize,2012,Black,45-54,36,19842
Auglaize,2012,White,45-54,6695,19843
Auglaize,2013,Black,45-54,44,19845
Auglaize,2013,White,45-54,6567,19846
Auglaize,2014,Black,45-54,33,19848
Auglaize,2014,White,45-54,6349,19849
Auglaize,2015,Black,45-54,48,19851
Auglaize,2015,White,45-54,6102,19852
Auglaize,2016,Black,45-54,44,19854
Auglaize,2016,White,45-54,5957,19855
Auglaize,2017,Black,45-54,53,19857
Auglaize,2017,White,45-54,5832,19858
Auglaize,2018,Black,45-54,44,19860
Auglaize,2018,White,45-54,5652,19861
Auglaize,2019,Black,45-54,53,19863
Auglaize,2019,White,45-54,5477,19864
Auglaize,2020,Black,45-54,50,19866
Auglaize,2020,White,45-54,5290,19867
Belmont,2010,Black,45-54,322,19872
Belmont,2010,White,45-54,10618,19873
Belmont,2011,Black,45-54,314,19875
Belmont,2011,White,45-54,10319,19876
Belmont,2012,Black,45-54,314,19878
Belmont,2012,White,45-54,9908,19879
Belmont,2013,Black,45-54,306,19881
Belmont,2013,White,45-54,9558,19882
Belmont,2014,Black,45-54,296,19884
Belmont,2014,White,45-54,9269,19885
Belmont,2015,Black,45-54,309,19887
Belmont,2015,White,45-54,9024,19888
Belmont,2016,Black,45-54,310,19890
Belmont,2016,White,45-54,8769,19891
Belmont,2017,Black,45-54,307,19893
Belmont,2017,White,45-54,8520,19894
Belmont,2018,Black,45-54,295,19896
Belmont,2018,White,45-54,8306,19897
Belmont,2019,Black,45-54,304,19899
Belmont,2019,White,45-54,8093,19900
Belmont,2020,Black,45-54,281,19902
Belmont,2020,White,45-54,7897,19903
Brown,2010,Black,45-54,81,19908
Brown,2010,White,45-54,6986,19909
Brown,2011,Black,45-54,70,19911
Brown,2011,White,45-54,6868,19912
Brown,2012,Black,45-54,65,19914
Brown,2012,White,45-54,6662,19915
Brown,2013,Black,45-54,64,19917
Brown,2013,White,45-54,6465,19918
Brown,2014,Black,45-54,58,19920
Brown,2014,White,45-54,6223,19921
Brown,2015,Black,45-54,53,19923
Brown,2015,White,45-54,6138,19924
Brown,2016,Black,45-54,49,19926
Brown,2016,White,45-54,6078,19927
Brown,2017,Black,45-54,53,19929
Brown,2017,White,45-54,5937,19930
Brown,2018,Black,45-54,56,19932
Brown,2018,White,45-54,5809,19933
Brown,2019,Black,45-54,52,19935
Brown,2019,White,45-54,5632,19936
Brown,2020,Black,45-54,55,19938
Brown,2020,White,45-54,5505,19939
Butler,2010,Black,45-54,3743,19944
Butler,2010,White,45-54,49476,19945
Butler,2011,Black,45-54,3808,19947
Butler,2011,White,45-54,48862,19948
Butler,2012,Black,45-54,3867,19950
Butler,2012,White,45-54,47785,19951
Butler,2013,Black,45-54,3948,19953
Butler,2013,White,45-54,46680,19954
Butler,2014,Black,45-54,4039,19956
Butler,2014,White,45-54,45704,19957
Butler,2015,Black,45-54,4160,19959
Butler,2015,White,45-54,45138,19960
Butler,2016,Black,45-54,4249,19962
Butler,2016,White,45-54,44307,19963
Butler,2017,Black,45-54,4447,19965
Butler,2017,White,45-54,43206,19966
Butler,2018,Black,45-54,4499,19968
Butler,2018,White,45-54,41958,19969
Butler,2019,Black,45-54,4533,19971
Butler,2019,White,45-54,40529,19972
Butler,2020,Black,45-54,4690,19974
Butler,2020,White,45-54,39745,19975
Carroll,2010,Black,45-54,37,19980
Carroll,2010,White,45-54,4648,19981
Carroll,2011,Black,45-54,30,19983
Carroll,2011,White,45-54,4594,19984
Carroll,2012,Black,45-54,30,19986
Carroll,2012,White,45-54,4436,19987
Carroll,2013,Black,45-54,31,19989
Carroll,2013,White,45-54,4231,19990
Carroll,2014,Black,45-54,26,19992
Carroll,2014,White,45-54,4030,19993
Carroll,2015,Black,45-54,31,19995
Carroll,2015,White,45-54,3867,19996
Carroll,2016,Black,45-54,29,19998
Carroll,2016,White,45-54,3760,19999
Carroll,2017,Black,45-54,35,20001
Carroll,2017,White,45-54,3658,20002
Carroll,2018,Black,45-54,36,20004
Carroll,2018,White,45-54,3528,20005
Carroll,2019,Black,45-54,31,20007
Carroll,2019,White,45-54,3399,20008
Carroll,2020,Black,45-54,36,20010
Carroll,2020,White,45-54,3315,20011
Champaign,2010,Black,45-54,144,20016
Champaign,2010,White,45-54,5938,20017
Champaign,2011,Black,45-54,140,20019
Champaign,2011,White,45-54,5950,20020
Champaign,2012,Black,45-54,135,20022
Champaign,2012,White,45-54,5842,20023
Champaign,2013,Black,45-54,128,20025
Champaign,2013,White,45-54,5675,20026
Champaign,2014,Black,45-54,114,20028
Champaign,2014,White,45-54,5587,20029
Champaign,2015,Black,45-54,112,20031
Champaign,2015,White,45-54,5542,20032
Champaign,2016,Black,45-54,114,20034
Champaign,2016,White,45-54,5475,20035
Champaign,2017,Black,45-54,110,20037
Champaign,2017,White,45-54,5371,20038
Champaign,2018,Black,45-54,112,20040
Champaign,2018,White,45-54,5272,20041
Champaign,2019,Black,45-54,106,20043
Champaign,2019,White,45-54,5114,20044
Champaign,2020,Black,45-54,98,20046
Champaign,2020,White,45-54,4963,20047
Clark,2010,Black,45-54,1612,20052
Clark,2010,White,45-54,18054,20053
Clark,2011,Black,45-54,1576,20055
Clark,2011,White,45-54,17782,20056
Clark,2012,Black,45-54,1567,20058
Clark,2012,White,45-54,17458,20059
Clark,2013,Black,45-54,1490,20061
Clark,2013,White,45-54,17099,20062
Clark,2014,Black,45-54,1477,20064
Clark,2014,White,45-54,16810,20065
Clark,2015,Black,45-54,1496,20067
Clark,2015,White,45-54,16475,20068
Clark,2016,Black,45-54,1493,20070
Clark,2016,White,45-54,16124,20071
Clark,2017,Black,45-54,1450,20073
Clark,2017,White,45-54,15733,20074
Clark,2018,Black,45-54,1409,20076
Clark,2018,White,45-54,15431,20077
Clark,2019,Black,45-54,1401,20079
Clark,2019,White,45-54,14998,20080
Clark,2020,Black,45-54,1370,20082
Clark,2020,White,45-54,14619,20083
Clermont,2010,Black,45-54,380,20088
Clermont,2010,White,45-54,31017,20089
Clermont,2011,Black,45-54,378,20091
Clermont,2011,White,45-54,30634,20092
Clermont,2012,Black,45-54,370,20094
Clermont,2012,White,45-54,30152,20095
Clermont,2013,Black,45-54,370,20097
Clermont,2013,White,45-54,29487,20098
Clermont,2014,Black,45-54,381,20100
Clermont,2014,White,45-54,28913,20101
Clermont,2015,Black,45-54,389,20103
Clermont,2015,White,45-54,28411,20104
Clermont,2016,Black,45-54,416,20106
Clermont,2016,White,45-54,27883,20107
Clermont,2017,Black,45-54,428,20109
Clermont,2017,White,45-54,27308,20110
Clermont,2018,Black,45-54,427,20112
Clermont,2018,White,45-54,26752,20113
Clermont,2019,Black,45-54,433,20115
Clermont,2019,White,45-54,26132,20116
Clermont,2020,Black,45-54,454,20118
Clermont,2020,White,45-54,25620,20119
Clinton,2010,Black,45-54,151,20124
Clinton,2010,White,45-54,6352,20125
Clinton,2011,Black,45-54,142,20127
Clinton,2011,White,45-54,6226,20128
Clinton,2012,Black,45-54,144,20130
Clinton,2012,White,45-54,5975,20131
Clinton,2013,Black,45-54,128,20133
Clinton,2013,White,45-54,5776,20134
Clinton,2014,Black,45-54,118,20136
Clinton,2014,White,45-54,5609,20137
Clinton,2015,Black,45-54,109,20139
Clinton,2015,White,45-54,5491,20140
Clinton,2016,Black,45-54,118,20142
Clinton,2016,White,45-54,5410,20143
Clinton,2017,Black,45-54,113,20145
Clinton,2017,White,45-54,5381,20146
Clinton,2018,Black,45-54,105,20148
Clinton,2018,White,45-54,5235,20149
Clinton,2019,Black,45-54,106,20151
Clinton,2019,White,45-54,5053,20152
Clinton,2020,Black,45-54,100,20154
Clinton,2020,White,45-54,4965,20155
Columbiana,2010,Black,45-54,401,20160
Columbiana,2010,White,45-54,16497,20161
Columbiana,2011,Black,45-54,395,20163
Columbiana,2011,White,45-54,16147,20164
Columbiana,2012,Black,45-54,385,20166
Columbiana,2012,White,45-54,15642,20167
Columbiana,2013,Black,45-54,377,20169
Columbiana,2013,White,45-54,15137,20170
Columbiana,2014,Black,45-54,370,20172
Columbiana,2014,White,45-54,14662,20173
Columbiana,2015,Black,45-54,365,20175
Columbiana,2015,White,45-54,14218,20176
Columbiana,2016,Black,45-54,359,20178
Columbiana,2016,White,45-54,13751,20179
Columbiana,2017,Black,45-54,348,20181
Columbiana,2017,White,45-54,13381,20182
Columbiana,2018,Black,45-54,348,20184
Columbiana,2018,White,45-54,13042,20185
Columbiana,2019,Black,45-54,347,20187
Columbiana,2019,White,45-54,12627,20188
Columbiana,2020,Black,45-54,348,20190
Columbiana,2020,White,45-54,12404,20191
Coshocton,2010,Black,45-54,69,20196
Coshocton,2010,White,45-54,5461,20197
Coshocton,2011,Black,45-54,51,20199
Coshocton,2011,White,45-54,5344,20200
Coshocton,2012,Black,45-54,48,20202
Coshocton,2012,White,45-54,5233,20203
Coshocton,2013,Black,45-54,45,20205
Coshocton,2013,White,45-54,5054,20206
Coshocton,2014,Black,45-54,53,20208
Coshocton,2014,White,45-54,4896,20209
Coshocton,2015,Black,45-54,56,20211
Coshocton,2015,White,45-54,4817,20212
Coshocton,2016,Black,45-54,57,20214
Coshocton,2016,White,45-54,4736,20215
Coshocton,2017,Black,45-54,67,20217
Coshocton,2017,White,45-54,4637,20218
Coshocton,2018,Black,45-54,69,20220
Coshocton,2018,White,45-54,4529,20221
Coshocton,2019,Black,45-54,71,20223
Coshocton,2019,White,45-54,4379,20224
Coshocton,2020,Black,45-54,64,20226
Coshocton,2020,White,45-54,4252,20227
Crawford,2010,Black,45-54,59,20232
Crawford,2010,White,45-54,6334,20233
Crawford,2011,Black,45-54,59,20235
Crawford,2011,White,45-54,6123,20236
Crawford,2012,Black,45-54,58,20238
Crawford,2012,White,45-54,5990,20239
Crawford,2013,Black,45-54,67,20241
Crawford,2013,White,45-54,5886,20242
Crawford,2014,Black,45-54,58,20244
Crawford,2014,White,45-54,5704,20245
Crawford,2015,Black,45-54,57,20247
Crawford,2015,White,45-54,5523,20248
Crawford,2016,Black,45-54,60,20250
Crawford,2016,White,45-54,5451,20251
Crawford,2017,Black,45-54,68,20253
Crawford,2017,White,45-54,5373,20254
Crawford,2018,Black,45-54,62,20256
Crawford,2018,White,45-54,5254,20257
Crawford,2019,Black,45-54,64,20259
Crawford,2019,White,45-54,5156,20260
Crawford,2020,Black,45-54,67,20262
Crawford,2020,White,45-54,5103,20263
Cuyahoga,2010,Black,45-54,56452,20268
Cuyahoga,2010,White,45-54,134638,20269
Cuyahoga,2011,Black,45-54,54855,20271
Cuyahoga,2011,White,45-54,131390,20272
Cuyahoga,2012,Black,45-54,53084,20274
Cuyahoga,2012,White,45-54,127605,20275
Cuyahoga,2013,Black,45-54,51204,20277
Cuyahoga,2013,White,45-54,123289,20278
Cuyahoga,2014,Black,45-54,49687,20280
Cuyahoga,2014,White,45-54,119338,20281
Cuyahoga,2015,Black,45-54,48540,20283
Cuyahoga,2015,White,45-54,115374,20284
Cuyahoga,2016,Black,45-54,47576,20286
Cuyahoga,2016,White,45-54,111490,20287
Cuyahoga,2017,Black,45-54,46531,20289
Cuyahoga,2017,White,45-54,107459,20290
Cuyahoga,2018,Black,45-54,45347,20292
Cuyahoga,2018,White,45-54,103097,20293
Cuyahoga,2019,Black,45-54,43891,20295
Cuyahoga,2019,White,45-54,98799,20296
Cuyahoga,2020,Black,45-54,42663,20298
Cuyahoga,2020,White,45-54,95192,20299
Darke,2010,Black,45-54,38,20304
Darke,2010,White,45-54,7825,20305
Darke,2011,Black,45-54,36,20307
Darke,2011,White,45-54,7705,20308
Darke,2012,Black,45-54,41,20310
Darke,2012,White,45-54,7546,20311
Darke,2013,Black,45-54,36,20313
Darke,2013,White,45-54,7328,20314
Darke,2014,Black,45-54,46,20316
Darke,2014,White,45-54,7204,20317
Darke,2015,Black,45-54,45,20319
Darke,2015,White,45-54,7043,20320
Darke,2016,Black,45-54,47,20322
Darke,2016,White,45-54,6858,20323
Darke,2017,Black,45-54,49,20325
Darke,2017,White,45-54,6712,20326
Darke,2018,Black,45-54,41,20328
Darke,2018,White,45-54,6498,20329
Darke,2019,Black,45-54,38,20331
Darke,2019,White,45-54,6206,20332
Darke,2020,Black,45-54,41,20334
Darke,2020,White,45-54,6044,20335
Defiance,2010,Black,45-54,104,20340
Defiance,2010,White,45-54,5590,20341
Defiance,2011,Black,45-54,99,20343
Defiance,2011,White,45-54,5341,20344
Defiance,2012,Black,45-54,93,20346
Defiance,2012,White,45-54,5186,20347
Defiance,2013,Black,45-54,82,20349
Defiance,2013,White,45-54,4953,20350
Defiance,2014,Black,45-54,79,20352
Defiance,2014,White,45-54,4816,20353
Defiance,2015,Black,45-54,84,20355
Defiance,2015,White,45-54,4725,20356
Defiance,2016,Black,45-54,79,20358
Defiance,2016,White,45-54,4635,20359
Defiance,2017,Black,45-54,89,20361
Defiance,2017,White,45-54,4505,20362
Defiance,2018,Black,45-54,84,20364
Defiance,2018,White,45-54,4420,20365
Defiance,2019,Black,45-54,102,20367
Defiance,2019,White,45-54,4348,20368
Defiance,2020,Black,45-54,100,20370
Defiance,2020,White,45-54,4285,20371
Delaware,2010,Black,45-54,1006,20376
Delaware,2010,White,45-54,25605,20377
Delaware,2011,Black,45-54,1068,20379
Delaware,2011,White,45-54,25942,20380
Delaware,2012,Black,45-54,1102,20382
Delaware,2012,White,45-54,26065,20383
Delaware,2013,Black,45-54,1154,20385
Delaware,2013,White,45-54,26222,20386
Delaware,2014,Black,45-54,1184,20388
Delaware,2014,White,45-54,26483,20389
Delaware,2015,Black,45-54,1174,20391
Delaware,2015,White,45-54,27018,20392
Delaware,2016,Black,45-54,1207,20394
Delaware,2016,White,45-54,27431,20395
Delaware,2017,Black,45-54,1241,20397
Delaware,2017,White,45-54,27614,20398
Delaware,2018,Black,45-54,1332,20400
Delaware,2018,White,45-54,27703,20401
Delaware,2019,Black,45-54,1395,20403
Delaware,2019,White,45-54,27641,20404
Delaware,2020,Black,45-54,1467,20406
Delaware,2020,White,45-54,27901,20407
Erie,2010,Black,45-54,995,20412
Erie,2010,White,45-54,11044,20413
Erie,2011,Black,45-54,961,20415
Erie,2011,White,45-54,10782,20416
Erie,2012,Black,45-54,928,20418
Erie,2012,White,45-54,10497,20419
Erie,2013,Black,45-54,883,20421
Erie,2013,White,45-54,10049,20422
Erie,2014,Black,45-54,857,20424
Erie,2014,White,45-54,9691,20425
Erie,2015,Black,45-54,807,20427
Erie,2015,White,45-54,9441,20428
Erie,2016,Black,45-54,786,20430
Erie,2016,White,45-54,9053,20431
Erie,2017,Black,45-54,755,20433
Erie,2017,White,45-54,8845,20434
Erie,2018,Black,45-54,735,20436
Erie,2018,White,45-54,8527,20437
Erie,2019,Black,45-54,742,20439
Erie,2019,White,45-54,8243,20440
Erie,2020,Black,45-54,721,20442
Erie,2020,White,45-54,7915,20443
Fairfield,2010,Black,45-54,1213,20448
Fairfield,2010,White,45-54,20881,20449
Fairfield,2011,Black,45-54,1301,20451
Fairfield,2011,White,45-54,20844,20452
Fairfield,2012,Black,45-54,1402,20454
Fairfield,2012,White,45-54,20534,20455
Fairfield,2013,Black,45-54,1506,20457
Fairfield,2013,White,45-54,20257,20458
Fairfield,2014,Black,45-54,1564,20460
Fairfield,2014,White,45-54,20229,20461
Fairfield,2015,Black,45-54,1606,20463
Fairfield,2015,White,45-54,20211,20464
Fairfield,2016,Black,45-54,1737,20466
Fairfield,2016,White,45-54,20041,20467
Fairfield,2017,Black,45-54,1850,20469
Fairfield,2017,White,45-54,19627,20470
Fairfield,2018,Black,45-54,1926,20472
Fairfield,2018,White,45-54,19152,20473
Fairfield,2019,Black,45-54,2076,20475
Fairfield,2019,White,45-54,18742,20476
Fairfield,2020,Black,45-54,2162,20478
Fairfield,2020,White,45-54,18469,20479
Fayette,2010,Black,45-54,111,20484
Fayette,2010,White,45-54,4083,20485
Fayette,2011,Black,45-54,118,20487
Fayette,2011,White,45-54,4000,20488
Fayette,2012,Black,45-54,117,20490
Fayette,2012,White,45-54,3899,20491
Fayette,2013,Black,45-54,107,20493
Fayette,2013,White,45-54,3857,20494
Fayette,2014,Black,45-54,112,20496
Fayette,2014,White,45-54,3801,20497
Fayette,2015,Black,45-54,96,20499
Fayette,2015,White,45-54,3745,20500
Fayette,2016,Black,45-54,92,20502
Fayette,2016,White,45-54,3725,20503
Fayette,2017,Black,45-54,100,20505
Fayette,2017,White,45-54,3677,20506
Fayette,2018,Black,45-54,106,20508
Fayette,2018,White,45-54,3642,20509
Fayette,2019,Black,45-54,109,20511
Fayette,2019,White,45-54,3545,20512
Fayette,2020,Black,45-54,107,20514
Fayette,2020,White,45-54,3518,20515
Franklin,2010,Black,45-54,33723,20520
Franklin,2010,White,45-54,119836,20521
Franklin,2011,Black,45-54,33994,20523
Franklin,2011,White,45-54,118804,20524
Franklin,2012,Black,45-54,34066,20526
Franklin,2012,White,45-54,117615,20527
Franklin,2013,Black,45-54,34191,20529
Franklin,2013,White,45-54,116443,20530
Franklin,2014,Black,45-54,34344,20532
Franklin,2014,White,45-54,115437,20533
Franklin,2015,Black,45-54,34895,20535
Franklin,2015,White,45-54,114640,20536
Franklin,2016,Black,45-54,35544,20538
Franklin,2016,White,45-54,113762,20539
Franklin,2017,Black,45-54,35903,20541
Franklin,2017,White,45-54,112568,20542
Franklin,2018,Black,45-54,36286,20544
Franklin,2018,White,45-54,110043,20545
Franklin,2019,Black,45-54,36414,20547
Franklin,2019,White,45-54,107282,20548
Franklin,2020,Black,45-54,36610,20550
Franklin,2020,White,45-54,105474,20551
Fulton,2010,Black,45-54,33,20556
Fulton,2010,White,45-54,6696,20557
Fulton,2011,Black,45-54,38,20559
Fulton,2011,White,45-54,6544,20560
Fulton,2012,Black,45-54,41,20562
Fulton,2012,White,45-54,6331,20563
Fulton,2013,Black,45-54,40,20565
Fulton,2013,White,45-54,6111,20566
Fulton,2014,Black,45-54,53,20568
Fulton,2014,White,45-54,5880,20569
Fulton,2015,Black,45-54,49,20571
Fulton,2015,White,45-54,5791,20572
Fulton,2016,Black,45-54,60,20574
Fulton,2016,White,45-54,5629,20575
Fulton,2017,Black,45-54,60,20577
Fulton,2017,White,45-54,5447,20578
Fulton,2018,Black,45-54,63,20580
Fulton,2018,White,45-54,5316,20581
Fulton,2019,Black,45-54,65,20583
Fulton,2019,White,45-54,5226,20584
Fulton,2020,Black,45-54,69,20586
Fulton,2020,White,45-54,5081,20587
Gallia,2010,Black,45-54,115,20592
Gallia,2010,White,45-54,4571,20593
Gallia,2011,Black,45-54,119,20595
Gallia,2011,White,45-54,4453,20596
Gallia,2012,Black,45-54,107,20598
Gallia,2012,White,45-54,4252,20599
Gallia,2013,Black,45-54,99,20601
Gallia,2013,White,45-54,4092,20602
Gallia,2014,Black,45-54,103,20604
Gallia,2014,White,45-54,3965,20605
Gallia,2015,Black,45-54,95,20607
Gallia,2015,White,45-54,3838,20608
Gallia,2016,Black,45-54,86,20610
Gallia,2016,White,45-54,3729,20611
Gallia,2017,Black,45-54,99,20613
Gallia,2017,White,45-54,3688,20614
Gallia,2018,Black,45-54,99,20616
Gallia,2018,White,45-54,3588,20617
Gallia,2019,Black,45-54,104,20619
Gallia,2019,White,45-54,3525,20620
Gallia,2020,Black,45-54,113,20622
Gallia,2020,White,45-54,3411,20623
Geauga,2010,Black,45-54,230,20628
Geauga,2010,White,45-54,15763,20629
Geauga,2011,Black,45-54,227,20631
Geauga,2011,White,45-54,15498,20632
Geauga,2012,Black,45-54,222,20634
Geauga,2012,White,45-54,15153,20635
Geauga,2013,Black,45-54,199,20637
Geauga,2013,White,45-54,14638,20638
Geauga,2014,Black,45-54,193,20640
Geauga,2014,White,45-54,14214,20641
Geauga,2015,Black,45-54,181,20643
Geauga,2015,White,45-54,13872,20644
Geauga,2016,Black,45-54,168,20646
Geauga,2016,White,45-54,13513,20647
Geauga,2017,Black,45-54,164,20649
Geauga,2017,White,45-54,13105,20650
Geauga,2018,Black,45-54,159,20652
Geauga,2018,White,45-54,12599,20653
Geauga,2019,Black,45-54,145,20655
Geauga,2019,White,45-54,12213,20656
Geauga,2020,Black,45-54,149,20658
Geauga,2020,White,45-54,11936,20659
Greene,2010,Black,45-54,1157,20664
Greene,2010,White,45-54,21634,20665
Greene,2011,Black,45-54,1178,20667
Greene,2011,White,45-54,21278,20668
Greene,2012,Black,45-54,1187,20670
Greene,2012,White,45-54,20889,20671
Greene,2013,Black,45-54,1151,20673
Greene,2013,White,45-54,20343,20674
Greene,2014,Black,45-54,1152,20676
Greene,2014,White,45-54,19865,20677
Greene,2015,Black,45-54,1144,20679
Greene,2015,White,45-54,19485,20680
Greene,2016,Black,45-54,1120,20682
Greene,2016,White,45-54,19021,20683
Greene,2017,Black,45-54,1115,20685
Greene,2017,White,45-54,18644,20686
Greene,2018,Black,45-54,1086,20688
Greene,2018,White,45-54,18059,20689
Greene,2019,Black,45-54,1099,20691
Greene,2019,White,45-54,17637,20692
Greene,2020,Black,45-54,1104,20694
Greene,2020,White,45-54,17173,20695
Guernsey,2010,Black,45-54,102,20700
Guernsey,2010,White,45-54,5917,20701
Guernsey,2011,Black,45-54,96,20703
Guernsey,2011,White,45-54,5785,20704
Guernsey,2012,Black,45-54,96,20706
Guernsey,2012,White,45-54,5663,20707
Guernsey,2013,Black,45-54,84,20709
Guernsey,2013,White,45-54,5513,20710
Guernsey,2014,Black,45-54,84,20712
Guernsey,2014,White,45-54,5421,20713
Guernsey,2015,Black,45-54,81,20715
Guernsey,2015,White,45-54,5299,20716
Guernsey,2016,Black,45-54,89,20718
Guernsey,2016,White,45-54,5220,20719
Guernsey,2017,Black,45-54,88,20721
Guernsey,2017,White,45-54,5100,20722
Guernsey,2018,Black,45-54,95,20724
Guernsey,2018,White,45-54,4992,20725
Guernsey,2019,Black,45-54,93,20727
Guernsey,2019,White,45-54,4791,20728
Guernsey,2020,Black,45-54,90,20730
Guernsey,2020,White,45-54,4704,20731
Hamilton,2010,Black,45-54,30037,20736
Hamilton,2010,White,45-54,86811,20737
Hamilton,2011,Black,45-54,29416,20739
Hamilton,2011,White,45-54,84781,20740
Hamilton,2012,Black,45-54,28587,20742
Hamilton,2012,White,45-54,82535,20743
Hamilton,2013,Black,45-54,27994,20745
Hamilton,2013,White,45-54,80065,20746
Hamilton,2014,Black,45-54,27372,20748
Hamilton,2014,White,45-54,78022,20749
Hamilton,2015,Black,45-54,27004,20751
Hamilton,2015,White,45-54,75840,20752
Hamilton,2016,Black,45-54,26635,20754
Hamilton,2016,White,45-54,73755,20755
Hamilton,2017,Black,45-54,26248,20757
Hamilton,2017,White,45-54,71500,20758
Hamilton,2018,Black,45-54,25754,20760
Hamilton,2018,White,45-54,68652,20761
Hamilton,2019,Black,45-54,25018,20763
Hamilton,2019,White,45-54,65950,20764
Hamilton,2020,Black,45-54,24384,20766
Hamilton,2020,White,45-54,64045,20767
Hancock,2010,Black,45-54,150,20772
Hancock,2010,White,45-54,10809,20773
Hancock,2011,Black,45-54,146,20775
Hancock,2011,White,45-54,10624,20776
Hancock,2012,Black,45-54,142,20778
Hancock,2012,White,45-54,10447,20779
Hancock,2013,Black,45-54,148,20781
Hancock,2013,White,45-54,10224,20782
Hancock,2014,Black,45-54,164,20784
Hancock,2014,White,45-54,9908,20785
Hancock,2015,Black,45-54,168,20787
Hancock,2015,White,45-54,9636,20788
Hancock,2016,Black,45-54,171,20790
Hancock,2016,White,45-54,9498,20791
Hancock,2017,Black,45-54,170,20793
Hancock,2017,White,45-54,9255,20794
Hancock,2018,Black,45-54,185,20796
Hancock,2018,White,45-54,8978,20797
Hancock,2019,Black,45-54,187,20799
Hancock,2019,White,45-54,8830,20800
Hancock,2020,Black,45-54,194,20802
Hancock,2020,White,45-54,8648,20803
Hardin,2010,Black,45-54,27,20808
Hardin,2010,White,45-54,4103,20809
Hardin,2011,Black,45-54,37,20811
Hardin,2011,White,45-54,4049,20812
Hardin,2012,Black,45-54,39,20814
Hardin,2012,White,45-54,3953,20815
Hardin,2013,Black,45-54,38,20817
Hardin,2013,White,45-54,3873,20818
Hardin,2014,Black,45-54,27,20820
Hardin,2014,White,45-54,3856,20821
Hardin,2015,Black,45-54,27,20823
Hardin,2015,White,45-54,3793,20824
Hardin,2016,Black,45-54,33,20826
Hardin,2016,White,45-54,3751,20827
Hardin,2017,Black,45-54,34,20829
Hardin,2017,White,45-54,3694,20830
Hardin,2018,Black,45-54,42,20832
Hardin,2018,White,45-54,3642,20833
Hardin,2019,Black,45-54,35,20835
Hardin,2019,White,45-54,3575,20836
Hardin,2020,Black,45-54,30,20838
Hardin,2020,White,45-54,3541,20839
Harrison,2010,Black,45-54,61,20844
Harrison,2010,White,45-54,2466,20845
Harrison,2011,Black,45-54,71,20847
Harrison,2011,White,45-54,2367,20848
Harrison,2012,Black,45-54,71,20850
Harrison,2012,White,45-54,2294,20851
Harrison,2013,Black,45-54,62,20853
Harrison,2013,White,45-54,2231,20854
Harrison,2014,Black,45-54,60,20856
Harrison,2014,White,45-54,2136,20857
Harrison,2015,Black,45-54,51,20859
Harrison,2015,White,45-54,2087,20860
Harrison,2016,Black,45-54,49,20862
Harrison,2016,White,45-54,2050,20863
Harrison,2017,Black,45-54,51,20865
Harrison,2017,White,45-54,2007,20866
Harrison,2018,Black,45-54,50,20868
Harrison,2018,White,45-54,1949,20869
Harrison,2019,Black,45-54,45,20871
Harrison,2019,White,45-54,1909,20872
Harrison,2020,Black,45-54,40,20874
Harrison,2020,White,45-54,1816,20875
Henry,2010,Black,45-54,17,20880
Henry,2010,White,45-54,4291,20881
Henry,2011,Black,45-54,28,20883
Henry,2011,White,45-54,4163,20884
Henry,2012,Black,45-54,22,20886
Henry,2012,White,45-54,4000,20887
Henry,2013,Black,45-54,19,20889
Henry,2013,White,45-54,3883,20890
Henry,2014,Black,45-54,22,20892
Henry,2014,White,45-54,3758,20893
Henry,2015,Black,45-54,15,20895
Henry,2015,White,45-54,3639,20896
Henry,2016,Black,45-54,21,20898
Henry,2016,White,45-54,3529,20899
Henry,2017,Black,45-54,14,20901
Henry,2017,White,45-54,3432,20902
Henry,2018,Black,45-54,23,20904
Henry,2018,White,45-54,3327,20905
Henry,2019,Black,45-54,26,20907
Henry,2019,White,45-54,3265,20908
Henry,2020,Black,45-54,32,20910
Henry,2020,White,45-54,3231,20911
Highland,2010,Black,45-54,104,20916
Highland,2010,White,45-54,6139,20917
Highland,2011,Black,45-54,108,20919
Highland,2011,White,45-54,6035,20920
Highland,2012,Black,45-54,110,20922
Highland,2012,White,45-54,5928,20923
Highland,2013,Black,45-54,107,20925
Highland,2013,White,45-54,5818,20926
Highland,2014,Black,45-54,99,20928
Highland,2014,White,45-54,5743,20929
Highland,2015,Black,45-54,92,20931
Highland,2015,White,45-54,5683,20932
Highland,2016,Black,45-54,94,20934
Highland,2016,White,45-54,5688,20935
Highland,2017,Black,45-54,90,20937
Highland,2017,White,45-54,5580,20938
Highland,2018,Black,45-54,104,20940
Highland,2018,White,45-54,5542,20941
Highland,2019,Black,45-54,81,20943
Highland,2019,White,45-54,5484,20944
Highland,2020,Black,45-54,75,20946
Highland,2020,White,45-54,5397,20947
Hocking,2010,Black,45-54,31,20952
Hocking,2010,White,45-54,4504,20953
Hocking,2011,Black,45-54,37,20955
Hocking,2011,White,45-54,4403,20956
Hocking,2012,Black,45-54,38,20958
Hocking,2012,White,45-54,4275,20959
Hocking,2013,Black,45-54,27,20961
Hocking,2013,White,45-54,4102,20962
Hocking,2014,Black,45-54,29,20964
Hocking,2014,White,45-54,4045,20965
Hocking,2015,Black,45-54,25,20967
Hocking,2015,White,45-54,4031,20968
Hocking,2016,Black,45-54,33,20970
Hocking,2016,White,45-54,3984,20971
Hocking,2017,Black,45-54,19,20973
Hocking,2017,White,45-54,3881,20974
Hocking,2018,Black,45-54,25,20976
Hocking,2018,White,45-54,3769,20977
Hocking,2019,Black,45-54,25,20979
Hocking,2019,White,45-54,3699,20980
Hocking,2020,Black,45-54,28,20982
Hocking,2020,White,45-54,3649,20983
Holmes,2010,Black,45-54,24,20988
Holmes,2010,White,45-54,4914,20989
Holmes,2011,Black,45-54,30,20991
Holmes,2011,White,45-54,4866,20992
Holmes,2012,Black,45-54,25,20994
Holmes,2012,White,45-54,4833,20995
Holmes,2013,Black,45-54,19,20997
Holmes,2013,White,45-54,4847,20998
Holmes,2014,Black,45-54,19,21000
Holmes,2014,White,45-54,4836,21001
Holmes,2015,Black,45-54,20,21003
Holmes,2015,White,45-54,4792,21004
Holmes,2016,Black,45-54,25,21006
Holmes,2016,White,45-54,4706,21007
Holmes,2017,Black,45-54,26,21009
Holmes,2017,White,45-54,4635,21010
Holmes,2018,Black,45-54,28,21012
Holmes,2018,White,45-54,4588,21013
Holmes,2019,Black,45-54,33,21015
Holmes,2019,White,45-54,4504,21016
Holmes,2020,Black,45-54,31,21018
Holmes,2020,White,45-54,4514,21019
Huron,2010,Black,45-54,110,21024
Huron,2010,White,45-54,8779,21025
Huron,2011,Black,45-54,110,21027
Huron,2011,White,45-54,8606,21028
Huron,2012,Black,45-54,109,21030
Huron,2012,White,45-54,8415,21031
Huron,2013,Black,45-54,110,21033
Huron,2013,White,45-54,8228,21034
Huron,2014,Black,45-54,120,21036
Huron,2014,White,45-54,8019,21037
Huron,2015,Black,45-54,114,21039
Huron,2015,White,45-54,7922,21040
Huron,2016,Black,45-54,116,21042
Huron,2016,White,45-54,7809,21043
Huron,2017,Black,45-54,113,21045
Huron,2017,White,45-54,7694,21046
Huron,2018,Black,45-54,125,21048
Huron,2018,White,45-54,7492,21049
Huron,2019,Black,45-54,114,21051
Huron,2019,White,45-54,7268,21052
Huron,2020,Black,45-54,116,21054
Huron,2020,White,45-54,7034,21055
Jackson,2010,Black,45-54,34,21060
Jackson,2010,White,45-54,4717,21061
Jackson,2011,Black,45-54,37,21063
Jackson,2011,White,45-54,4603,21064
Jackson,2012,Black,45-54,35,21066
Jackson,2012,White,45-54,4487,21067
Jackson,2013,Black,45-54,34,21069
Jackson,2013,White,45-54,4365,21070
Jackson,2014,Black,45-54,36,21072
Jackson,2014,White,45-54,4310,21073
Jackson,2015,Black,45-54,35,21075
Jackson,2015,White,45-54,4241,21076
Jackson,2016,Black,45-54,40,21078
Jackson,2016,White,45-54,4217,21079
Jackson,2017,Black,45-54,42,21081
Jackson,2017,White,45-54,4176,21082
Jackson,2018,Black,45-54,44,21084
Jackson,2018,White,45-54,4120,21085
Jackson,2019,Black,45-54,43,21087
Jackson,2019,White,45-54,4055,21088
Jackson,2020,Black,45-54,37,21090
Jackson,2020,White,45-54,4079,21091
Jefferson,2010,Black,45-54,576,21096
Jefferson,2010,White,45-54,10015,21097
Jefferson,2011,Black,45-54,550,21099
Jefferson,2011,White,45-54,9752,21100
Jefferson,2012,Black,45-54,514,21102
Jefferson,2012,White,45-54,9367,21103
Jefferson,2013,Black,45-54,478,21105
Jefferson,2013,White,45-54,9046,21106
Jefferson,2014,Black,45-54,485,21108
Jefferson,2014,White,45-54,8708,21109
Jefferson,2015,Black,45-54,467,21111
Jefferson,2015,White,45-54,8496,21112
Jefferson,2016,Black,45-54,468,21114
Jefferson,2016,White,45-54,8290,21115
Jefferson,2017,Black,45-54,450,21117
Jefferson,2017,White,45-54,8136,21118
Jefferson,2018,Black,45-54,445,21120
Jefferson,2018,White,45-54,7905,21121
Jefferson,2019,Black,45-54,432,21123
Jefferson,2019,White,45-54,7633,21124
Jefferson,2020,Black,45-54,422,21126
Jefferson,2020,White,45-54,7382,21127
Knox,2010,Black,45-54,79,21132
Knox,2010,White,45-54,8649,21133
Knox,2011,Black,45-54,82,21135
Knox,2011,White,45-54,8528,21136
Knox,2012,Black,45-54,79,21138
Knox,2012,White,45-54,8250,21139
Knox,2013,Black,45-54,77,21141
Knox,2013,White,45-54,8022,21142
Knox,2014,Black,45-54,71,21144
Knox,2014,White,45-54,7884,21145
Knox,2015,Black,45-54,78,21147
Knox,2015,White,45-54,7659,21148
Knox,2016,Black,45-54,78,21150
Knox,2016,White,45-54,7511,21151
Knox,2017,Black,45-54,78,21153
Knox,2017,White,45-54,7447,21154
Knox,2018,Black,45-54,81,21156
Knox,2018,White,45-54,7337,21157
Knox,2019,Black,45-54,84,21159
Knox,2019,White,45-54,7158,21160
Knox,2020,Black,45-54,84,21162
Knox,2020,White,45-54,6952,21163
Lake,2010,Black,45-54,1034,21168
Lake,2010,White,45-54,36115,21169
Lake,2011,Black,45-54,1076,21171
Lake,2011,White,45-54,35352,21172
Lake,2012,Black,45-54,1112,21174
Lake,2012,White,45-54,34398,21175
Lake,2013,Black,45-54,1112,21177
Lake,2013,White,45-54,33371,21178
Lake,2014,Black,45-54,1172,21180
Lake,2014,White,45-54,32387,21181
Lake,2015,Black,45-54,1159,21183
Lake,2015,White,45-54,31587,21184
Lake,2016,Black,45-54,1201,21186
Lake,2016,White,45-54,30845,21187
Lake,2017,Black,45-54,1253,21189
Lake,2017,White,45-54,30029,21190
Lake,2018,Black,45-54,1314,21192
Lake,2018,White,45-54,28927,21193
Lake,2019,Black,45-54,1344,21195
Lake,2019,White,45-54,27945,21196
Lake,2020,Black,45-54,1387,21198
Lake,2020,White,45-54,27165,21199
Lawrence,2010,Black,45-54,175,21204
Lawrence,2010,White,45-54,8936,21205
Lawrence,2011,Black,45-54,175,21207
Lawrence,2011,White,45-54,8880,21208
Lawrence,2012,Black,45-54,177,21210
Lawrence,2012,White,45-54,8723,21211
Lawrence,2013,Black,45-54,171,21213
Lawrence,2013,White,45-54,8572,21214
Lawrence,2014,Black,45-54,171,21216
Lawrence,2014,White,45-54,8448,21217
Lawrence,2015,Black,45-54,176,21219
Lawrence,2015,White,45-54,8307,21220
Lawrence,2016,Black,45-54,174,21222
Lawrence,2016,White,45-54,8237,21223
Lawrence,2017,Black,45-54,156,21225
Lawrence,2017,White,45-54,8165,21226
Lawrence,2018,Black,45-54,176,21228
Lawrence,2018,White,45-54,8009,21229
Lawrence,2019,Black,45-54,179,21231
Lawrence,2019,White,45-54,7822,21232
Lawrence,2020,Black,45-54,190,21234
Lawrence,2020,White,45-54,7647,21235
Licking,2010,Black,45-54,883,21240
Licking,2010,White,45-54,25205,21241
Licking,2011,Black,45-54,898,21243
Licking,2011,White,45-54,24899,21244
Licking,2012,Black,45-54,935,21246
Licking,2012,White,45-54,24409,21247
Licking,2013,Black,45-54,931,21249
Licking,2013,White,45-54,23883,21250
Licking,2014,Black,45-54,963,21252
Licking,2014,White,45-54,23531,21253
Licking,2015,Black,45-54,1008,21255
Licking,2015,White,45-54,23381,21256
Licking,2016,Black,45-54,1037,21258
Licking,2016,White,45-54,23053,21259
Licking,2017,Black,45-54,1079,21261
Licking,2017,White,45-54,22640,21262
Licking,2018,Black,45-54,1099,21264
Licking,2018,White,45-54,22148,21265
Licking,2019,Black,45-54,1166,21267
Licking,2019,White,45-54,21565,21268
Licking,2020,Black,45-54,1171,21270
Licking,2020,White,45-54,21043,21271
Logan,2010,Black,45-54,148,21276
Logan,2010,White,45-54,6765,21277
Logan,2011,Black,45-54,147,21279
Logan,2011,White,45-54,6629,21280
Logan,2012,Black,45-54,144,21282
Logan,2012,White,45-54,6547,21283
Logan,2013,Black,45-54,140,21285
Logan,2013,White,45-54,6382,21286
Logan,2014,Black,45-54,146,21288
Logan,2014,White,45-54,6232,21289
Logan,2015,Black,45-54,140,21291
Logan,2015,White,45-54,6077,21292
Logan,2016,Black,45-54,130,21294
Logan,2016,White,45-54,5948,21295
Logan,2017,Black,45-54,138,21297
Logan,2017,White,45-54,5832,21298
Logan,2018,Black,45-54,134,21300
Logan,2018,White,45-54,5697,21301
Logan,2019,Black,45-54,132,21303
Logan,2019,White,45-54,5623,21304
Logan,2020,Black,45-54,125,21306
Logan,2020,White,45-54,5556,21307
Lorain,2010,Black,45-54,3701,21312
Lorain,2010,White,45-54,42748,21313
Lorain,2011,Black,45-54,3597,21315
Lorain,2011,White,45-54,42178,21316
Lorain,2012,Black,45-54,3445,21318
Lorain,2012,White,45-54,41286,21319
Lorain,2013,Black,45-54,3417,21321
Lorain,2013,White,45-54,40552,21322
Lorain,2014,Black,45-54,3411,21324
Lorain,2014,White,45-54,39903,21325
Lorain,2015,Black,45-54,3417,21327
Lorain,2015,White,45-54,39296,21328
Lorain,2016,Black,45-54,3374,21330
Lorain,2016,White,45-54,38742,21331
Lorain,2017,Black,45-54,3349,21333
Lorain,2017,White,45-54,38209,21334
Lorain,2018,Black,45-54,3309,21336
Lorain,2018,White,45-54,37408,21337
Lorain,2019,Black,45-54,3257,21339
Lorain,2019,White,45-54,36537,21340
Lorain,2020,Black,45-54,3260,21342
Lorain,2020,White,45-54,35975,21343
Lucas,2010,Black,45-54,11373,21348
Lucas,2010,White,45-54,51555,21349
Lucas,2011,Black,45-54,11184,21351
Lucas,2011,White,45-54,50239,21352
Lucas,2012,Black,45-54,10968,21354
Lucas,2012,White,45-54,48637,21355
Lucas,2013,Black,45-54,10655,21357
Lucas,2013,White,45-54,47031,21358
Lucas,2014,Black,45-54,10353,21360
Lucas,2014,White,45-54,45724,21361
Lucas,2015,Black,45-54,10217,21363
Lucas,2015,White,45-54,44696,21364
Lucas,2016,Black,45-54,10229,21366
Lucas,2016,White,45-54,43895,21367
Lucas,2017,Black,45-54,10093,21369
Lucas,2017,White,45-54,42804,21370
Lucas,2018,Black,45-54,10000,21372
Lucas,2018,White,45-54,41680,21373
Lucas,2019,Black,45-54,9795,21375
Lucas,2019,White,45-54,40578,21376
Lucas,2020,Black,45-54,9762,21378
Lucas,2020,White,45-54,39673,21379
Madison,2010,Black,45-54,439,21384
Madison,2010,White,45-54,6577,21385
Madison,2011,Black,45-54,415,21387
Madison,2011,White,45-54,6467,21388
Madison,2012,Black,45-54,417,21390
Madison,2012,White,45-54,6377,21391
Madison,2013,Black,45-54,403,21393
Madison,2013,White,45-54,6305,21394
Madison,2014,Black,45-54,423,21396
Madison,2014,White,45-54,6298,21397
Madison,2015,Black,45-54,418,21399
Madison,2015,White,45-54,6279,21400
Madison,2016,Black,45-54,380,21402
Madison,2016,White,45-54,6076,21403
Madison,2017,Black,45-54,414,21405
Madison,2017,White,45-54,6129,21406
Madison,2018,Black,45-54,410,21408
Madison,2018,White,45-54,6010,21409
Madison,2019,Black,45-54,415,21411
Madison,2019,White,45-54,5947,21412
Madison,2020,Black,45-54,390,21414
Madison,2020,White,45-54,5808,21415
Mahoning,2010,Black,45-54,5014,21420
Mahoning,2010,White,45-54,30974,21421
Mahoning,2011,Black,45-54,4851,21423
Mahoning,2011,White,45-54,30074,21424
Mahoning,2012,Black,45-54,4626,21426
Mahoning,2012,White,45-54,28978,21427
Mahoning,2013,Black,45-54,4359,21429
Mahoning,2013,White,45-54,27861,21430
Mahoning,2014,Black,45-54,4150,21432
Mahoning,2014,White,45-54,27031,21433
Mahoning,2015,Black,45-54,3939,21435
Mahoning,2015,White,45-54,26343,21436
Mahoning,2016,Black,45-54,3856,21438
Mahoning,2016,White,45-54,25545,21439
Mahoning,2017,Black,45-54,3834,21441
Mahoning,2017,White,45-54,24797,21442
Mahoning,2018,Black,45-54,3839,21444
Mahoning,2018,White,45-54,23964,21445
Mahoning,2019,Black,45-54,3790,21447
Mahoning,2019,White,45-54,23102,21448
Mahoning,2020,Black,45-54,3787,21450
Mahoning,2020,White,45-54,22340,21451
Marion,2010,Black,45-54,788,21456
Marion,2010,White,45-54,9530,21457
Marion,2011,Black,45-54,820,21459
Marion,2011,White,45-54,9415,21460
Marion,2012,Black,45-54,836,21462
Marion,2012,White,45-54,9202,21463
Marion,2013,Black,45-54,831,21465
Marion,2013,White,45-54,8939,21466
Marion,2014,Black,45-54,838,21468
Marion,2014,White,45-54,8739,21469
Marion,2015,Black,45-54,824,21471
Marion,2015,White,45-54,8470,21472
Marion,2016,Black,45-54,844,21474
Marion,2016,White,45-54,8310,21475
Marion,2017,Black,45-54,816,21477
Marion,2017,White,45-54,8120,21478
Marion,2018,Black,45-54,811,21480
Marion,2018,White,45-54,7874,21481
Marion,2019,Black,45-54,780,21483
Marion,2019,White,45-54,7645,21484
Marion,2020,Black,45-54,740,21486
Marion,2020,White,45-54,7438,21487
Medina,2010,Black,45-54,306,21492
Medina,2010,White,45-54,27977,21493
Medina,2011,Black,45-54,301,21495
Medina,2011,White,45-54,27886,21496
Medina,2012,Black,45-54,320,21498
Medina,2012,White,45-54,27699,21499
Medina,2013,Black,45-54,326,21501
Medina,2013,White,45-54,27328,21502
Medina,2014,Black,45-54,308,21504
Medina,2014,White,45-54,26933,21505
Medina,2015,Black,45-54,313,21507
Medina,2015,White,45-54,26497,21508
Medina,2016,Black,45-54,355,21510
Medina,2016,White,45-54,26248,21511
Medina,2017,Black,45-54,370,21513
Medina,2017,White,45-54,25876,21514
Medina,2018,Black,45-54,375,21516
Medina,2018,White,45-54,25269,21517
Medina,2019,Black,45-54,365,21519
Medina,2019,White,45-54,24476,21520
Medina,2020,Black,45-54,380,21522
Medina,2020,White,45-54,23888,21523
Meigs,2010,Black,45-54,38,21528
Meigs,2010,White,45-54,3548,21529
Meigs,2011,Black,45-54,32,21531
Meigs,2011,White,45-54,3516,21532
Meigs,2012,Black,45-54,30,21534
Meigs,2012,White,45-54,3432,21535
Meigs,2013,Black,45-54,30,21537
Meigs,2013,White,45-54,3340,21538
Meigs,2014,Black,45-54,34,21540
Meigs,2014,White,45-54,3292,21541
Meigs,2015,Black,45-54,34,21543
Meigs,2015,White,45-54,3262,21544
Meigs,2016,Black,45-54,32,21546
Meigs,2016,White,45-54,3219,21547
Meigs,2017,Black,45-54,36,21549
Meigs,2017,White,45-54,3150,21550
Meigs,2018,Black,45-54,39,21552
Meigs,2018,White,45-54,3064,21553
Meigs,2019,Black,45-54,41,21555
Meigs,2019,White,45-54,2986,21556
Meigs,2020,Black,45-54,42,21558
Meigs,2020,White,45-54,2939,21559
Mercer,2010,Black,45-54,22,21564
Mercer,2010,White,45-54,6029,21565
Mercer,2011,Black,45-54,22,21567
Mercer,2011,White,45-54,5876,21568
Mercer,2012,Black,45-54,26,21570
Mercer,2012,White,45-54,5688,21571
Mercer,2013,Black,45-54,21,21573
Mercer,2013,White,45-54,5465,21574
Mercer,2014,Black,45-54,24,21576
Mercer,2014,White,45-54,5287,21577
Mercer,2015,Black,45-54,23,21579
Mercer,2015,White,45-54,5119,21580
Mercer,2016,Black,45-54,20,21582
Mercer,2016,White,45-54,4950,21583
Mercer,2017,Black,45-54,24,21585
Mercer,2017,White,45-54,4760,21586
Mercer,2018,Black,45-54,21,21588
Mercer,2018,White,45-54,4582,21589
Mercer,2019,Black,45-54,27,21591
Mercer,2019,White,45-54,4457,21592
Mercer,2020,Black,45-54,26,21594
Mercer,2020,White,45-54,4374,21595
Miami,2010,Black,45-54,337,21600
Miami,2010,White,45-54,15104,21601
Miami,2011,Black,45-54,337,21603
Miami,2011,White,45-54,14827,21604
Miami,2012,Black,45-54,348,21606
Miami,2012,White,45-54,14602,21607
Miami,2013,Black,45-54,352,21609
Miami,2013,White,45-54,14199,21610
Miami,2014,Black,45-54,352,21612
Miami,2014,White,45-54,13871,21613
Miami,2015,Black,45-54,340,21615
Miami,2015,White,45-54,13752,21616
Miami,2016,Black,45-54,346,21618
Miami,2016,White,45-54,13619,21619
Miami,2017,Black,45-54,332,21621
Miami,2017,White,45-54,13475,21622
Miami,2018,Black,45-54,351,21624
Miami,2018,White,45-54,13200,21625
Miami,2019,Black,45-54,353,21627
Miami,2019,White,45-54,13005,21628
Miami,2020,Black,45-54,369,21630
Miami,2020,White,45-54,12833,21631
Monroe,2010,Black,45-54,12,21636
Monroe,2010,White,45-54,2179,21637
Monroe,2011,Black,45-54,14,21639
Monroe,2011,White,45-54,2159,21640
Monroe,2012,Black,45-54,15,21642
Monroe,2012,White,45-54,2106,21643
Monroe,2013,Black,45-54,23,21645
Monroe,2013,White,45-54,2043,21646
Monroe,2014,Black,45-54,17,21648
Monroe,2014,White,45-54,1974,21649
Monroe,2015,Black,45-54,12,21651
Monroe,2015,White,45-54,1931,21652
Monroe,2016,Black,45-54,18,21654
Monroe,2016,White,45-54,1904,21655
Monroe,2017,Black,45-54,15,21657
Monroe,2017,White,45-54,1846,21658
Monroe,2018,Black,45-54,19,21660
Monroe,2018,White,45-54,1799,21661
Monroe,2019,Black,45-54,14,21663
Monroe,2019,White,45-54,1722,21664
Monroe,2020,Black,45-54,18,21666
Monroe,2020,White,45-54,1670,21667
Montgomery,2010,Black,45-54,16095,21672
Montgomery,2010,White,45-54,60817,21673
Montgomery,2011,Black,45-54,15844,21675
Montgomery,2011,White,45-54,59497,21676
Montgomery,2012,Black,45-54,15496,21678
Montgomery,2012,White,45-54,58032,21679
Montgomery,2013,Black,45-54,15040,21681
Montgomery,2013,White,45-54,56521,21682
Montgomery,2014,Black,45-54,14572,21684
Montgomery,2014,White,45-54,55174,21685
Montgomery,2015,Black,45-54,14245,21687
Montgomery,2015,White,45-54,53897,21688
Montgomery,2016,Black,45-54,14068,21690
Montgomery,2016,White,45-54,52527,21691
Montgomery,2017,Black,45-54,13839,21693
Montgomery,2017,White,45-54,51122,21694
Montgomery,2018,Black,45-54,13615,21696
Montgomery,2018,White,45-54,49489,21697
Montgomery,2019,Black,45-54,13271,21699
Montgomery,2019,White,45-54,47700,21700
Montgomery,2020,Black,45-54,13104,21702
Montgomery,2020,White,45-54,46112,21703
Morgan,2010,Black,45-54,81,21708
Morgan,2010,White,45-54,2221,21709
Morgan,2011,Black,45-54,85,21711
Morgan,2011,White,45-54,2198,21712
Morgan,2012,Black,45-54,80,21714
Morgan,2012,White,45-54,2134,21715
Morgan,2013,Black,45-54,84,21717
Morgan,2013,White,45-54,2089,21718
Morgan,2014,Black,45-54,79,21720
Morgan,2014,White,45-54,2017,21721
Morgan,2015,Black,45-54,80,21723
Morgan,2015,White,45-54,1925,21724
Morgan,2016,Black,45-54,81,21726
Morgan,2016,White,45-54,1902,21727
Morgan,2017,Black,45-54,83,21729
Morgan,2017,White,45-54,1837,21730
Morgan,2018,Black,45-54,82,21732
Morgan,2018,White,45-54,1800,21733
Morgan,2019,Black,45-54,74,21735
Morgan,2019,White,45-54,1767,21736
Morgan,2020,Black,45-54,71,21738
Morgan,2020,White,45-54,1710,21739
Morrow,2010,Black,45-54,27,21744
Morrow,2010,White,45-54,5482,21745
Morrow,2011,Black,45-54,34,21747
Morrow,2011,White,45-54,5376,21748
Morrow,2012,Black,45-54,41,21750
Morrow,2012,White,45-54,5244,21751
Morrow,2013,Black,45-54,37,21753
Morrow,2013,White,45-54,5109,21754
Morrow,2014,Black,45-54,33,21756
Morrow,2014,White,45-54,5005,21757
Morrow,2015,Black,45-54,31,21759
Morrow,2015,White,45-54,4990,21760
Morrow,2016,Black,45-54,27,21762
Morrow,2016,White,45-54,4907,21763
Morrow,2017,Black,45-54,31,21765
Morrow,2017,White,45-54,4884,21766
Morrow,2018,Black,45-54,34,21768
Morrow,2018,White,45-54,4880,21769
Morrow,2019,Black,45-54,31,21771
Morrow,2019,White,45-54,4853,21772
Morrow,2020,Black,45-54,32,21774
Morrow,2020,White,45-54,4778,21775
Muskingum,2010,Black,45-54,515,21780
Muskingum,2010,White,45-54,12058,21781
Muskingum,2011,Black,45-54,526,21783
Muskingum,2011,White,45-54,11873,21784
Muskingum,2012,Black,45-54,523,21786
Muskingum,2012,White,45-54,11609,21787
Muskingum,2013,Black,45-54,502,21789
Muskingum,2013,White,45-54,11352,21790
Muskingum,2014,Black,45-54,463,21792
Muskingum,2014,White,45-54,11207,21793
Muskingum,2015,Black,45-54,466,21795
Muskingum,2015,White,45-54,11017,21796
Muskingum,2016,Black,45-54,459,21798
Muskingum,2016,White,45-54,10886,21799
Muskingum,2017,Black,45-54,441,21801
Muskingum,2017,White,45-54,10773,21802
Muskingum,2018,Black,45-54,430,21804
Muskingum,2018,White,45-54,10584,21805
Muskingum,2019,Black,45-54,427,21807
Muskingum,2019,White,45-54,10366,21808
Muskingum,2020,Black,45-54,445,21810
Muskingum,2020,White,45-54,10196,21811
Noble,2010,Black,45-54,26,21816
Noble,2010,White,45-54,2149,21817
Noble,2011,Black,45-54,33,21819
Noble,2011,White,45-54,2105,21820
Noble,2012,Black,45-54,29,21822
Noble,2012,White,45-54,2031,21823
Noble,2013,Black,45-54,29,21825
Noble,2013,White,45-54,1954,21826
Noble,2014,Black,45-54,25,21828
Noble,2014,White,45-54,1841,21829
Noble,2015,Black,45-54,27,21831
Noble,2015,White,45-54,1800,21832
Noble,2016,Black,45-54,26,21834
Noble,2016,White,45-54,1745,21835
Noble,2017,Black,45-54,28,21837
Noble,2017,White,45-54,1640,21838
Noble,2018,Black,45-54,27,21840
Noble,2018,White,45-54,1583,21841
Noble,2019,Black,45-54,28,21843
Noble,2019,White,45-54,1533,21844
Noble,2020,Black,45-54,28,21846
Noble,2020,White,45-54,1459,21847
NonOH,2010,Black,45-54,0,21852
NonOH,2010,White,45-54,0,21853
NonOH,2011,Black,45-54,0,21855
NonOH,2011,White,45-54,0,21856
NonOH,2012,Black,45-54,0,21858
NonOH,2012,White,45-54,0,21859
NonOH,2013,Black,45-54,0,21861
NonOH,2013,White,45-54,0,21862
NonOH,2014,Black,45-54,0,21864
NonOH,2014,White,45-54,0,21865
NonOH,2015,Black,45-54,0,21867
NonOH,2015,White,45-54,0,21868
NonOH,2016,Black,45-54,0,21870
NonOH,2016,White,45-54,0,21871
NonOH,2017,Black,45-54,0,21873
NonOH,2017,White,45-54,0,21874
NonOH,2018,Black,45-54,0,21876
NonOH,2018,White,45-54,0,21877
NonOH,2019,Black,45-54,0,21879
NonOH,2019,White,45-54,0,21880
NonOH,2020,Black,45-54,0,21882
NonOH,2020,White,45-54,0,21883
Ottawa,2010,Black,45-54,48,21888
Ottawa,2010,White,45-54,6858,21889
Ottawa,2011,Black,45-54,54,21891
Ottawa,2011,White,45-54,6645,21892
Ottawa,2012,Black,45-54,56,21894
Ottawa,2012,White,45-54,6370,21895
Ottawa,2013,Black,45-54,54,21897
Ottawa,2013,White,45-54,6096,21898
Ottawa,2014,Black,45-54,56,21900
Ottawa,2014,White,45-54,5824,21901
Ottawa,2015,Black,45-54,61,21903
Ottawa,2015,White,45-54,5634,21904
Ottawa,2016,Black,45-54,53,21906
Ottawa,2016,White,45-54,5446,21907
Ottawa,2017,Black,45-54,61,21909
Ottawa,2017,White,45-54,5225,21910
Ottawa,2018,Black,45-54,61,21912
Ottawa,2018,White,45-54,5091,21913
Ottawa,2019,Black,45-54,59,21915
Ottawa,2019,White,45-54,4936,21916
Ottawa,2020,Black,45-54,61,21918
Ottawa,2020,White,45-54,4759,21919
Paulding,2010,Black,45-54,38,21924
Paulding,2010,White,45-54,2953,21925
Paulding,2011,Black,45-54,37,21927
Paulding,2011,White,45-54,2894,21928
Paulding,2012,Black,45-54,32,21930
Paulding,2012,White,45-54,2837,21931
Paulding,2013,Black,45-54,31,21933
Paulding,2013,White,45-54,2749,21934
Paulding,2014,Black,45-54,29,21936
Paulding,2014,White,45-54,2651,21937
Paulding,2015,Black,45-54,33,21939
Paulding,2015,White,45-54,2572,21940
Paulding,2016,Black,45-54,29,21942
Paulding,2016,White,45-54,2501,21943
Paulding,2017,Black,45-54,34,21945
Paulding,2017,White,45-54,2438,21946
Paulding,2018,Black,45-54,35,21948
Paulding,2018,White,45-54,2351,21949
Paulding,2019,Black,45-54,39,21951
Paulding,2019,White,45-54,2282,21952
Paulding,2020,Black,45-54,37,21954
Paulding,2020,White,45-54,2261,21955
Perry,2010,Black,45-54,16,21960
Perry,2010,White,45-54,5498,21961
Perry,2011,Black,45-54,19,21963
Perry,2011,White,45-54,5491,21964
Perry,2012,Black,45-54,22,21966
Perry,2012,White,45-54,5391,21967
Perry,2013,Black,45-54,23,21969
Perry,2013,White,45-54,5264,21970
Perry,2014,Black,45-54,31,21972
Perry,2014,White,45-54,5203,21973
Perry,2015,Black,45-54,33,21975
Perry,2015,White,45-54,5081,21976
Perry,2016,Black,45-54,28,21978
Perry,2016,White,45-54,5035,21979
Perry,2017,Black,45-54,31,21981
Perry,2017,White,45-54,4951,21982
Perry,2018,Black,45-54,30,21984
Perry,2018,White,45-54,4914,21985
Perry,2019,Black,45-54,25,21987
Perry,2019,White,45-54,4773,21988
Perry,2020,Black,45-54,36,21990
Perry,2020,White,45-54,4652,21991
Pickaway,2010,Black,45-54,303,21996
Pickaway,2010,White,45-54,8160,21997
Pickaway,2011,Black,45-54,310,21999
Pickaway,2011,White,45-54,8122,22000
Pickaway,2012,Black,45-54,325,22002
Pickaway,2012,White,45-54,8038,22003
Pickaway,2013,Black,45-54,329,22005
Pickaway,2013,White,45-54,7941,22006
Pickaway,2014,Black,45-54,340,22008
Pickaway,2014,White,45-54,7917,22009
Pickaway,2015,Black,45-54,335,22011
Pickaway,2015,White,45-54,7866,22012
Pickaway,2016,Black,45-54,354,22014
Pickaway,2016,White,45-54,7849,22015
Pickaway,2017,Black,45-54,362,22017
Pickaway,2017,White,45-54,7844,22018
Pickaway,2018,Black,45-54,350,22020
Pickaway,2018,White,45-54,7835,22021
Pickaway,2019,Black,45-54,359,22023
Pickaway,2019,White,45-54,7800,22024
Pickaway,2020,Black,45-54,336,22026
Pickaway,2020,White,45-54,7647,22027
Pike,2010,Black,45-54,59,22032
Pike,2010,White,45-54,4225,22033
Pike,2011,Black,45-54,55,22035
Pike,2011,White,45-54,4191,22036
Pike,2012,Black,45-54,55,22038
Pike,2012,White,45-54,4149,22039
Pike,2013,Black,45-54,49,22041
Pike,2013,White,45-54,4031,22042
Pike,2014,Black,45-54,50,22044
Pike,2014,White,45-54,3875,22045
Pike,2015,Black,45-54,51,22047
Pike,2015,White,45-54,3805,22048
Pike,2016,Black,45-54,43,22050
Pike,2016,White,45-54,3759,22051
Pike,2017,Black,45-54,47,22053
Pike,2017,White,45-54,3645,22054
Pike,2018,Black,45-54,49,22056
Pike,2018,White,45-54,3635,22057
Pike,2019,Black,45-54,53,22059
Pike,2019,White,45-54,3549,22060
Pike,2020,Black,45-54,55,22062
Pike,2020,White,45-54,3500,22063
Portage,2010,Black,45-54,769,22068
Portage,2010,White,45-54,23372,22069
Portage,2011,Black,45-54,804,22071
Portage,2011,White,45-54,22907,22072
Portage,2012,Black,45-54,786,22074
Portage,2012,White,45-54,22192,22075
Portage,2013,Black,45-54,794,22077
Portage,2013,White,45-54,21687,22078
Portage,2014,Black,45-54,780,22080
Portage,2014,White,45-54,21256,22081
Portage,2015,Black,45-54,777,22083
Portage,2015,White,45-54,20911,22084
Portage,2016,Black,45-54,774,22086
Portage,2016,White,45-54,20403,22087
Portage,2017,Black,45-54,779,22089
Portage,2017,White,45-54,19796,22090
Portage,2018,Black,45-54,772,22092
Portage,2018,White,45-54,19226,22093
Portage,2019,Black,45-54,794,22095
Portage,2019,White,45-54,18610,22096
Portage,2020,Black,45-54,832,22098
Portage,2020,White,45-54,18056,22099
Preble,2010,Black,45-54,35,22104
Preble,2010,White,45-54,6470,22105
Preble,2011,Black,45-54,40,22107
Preble,2011,White,45-54,6374,22108
Preble,2012,Black,45-54,35,22110
Preble,2012,White,45-54,6223,22111
Preble,2013,Black,45-54,32,22113
Preble,2013,White,45-54,6028,22114
Preble,2014,Black,45-54,33,22116
Preble,2014,White,45-54,5827,22117
Preble,2015,Black,45-54,46,22119
Preble,2015,White,45-54,5702,22120
Preble,2016,Black,45-54,38,22122
Preble,2016,White,45-54,5596,22123
Preble,2017,Black,45-54,39,22125
Preble,2017,White,45-54,5512,22126
Preble,2018,Black,45-54,35,22128
Preble,2018,White,45-54,5369,22129
Preble,2019,Black,45-54,37,22131
Preble,2019,White,45-54,5237,22132
Preble,2020,Black,45-54,38,22134
Preble,2020,White,45-54,5111,22135
Putnam,2010,Black,45-54,17,22140
Putnam,2010,White,45-54,5410,22141
Putnam,2011,Black,45-54,14,22143
Putnam,2011,White,45-54,5354,22144
Putnam,2012,Black,45-54,14,22146
Putnam,2012,White,45-54,5183,22147
Putnam,2013,Black,45-54,19,22149
Putnam,2013,White,45-54,4947,22150
Putnam,2014,Black,45-54,21,22152
Putnam,2014,White,45-54,4741,22153
Putnam,2015,Black,45-54,27,22155
Putnam,2015,White,45-54,4572,22156
Putnam,2016,Black,45-54,29,22158
Putnam,2016,White,45-54,4431,22159
Putnam,2017,Black,45-54,25,22161
Putnam,2017,White,45-54,4274,22162
Putnam,2018,Black,45-54,23,22164
Putnam,2018,White,45-54,4101,22165
Putnam,2019,Black,45-54,28,22167
Putnam,2019,White,45-54,3961,22168
Putnam,2020,Black,45-54,25,22170
Putnam,2020,White,45-54,3805,22171
Richland,2010,Black,45-54,1629,22176
Richland,2010,White,45-54,16762,22177
Richland,2011,Black,45-54,1589,22179
Richland,2011,White,45-54,16295,22180
Richland,2012,Black,45-54,1546,22182
Richland,2012,White,45-54,15852,22183
Richland,2013,Black,45-54,1507,22185
Richland,2013,White,45-54,15380,22186
Richland,2014,Black,45-54,1482,22188
Richland,2014,White,45-54,14888,22189
Richland,2015,Black,45-54,1448,22191
Richland,2015,White,45-54,14471,22192
Richland,2016,Black,45-54,1425,22194
Richland,2016,White,45-54,14013,22195
Richland,2017,Black,45-54,1369,22197
Richland,2017,White,45-54,13567,22198
Richland,2018,Black,45-54,1388,22200
Richland,2018,White,45-54,13280,22201
Richland,2019,Black,45-54,1380,22203
Richland,2019,White,45-54,13021,22204
Richland,2020,Black,45-54,1321,22206
Richland,2020,White,45-54,12767,22207
Ross,2010,Black,45-54,973,22212
Ross,2010,White,45-54,11628,22213
Ross,2011,Black,45-54,928,22215
Ross,2011,White,45-54,11387,22216
Ross,2012,Black,45-54,880,22218
Ross,2012,White,45-54,11136,22219
Ross,2013,Black,45-54,863,22221
Ross,2013,White,45-54,10867,22222
Ross,2014,Black,45-54,850,22224
Ross,2014,White,45-54,10709,22225
Ross,2015,Black,45-54,843,22227
Ross,2015,White,45-54,10551,22228
Ross,2016,Black,45-54,826,22230
Ross,2016,White,45-54,10424,22231
Ross,2017,Black,45-54,853,22233
Ross,2017,White,45-54,10307,22234
Ross,2018,Black,45-54,790,22236
Ross,2018,White,45-54,10013,22237
Ross,2019,Black,45-54,754,22239
Ross,2019,White,45-54,9805,22240
Ross,2020,Black,45-54,719,22242
Ross,2020,White,45-54,9553,22243
Sandusky,2010,Black,45-54,255,22248
Sandusky,2010,White,45-54,9147,22249
Sandusky,2011,Black,45-54,240,22251
Sandusky,2011,White,45-54,8906,22252
Sandusky,2012,Black,45-54,234,22254
Sandusky,2012,White,45-54,8669,22255
Sandusky,2013,Black,45-54,227,22257
Sandusky,2013,White,45-54,8358,22258
Sandusky,2014,Black,45-54,221,22260
Sandusky,2014,White,45-54,8029,22261
Sandusky,2015,Black,45-54,238,22263
Sandusky,2015,White,45-54,7839,22264
Sandusky,2016,Black,45-54,225,22266
Sandusky,2016,White,45-54,7718,22267
Sandusky,2017,Black,45-54,224,22269
Sandusky,2017,White,45-54,7539,22270
Sandusky,2018,Black,45-54,216,22272
Sandusky,2018,White,45-54,7340,22273
Sandusky,2019,Black,45-54,222,22275
Sandusky,2019,White,45-54,7101,22276
Sandusky,2020,Black,45-54,236,22278
Sandusky,2020,White,45-54,6897,22279
Scioto,2010,Black,45-54,251,22284
Scioto,2010,White,45-54,10839,22285
Scioto,2011,Black,45-54,248,22287
Scioto,2011,White,45-54,10671,22288
Scioto,2012,Black,45-54,237,22290
Scioto,2012,White,45-54,10367,22291
Scioto,2013,Black,45-54,234,22293
Scioto,2013,White,45-54,10104,22294
Scioto,2014,Black,45-54,213,22296
Scioto,2014,White,45-54,9880,22297
Scioto,2015,Black,45-54,208,22299
Scioto,2015,White,45-54,9707,22300
Scioto,2016,Black,45-54,200,22302
Scioto,2016,White,45-54,9637,22303
Scioto,2017,Black,45-54,195,22305
Scioto,2017,White,45-54,9503,22306
Scioto,2018,Black,45-54,203,22308
Scioto,2018,White,45-54,9377,22309
Scioto,2019,Black,45-54,211,22311
Scioto,2019,White,45-54,9151,22312
Scioto,2020,Black,45-54,198,22314
Scioto,2020,White,45-54,9047,22315
Seneca,2010,Black,45-54,145,22320
Seneca,2010,White,45-54,8219,22321
Seneca,2011,Black,45-54,150,22323
Seneca,2011,White,45-54,7992,22324
Seneca,2012,Black,45-54,147,22326
Seneca,2012,White,45-54,7663,22327
Seneca,2013,Black,45-54,149,22329
Seneca,2013,White,45-54,7376,22330
Seneca,2014,Black,45-54,144,22332
Seneca,2014,White,45-54,7172,22333
Seneca,2015,Black,45-54,141,22335
Seneca,2015,White,45-54,6916,22336
Seneca,2016,Black,45-54,146,22338
Seneca,2016,White,45-54,6733,22339
Seneca,2017,Black,45-54,150,22341
Seneca,2017,White,45-54,6570,22342
Seneca,2018,Black,45-54,138,22344
Seneca,2018,White,45-54,6346,22345
Seneca,2019,Black,45-54,146,22347
Seneca,2019,White,45-54,6195,22348
Seneca,2020,Black,45-54,136,22350
Seneca,2020,White,45-54,6110,22351
Shelby,2010,Black,45-54,153,22356
Shelby,2010,White,45-54,7275,22357
Shelby,2011,Black,45-54,162,22359
Shelby,2011,White,45-54,7222,22360
Shelby,2012,Black,45-54,171,22362
Shelby,2012,White,45-54,7038,22363
Shelby,2013,Black,45-54,182,22365
Shelby,2013,White,45-54,6849,22366
Shelby,2014,Black,45-54,188,22368
Shelby,2014,White,45-54,6697,22369
Shelby,2015,Black,45-54,179,22371
Shelby,2015,White,45-54,6552,22372
Shelby,2016,Black,45-54,165,22374
Shelby,2016,White,45-54,6520,22375
Shelby,2017,Black,45-54,162,22377
Shelby,2017,White,45-54,6322,22378
Shelby,2018,Black,45-54,165,22380
Shelby,2018,White,45-54,6145,22381
Shelby,2019,Black,45-54,157,22383
Shelby,2019,White,45-54,5966,22384
Shelby,2020,Black,45-54,160,22386
Shelby,2020,White,45-54,5787,22387
Stark,2010,Black,45-54,3963,22392
Stark,2010,White,45-54,52513,22393
Stark,2011,Black,45-54,3880,22395
Stark,2011,White,45-54,51516,22396
Stark,2012,Black,45-54,3743,22398
Stark,2012,White,45-54,50028,22399
Stark,2013,Black,45-54,3656,22401
Stark,2013,White,45-54,48626,22402
Stark,2014,Black,45-54,3589,22404
Stark,2014,White,45-54,47577,22405
Stark,2015,Black,45-54,3582,22407
Stark,2015,White,45-54,46717,22408
Stark,2016,Black,45-54,3537,22410
Stark,2016,White,45-54,45792,22411
Stark,2017,Black,45-54,3458,22413
Stark,2017,White,45-54,44691,22414
Stark,2018,Black,45-54,3452,22416
Stark,2018,White,45-54,43344,22417
Stark,2019,Black,45-54,3408,22419
Stark,2019,White,45-54,42092,22420
Stark,2020,Black,45-54,3351,22422
Stark,2020,White,45-54,40901,22423
Summit,2010,Black,45-54,10990,22428
Summit,2010,White,45-54,71278,22429
Summit,2011,Black,45-54,10839,22431
Summit,2011,White,45-54,69671,22432
Summit,2012,Black,45-54,10590,22434
Summit,2012,White,45-54,67928,22435
Summit,2013,Black,45-54,10385,22437
Summit,2013,White,45-54,65971,22438
Summit,2014,Black,45-54,10218,22440
Summit,2014,White,45-54,64364,22441
Summit,2015,Black,45-54,10205,22443
Summit,2015,White,45-54,62950,22444
Summit,2016,Black,45-54,10167,22446
Summit,2016,White,45-54,61741,22447
Summit,2017,Black,45-54,10072,22449
Summit,2017,White,45-54,59888,22450
Summit,2018,Black,45-54,9993,22452
Summit,2018,White,45-54,57893,22453
Summit,2019,Black,45-54,9792,22455
Summit,2019,White,45-54,55931,22456
Summit,2020,Black,45-54,9647,22458
Summit,2020,White,45-54,54232,22459
Trumbull,2010,Black,45-54,2451,22464
Trumbull,2010,White,45-54,29382,22465
Trumbull,2011,Black,45-54,2365,22467
Trumbull,2011,White,45-54,28819,22468
Trumbull,2012,Black,45-54,2249,22470
Trumbull,2012,White,45-54,27987,22471
Trumbull,2013,Black,45-54,2165,22473
Trumbull,2013,White,45-54,27058,22474
Trumbull,2014,Black,45-54,2079,22476
Trumbull,2014,White,45-54,26342,22477
Trumbull,2015,Black,45-54,2023,22479
Trumbull,2015,White,45-54,25558,22480
Trumbull,2016,Black,45-54,1999,22482
Trumbull,2016,White,45-54,24702,22483
Trumbull,2017,Black,45-54,1971,22485
Trumbull,2017,White,45-54,24054,22486
Trumbull,2018,Black,45-54,1906,22488
Trumbull,2018,White,45-54,23343,22489
Trumbull,2019,Black,45-54,1864,22491
Trumbull,2019,White,45-54,22693,22492
Trumbull,2020,Black,45-54,1808,22494
Trumbull,2020,White,45-54,22103,22495
Tuscarawas,2010,Black,45-54,123,22500
Tuscarawas,2010,White,45-54,13667,22501
Tuscarawas,2011,Black,45-54,129,22503
Tuscarawas,2011,White,45-54,13450,22504
Tuscarawas,2012,Black,45-54,124,22506
Tuscarawas,2012,White,45-54,13096,22507
Tuscarawas,2013,Black,45-54,130,22509
Tuscarawas,2013,White,45-54,12697,22510
Tuscarawas,2014,Black,45-54,116,22512
Tuscarawas,2014,White,45-54,12277,22513
Tuscarawas,2015,Black,45-54,118,22515
Tuscarawas,2015,White,45-54,11921,22516
Tuscarawas,2016,Black,45-54,132,22518
Tuscarawas,2016,White,45-54,11669,22519
Tuscarawas,2017,Black,45-54,129,22521
Tuscarawas,2017,White,45-54,11371,22522
Tuscarawas,2018,Black,45-54,126,22524
Tuscarawas,2018,White,45-54,11079,22525
Tuscarawas,2019,Black,45-54,117,22527
Tuscarawas,2019,White,45-54,10755,22528
Tuscarawas,2020,Black,45-54,132,22530
Tuscarawas,2020,White,45-54,10607,22531
Union,2010,Black,45-54,193,22536
Union,2010,White,45-54,7840,22537
Union,2011,Black,45-54,210,22539
Union,2011,White,45-54,7886,22540
Union,2012,Black,45-54,197,22542
Union,2012,White,45-54,7839,22543
Union,2013,Black,45-54,212,22545
Union,2013,White,45-54,7837,22546
Union,2014,Black,45-54,227,22548
Union,2014,White,45-54,7742,22549
Union,2015,Black,45-54,216,22551
Union,2015,White,45-54,7817,22552
Union,2016,Black,45-54,234,22554
Union,2016,White,45-54,7880,22555
Union,2017,Black,45-54,254,22557
Union,2017,White,45-54,7855,22558
Union,2018,Black,45-54,244,22560
Union,2018,White,45-54,7731,22561
Union,2019,Black,45-54,250,22563
Union,2019,White,45-54,7638,22564
Union,2020,Black,45-54,245,22566
Union,2020,White,45-54,7606,22567
Van Wert,2010,Black,45-54,44,22572
Van Wert,2010,White,45-54,4237,22573
Van Wert,2011,Black,45-54,37,22575
Van Wert,2011,White,45-54,4115,22576
Van Wert,2012,Black,45-54,38,22578
Van Wert,2012,White,45-54,3981,22579
Van Wert,2013,Black,45-54,37,22581
Van Wert,2013,White,45-54,3852,22582
Van Wert,2014,Black,45-54,42,22584
Van Wert,2014,White,45-54,3754,22585
Van Wert,2015,Black,45-54,42,22587
Van Wert,2015,White,45-54,3677,22588
Van Wert,2016,Black,45-54,39,22590
Van Wert,2016,White,45-54,3595,22591
Van Wert,2017,Black,45-54,45,22593
Van Wert,2017,White,45-54,3525,22594
Van Wert,2018,Black,45-54,52,22596
Van Wert,2018,White,45-54,3391,22597
Van Wert,2019,Black,45-54,49,22599
Van Wert,2019,White,45-54,3260,22600
Van Wert,2020,Black,45-54,47,22602
Van Wert,2020,White,45-54,3201,22603
Vinton,2010,Black,45-54,10,22608
Vinton,2010,White,45-54,2058,22609
Vinton,2011,Black,45-54,8,22611
Vinton,2011,White,45-54,2067,22612
Vinton,2012,Black,45-54,10,22614
Vinton,2012,White,45-54,2041,22615
Vinton,2013,Black,45-54,10,22617
Vinton,2013,White,45-54,2001,22618
Vinton,2014,Black,45-54,10,22620
Vinton,2014,White,45-54,1901,22621
Vinton,2015,Black,45-54,13,22623
Vinton,2015,White,45-54,1853,22624
Vinton,2016,Black,45-54,11,22626
Vinton,2016,White,45-54,1780,22627
Vinton,2017,Black,45-54,12,22629
Vinton,2017,White,45-54,1767,22630
Vinton,2018,Black,45-54,15,22632
Vinton,2018,White,45-54,1744,22633
Vinton,2019,Black,45-54,12,22635
Vinton,2019,White,45-54,1756,22636
Vinton,2020,Black,45-54,11,22638
Vinton,2020,White,45-54,1769,22639
Warren,2010,Black,45-54,1018,22644
Warren,2010,White,45-54,32324,22645
Warren,2011,Black,45-54,1057,22647
Warren,2011,White,45-54,32381,22648
Warren,2012,Black,45-54,1097,22650
Warren,2012,White,45-54,32280,22651
Warren,2013,Black,45-54,1128,22653
Warren,2013,White,45-54,32064,22654
Warren,2014,Black,45-54,1133,22656
Warren,2014,White,45-54,32005,22657
Warren,2015,Black,45-54,1167,22659
Warren,2015,White,45-54,31939,22660
Warren,2016,Black,45-54,1240,22662
Warren,2016,White,45-54,31842,22663
Warren,2017,Black,45-54,1233,22665
Warren,2017,White,45-54,31454,22666
Warren,2018,Black,45-54,1221,22668
Warren,2018,White,45-54,30979,22669
Warren,2019,Black,45-54,1252,22671
Warren,2019,White,45-54,30378,22672
Warren,2020,Black,45-54,1279,22674
Warren,2020,White,45-54,29948,22675
Washington,2010,Black,45-54,116,22680
Washington,2010,White,45-54,9432,22681
Washington,2011,Black,45-54,109,22683
Washington,2011,White,45-54,9214,22684
Washington,2012,Black,45-54,111,22686
Washington,2012,White,45-54,8897,22687
Washington,2013,Black,45-54,113,22689
Washington,2013,White,45-54,8590,22690
Washington,2014,Black,45-54,103,22692
Washington,2014,White,45-54,8348,22693
Washington,2015,Black,45-54,104,22695
Washington,2015,White,45-54,8101,22696
Washington,2016,Black,45-54,101,22698
Washington,2016,White,45-54,7870,22699
Washington,2017,Black,45-54,97,22701
Washington,2017,White,45-54,7637,22702
Washington,2018,Black,45-54,102,22704
Washington,2018,White,45-54,7538,22705
Washington,2019,Black,45-54,98,22707
Washington,2019,White,45-54,7305,22708
Washington,2020,Black,45-54,95,22710
Washington,2020,White,45-54,7139,22711
Wayne,2010,Black,45-54,257,22716
Wayne,2010,White,45-54,16346,22717
Wayne,2011,Black,45-54,248,22719
Wayne,2011,White,45-54,15979,22720
Wayne,2012,Black,45-54,235,22722
Wayne,2012,White,45-54,15475,22723
Wayne,2013,Black,45-54,240,22725
Wayne,2013,White,45-54,15047,22726
Wayne,2014,Black,45-54,235,22728
Wayne,2014,White,45-54,14691,22729
Wayne,2015,Black,45-54,226,22731
Wayne,2015,White,45-54,14295,22732
Wayne,2016,Black,45-54,222,22734
Wayne,2016,White,45-54,14052,22735
Wayne,2017,Black,45-54,221,22737
Wayne,2017,White,45-54,13616,22738
Wayne,2018,Black,45-54,222,22740
Wayne,2018,White,45-54,13194,22741
Wayne,2019,Black,45-54,234,22743
Wayne,2019,White,45-54,12740,22744
Wayne,2020,Black,45-54,243,22746
Wayne,2020,White,45-54,12559,22747
Williams,2010,Black,45-54,64,22752
Williams,2010,White,45-54,5755,22753
Williams,2011,Black,45-54,57,22755
Williams,2011,White,45-54,5659,22756
Williams,2012,Black,45-54,67,22758
Williams,2012,White,45-54,5472,22759
Williams,2013,Black,45-54,67,22761
Williams,2013,White,45-54,5283,22762
Williams,2014,Black,45-54,60,22764
Williams,2014,White,45-54,5046,22765
Williams,2015,Black,45-54,65,22767
Williams,2015,White,45-54,4817,22768
Williams,2016,Black,45-54,60,22770
Williams,2016,White,45-54,4686,22771
Williams,2017,Black,45-54,60,22773
Williams,2017,White,45-54,4558,22774
Williams,2018,Black,45-54,59,22776
Williams,2018,White,45-54,4412,22777
Williams,2019,Black,45-54,71,22779
Williams,2019,White,45-54,4259,22780
Williams,2020,Black,45-54,73,22782
Williams,2020,White,45-54,4173,22783
Wood,2010,Black,45-54,235,22788
Wood,2010,White,45-54,17019,22789
Wood,2011,Black,45-54,233,22791
Wood,2011,White,45-54,16474,22792
Wood,2012,Black,45-54,250,22794
Wood,2012,White,45-54,15937,22795
Wood,2013,Black,45-54,247,22797
Wood,2013,White,45-54,15453,22798
Wood,2014,Black,45-54,247,22800
Wood,2014,White,45-54,15016,22801
Wood,2015,Black,45-54,267,22803
Wood,2015,White,45-54,14786,22804
Wood,2016,Black,45-54,289,22806
Wood,2016,White,45-54,14551,22807
Wood,2017,Black,45-54,279,22809
Wood,2017,White,45-54,14399,22810
Wood,2018,Black,45-54,290,22812
Wood,2018,White,45-54,14254,22813
Wood,2019,Black,45-54,299,22815
Wood,2019,White,45-54,14048,22816
Wood,2020,Black,45-54,304,22818
Wood,2020,White,45-54,13823,22819
Wyandot,2010,Black,45-54,15,22824
Wyandot,2010,White,45-54,3324,22825
Wyandot,2011,Black,45-54,11,22827
Wyandot,2011,White,45-54,3280,22828
Wyandot,2012,Black,45-54,14,22830
Wyandot,2012,White,45-54,3178,22831
Wyandot,2013,Black,45-54,21,22833
Wyandot,2013,White,45-54,3061,22834
Wyandot,2014,Black,45-54,10,22836
Wyandot,2014,White,45-54,2982,22837
Wyandot,2015,Black,45-54,14,22839
Wyandot,2015,White,45-54,2964,22840
Wyandot,2016,Black,45-54,17,22842
Wyandot,2016,White,45-54,2874,22843
Wyandot,2017,Black,45-54,15,22845
Wyandot,2017,White,45-54,2858,22846
Wyandot,2018,Black,45-54,15,22848
Wyandot,2018,White,45-54,2788,22849
Wyandot,2019,Black,45-54,20,22851
Wyandot,2019,White,45-54,2717,22852
Wyandot,2020,Black,45-54,27,22854
Wyandot,2020,White,45-54,2611,22855
Unknown,2010,Black,45-54,0,22860
Unknown,2010,White,45-54,0,22861
Unknown,2011,Black,45-54,0,22863
Unknown,2011,White,45-54,0,22864
Unknown,2012,Black,45-54,0,22866
Unknown,2012,White,45-54,0,22867
Unknown,2013,Black,45-54,0,22869
Unknown,2013,White,45-54,0,22870
Unknown,2014,Black,45-54,0,22872
Unknown,2014,White,45-54,0,22873
Unknown,2015,Black,45-54,0,22875
Unknown,2015,White,45-54,0,22876
Unknown,2016,Black,45-54,0,22878
Unknown,2016,White,45-54,0,22879
Unknown,2017,Black,45-54,0,22881
Unknown,2017,White,45-54,0,22882
Unknown,2018,Black,45-54,0,22884
Unknown,2018,White,45-54,0,22885
Unknown,2019,Black,45-54,0,22887
Unknown,2019,White,45-54,0,22888
Unknown,2020,Black,45-54,0,22890
Unknown,2020,White,45-54,0,22891
Adams,2010,Black,55-64,14,22932
Adams,2010,White,55-64,3661,22933
Adams,2011,Black,55-64,16,22935
Adams,2011,White,55-64,3759,22936
Adams,2012,Black,55-64,14,22938
Adams,2012,White,55-64,3775,22939
Adams,2013,Black,55-64,18,22941
Adams,2013,White,55-64,3843,22942
Adams,2014,Black,55-64,16,22944
Adams,2014,White,55-64,3874,22945
Adams,2015,Black,55-64,20,22947
Adams,2015,White,55-64,3951,22948
Adams,2016,Black,55-64,22,22950
Adams,2016,White,55-64,3929,22951
Adams,2017,Black,55-64,26,22953
Adams,2017,White,55-64,3943,22954
Adams,2018,Black,55-64,27,22956
Adams,2018,White,55-64,3982,22957
Adams,2019,Black,55-64,30,22959
Adams,2019,White,55-64,3949,22960
Adams,2020,Black,55-64,31,22962
Adams,2020,White,55-64,3890,22963
Allen,2010,Black,55-64,1392,22968
Allen,2010,White,55-64,12052,22969
Allen,2011,Black,55-64,1451,22971
Allen,2011,White,55-64,12415,22972
Allen,2012,Black,55-64,1472,22974
Allen,2012,White,55-64,12425,22975
Allen,2013,Black,55-64,1484,22977
Allen,2013,White,55-64,12527,22978
Allen,2014,Black,55-64,1497,22980
Allen,2014,White,55-64,12648,22981
Allen,2015,Black,55-64,1519,22983
Allen,2015,White,55-64,12634,22984
Allen,2016,Black,55-64,1542,22986
Allen,2016,White,55-64,12506,22987
Allen,2017,Black,55-64,1556,22989
Allen,2017,White,55-64,12362,22990
Allen,2018,Black,55-64,1559,22992
Allen,2018,White,55-64,12299,22993
Allen,2019,Black,55-64,1523,22995
Allen,2019,White,55-64,12162,22996
Allen,2020,Black,55-64,1493,22998
Allen,2020,White,55-64,11891,22999
Ashland,2010,Black,55-64,42,23004
Ashland,2010,White,55-64,6764,23005
Ashland,2011,Black,55-64,39,23007
Ashland,2011,White,55-64,6957,23008
Ashland,2012,Black,55-64,52,23010
Ashland,2012,White,55-64,7009,23011
Ashland,2013,Black,55-64,50,23013
Ashland,2013,White,55-64,7162,23014
Ashland,2014,Black,55-64,53,23016
Ashland,2014,White,55-64,7265,23017
Ashland,2015,Black,55-64,55,23019
Ashland,2015,White,55-64,7344,23020
Ashland,2016,Black,55-64,51,23022
Ashland,2016,White,55-64,7362,23023
Ashland,2017,Black,55-64,48,23025
Ashland,2017,White,55-64,7333,23026
Ashland,2018,Black,55-64,59,23028
Ashland,2018,White,55-64,7316,23029
Ashland,2019,Black,55-64,55,23031
Ashland,2019,White,55-64,7310,23032
Ashland,2020,Black,55-64,51,23034
Ashland,2020,White,55-64,7226,23035
Ashtabula,2010,Black,55-64,395,23040
Ashtabula,2010,White,55-64,13269,23041
Ashtabula,2011,Black,55-64,432,23043
Ashtabula,2011,White,55-64,13663,23044
Ashtabula,2012,Black,55-64,448,23046
Ashtabula,2012,White,55-64,13702,23047
Ashtabula,2013,Black,55-64,436,23049
Ashtabula,2013,White,55-64,13805,23050
Ashtabula,2014,Black,55-64,433,23052
Ashtabula,2014,White,55-64,13894,23053
Ashtabula,2015,Black,55-64,427,23055
Ashtabula,2015,White,55-64,14026,23056
Ashtabula,2016,Black,55-64,427,23058
Ashtabula,2016,White,55-64,14120,23059
Ashtabula,2017,Black,55-64,421,23061
Ashtabula,2017,White,55-64,14093,23062
Ashtabula,2018,Black,55-64,429,23064
Ashtabula,2018,White,55-64,14072,23065
Ashtabula,2019,Black,55-64,415,23067
Ashtabula,2019,White,55-64,13904,23068
Ashtabula,2020,Black,55-64,427,23070
Ashtabula,2020,White,55-64,13705,23071
Athens,2010,Black,55-64,117,23076
Athens,2010,White,55-64,6230,23077
Athens,2011,Black,55-64,121,23079
Athens,2011,White,55-64,6472,23080
Athens,2012,Black,55-64,124,23082
Athens,2012,White,55-64,6555,23083
Athens,2013,Black,55-64,119,23085
Athens,2013,White,55-64,6793,23086
Athens,2014,Black,55-64,124,23088
Athens,2014,White,55-64,6857,23089
Athens,2015,Black,55-64,130,23091
Athens,2015,White,55-64,6974,23092
Athens,2016,Black,55-64,129,23094
Athens,2016,White,55-64,7011,23095
Athens,2017,Black,55-64,128,23097
Athens,2017,White,55-64,7101,23098
Athens,2018,Black,55-64,134,23100
Athens,2018,White,55-64,7082,23101
Athens,2019,Black,55-64,133,23103
Athens,2019,White,55-64,7130,23104
Athens,2020,Black,55-64,144,23106
Athens,2020,White,55-64,7131,23107
Auglaize,2010,Black,55-64,21,23112
Auglaize,2010,White,55-64,5901,23113
Auglaize,2011,Black,55-64,23,23115
Auglaize,2011,White,55-64,6137,23116
Auglaize,2012,Black,55-64,28,23118
Auglaize,2012,White,55-64,6175,23119
Auglaize,2013,Black,55-64,26,23121
Auglaize,2013,White,55-64,6305,23122
Auglaize,2014,Black,55-64,27,23124
Auglaize,2014,White,55-64,6399,23125
Auglaize,2015,Black,55-64,29,23127
Auglaize,2015,White,55-64,6476,23128
Auglaize,2016,Black,55-64,38,23130
Auglaize,2016,White,55-64,6466,23131
Auglaize,2017,Black,55-64,38,23133
Auglaize,2017,White,55-64,6438,23134
Auglaize,2018,Black,55-64,35,23136
Auglaize,2018,White,55-64,6404,23137
Auglaize,2019,Black,55-64,31,23139
Auglaize,2019,White,55-64,6382,23140
Auglaize,2020,Black,55-64,36,23142
Auglaize,2020,White,55-64,6313,23143
Belmont,2010,Black,55-64,177,23148
Belmont,2010,White,55-64,10112,23149
Belmont,2011,Black,55-64,198,23151
Belmont,2011,White,55-64,10393,23152
Belmont,2012,Black,55-64,201,23154
Belmont,2012,White,55-64,10423,23155
Belmont,2013,Black,55-64,210,23157
Belmont,2013,White,55-64,10549,23158
Belmont,2014,Black,55-64,218,23160
Belmont,2014,White,55-64,10526,23161
Belmont,2015,Black,55-64,219,23163
Belmont,2015,White,55-64,10567,23164
Belmont,2016,Black,55-64,220,23166
Belmont,2016,White,55-64,10555,23167
Belmont,2017,Black,55-64,203,23169
Belmont,2017,White,55-64,10452,23170
Belmont,2018,Black,55-64,220,23172
Belmont,2018,White,55-64,10259,23173
Belmont,2019,Black,55-64,202,23175
Belmont,2019,White,55-64,10057,23176
Belmont,2020,Black,55-64,215,23178
Belmont,2020,White,55-64,9786,23179
Brown,2010,Black,55-64,52,23184
Brown,2010,White,55-64,5739,23185
Brown,2011,Black,55-64,67,23187
Brown,2011,White,55-64,5871,23188
Brown,2012,Black,55-64,65,23190
Brown,2012,White,55-64,5924,23191
Brown,2013,Black,55-64,64,23193
Brown,2013,White,55-64,5990,23194
Brown,2014,Black,55-64,68,23196
Brown,2014,White,55-64,6048,23197
Brown,2015,Black,55-64,69,23199
Brown,2015,White,55-64,6100,23200
Brown,2016,Black,55-64,72,23202
Brown,2016,White,55-64,6181,23203
Brown,2017,Black,55-64,71,23205
Brown,2017,White,55-64,6314,23206
Brown,2018,Black,55-64,68,23208
Brown,2018,White,55-64,6435,23209
Brown,2019,Black,55-64,71,23211
Brown,2019,White,55-64,6445,23212
Brown,2020,Black,55-64,71,23214
Brown,2020,White,55-64,6379,23215
Butler,2010,Black,55-64,2517,23220
Butler,2010,White,55-64,39745,23221
Butler,2011,Black,55-64,2672,23223
Butler,2011,White,55-64,41022,23224
Butler,2012,Black,55-64,2852,23226
Butler,2012,White,55-64,41559,23227
Butler,2013,Black,55-64,2890,23229
Butler,2013,White,55-64,42336,23230
Butler,2014,Black,55-64,3017,23232
Butler,2014,White,55-64,42933,23233
Butler,2015,Black,55-64,3169,23235
Butler,2015,White,55-64,43428,23236
Butler,2016,Black,55-64,3329,23238
Butler,2016,White,55-64,43799,23239
Butler,2017,Black,55-64,3424,23241
Butler,2017,White,55-64,44267,23242
Butler,2018,Black,55-64,3583,23244
Butler,2018,White,55-64,44510,23245
Butler,2019,Black,55-64,3756,23247
Butler,2019,White,55-64,44431,23248
Butler,2020,Black,55-64,3881,23250
Butler,2020,White,55-64,44196,23251
Carroll,2010,Black,55-64,14,23256
Carroll,2010,White,55-64,4214,23257
Carroll,2011,Black,55-64,17,23259
Carroll,2011,White,55-64,4322,23260
Carroll,2012,Black,55-64,21,23262
Carroll,2012,White,55-64,4288,23263
Carroll,2013,Black,55-64,20,23265
Carroll,2013,White,55-64,4304,23266
Carroll,2014,Black,55-64,24,23268
Carroll,2014,White,55-64,4307,23269
Carroll,2015,Black,55-64,27,23271
Carroll,2015,White,55-64,4347,23272
Carroll,2016,Black,55-64,25,23274
Carroll,2016,White,55-64,4377,23275
Carroll,2017,Black,55-64,28,23277
Carroll,2017,White,55-64,4348,23278
Carroll,2018,Black,55-64,31,23280
Carroll,2018,White,55-64,4369,23281
Carroll,2019,Black,55-64,37,23283
Carroll,2019,White,55-64,4323,23284
Carroll,2020,Black,55-64,37,23286
Carroll,2020,White,55-64,4303,23287
Champaign,2010,Black,55-64,113,23292
Champaign,2010,White,55-64,4972,23293
Champaign,2011,Black,55-64,108,23295
Champaign,2011,White,55-64,5095,23296
Champaign,2012,Black,55-64,107,23298
Champaign,2012,White,55-64,5108,23299
Champaign,2013,Black,55-64,108,23301
Champaign,2013,White,55-64,5153,23302
Champaign,2014,Black,55-64,112,23304
Champaign,2014,White,55-64,5183,23305
Champaign,2015,Black,55-64,109,23307
Champaign,2015,White,55-64,5240,23308
Champaign,2016,Black,55-64,110,23310
Champaign,2016,White,55-64,5331,23311
Champaign,2017,Black,55-64,112,23313
Champaign,2017,White,55-64,5392,23314
Champaign,2018,Black,55-64,112,23316
Champaign,2018,White,55-64,5458,23317
Champaign,2019,Black,55-64,114,23319
Champaign,2019,White,55-64,5450,23320
Champaign,2020,Black,55-64,131,23322
Champaign,2020,White,55-64,5448,23323
Clark,2010,Black,55-64,1514,23328
Clark,2010,White,55-64,17177,23329
Clark,2011,Black,55-64,1570,23331
Clark,2011,White,55-64,17495,23332
Clark,2012,Black,55-64,1565,23334
Clark,2012,White,55-64,17413,23335
Clark,2013,Black,55-64,1611,23337
Clark,2013,White,55-64,17333,23338
Clark,2014,Black,55-64,1624,23340
Clark,2014,White,55-64,17270,23341
Clark,2015,Black,55-64,1606,23343
Clark,2015,White,55-64,17214,23344
Clark,2016,Black,55-64,1571,23346
Clark,2016,White,55-64,17119,23347
Clark,2017,Black,55-64,1570,23349
Clark,2017,White,55-64,16963,23350
Clark,2018,Black,55-64,1560,23352
Clark,2018,White,55-64,16854,23353
Clark,2019,Black,55-64,1490,23355
Clark,2019,White,55-64,16784,23356
Clark,2020,Black,55-64,1470,23358
Clark,2020,White,55-64,16670,23359
Clermont,2010,Black,55-64,223,23364
Clermont,2010,White,55-64,24745,23365
Clermont,2011,Black,55-64,245,23367
Clermont,2011,White,55-64,25898,23368
Clermont,2012,Black,55-64,266,23370
Clermont,2012,White,55-64,26189,23371
Clermont,2013,Black,55-64,279,23373
Clermont,2013,White,55-64,26823,23374
Clermont,2014,Black,55-64,314,23376
Clermont,2014,White,55-64,27581,23377
Clermont,2015,Black,55-64,349,23379
Clermont,2015,White,55-64,28152,23380
Clermont,2016,Black,55-64,370,23382
Clermont,2016,White,55-64,28639,23383
Clermont,2017,Black,55-64,361,23385
Clermont,2017,White,55-64,28934,23386
Clermont,2018,Black,55-64,393,23388
Clermont,2018,White,55-64,29122,23389
Clermont,2019,Black,55-64,409,23391
Clermont,2019,White,55-64,29245,23392
Clermont,2020,Black,55-64,436,23394
Clermont,2020,White,55-64,29009,23395
Clinton,2010,Black,55-64,88,23400
Clinton,2010,White,55-64,5252,23401
Clinton,2011,Black,55-64,103,23403
Clinton,2011,White,55-64,5385,23404
Clinton,2012,Black,55-64,109,23406
Clinton,2012,White,55-64,5451,23407
Clinton,2013,Black,55-64,112,23409
Clinton,2013,White,55-64,5587,23410
Clinton,2014,Black,55-64,121,23412
Clinton,2014,White,55-64,5681,23413
Clinton,2015,Black,55-64,129,23415
Clinton,2015,White,55-64,5714,23416
Clinton,2016,Black,55-64,120,23418
Clinton,2016,White,55-64,5780,23419
Clinton,2017,Black,55-64,134,23421
Clinton,2017,White,55-64,5798,23422
Clinton,2018,Black,55-64,125,23424
Clinton,2018,White,55-64,5858,23425
Clinton,2019,Black,55-64,126,23427
Clinton,2019,White,55-64,5876,23428
Clinton,2020,Black,55-64,126,23430
Clinton,2020,White,55-64,5794,23431
Columbiana,2010,Black,55-64,211,23436
Columbiana,2010,White,55-64,15053,23437
Columbiana,2011,Black,55-64,226,23439
Columbiana,2011,White,55-64,15475,23440
Columbiana,2012,Black,55-64,228,23442
Columbiana,2012,White,55-64,15539,23443
Columbiana,2013,Black,55-64,238,23445
Columbiana,2013,White,55-64,15693,23446
Columbiana,2014,Black,55-64,255,23448
Columbiana,2014,White,55-64,15916,23449
Columbiana,2015,Black,55-64,266,23451
Columbiana,2015,White,55-64,15983,23452
Columbiana,2016,Black,55-64,256,23454
Columbiana,2016,White,55-64,16031,23455
Columbiana,2017,Black,55-64,238,23457
Columbiana,2017,White,55-64,15910,23458
Columbiana,2018,Black,55-64,240,23460
Columbiana,2018,White,55-64,15705,23461
Columbiana,2019,Black,55-64,246,23463
Columbiana,2019,White,55-64,15449,23464
Columbiana,2020,Black,55-64,247,23466
Columbiana,2020,White,55-64,15055,23467
Coshocton,2010,Black,55-64,58,23472
Coshocton,2010,White,55-64,4879,23473
Coshocton,2011,Black,55-64,70,23475
Coshocton,2011,White,55-64,5048,23476
Coshocton,2012,Black,55-64,68,23478
Coshocton,2012,White,55-64,5066,23479
Coshocton,2013,Black,55-64,71,23481
Coshocton,2013,White,55-64,5169,23482
Coshocton,2014,Black,55-64,68,23484
Coshocton,2014,White,55-64,5175,23485
Coshocton,2015,Black,55-64,71,23487
Coshocton,2015,White,55-64,5186,23488
Coshocton,2016,Black,55-64,68,23490
Coshocton,2016,White,55-64,5215,23491
Coshocton,2017,Black,55-64,63,23493
Coshocton,2017,White,55-64,5187,23494
Coshocton,2018,Black,55-64,62,23496
Coshocton,2018,White,55-64,5140,23497
Coshocton,2019,Black,55-64,67,23499
Coshocton,2019,White,55-64,5085,23500
Coshocton,2020,Black,55-64,63,23502
Coshocton,2020,White,55-64,5016,23503
Crawford,2010,Black,55-64,26,23508
Crawford,2010,White,55-64,5879,23509
Crawford,2011,Black,55-64,31,23511
Crawford,2011,White,55-64,6032,23512
Crawford,2012,Black,55-64,25,23514
Crawford,2012,White,55-64,5991,23515
Crawford,2013,Black,55-64,29,23517
Crawford,2013,White,55-64,5999,23518
Crawford,2014,Black,55-64,36,23520
Crawford,2014,White,55-64,6011,23521
Crawford,2015,Black,55-64,41,23523
Crawford,2015,White,55-64,5987,23524
Crawford,2016,Black,55-64,48,23526
Crawford,2016,White,55-64,5972,23527
Crawford,2017,Black,55-64,48,23529
Crawford,2017,White,55-64,5886,23530
Crawford,2018,Black,55-64,49,23532
Crawford,2018,White,55-64,5858,23533
Crawford,2019,Black,55-64,53,23535
Crawford,2019,White,55-64,5823,23536
Crawford,2020,Black,55-64,60,23538
Crawford,2020,White,55-64,5687,23539
Cuyahoga,2010,Black,55-64,43962,23544
Cuyahoga,2010,White,55-64,117595,23545
Cuyahoga,2011,Black,55-64,45834,23547
Cuyahoga,2011,White,55-64,121275,23548
Cuyahoga,2012,Black,55-64,47044,23550
Cuyahoga,2012,White,55-64,121991,23551
Cuyahoga,2013,Black,55-64,48128,23553
Cuyahoga,2013,White,55-64,123648,23554
Cuyahoga,2014,Black,55-64,48969,23556
Cuyahoga,2014,White,55-64,124972,23557
Cuyahoga,2015,Black,55-64,49633,23559
Cuyahoga,2015,White,55-64,125958,23560
Cuyahoga,2016,Black,55-64,49917,23562
Cuyahoga,2016,White,55-64,126123,23563
Cuyahoga,2017,Black,55-64,49883,23565
Cuyahoga,2017,White,55-64,125208,23566
Cuyahoga,2018,Black,55-64,49785,23568
Cuyahoga,2018,White,55-64,123347,23569
Cuyahoga,2019,Black,55-64,49279,23571
Cuyahoga,2019,White,55-64,121215,23572
Cuyahoga,2020,Black,55-64,48462,23574
Cuyahoga,2020,White,55-64,118304,23575
Darke,2010,Black,55-64,22,23580
Darke,2010,White,55-64,6719,23581
Darke,2011,Black,55-64,31,23583
Darke,2011,White,55-64,6930,23584
Darke,2012,Black,55-64,29,23586
Darke,2012,White,55-64,6915,23587
Darke,2013,Black,55-64,32,23589
Darke,2013,White,55-64,6963,23590
Darke,2014,Black,55-64,36,23592
Darke,2014,White,55-64,7008,23593
Darke,2015,Black,55-64,37,23595
Darke,2015,White,55-64,7102,23596
Darke,2016,Black,55-64,38,23598
Darke,2016,White,55-64,7154,23599
Darke,2017,Black,55-64,40,23601
Darke,2017,White,55-64,7169,23602
Darke,2018,Black,55-64,43,23604
Darke,2018,White,55-64,7195,23605
Darke,2019,Black,55-64,47,23607
Darke,2019,White,55-64,7229,23608
Darke,2020,Black,55-64,54,23610
Darke,2020,White,55-64,7163,23611
Defiance,2010,Black,55-64,92,23616
Defiance,2010,White,55-64,5053,23617
Defiance,2011,Black,55-64,100,23619
Defiance,2011,White,55-64,5230,23620
Defiance,2012,Black,55-64,100,23622
Defiance,2012,White,55-64,5230,23623
Defiance,2013,Black,55-64,110,23625
Defiance,2013,White,55-64,5290,23626
Defiance,2014,Black,55-64,119,23628
Defiance,2014,White,55-64,5350,23629
Defiance,2015,Black,55-64,115,23631
Defiance,2015,White,55-64,5319,23632
Defiance,2016,Black,55-64,110,23634
Defiance,2016,White,55-64,5343,23635
Defiance,2017,Black,55-64,104,23637
Defiance,2017,White,55-64,5306,23638
Defiance,2018,Black,55-64,103,23640
Defiance,2018,White,55-64,5230,23641
Defiance,2019,Black,55-64,102,23643
Defiance,2019,White,55-64,5142,23644
Defiance,2020,Black,55-64,97,23646
Defiance,2020,White,55-64,4970,23647
Delaware,2010,Black,55-64,593,23652
Delaware,2010,White,55-64,18921,23653
Delaware,2011,Black,55-64,644,23655
Delaware,2011,White,55-64,19731,23656
Delaware,2012,Black,55-64,671,23658
Delaware,2012,White,55-64,20057,23659
Delaware,2013,Black,55-64,709,23661
Delaware,2013,White,55-64,20498,23662
Delaware,2014,Black,55-64,752,23664
Delaware,2014,White,55-64,21029,23665
Delaware,2015,Black,55-64,791,23667
Delaware,2015,White,55-64,21593,23668
Delaware,2016,Black,55-64,822,23670
Delaware,2016,White,55-64,22020,23671
Delaware,2017,Black,55-64,889,23673
Delaware,2017,White,55-64,22495,23674
Delaware,2018,Black,55-64,919,23676
Delaware,2018,White,55-64,23005,23677
Delaware,2019,Black,55-64,970,23679
Delaware,2019,White,55-64,23523,23680
Delaware,2020,Black,55-64,1036,23682
Delaware,2020,White,55-64,23789,23683
Erie,2010,Black,55-64,775,23688
Erie,2010,White,55-64,10583,23689
Erie,2011,Black,55-64,788,23691
Erie,2011,White,55-64,10761,23692
Erie,2012,Black,55-64,807,23694
Erie,2012,White,55-64,10690,23695
Erie,2013,Black,55-64,814,23697
Erie,2013,White,55-64,10735,23698
Erie,2014,Black,55-64,845,23700
Erie,2014,White,55-64,10729,23701
Erie,2015,Black,55-64,840,23703
Erie,2015,White,55-64,10714,23704
Erie,2016,Black,55-64,834,23706
Erie,2016,White,55-64,10771,23707
Erie,2017,Black,55-64,842,23709
Erie,2017,White,55-64,10715,23710
Erie,2018,Black,55-64,830,23712
Erie,2018,White,55-64,10636,23713
Erie,2019,Black,55-64,819,23715
Erie,2019,White,55-64,10471,23716
Erie,2020,Black,55-64,810,23718
Erie,2020,White,55-64,10252,23719
Fairfield,2010,Black,55-64,555,23724
Fairfield,2010,White,55-64,17109,23725
Fairfield,2011,Black,55-64,624,23727
Fairfield,2011,White,55-64,17600,23728
Fairfield,2012,Black,55-64,690,23730
Fairfield,2012,White,55-64,17648,23731
Fairfield,2013,Black,55-64,751,23733
Fairfield,2013,White,55-64,17864,23734
Fairfield,2014,Black,55-64,837,23736
Fairfield,2014,White,55-64,18085,23737
Fairfield,2015,Black,55-64,914,23739
Fairfield,2015,White,55-64,18420,23740
Fairfield,2016,Black,55-64,1043,23742
Fairfield,2016,White,55-64,18640,23743
Fairfield,2017,Black,55-64,1147,23745
Fairfield,2017,White,55-64,18868,23746
Fairfield,2018,Black,55-64,1221,23748
Fairfield,2018,White,55-64,19061,23749
Fairfield,2019,Black,55-64,1301,23751
Fairfield,2019,White,55-64,19252,23752
Fairfield,2020,Black,55-64,1404,23754
Fairfield,2020,White,55-64,19227,23755
Fayette,2010,Black,55-64,92,23760
Fayette,2010,White,55-64,3651,23761
Fayette,2011,Black,55-64,94,23763
Fayette,2011,White,55-64,3720,23764
Fayette,2012,Black,55-64,90,23766
Fayette,2012,White,55-64,3751,23767
Fayette,2013,Black,55-64,100,23769
Fayette,2013,White,55-64,3793,23770
Fayette,2014,Black,55-64,103,23772
Fayette,2014,White,55-64,3759,23773
Fayette,2015,Black,55-64,114,23775
Fayette,2015,White,55-64,3756,23776
Fayette,2016,Black,55-64,114,23778
Fayette,2016,White,55-64,3789,23779
Fayette,2017,Black,55-64,116,23781
Fayette,2017,White,55-64,3806,23782
Fayette,2018,Black,55-64,111,23784
Fayette,2018,White,55-64,3826,23785
Fayette,2019,Black,55-64,110,23787
Fayette,2019,White,55-64,3790,23788
Fayette,2020,Black,55-64,116,23790
Fayette,2020,White,55-64,3743,23791
Franklin,2010,Black,55-64,22391,23796
Franklin,2010,White,55-64,96896,23797
Franklin,2011,Black,55-64,23721,23799
Franklin,2011,White,55-64,100735,23800
Franklin,2012,Black,55-64,24836,23802
Franklin,2012,White,55-64,102428,23803
Franklin,2013,Black,55-64,25961,23805
Franklin,2013,White,55-64,104678,23806
Franklin,2014,Black,55-64,27220,23808
Franklin,2014,White,55-64,106609,23809
Franklin,2015,Black,55-64,28585,23811
Franklin,2015,White,55-64,108588,23812
Franklin,2016,Black,55-64,29596,23814
Franklin,2016,White,55-64,109798,23815
Franklin,2017,Black,55-64,30724,23817
Franklin,2017,White,55-64,110566,23818
Franklin,2018,Black,55-64,31696,23820
Franklin,2018,White,55-64,110581,23821
Franklin,2019,Black,55-64,32451,23823
Franklin,2019,White,55-64,110274,23824
Franklin,2020,Black,55-64,32838,23826
Franklin,2020,White,55-64,108987,23827
Fulton,2010,Black,55-64,19,23832
Fulton,2010,White,55-64,5581,23833
Fulton,2011,Black,55-64,16,23835
Fulton,2011,White,55-64,5836,23836
Fulton,2012,Black,55-64,18,23838
Fulton,2012,White,55-64,5971,23839
Fulton,2013,Black,55-64,24,23841
Fulton,2013,White,55-64,6067,23842
Fulton,2014,Black,55-64,27,23844
Fulton,2014,White,55-64,6145,23845
Fulton,2015,Black,55-64,27,23847
Fulton,2015,White,55-64,6193,23848
Fulton,2016,Black,55-64,29,23850
Fulton,2016,White,55-64,6201,23851
Fulton,2017,Black,55-64,38,23853
Fulton,2017,White,55-64,6190,23854
Fulton,2018,Black,55-64,31,23856
Fulton,2018,White,55-64,6136,23857
Fulton,2019,Black,55-64,34,23859
Fulton,2019,White,55-64,5976,23860
Fulton,2020,Black,55-64,37,23862
Fulton,2020,White,55-64,5865,23863
Gallia,2010,Black,55-64,100,23868
Gallia,2010,White,55-64,3812,23869
Gallia,2011,Black,55-64,90,23871
Gallia,2011,White,55-64,3960,23872
Gallia,2012,Black,55-64,102,23874
Gallia,2012,White,55-64,4033,23875
Gallia,2013,Black,55-64,103,23877
Gallia,2013,White,55-64,4116,23878
Gallia,2014,Black,55-64,101,23880
Gallia,2014,White,55-64,4161,23881
Gallia,2015,Black,55-64,105,23883
Gallia,2015,White,55-64,4184,23884
Gallia,2016,Black,55-64,99,23886
Gallia,2016,White,55-64,4207,23887
Gallia,2017,Black,55-64,98,23889
Gallia,2017,White,55-64,4184,23890
Gallia,2018,Black,55-64,96,23892
Gallia,2018,White,55-64,4188,23893
Gallia,2019,Black,55-64,92,23895
Gallia,2019,White,55-64,4159,23896
Gallia,2020,Black,55-64,95,23898
Gallia,2020,White,55-64,4152,23899
Geauga,2010,Black,55-64,154,23904
Geauga,2010,White,55-64,13402,23905
Geauga,2011,Black,55-64,148,23907
Geauga,2011,White,55-64,13824,23908
Geauga,2012,Black,55-64,162,23910
Geauga,2012,White,55-64,13919,23911
Geauga,2013,Black,55-64,161,23913
Geauga,2013,White,55-64,14235,23914
Geauga,2014,Black,55-64,177,23916
Geauga,2014,White,55-64,14366,23917
Geauga,2015,Black,55-64,186,23919
Geauga,2015,White,55-64,14421,23920
Geauga,2016,Black,55-64,197,23922
Geauga,2016,White,55-64,14467,23923
Geauga,2017,Black,55-64,205,23925
Geauga,2017,White,55-64,14412,23926
Geauga,2018,Black,55-64,198,23928
Geauga,2018,White,55-64,14315,23929
Geauga,2019,Black,55-64,223,23931
Geauga,2019,White,55-64,14207,23932
Geauga,2020,Black,55-64,214,23934
Geauga,2020,White,55-64,14081,23935
Greene,2010,Black,55-64,862,23940
Greene,2010,White,55-64,19003,23941
Greene,2011,Black,55-64,908,23943
Greene,2011,White,55-64,19761,23944
Greene,2012,Black,55-64,958,23946
Greene,2012,White,55-64,19932,23947
Greene,2013,Black,55-64,1003,23949
Greene,2013,White,55-64,20144,23950
Greene,2014,Black,55-64,1036,23952
Greene,2014,White,55-64,20309,23953
Greene,2015,Black,55-64,1091,23955
Greene,2015,White,55-64,20565,23956
Greene,2016,Black,55-64,1113,23958
Greene,2016,White,55-64,20917,23959
Greene,2017,Black,55-64,1160,23961
Greene,2017,White,55-64,20968,23962
Greene,2018,Black,55-64,1224,23964
Greene,2018,White,55-64,21009,23965
Greene,2019,Black,55-64,1261,23967
Greene,2019,White,55-64,21072,23968
Greene,2020,Black,55-64,1256,23970
Greene,2020,White,55-64,20836,23971
Guernsey,2010,Black,55-64,71,23976
Guernsey,2010,White,55-64,5389,23977
Guernsey,2011,Black,55-64,67,23979
Guernsey,2011,White,55-64,5524,23980
Guernsey,2012,Black,55-64,77,23982
Guernsey,2012,White,55-64,5530,23983
Guernsey,2013,Black,55-64,81,23985
Guernsey,2013,White,55-64,5608,23986
Guernsey,2014,Black,55-64,75,23988
Guernsey,2014,White,55-64,5627,23989
Guernsey,2015,Black,55-64,76,23991
Guernsey,2015,White,55-64,5611,23992
Guernsey,2016,Black,55-64,71,23994
Guernsey,2016,White,55-64,5630,23995
Guernsey,2017,Black,55-64,82,23997
Guernsey,2017,White,55-64,5638,23998
Guernsey,2018,Black,55-64,83,24000
Guernsey,2018,White,55-64,5613,24001
Guernsey,2019,Black,55-64,78,24003
Guernsey,2019,White,55-64,5564,24004
Guernsey,2020,Black,55-64,80,24006
Guernsey,2020,White,55-64,5493,24007
Hamilton,2010,Black,55-64,21632,24012
Hamilton,2010,White,55-64,73561,24013
Hamilton,2011,Black,55-64,22760,24015
Hamilton,2011,White,55-64,76295,24016
Hamilton,2012,Black,55-64,23627,24018
Hamilton,2012,White,55-64,76991,24019
Hamilton,2013,Black,55-64,24400,24021
Hamilton,2013,White,55-64,78202,24022
Hamilton,2014,Black,55-64,25058,24024
Hamilton,2014,White,55-64,78984,24025
Hamilton,2015,Black,55-64,25706,24027
Hamilton,2015,White,55-64,79738,24028
Hamilton,2016,Black,55-64,26140,24030
Hamilton,2016,White,55-64,80045,24031
Hamilton,2017,Black,55-64,26392,24033
Hamilton,2017,White,55-64,80180,24034
Hamilton,2018,Black,55-64,26541,24036
Hamilton,2018,White,55-64,79649,24037
Hamilton,2019,Black,55-64,26663,24039
Hamilton,2019,White,55-64,78912,24040
Hamilton,2020,Black,55-64,26582,24042
Hamilton,2020,White,55-64,77217,24043
Hancock,2010,Black,55-64,109,24048
Hancock,2010,White,55-64,9173,24049
Hancock,2011,Black,55-64,118,24051
Hancock,2011,White,55-64,9455,24052
Hancock,2012,Black,55-64,123,24054
Hancock,2012,White,55-64,9501,24055
Hancock,2013,Black,55-64,133,24057
Hancock,2013,White,55-64,9687,24058
Hancock,2014,Black,55-64,128,24060
Hancock,2014,White,55-64,9798,24061
Hancock,2015,Black,55-64,122,24063
Hancock,2015,White,55-64,9960,24064
Hancock,2016,Black,55-64,119,24066
Hancock,2016,White,55-64,10062,24067
Hancock,2017,Black,55-64,140,24069
Hancock,2017,White,55-64,10133,24070
Hancock,2018,Black,55-64,135,24072
Hancock,2018,White,55-64,10079,24073
Hancock,2019,Black,55-64,141,24075
Hancock,2019,White,55-64,10054,24076
Hancock,2020,Black,55-64,156,24078
Hancock,2020,White,55-64,9944,24079
Hardin,2010,Black,55-64,28,24084
Hardin,2010,White,55-64,3647,24085
Hardin,2011,Black,55-64,24,24087
Hardin,2011,White,55-64,3774,24088
Hardin,2012,Black,55-64,24,24090
Hardin,2012,White,55-64,3737,24091
Hardin,2013,Black,55-64,22,24093
Hardin,2013,White,55-64,3765,24094
Hardin,2014,Black,55-64,23,24096
Hardin,2014,White,55-64,3785,24097
Hardin,2015,Black,55-64,22,24099
Hardin,2015,White,55-64,3803,24100
Hardin,2016,Black,55-64,26,24102
Hardin,2016,White,55-64,3850,24103
Hardin,2017,Black,55-64,36,24105
Hardin,2017,White,55-64,3850,24106
Hardin,2018,Black,55-64,33,24108
Hardin,2018,White,55-64,3870,24109
Hardin,2019,Black,55-64,36,24111
Hardin,2019,White,55-64,3869,24112
Hardin,2020,Black,55-64,34,24114
Hardin,2020,White,55-64,3872,24115
Harrison,2010,Black,55-64,63,24120
Harrison,2010,White,55-64,2337,24121
Harrison,2011,Black,55-64,59,24123
Harrison,2011,White,55-64,2424,24124
Harrison,2012,Black,55-64,64,24126
Harrison,2012,White,55-64,2444,24127
Harrison,2013,Black,55-64,66,24129
Harrison,2013,White,55-64,2489,24130
Harrison,2014,Black,55-64,69,24132
Harrison,2014,White,55-64,2544,24133
Harrison,2015,Black,55-64,67,24135
Harrison,2015,White,55-64,2523,24136
Harrison,2016,Black,55-64,67,24138
Harrison,2016,White,55-64,2493,24139
Harrison,2017,Black,55-64,64,24141
Harrison,2017,White,55-64,2464,24142
Harrison,2018,Black,55-64,64,24144
Harrison,2018,White,55-64,2443,24145
Harrison,2019,Black,55-64,64,24147
Harrison,2019,White,55-64,2437,24148
Harrison,2020,Black,55-64,58,24150
Harrison,2020,White,55-64,2393,24151
Henry,2010,Black,55-64,19,24156
Henry,2010,White,55-64,3539,24157
Henry,2011,Black,55-64,17,24159
Henry,2011,White,55-64,3704,24160
Henry,2012,Black,55-64,21,24162
Henry,2012,White,55-64,3785,24163
Henry,2013,Black,55-64,24,24165
Henry,2013,White,55-64,3856,24166
Henry,2014,Black,55-64,24,24168
Henry,2014,White,55-64,3887,24169
Henry,2015,Black,55-64,24,24171
Henry,2015,White,55-64,3960,24172
Henry,2016,Black,55-64,27,24174
Henry,2016,White,55-64,3964,24175
Henry,2017,Black,55-64,33,24177
Henry,2017,White,55-64,3929,24178
Henry,2018,Black,55-64,28,24180
Henry,2018,White,55-64,3891,24181
Henry,2019,Black,55-64,31,24183
Henry,2019,White,55-64,3871,24184
Henry,2020,Black,55-64,23,24186
Henry,2020,White,55-64,3800,24187
Highland,2010,Black,55-64,79,24192
Highland,2010,White,55-64,5338,24193
Highland,2011,Black,55-64,81,24195
Highland,2011,White,55-64,5511,24196
Highland,2012,Black,55-64,89,24198
Highland,2012,White,55-64,5523,24199
Highland,2013,Black,55-64,92,24201
Highland,2013,White,55-64,5638,24202
Highland,2014,Black,55-64,97,24204
Highland,2014,White,55-64,5688,24205
Highland,2015,Black,55-64,101,24207
Highland,2015,White,55-64,5766,24208
Highland,2016,Black,55-64,104,24210
Highland,2016,White,55-64,5782,24211
Highland,2017,Black,55-64,103,24213
Highland,2017,White,55-64,5842,24214
Highland,2018,Black,55-64,103,24216
Highland,2018,White,55-64,5829,24217
Highland,2019,Black,55-64,109,24219
Highland,2019,White,55-64,5857,24220
Highland,2020,Black,55-64,121,24222
Highland,2020,White,55-64,5807,24223
Hocking,2010,Black,55-64,75,24228
Hocking,2010,White,55-64,4026,24229
Hocking,2011,Black,55-64,78,24231
Hocking,2011,White,55-64,4199,24232
Hocking,2012,Black,55-64,78,24234
Hocking,2012,White,55-64,4191,24235
Hocking,2013,Black,55-64,38,24237
Hocking,2013,White,55-64,4045,24238
Hocking,2014,Black,55-64,34,24240
Hocking,2014,White,55-64,4082,24241
Hocking,2015,Black,55-64,42,24243
Hocking,2015,White,55-64,4069,24244
Hocking,2016,Black,55-64,46,24246
Hocking,2016,White,55-64,4178,24247
Hocking,2017,Black,55-64,43,24249
Hocking,2017,White,55-64,4178,24250
Hocking,2018,Black,55-64,43,24252
Hocking,2018,White,55-64,4211,24253
Hocking,2019,Black,55-64,45,24255
Hocking,2019,White,55-64,4228,24256
Hocking,2020,Black,55-64,43,24258
Hocking,2020,White,55-64,4193,24259
Holmes,2010,Black,55-64,33,24264
Holmes,2010,White,55-64,4123,24265
Holmes,2011,Black,55-64,33,24267
Holmes,2011,White,55-64,4251,24268
Holmes,2012,Black,55-64,36,24270
Holmes,2012,White,55-64,4336,24271
Holmes,2013,Black,55-64,37,24273
Holmes,2013,White,55-64,4406,24274
Holmes,2014,Black,55-64,33,24276
Holmes,2014,White,55-64,4475,24277
Holmes,2015,Black,55-64,36,24279
Holmes,2015,White,55-64,4553,24280
Holmes,2016,Black,55-64,41,24282
Holmes,2016,White,55-64,4676,24283
Holmes,2017,Black,55-64,40,24285
Holmes,2017,White,55-64,4744,24286
Holmes,2018,Black,55-64,37,24288
Holmes,2018,White,55-64,4804,24289
Holmes,2019,Black,55-64,35,24291
Holmes,2019,White,55-64,4835,24292
Holmes,2020,Black,55-64,35,24294
Holmes,2020,White,55-64,4756,24295
Huron,2010,Black,55-64,69,24300
Huron,2010,White,55-64,7433,24301
Huron,2011,Black,55-64,77,24303
Huron,2011,White,55-64,7729,24304
Huron,2012,Black,55-64,74,24306
Huron,2012,White,55-64,7739,24307
Huron,2013,Black,55-64,77,24309
Huron,2013,White,55-64,7797,24310
Huron,2014,Black,55-64,79,24312
Huron,2014,White,55-64,7912,24313
Huron,2015,Black,55-64,84,24315
Huron,2015,White,55-64,7959,24316
Huron,2016,Black,55-64,92,24318
Huron,2016,White,55-64,7976,24319
Huron,2017,Black,55-64,103,24321
Huron,2017,White,55-64,7965,24322
Huron,2018,Black,55-64,107,24324
Huron,2018,White,55-64,8048,24325
Huron,2019,Black,55-64,114,24327
Huron,2019,White,55-64,7993,24328
Huron,2020,Black,55-64,103,24330
Huron,2020,White,55-64,7984,24331
Jackson,2010,Black,55-64,42,24336
Jackson,2010,White,55-64,4401,24337
Jackson,2011,Black,55-64,40,24339
Jackson,2011,White,55-64,4515,24340
Jackson,2012,Black,55-64,34,24342
Jackson,2012,White,55-64,4465,24343
Jackson,2013,Black,55-64,38,24345
Jackson,2013,White,55-64,4519,24346
Jackson,2014,Black,55-64,33,24348
Jackson,2014,White,55-64,4515,24349
Jackson,2015,Black,55-64,29,24351
Jackson,2015,White,55-64,4478,24352
Jackson,2016,Black,55-64,27,24354
Jackson,2016,White,55-64,4433,24355
Jackson,2017,Black,55-64,27,24357
Jackson,2017,White,55-64,4400,24358
Jackson,2018,Black,55-64,24,24360
Jackson,2018,White,55-64,4356,24361
Jackson,2019,Black,55-64,30,24363
Jackson,2019,White,55-64,4294,24364
Jackson,2020,Black,55-64,30,24366
Jackson,2020,White,55-64,4251,24367
Jefferson,2010,Black,55-64,519,24372
Jefferson,2010,White,55-64,9873,24373
Jefferson,2011,Black,55-64,530,24375
Jefferson,2011,White,55-64,10082,24376
Jefferson,2012,Black,55-64,540,24378
Jefferson,2012,White,55-64,10074,24379
Jefferson,2013,Black,55-64,555,24381
Jefferson,2013,White,55-64,10132,24382
Jefferson,2014,Black,55-64,541,24384
Jefferson,2014,White,55-64,10120,24385
Jefferson,2015,Black,55-64,536,24387
Jefferson,2015,White,55-64,10108,24388
Jefferson,2016,Black,55-64,531,24390
Jefferson,2016,White,55-64,10039,24391
Jefferson,2017,Black,55-64,524,24393
Jefferson,2017,White,55-64,9872,24394
Jefferson,2018,Black,55-64,499,24396
Jefferson,2018,White,55-64,9759,24397
Jefferson,2019,Black,55-64,492,24399
Jefferson,2019,White,55-64,9501,24400
Jefferson,2020,Black,55-64,483,24402
Jefferson,2020,White,55-64,9285,24403
Knox,2010,Black,55-64,72,24408
Knox,2010,White,55-64,7547,24409
Knox,2011,Black,55-64,85,24411
Knox,2011,White,55-64,7878,24412
Knox,2012,Black,55-64,75,24414
Knox,2012,White,55-64,7914,24415
Knox,2013,Black,55-64,72,24417
Knox,2013,White,55-64,7988,24418
Knox,2014,Black,55-64,83,24420
Knox,2014,White,55-64,8177,24421
Knox,2015,Black,55-64,77,24423
Knox,2015,White,55-64,8337,24424
Knox,2016,Black,55-64,77,24426
Knox,2016,White,55-64,8451,24427
Knox,2017,Black,55-64,82,24429
Knox,2017,White,55-64,8446,24430
Knox,2018,Black,55-64,85,24432
Knox,2018,White,55-64,8472,24433
Knox,2019,Black,55-64,86,24435
Knox,2019,White,55-64,8471,24436
Knox,2020,Black,55-64,81,24438
Knox,2020,White,55-64,8389,24439
Lake,2010,Black,55-64,752,24444
Lake,2010,White,55-64,30615,24445
Lake,2011,Black,55-64,828,24447
Lake,2011,White,55-64,31728,24448
Lake,2012,Black,55-64,873,24450
Lake,2012,White,55-64,32009,24451
Lake,2013,Black,55-64,918,24453
Lake,2013,White,55-64,32579,24454
Lake,2014,Black,55-64,964,24456
Lake,2014,White,55-64,33218,24457
Lake,2015,Black,55-64,993,24459
Lake,2015,White,55-64,33823,24460
Lake,2016,Black,55-64,1026,24462
Lake,2016,White,55-64,34105,24463
Lake,2017,Black,55-64,1106,24465
Lake,2017,White,55-64,34105,24466
Lake,2018,Black,55-64,1151,24468
Lake,2018,White,55-64,34014,24469
Lake,2019,Black,55-64,1190,24471
Lake,2019,White,55-64,33978,24472
Lake,2020,Black,55-64,1195,24474
Lake,2020,White,55-64,33459,24475
Lawrence,2010,Black,55-64,217,24480
Lawrence,2010,White,55-64,7964,24481
Lawrence,2011,Black,55-64,218,24483
Lawrence,2011,White,55-64,8153,24484
Lawrence,2012,Black,55-64,214,24486
Lawrence,2012,White,55-64,8139,24487
Lawrence,2013,Black,55-64,215,24489
Lawrence,2013,White,55-64,8142,24490
Lawrence,2014,Black,55-64,209,24492
Lawrence,2014,White,55-64,8186,24493
Lawrence,2015,Black,55-64,206,24495
Lawrence,2015,White,55-64,8188,24496
Lawrence,2016,Black,55-64,193,24498
Lawrence,2016,White,55-64,8257,24499
Lawrence,2017,Black,55-64,191,24501
Lawrence,2017,White,55-64,8155,24502
Lawrence,2018,Black,55-64,180,24504
Lawrence,2018,White,55-64,8116,24505
Lawrence,2019,Black,55-64,176,24507
Lawrence,2019,White,55-64,8101,24508
Lawrence,2020,Black,55-64,162,24510
Lawrence,2020,White,55-64,8031,24511
Licking,2010,Black,55-64,568,24516
Licking,2010,White,55-64,20315,24517
Licking,2011,Black,55-64,656,24519
Licking,2011,White,55-64,21022,24520
Licking,2012,Black,55-64,658,24522
Licking,2012,White,55-64,21179,24523
Licking,2013,Black,55-64,680,24525
Licking,2013,White,55-64,21514,24526
Licking,2014,Black,55-64,700,24528
Licking,2014,White,55-64,21927,24529
Licking,2015,Black,55-64,720,24531
Licking,2015,White,55-64,22216,24532
Licking,2016,Black,55-64,773,24534
Licking,2016,White,55-64,22741,24535
Licking,2017,Black,55-64,832,24537
Licking,2017,White,55-64,23099,24538
Licking,2018,Black,55-64,881,24540
Licking,2018,White,55-64,23404,24541
Licking,2019,Black,55-64,931,24543
Licking,2019,White,55-64,23550,24544
Licking,2020,Black,55-64,983,24546
Licking,2020,White,55-64,23481,24547
Logan,2010,Black,55-64,68,24552
Logan,2010,White,55-64,6058,24553
Logan,2011,Black,55-64,76,24555
Logan,2011,White,55-64,6268,24556
Logan,2012,Black,55-64,82,24558
Logan,2012,White,55-64,6208,24559
Logan,2013,Black,55-64,91,24561
Logan,2013,White,55-64,6294,24562
Logan,2014,Black,55-64,102,24564
Logan,2014,White,55-64,6363,24565
Logan,2015,Black,55-64,98,24567
Logan,2015,White,55-64,6495,24568
Logan,2016,Black,55-64,105,24570
Logan,2016,White,55-64,6538,24571
Logan,2017,Black,55-64,109,24573
Logan,2017,White,55-64,6601,24574
Logan,2018,Black,55-64,99,24576
Logan,2018,White,55-64,6580,24577
Logan,2019,Black,55-64,110,24579
Logan,2019,White,55-64,6565,24580
Logan,2020,Black,55-64,127,24582
Logan,2020,White,55-64,6423,24583
Lorain,2010,Black,55-64,2695,24588
Lorain,2010,White,55-64,36704,24589
Lorain,2011,Black,55-64,2796,24591
Lorain,2011,White,55-64,38009,24592
Lorain,2012,Black,55-64,2886,24594
Lorain,2012,White,55-64,38228,24595
Lorain,2013,Black,55-64,2936,24597
Lorain,2013,White,55-64,38782,24598
Lorain,2014,Black,55-64,3032,24600
Lorain,2014,White,55-64,39311,24601
Lorain,2015,Black,55-64,3097,24603
Lorain,2015,White,55-64,39690,24604
Lorain,2016,Black,55-64,3143,24606
Lorain,2016,White,55-64,40178,24607
Lorain,2017,Black,55-64,3152,24609
Lorain,2017,White,55-64,40282,24610
Lorain,2018,Black,55-64,3157,24612
Lorain,2018,White,55-64,40579,24613
Lorain,2019,Black,55-64,3146,24615
Lorain,2019,White,55-64,40655,24616
Lorain,2020,Black,55-64,3145,24618
Lorain,2020,White,55-64,40550,24619
Lucas,2010,Black,55-64,8470,24624
Lucas,2010,White,55-64,45421,24625
Lucas,2011,Black,55-64,8794,24627
Lucas,2011,White,55-64,46923,24628
Lucas,2012,Black,55-64,9066,24630
Lucas,2012,White,55-64,47319,24631
Lucas,2013,Black,55-64,9226,24633
Lucas,2013,White,55-64,47808,24634
Lucas,2014,Black,55-64,9443,24636
Lucas,2014,White,55-64,48258,24637
Lucas,2015,Black,55-64,9725,24639
Lucas,2015,White,55-64,48448,24640
Lucas,2016,Black,55-64,9846,24642
Lucas,2016,White,55-64,48628,24643
Lucas,2017,Black,55-64,9950,24645
Lucas,2017,White,55-64,48561,24646
Lucas,2018,Black,55-64,10047,24648
Lucas,2018,White,55-64,48063,24649
Lucas,2019,Black,55-64,10016,24651
Lucas,2019,White,55-64,47410,24652
Lucas,2020,Black,55-64,9906,24654
Lucas,2020,White,55-64,46594,24655
Madison,2010,Black,55-64,216,24660
Madison,2010,White,55-64,4928,24661
Madison,2011,Black,55-64,219,24663
Madison,2011,White,55-64,5066,24664
Madison,2012,Black,55-64,220,24666
Madison,2012,White,55-64,5148,24667
Madison,2013,Black,55-64,225,24669
Madison,2013,White,55-64,5271,24670
Madison,2014,Black,55-64,226,24672
Madison,2014,White,55-64,5383,24673
Madison,2015,Black,55-64,232,24675
Madison,2015,White,55-64,5466,24676
Madison,2016,Black,55-64,220,24678
Madison,2016,White,55-64,5593,24679
Madison,2017,Black,55-64,237,24681
Madison,2017,White,55-64,5639,24682
Madison,2018,Black,55-64,233,24684
Madison,2018,White,55-64,5678,24685
Madison,2019,Black,55-64,240,24687
Madison,2019,White,55-64,5785,24688
Madison,2020,Black,55-64,226,24690
Madison,2020,White,55-64,5866,24691
Mahoning,2010,Black,55-64,4269,24696
Mahoning,2010,White,55-64,29524,24697
Mahoning,2011,Black,55-64,4455,24699
Mahoning,2011,White,55-64,30482,24700
Mahoning,2012,Black,55-64,4570,24702
Mahoning,2012,White,55-64,30567,24703
Mahoning,2013,Black,55-64,4669,24705
Mahoning,2013,White,55-64,30853,24706
Mahoning,2014,Black,55-64,4707,24708
Mahoning,2014,White,55-64,30919,24709
Mahoning,2015,Black,55-64,4741,24711
Mahoning,2015,White,55-64,30824,24712
Mahoning,2016,Black,55-64,4674,24714
Mahoning,2016,White,55-64,30750,24715
Mahoning,2017,Black,55-64,4581,24717
Mahoning,2017,White,55-64,30469,24718
Mahoning,2018,Black,55-64,4463,24720
Mahoning,2018,White,55-64,30001,24721
Mahoning,2019,Black,55-64,4294,24723
Mahoning,2019,White,55-64,29370,24724
Mahoning,2020,Black,55-64,4050,24726
Mahoning,2020,White,55-64,28541,24727
Marion,2010,Black,55-64,358,24732
Marion,2010,White,55-64,8325,24733
Marion,2011,Black,55-64,373,24735
Marion,2011,White,55-64,8569,24736
Marion,2012,Black,55-64,385,24738
Marion,2012,White,55-64,8582,24739
Marion,2013,Black,55-64,394,24741
Marion,2013,White,55-64,8676,24742
Marion,2014,Black,55-64,410,24744
Marion,2014,White,55-64,8608,24745
Marion,2015,Black,55-64,422,24747
Marion,2015,White,55-64,8673,24748
Marion,2016,Black,55-64,446,24750
Marion,2016,White,55-64,8693,24751
Marion,2017,Black,55-64,438,24753
Marion,2017,White,55-64,8625,24754
Marion,2018,Black,55-64,438,24756
Marion,2018,White,55-64,8554,24757
Marion,2019,Black,55-64,436,24759
Marion,2019,White,55-64,8454,24760
Marion,2020,Black,55-64,439,24762
Marion,2020,White,55-64,8250,24763
Medina,2010,Black,55-64,230,24768
Medina,2010,White,55-64,22389,24769
Medina,2011,Black,55-64,240,24771
Medina,2011,White,55-64,23163,24772
Medina,2012,Black,55-64,249,24774
Medina,2012,White,55-64,23251,24775
Medina,2013,Black,55-64,256,24777
Medina,2013,White,55-64,23630,24778
Medina,2014,Black,55-64,284,24780
Medina,2014,White,55-64,24076,24781
Medina,2015,Black,55-64,273,24783
Medina,2015,White,55-64,24416,24784
Medina,2016,Black,55-64,276,24786
Medina,2016,White,55-64,24813,24787
Medina,2017,Black,55-64,296,24789
Medina,2017,White,55-64,25125,24790
Medina,2018,Black,55-64,300,24792
Medina,2018,White,55-64,25486,24793
Medina,2019,Black,55-64,318,24795
Medina,2019,White,55-64,25797,24796
Medina,2020,Black,55-64,308,24798
Medina,2020,White,55-64,25890,24799
Meigs,2010,Black,55-64,37,24804
Meigs,2010,White,55-64,3285,24805
Meigs,2011,Black,55-64,38,24807
Meigs,2011,White,55-64,3426,24808
Meigs,2012,Black,55-64,42,24810
Meigs,2012,White,55-64,3386,24811
Meigs,2013,Black,55-64,46,24813
Meigs,2013,White,55-64,3418,24814
Meigs,2014,Black,55-64,46,24816
Meigs,2014,White,55-64,3423,24817
Meigs,2015,Black,55-64,43,24819
Meigs,2015,White,55-64,3459,24820
Meigs,2016,Black,55-64,45,24822
Meigs,2016,White,55-64,3493,24823
Meigs,2017,Black,55-64,46,24825
Meigs,2017,White,55-64,3471,24826
Meigs,2018,Black,55-64,47,24828
Meigs,2018,White,55-64,3478,24829
Meigs,2019,Black,55-64,41,24831
Meigs,2019,White,55-64,3425,24832
Meigs,2020,Black,55-64,32,24834
Meigs,2020,White,55-64,3340,24835
Mercer,2010,Black,55-64,12,24840
Mercer,2010,White,55-64,5229,24841
Mercer,2011,Black,55-64,13,24843
Mercer,2011,White,55-64,5491,24844
Mercer,2012,Black,55-64,18,24846
Mercer,2012,White,55-64,5562,24847
Mercer,2013,Black,55-64,21,24849
Mercer,2013,White,55-64,5637,24850
Mercer,2014,Black,55-64,22,24852
Mercer,2014,White,55-64,5763,24853
Mercer,2015,Black,55-64,23,24855
Mercer,2015,White,55-64,5822,24856
Mercer,2016,Black,55-64,27,24858
Mercer,2016,White,55-64,5897,24859
Mercer,2017,Black,55-64,29,24861
Mercer,2017,White,55-64,5936,24862
Mercer,2018,Black,55-64,36,24864
Mercer,2018,White,55-64,5875,24865
Mercer,2019,Black,55-64,38,24867
Mercer,2019,White,55-64,5764,24868
Mercer,2020,Black,55-64,36,24870
Mercer,2020,White,55-64,5625,24871
Miami,2010,Black,55-64,241,24876
Miami,2010,White,55-64,13465,24877
Miami,2011,Black,55-64,238,24879
Miami,2011,White,55-64,13798,24880
Miami,2012,Black,55-64,248,24882
Miami,2012,White,55-64,13774,24883
Miami,2013,Black,55-64,277,24885
Miami,2013,White,55-64,13847,24886
Miami,2014,Black,55-64,288,24888
Miami,2014,White,55-64,13985,24889
Miami,2015,Black,55-64,295,24891
Miami,2015,White,55-64,14128,24892
Miami,2016,Black,55-64,296,24894
Miami,2016,White,55-64,14282,24895
Miami,2017,Black,55-64,321,24897
Miami,2017,White,55-64,14290,24898
Miami,2018,Black,55-64,321,24900
Miami,2018,White,55-64,14341,24901
Miami,2019,Black,55-64,348,24903
Miami,2019,White,55-64,14362,24904
Miami,2020,Black,55-64,376,24906
Miami,2020,White,55-64,14185,24907
Monroe,2010,Black,55-64,9,24912
Monroe,2010,White,55-64,2208,24913
Monroe,2011,Black,55-64,8,24915
Monroe,2011,White,55-64,2229,24916
Monroe,2012,Black,55-64,9,24918
Monroe,2012,White,55-64,2217,24919
Monroe,2013,Black,55-64,10,24921
Monroe,2013,White,55-64,2222,24922
Monroe,2014,Black,55-64,12,24924
Monroe,2014,White,55-64,2192,24925
Monroe,2015,Black,55-64,13,24927
Monroe,2015,White,55-64,2159,24928
Monroe,2016,Black,55-64,16,24930
Monroe,2016,White,55-64,2134,24931
Monroe,2017,Black,55-64,15,24933
Monroe,2017,White,55-64,2132,24934
Monroe,2018,Black,55-64,20,24936
Monroe,2018,White,55-64,2064,24937
Monroe,2019,Black,55-64,18,24939
Monroe,2019,White,55-64,2028,24940
Monroe,2020,Black,55-64,17,24942
Monroe,2020,White,55-64,2015,24943
Montgomery,2010,Black,55-64,12720,24948
Montgomery,2010,White,55-64,54480,24949
Montgomery,2011,Black,55-64,13166,24951
Montgomery,2011,White,55-64,55896,24952
Montgomery,2012,Black,55-64,13346,24954
Montgomery,2012,White,55-64,55666,24955
Montgomery,2013,Black,55-64,13545,24957
Montgomery,2013,White,55-64,55647,24958
Montgomery,2014,Black,55-64,13784,24960
Montgomery,2014,White,55-64,55991,24961
Montgomery,2015,Black,55-64,14028,24963
Montgomery,2015,White,55-64,56209,24964
Montgomery,2016,Black,55-64,14120,24966
Montgomery,2016,White,55-64,56616,24967
Montgomery,2017,Black,55-64,14153,24969
Montgomery,2017,White,55-64,56457,24970
Montgomery,2018,Black,55-64,14223,24972
Montgomery,2018,White,55-64,56048,24973
Montgomery,2019,Black,55-64,14262,24975
Montgomery,2019,White,55-64,55582,24976
Montgomery,2020,Black,55-64,14204,24978
Montgomery,2020,White,55-64,54695,24979
Morgan,2010,Black,55-64,67,24984
Morgan,2010,White,55-64,2044,24985
Morgan,2011,Black,55-64,66,24987
Morgan,2011,White,55-64,2093,24988
Morgan,2012,Black,55-64,75,24990
Morgan,2012,White,55-64,2072,24991
Morgan,2013,Black,55-64,70,24993
Morgan,2013,White,55-64,2095,24994
Morgan,2014,Black,55-64,76,24996
Morgan,2014,White,55-64,2083,24997
Morgan,2015,Black,55-64,74,24999
Morgan,2015,White,55-64,2111,25000
Morgan,2016,Black,55-64,79,25002
Morgan,2016,White,55-64,2173,25003
Morgan,2017,Black,55-64,77,25005
Morgan,2017,White,55-64,2202,25006
Morgan,2018,Black,55-64,76,25008
Morgan,2018,White,55-64,2163,25009
Morgan,2019,Black,55-64,75,25011
Morgan,2019,White,55-64,2124,25012
Morgan,2020,Black,55-64,65,25014
Morgan,2020,White,55-64,2127,25015
Morrow,2010,Black,55-64,31,25020
Morrow,2010,White,55-64,4498,25021
Morrow,2011,Black,55-64,28,25023
Morrow,2011,White,55-64,4709,25024
Morrow,2012,Black,55-64,28,25026
Morrow,2012,White,55-64,4781,25027
Morrow,2013,Black,55-64,35,25029
Morrow,2013,White,55-64,4896,25030
Morrow,2014,Black,55-64,38,25032
Morrow,2014,White,55-64,5013,25033
Morrow,2015,Black,55-64,34,25035
Morrow,2015,White,55-64,5135,25036
Morrow,2016,Black,55-64,38,25038
Morrow,2016,White,55-64,5233,25039
Morrow,2017,Black,55-64,44,25041
Morrow,2017,White,55-64,5272,25042
Morrow,2018,Black,55-64,48,25044
Morrow,2018,White,55-64,5332,25045
Morrow,2019,Black,55-64,44,25047
Morrow,2019,White,55-64,5361,25048
Morrow,2020,Black,55-64,45,25050
Morrow,2020,White,55-64,5287,25051
Muskingum,2010,Black,55-64,408,25056
Muskingum,2010,White,55-64,10483,25057
Muskingum,2011,Black,55-64,413,25059
Muskingum,2011,White,55-64,10852,25060
Muskingum,2012,Black,55-64,431,25062
Muskingum,2012,White,55-64,10979,25063
Muskingum,2013,Black,55-64,456,25065
Muskingum,2013,White,55-64,11130,25066
Muskingum,2014,Black,55-64,477,25068
Muskingum,2014,White,55-64,11151,25069
Muskingum,2015,Black,55-64,481,25071
Muskingum,2015,White,55-64,11274,25072
Muskingum,2016,Black,55-64,478,25074
Muskingum,2016,White,55-64,11354,25075
Muskingum,2017,Black,55-64,468,25077
Muskingum,2017,White,55-64,11479,25078
Muskingum,2018,Black,55-64,460,25080
Muskingum,2018,White,55-64,11472,25081
Muskingum,2019,Black,55-64,468,25083
Muskingum,2019,White,55-64,11346,25084
Muskingum,2020,Black,55-64,467,25086
Muskingum,2020,White,55-64,11255,25087
Noble,2010,Black,55-64,170,25092
Noble,2010,White,55-64,2593,25093
Noble,2011,Black,55-64,168,25095
Noble,2011,White,55-64,2650,25096
Noble,2012,Black,55-64,170,25098
Noble,2012,White,55-64,2643,25099
Noble,2013,Black,55-64,176,25101
Noble,2013,White,55-64,2718,25102
Noble,2014,Black,55-64,175,25104
Noble,2014,White,55-64,2704,25105
Noble,2015,Black,55-64,173,25107
Noble,2015,White,55-64,2661,25108
Noble,2016,Black,55-64,174,25110
Noble,2016,White,55-64,2665,25111
Noble,2017,Black,55-64,172,25113
Noble,2017,White,55-64,2641,25114
Noble,2018,Black,55-64,174,25116
Noble,2018,White,55-64,2617,25117
Noble,2019,Black,55-64,172,25119
Noble,2019,White,55-64,2568,25120
Noble,2020,Black,55-64,174,25122
Noble,2020,White,55-64,2536,25123
NonOH,2010,Black,55-64,0,25128
NonOH,2010,White,55-64,0,25129
NonOH,2011,Black,55-64,0,25131
NonOH,2011,White,55-64,0,25132
NonOH,2012,Black,55-64,0,25134
NonOH,2012,White,55-64,0,25135
NonOH,2013,Black,55-64,0,25137
NonOH,2013,White,55-64,0,25138
NonOH,2014,Black,55-64,0,25140
NonOH,2014,White,55-64,0,25141
NonOH,2015,Black,55-64,0,25143
NonOH,2015,White,55-64,0,25144
NonOH,2016,Black,55-64,0,25146
NonOH,2016,White,55-64,0,25147
NonOH,2017,Black,55-64,0,25149
NonOH,2017,White,55-64,0,25150
NonOH,2018,Black,55-64,0,25152
NonOH,2018,White,55-64,0,25153
NonOH,2019,Black,55-64,0,25155
NonOH,2019,White,55-64,0,25156
NonOH,2020,Black,55-64,0,25158
NonOH,2020,White,55-64,0,25159
Ottawa,2010,Black,55-64,43,25164
Ottawa,2010,White,55-64,6644,25165
Ottawa,2011,Black,55-64,47,25167
Ottawa,2011,White,55-64,6876,25168
Ottawa,2012,Black,55-64,51,25170
Ottawa,2012,White,55-64,6819,25171
Ottawa,2013,Black,55-64,58,25173
Ottawa,2013,White,55-64,6849,25174
Ottawa,2014,Black,55-64,57,25176
Ottawa,2014,White,55-64,6938,25177
Ottawa,2015,Black,55-64,55,25179
Ottawa,2015,White,55-64,6952,25180
Ottawa,2016,Black,55-64,60,25182
Ottawa,2016,White,55-64,6977,25183
Ottawa,2017,Black,55-64,65,25185
Ottawa,2017,White,55-64,6981,25186
Ottawa,2018,Black,55-64,58,25188
Ottawa,2018,White,55-64,6982,25189
Ottawa,2019,Black,55-64,58,25191
Ottawa,2019,White,55-64,6911,25192
Ottawa,2020,Black,55-64,67,25194
Ottawa,2020,White,55-64,6791,25195
Paulding,2010,Black,55-64,24,25200
Paulding,2010,White,55-64,2624,25201
Paulding,2011,Black,55-64,29,25203
Paulding,2011,White,55-64,2706,25204
Paulding,2012,Black,55-64,34,25206
Paulding,2012,White,55-64,2670,25207
Paulding,2013,Black,55-64,31,25209
Paulding,2013,White,55-64,2691,25210
Paulding,2014,Black,55-64,35,25212
Paulding,2014,White,55-64,2714,25213
Paulding,2015,Black,55-64,35,25215
Paulding,2015,White,55-64,2750,25216
Paulding,2016,Black,55-64,34,25218
Paulding,2016,White,55-64,2726,25219
Paulding,2017,Black,55-64,35,25221
Paulding,2017,White,55-64,2720,25222
Paulding,2018,Black,55-64,41,25224
Paulding,2018,White,55-64,2697,25225
Paulding,2019,Black,55-64,43,25227
Paulding,2019,White,55-64,2662,25228
Paulding,2020,Black,55-64,41,25230
Paulding,2020,White,55-64,2607,25231
Perry,2010,Black,55-64,10,25236
Perry,2010,White,55-64,4605,25237
Perry,2011,Black,55-64,11,25239
Perry,2011,White,55-64,4801,25240
Perry,2012,Black,55-64,17,25242
Perry,2012,White,55-64,4802,25243
Perry,2013,Black,55-64,14,25245
Perry,2013,White,55-64,4888,25246
Perry,2014,Black,55-64,17,25248
Perry,2014,White,55-64,4960,25249
Perry,2015,Black,55-64,19,25251
Perry,2015,White,55-64,5097,25252
Perry,2016,Black,55-64,20,25254
Perry,2016,White,55-64,5144,25255
Perry,2017,Black,55-64,25,25257
Perry,2017,White,55-64,5202,25258
Perry,2018,Black,55-64,28,25260
Perry,2018,White,55-64,5211,25261
Perry,2019,Black,55-64,35,25263
Perry,2019,White,55-64,5196,25264
Perry,2020,Black,55-64,31,25266
Perry,2020,White,55-64,5190,25267
Pickaway,2010,Black,55-64,122,25272
Pickaway,2010,White,55-64,6583,25273
Pickaway,2011,Black,55-64,124,25275
Pickaway,2011,White,55-64,6795,25276
Pickaway,2012,Black,55-64,134,25278
Pickaway,2012,White,55-64,6813,25279
Pickaway,2013,Black,55-64,131,25281
Pickaway,2013,White,55-64,6872,25282
Pickaway,2014,Black,55-64,135,25284
Pickaway,2014,White,55-64,7034,25285
Pickaway,2015,Black,55-64,125,25287
Pickaway,2015,White,55-64,7179,25288
Pickaway,2016,Black,55-64,143,25290
Pickaway,2016,White,55-64,7264,25291
Pickaway,2017,Black,55-64,140,25293
Pickaway,2017,White,55-64,7268,25294
Pickaway,2018,Black,55-64,160,25296
Pickaway,2018,White,55-64,7321,25297
Pickaway,2019,Black,55-64,161,25299
Pickaway,2019,White,55-64,7406,25300
Pickaway,2020,Black,55-64,162,25302
Pickaway,2020,White,55-64,7480,25303
Pike,2010,Black,55-64,34,25308
Pike,2010,White,55-64,3554,25309
Pike,2011,Black,55-64,43,25311
Pike,2011,White,55-64,3637,25312
Pike,2012,Black,55-64,38,25314
Pike,2012,White,55-64,3646,25315
Pike,2013,Black,55-64,41,25317
Pike,2013,White,55-64,3693,25318
Pike,2014,Black,55-64,46,25320
Pike,2014,White,55-64,3778,25321
Pike,2015,Black,55-64,50,25323
Pike,2015,White,55-64,3832,25324
Pike,2016,Black,55-64,55,25326
Pike,2016,White,55-64,3833,25327
Pike,2017,Black,55-64,51,25329
Pike,2017,White,55-64,3843,25330
Pike,2018,Black,55-64,51,25332
Pike,2018,White,55-64,3809,25333
Pike,2019,Black,55-64,48,25335
Pike,2019,White,55-64,3855,25336
Pike,2020,Black,55-64,52,25338
Pike,2020,White,55-64,3826,25339
Portage,2010,Black,55-64,580,25344
Portage,2010,White,55-64,19274,25345
Portage,2011,Black,55-64,617,25347
Portage,2011,White,55-64,19920,25348
Portage,2012,Black,55-64,618,25350
Portage,2012,White,55-64,20154,25351
Portage,2013,Black,55-64,614,25353
Portage,2013,White,55-64,20565,25354
Portage,2014,Black,55-64,647,25356
Portage,2014,White,55-64,20960,25357
Portage,2015,Black,55-64,671,25359
Portage,2015,White,55-64,21189,25360
Portage,2016,Black,55-64,706,25362
Portage,2016,White,55-64,21498,25363
Portage,2017,Black,55-64,720,25365
Portage,2017,White,55-64,21813,25366
Portage,2018,Black,55-64,745,25368
Portage,2018,White,55-64,21909,25369
Portage,2019,Black,55-64,793,25371
Portage,2019,White,55-64,21956,25372
Portage,2020,Black,55-64,816,25374
Portage,2020,White,55-64,21887,25375
Preble,2010,Black,55-64,26,25380
Preble,2010,White,55-64,5782,25381
Preble,2011,Black,55-64,34,25383
Preble,2011,White,55-64,5876,25384
Preble,2012,Black,55-64,32,25386
Preble,2012,White,55-64,5845,25387
Preble,2013,Black,55-64,34,25389
Preble,2013,White,55-64,5962,25390
Preble,2014,Black,55-64,36,25392
Preble,2014,White,55-64,6018,25393
Preble,2015,Black,55-64,42,25395
Preble,2015,White,55-64,5922,25396
Preble,2016,Black,55-64,43,25398
Preble,2016,White,55-64,5978,25399
Preble,2017,Black,55-64,43,25401
Preble,2017,White,55-64,5972,25402
Preble,2018,Black,55-64,45,25404
Preble,2018,White,55-64,5959,25405
Preble,2019,Black,55-64,38,25407
Preble,2019,White,55-64,5956,25408
Preble,2020,Black,55-64,39,25410
Preble,2020,White,55-64,5946,25411
Putnam,2010,Black,55-64,9,25416
Putnam,2010,White,55-64,4185,25417
Putnam,2011,Black,55-64,12,25419
Putnam,2011,White,55-64,4372,25420
Putnam,2012,Black,55-64,16,25422
Putnam,2012,White,55-64,4494,25423
Putnam,2013,Black,55-64,11,25425
Putnam,2013,White,55-64,4635,25426
Putnam,2014,Black,55-64,11,25428
Putnam,2014,White,55-64,4778,25429
Putnam,2015,Black,55-64,12,25431
Putnam,2015,White,55-64,4845,25432
Putnam,2016,Black,55-64,12,25434
Putnam,2016,White,55-64,4873,25435
Putnam,2017,Black,55-64,14,25437
Putnam,2017,White,55-64,4950,25438
Putnam,2018,Black,55-64,20,25440
Putnam,2018,White,55-64,4931,25441
Putnam,2019,Black,55-64,16,25443
Putnam,2019,White,55-64,4868,25444
Putnam,2020,Black,55-64,22,25446
Putnam,2020,White,55-64,4827,25447
Richland,2010,Black,55-64,1196,25452
Richland,2010,White,55-64,15283,25453
Richland,2011,Black,55-64,1188,25455
Richland,2011,White,55-64,15696,25456
Richland,2012,Black,55-64,1198,25458
Richland,2012,White,55-64,15574,25459
Richland,2013,Black,55-64,1220,25461
Richland,2013,White,55-64,15541,25462
Richland,2014,Black,55-64,1248,25464
Richland,2014,White,55-64,15586,25465
Richland,2015,Black,55-64,1249,25467
Richland,2015,White,55-64,15669,25468
Richland,2016,Black,55-64,1245,25470
Richland,2016,White,55-64,15579,25471
Richland,2017,Black,55-64,1242,25473
Richland,2017,White,55-64,15422,25474
Richland,2018,Black,55-64,1213,25476
Richland,2018,White,55-64,15343,25477
Richland,2019,Black,55-64,1185,25479
Richland,2019,White,55-64,15097,25480
Richland,2020,Black,55-64,1170,25482
Richland,2020,White,55-64,14787,25483
Ross,2010,Black,55-64,499,25488
Ross,2010,White,55-64,9324,25489
Ross,2011,Black,55-64,522,25491
Ross,2011,White,55-64,9705,25492
Ross,2012,Black,55-64,514,25494
Ross,2012,White,55-64,9761,25495
Ross,2013,Black,55-64,509,25497
Ross,2013,White,55-64,9893,25498
Ross,2014,Black,55-64,527,25500
Ross,2014,White,55-64,10049,25501
Ross,2015,Black,55-64,530,25503
Ross,2015,White,55-64,10228,25504
Ross,2016,Black,55-64,537,25506
Ross,2016,White,55-64,10373,25507
Ross,2017,Black,55-64,532,25509
Ross,2017,White,55-64,10448,25510
Ross,2018,Black,55-64,522,25512
Ross,2018,White,55-64,10459,25513
Ross,2019,Black,55-64,511,25515
Ross,2019,White,55-64,10333,25516
Ross,2020,Black,55-64,520,25518
Ross,2020,White,55-64,10228,25519
Sandusky,2010,Black,55-64,164,25524
Sandusky,2010,White,55-64,7878,25525
Sandusky,2011,Black,55-64,171,25527
Sandusky,2011,White,55-64,8222,25528
Sandusky,2012,Black,55-64,176,25530
Sandusky,2012,White,55-64,8296,25531
Sandusky,2013,Black,55-64,183,25533
Sandusky,2013,White,55-64,8430,25534
Sandusky,2014,Black,55-64,191,25536
Sandusky,2014,White,55-64,8538,25537
Sandusky,2015,Black,55-64,194,25539
Sandusky,2015,White,55-64,8627,25540
Sandusky,2016,Black,55-64,206,25542
Sandusky,2016,White,55-64,8608,25543
Sandusky,2017,Black,55-64,219,25545
Sandusky,2017,White,55-64,8550,25546
Sandusky,2018,Black,55-64,237,25548
Sandusky,2018,White,55-64,8466,25549
Sandusky,2019,Black,55-64,228,25551
Sandusky,2019,White,55-64,8418,25552
Sandusky,2020,Black,55-64,228,25554
Sandusky,2020,White,55-64,8362,25555
Scioto,2010,Black,55-64,175,25560
Scioto,2010,White,55-64,9776,25561
Scioto,2011,Black,55-64,183,25563
Scioto,2011,White,55-64,10085,25564
Scioto,2012,Black,55-64,188,25566
Scioto,2012,White,55-64,10111,25567
Scioto,2013,Black,55-64,195,25569
Scioto,2013,White,55-64,10231,25570
Scioto,2014,Black,55-64,199,25572
Scioto,2014,White,55-64,10241,25573
Scioto,2015,Black,55-64,214,25575
Scioto,2015,White,55-64,10163,25576
Scioto,2016,Black,55-64,210,25578
Scioto,2016,White,55-64,10139,25579
Scioto,2017,Black,55-64,199,25581
Scioto,2017,White,55-64,10161,25582
Scioto,2018,Black,55-64,194,25584
Scioto,2018,White,55-64,10153,25585
Scioto,2019,Black,55-64,190,25587
Scioto,2019,White,55-64,10055,25588
Scioto,2020,Black,55-64,185,25590
Scioto,2020,White,55-64,9825,25591
Seneca,2010,Black,55-64,96,25596
Seneca,2010,White,55-64,7321,25597
Seneca,2011,Black,55-64,94,25599
Seneca,2011,White,55-64,7575,25600
Seneca,2012,Black,55-64,89,25602
Seneca,2012,White,55-64,7647,25603
Seneca,2013,Black,55-64,105,25605
Seneca,2013,White,55-64,7747,25606
Seneca,2014,Black,55-64,102,25608
Seneca,2014,White,55-64,7791,25609
Seneca,2015,Black,55-64,117,25611
Seneca,2015,White,55-64,7841,25612
Seneca,2016,Black,55-64,110,25614
Seneca,2016,White,55-64,7852,25615
Seneca,2017,Black,55-64,120,25617
Seneca,2017,White,55-64,7778,25618
Seneca,2018,Black,55-64,126,25620
Seneca,2018,White,55-64,7704,25621
Seneca,2019,Black,55-64,131,25623
Seneca,2019,White,55-64,7608,25624
Seneca,2020,Black,55-64,134,25626
Seneca,2020,White,55-64,7477,25627
Shelby,2010,Black,55-64,93,25632
Shelby,2010,White,55-64,5945,25633
Shelby,2011,Black,55-64,100,25635
Shelby,2011,White,55-64,6103,25636
Shelby,2012,Black,55-64,117,25638
Shelby,2012,White,55-64,6194,25639
Shelby,2013,Black,55-64,131,25641
Shelby,2013,White,55-64,6322,25642
Shelby,2014,Black,55-64,156,25644
Shelby,2014,White,55-64,6435,25645
Shelby,2015,Black,55-64,156,25647
Shelby,2015,White,55-64,6470,25648
Shelby,2016,Black,55-64,151,25650
Shelby,2016,White,55-64,6454,25651
Shelby,2017,Black,55-64,166,25653
Shelby,2017,White,55-64,6514,25654
Shelby,2018,Black,55-64,172,25656
Shelby,2018,White,55-64,6555,25657
Shelby,2019,Black,55-64,169,25659
Shelby,2019,White,55-64,6545,25660
Shelby,2020,Black,55-64,173,25662
Shelby,2020,White,55-64,6556,25663
Stark,2010,Black,55-64,3234,25668
Stark,2010,White,55-64,47479,25669
Stark,2011,Black,55-64,3325,25671
Stark,2011,White,55-64,48919,25672
Stark,2012,Black,55-64,3443,25674
Stark,2012,White,55-64,49149,25675
Stark,2013,Black,55-64,3503,25677
Stark,2013,White,55-64,49631,25678
Stark,2014,Black,55-64,3593,25680
Stark,2014,White,55-64,49843,25681
Stark,2015,Black,55-64,3647,25683
Stark,2015,White,55-64,49934,25684
Stark,2016,Black,55-64,3593,25686
Stark,2016,White,55-64,50191,25687
Stark,2017,Black,55-64,3608,25689
Stark,2017,White,55-64,49853,25690
Stark,2018,Black,55-64,3569,25692
Stark,2018,White,55-64,49553,25693
Stark,2019,Black,55-64,3503,25695
Stark,2019,White,55-64,48962,25696
Stark,2020,Black,55-64,3467,25698
Stark,2020,White,55-64,48284,25699
Summit,2010,Black,55-64,8742,25704
Summit,2010,White,55-64,62149,25705
Summit,2011,Black,55-64,9096,25707
Summit,2011,White,55-64,64390,25708
Summit,2012,Black,55-64,9331,25710
Summit,2012,White,55-64,64684,25711
Summit,2013,Black,55-64,9525,25713
Summit,2013,White,55-64,65493,25714
Summit,2014,Black,55-64,9611,25716
Summit,2014,White,55-64,66259,25717
Summit,2015,Black,55-64,9726,25719
Summit,2015,White,55-64,66775,25720
Summit,2016,Black,55-64,9865,25722
Summit,2016,White,55-64,66976,25723
Summit,2017,Black,55-64,9893,25725
Summit,2017,White,55-64,66987,25726
Summit,2018,Black,55-64,9893,25728
Summit,2018,White,55-64,66743,25729
Summit,2019,Black,55-64,9831,25731
Summit,2019,White,55-64,66126,25732
Summit,2020,Black,55-64,9740,25734
Summit,2020,White,55-64,64910,25735
Trumbull,2010,Black,55-64,1987,25740
Trumbull,2010,White,55-64,28135,25741
Trumbull,2011,Black,55-64,2104,25743
Trumbull,2011,White,55-64,28789,25744
Trumbull,2012,Black,55-64,2153,25746
Trumbull,2012,White,55-64,28562,25747
Trumbull,2013,Black,55-64,2216,25749
Trumbull,2013,White,55-64,28706,25750
Trumbull,2014,Black,55-64,2260,25752
Trumbull,2014,White,55-64,28732,25753
Trumbull,2015,Black,55-64,2290,25755
Trumbull,2015,White,55-64,28626,25756
Trumbull,2016,Black,55-64,2258,25758
Trumbull,2016,White,55-64,28390,25759
Trumbull,2017,Black,55-64,2221,25761
Trumbull,2017,White,55-64,28051,25762
Trumbull,2018,Black,55-64,2171,25764
Trumbull,2018,White,55-64,27638,25765
Trumbull,2019,Black,55-64,2140,25767
Trumbull,2019,White,55-64,27206,25768
Trumbull,2020,Black,55-64,2133,25770
Trumbull,2020,White,55-64,26647,25771
Tuscarawas,2010,Black,55-64,80,25776
Tuscarawas,2010,White,55-64,12354,25777
Tuscarawas,2011,Black,55-64,92,25779
Tuscarawas,2011,White,55-64,12765,25780
Tuscarawas,2012,Black,55-64,83,25782
Tuscarawas,2012,White,55-64,12870,25783
Tuscarawas,2013,Black,55-64,92,25785
Tuscarawas,2013,White,55-64,13049,25786
Tuscarawas,2014,Black,55-64,98,25788
Tuscarawas,2014,White,55-64,13027,25789
Tuscarawas,2015,Black,55-64,104,25791
Tuscarawas,2015,White,55-64,13203,25792
Tuscarawas,2016,Black,55-64,102,25794
Tuscarawas,2016,White,55-64,13219,25795
Tuscarawas,2017,Black,55-64,106,25797
Tuscarawas,2017,White,55-64,13145,25798
Tuscarawas,2018,Black,55-64,109,25800
Tuscarawas,2018,White,55-64,12998,25801
Tuscarawas,2019,Black,55-64,115,25803
Tuscarawas,2019,White,55-64,12867,25804
Tuscarawas,2020,Black,55-64,116,25806
Tuscarawas,2020,White,55-64,12594,25807
Union,2010,Black,55-64,52,25812
Union,2010,White,55-64,5326,25813
Union,2011,Black,55-64,65,25815
Union,2011,White,55-64,5565,25816
Union,2012,Black,55-64,60,25818
Union,2012,White,55-64,5675,25819
Union,2013,Black,55-64,65,25821
Union,2013,White,55-64,5846,25822
Union,2014,Black,55-64,72,25824
Union,2014,White,55-64,6072,25825
Union,2015,Black,55-64,85,25827
Union,2015,White,55-64,6266,25828
Union,2016,Black,55-64,89,25830
Union,2016,White,55-64,6444,25831
Union,2017,Black,55-64,100,25833
Union,2017,White,55-64,6640,25834
Union,2018,Black,55-64,116,25836
Union,2018,White,55-64,6795,25837
Union,2019,Black,55-64,112,25839
Union,2019,White,55-64,6924,25840
Union,2020,Black,55-64,132,25842
Union,2020,White,55-64,7058,25843
Van Wert,2010,Black,55-64,20,25848
Van Wert,2010,White,55-64,3703,25849
Van Wert,2011,Black,55-64,35,25851
Van Wert,2011,White,55-64,3805,25852
Van Wert,2012,Black,55-64,32,25854
Van Wert,2012,White,55-64,3825,25855
Van Wert,2013,Black,55-64,34,25857
Van Wert,2013,White,55-64,3910,25858
Van Wert,2014,Black,55-64,35,25860
Van Wert,2014,White,55-64,3955,25861
Van Wert,2015,Black,55-64,39,25863
Van Wert,2015,White,55-64,3970,25864
Van Wert,2016,Black,55-64,37,25866
Van Wert,2016,White,55-64,3969,25867
Van Wert,2017,Black,55-64,42,25869
Van Wert,2017,White,55-64,3956,25870
Van Wert,2018,Black,55-64,43,25872
Van Wert,2018,White,55-64,3941,25873
Van Wert,2019,Black,55-64,40,25875
Van Wert,2019,White,55-64,3958,25876
Van Wert,2020,Black,55-64,43,25878
Van Wert,2020,White,55-64,3852,25879
Vinton,2010,Black,55-64,8,25884
Vinton,2010,White,55-64,1773,25885
Vinton,2011,Black,55-64,13,25887
Vinton,2011,White,55-64,1811,25888
Vinton,2012,Black,55-64,10,25890
Vinton,2012,White,55-64,1870,25891
Vinton,2013,Black,55-64,10,25893
Vinton,2013,White,55-64,1897,25894
Vinton,2014,Black,55-64,8,25896
Vinton,2014,White,55-64,1950,25897
Vinton,2015,Black,55-64,11,25899
Vinton,2015,White,55-64,1963,25900
Vinton,2016,Black,55-64,10,25902
Vinton,2016,White,55-64,1996,25903
Vinton,2017,Black,55-64,10,25905
Vinton,2017,White,55-64,2018,25906
Vinton,2018,Black,55-64,9,25908
Vinton,2018,White,55-64,2023,25909
Vinton,2019,Black,55-64,13,25911
Vinton,2019,White,55-64,2006,25912
Vinton,2020,Black,55-64,19,25914
Vinton,2020,White,55-64,1993,25915
Warren,2010,Black,55-64,509,25920
Warren,2010,White,55-64,23018,25921
Warren,2011,Black,55-64,554,25923
Warren,2011,White,55-64,24092,25924
Warren,2012,Black,55-64,585,25926
Warren,2012,White,55-64,24572,25927
Warren,2013,Black,55-64,635,25929
Warren,2013,White,55-64,25324,25930
Warren,2014,Black,55-64,640,25932
Warren,2014,White,55-64,25851,25933
Warren,2015,Black,55-64,692,25935
Warren,2015,White,55-64,26782,25936
Warren,2016,Black,55-64,747,25938
Warren,2016,White,55-64,27668,25939
Warren,2017,Black,55-64,806,25941
Warren,2017,White,55-64,28273,25942
Warren,2018,Black,55-64,899,25944
Warren,2018,White,55-64,28902,25945
Warren,2019,Black,55-64,907,25947
Warren,2019,White,55-64,29553,25948
Warren,2020,Black,55-64,901,25950
Warren,2020,White,55-64,29921,25951
Washington,2010,Black,55-64,119,25956
Washington,2010,White,55-64,8758,25957
Washington,2011,Black,55-64,128,25959
Washington,2011,White,55-64,8933,25960
Washington,2012,Black,55-64,129,25962
Washington,2012,White,55-64,8942,25963
Washington,2013,Black,55-64,128,25965
Washington,2013,White,55-64,9033,25966
Washington,2014,Black,55-64,130,25968
Washington,2014,White,55-64,9095,25969
Washington,2015,Black,55-64,129,25971
Washington,2015,White,55-64,9222,25972
Washington,2016,Black,55-64,136,25974
Washington,2016,White,55-64,9197,25975
Washington,2017,Black,55-64,131,25977
Washington,2017,White,55-64,9203,25978
Washington,2018,Black,55-64,123,25980
Washington,2018,White,55-64,9051,25981
Washington,2019,Black,55-64,117,25983
Washington,2019,White,55-64,8878,25984
Washington,2020,Black,55-64,114,25986
Washington,2020,White,55-64,8686,25987
Wayne,2010,Black,55-64,178,25992
Wayne,2010,White,55-64,14195,25993
Wayne,2011,Black,55-64,180,25995
Wayne,2011,White,55-64,14689,25996
Wayne,2012,Black,55-64,189,25998
Wayne,2012,White,55-64,14822,25999
Wayne,2013,Black,55-64,195,26001
Wayne,2013,White,55-64,14942,26002
Wayne,2014,Black,55-64,199,26004
Wayne,2014,White,55-64,15102,26005
Wayne,2015,Black,55-64,221,26007
Wayne,2015,White,55-64,15220,26008
Wayne,2016,Black,55-64,216,26010
Wayne,2016,White,55-64,15333,26011
Wayne,2017,Black,55-64,231,26013
Wayne,2017,White,55-64,15404,26014
Wayne,2018,Black,55-64,238,26016
Wayne,2018,White,55-64,15373,26017
Wayne,2019,Black,55-64,244,26019
Wayne,2019,White,55-64,15349,26020
Wayne,2020,Black,55-64,239,26022
Wayne,2020,White,55-64,15231,26023
Williams,2010,Black,55-64,23,26028
Williams,2010,White,55-64,4803,26029
Williams,2011,Black,55-64,30,26031
Williams,2011,White,55-64,4970,26032
Williams,2012,Black,55-64,29,26034
Williams,2012,White,55-64,5041,26035
Williams,2013,Black,55-64,33,26037
Williams,2013,White,55-64,5132,26038
Williams,2014,Black,55-64,33,26040
Williams,2014,White,55-64,5252,26041
Williams,2015,Black,55-64,35,26043
Williams,2015,White,55-64,5385,26044
Williams,2016,Black,55-64,33,26046
Williams,2016,White,55-64,5402,26047
Williams,2017,Black,55-64,35,26049
Williams,2017,White,55-64,5381,26050
Williams,2018,Black,55-64,33,26052
Williams,2018,White,55-64,5399,26053
Williams,2019,Black,55-64,35,26055
Williams,2019,White,55-64,5317,26056
Williams,2020,Black,55-64,44,26058
Williams,2020,White,55-64,5251,26059
Wood,2010,Black,55-64,142,26064
Wood,2010,White,55-64,14919,26065
Wood,2011,Black,55-64,154,26067
Wood,2011,White,55-64,15453,26068
Wood,2012,Black,55-64,168,26070
Wood,2012,White,55-64,15454,26071
Wood,2013,Black,55-64,178,26073
Wood,2013,White,55-64,15614,26074
Wood,2014,Black,55-64,177,26076
Wood,2014,White,55-64,15640,26077
Wood,2015,Black,55-64,185,26079
Wood,2015,White,55-64,15656,26080
Wood,2016,Black,55-64,195,26082
Wood,2016,White,55-64,15703,26083
Wood,2017,Black,55-64,215,26085
Wood,2017,White,55-64,15659,26086
Wood,2018,Black,55-64,221,26088
Wood,2018,White,55-64,15613,26089
Wood,2019,Black,55-64,230,26091
Wood,2019,White,55-64,15452,26092
Wood,2020,Black,55-64,266,26094
Wood,2020,White,55-64,15232,26095
Wyandot,2010,Black,55-64,5,26100
Wyandot,2010,White,55-64,2935,26101
Wyandot,2011,Black,55-64,6,26103
Wyandot,2011,White,55-64,3029,26104
Wyandot,2012,Black,55-64,9,26106
Wyandot,2012,White,55-64,3023,26107
Wyandot,2013,Black,55-64,9,26109
Wyandot,2013,White,55-64,3063,26110
Wyandot,2014,Black,55-64,7,26112
Wyandot,2014,White,55-64,3106,26113
Wyandot,2015,Black,55-64,11,26115
Wyandot,2015,White,55-64,3078,26116
Wyandot,2016,Black,55-64,10,26118
Wyandot,2016,White,55-64,3112,26119
Wyandot,2017,Black,55-64,15,26121
Wyandot,2017,White,55-64,3103,26122
Wyandot,2018,Black,55-64,7,26124
Wyandot,2018,White,55-64,3075,26125
Wyandot,2019,Black,55-64,11,26127
Wyandot,2019,White,55-64,3062,26128
Wyandot,2020,Black,55-64,12,26130
Wyandot,2020,White,55-64,3095,26131
Unknown,2010,Black,55-64,0,26136
Unknown,2010,White,55-64,0,26137
Unknown,2011,Black,55-64,0,26139
Unknown,2011,White,55-64,0,26140
Unknown,2012,Black,55-64,0,26142
Unknown,2012,White,55-64,0,26143
Unknown,2013,Black,55-64,0,26145
Unknown,2013,White,55-64,0,26146
Unknown,2014,Black,55-64,0,26148
Unknown,2014,White,55-64,0,26149
Unknown,2015,Black,55-64,0,26151
Unknown,2015,White,55-64,0,26152
Unknown,2016,Black,55-64,0,26154
Unknown,2016,White,55-64,0,26155
Unknown,2017,Black,55-64,0,26157
Unknown,2017,White,55-64,0,26158
Unknown,2018,Black,55-64,0,26160
Unknown,2018,White,55-64,0,26161
Unknown,2019,Black,55-64,0,26163
Unknown,2019,White,55-64,0,26164
Unknown,2020,Black,55-64,0,26166
Unknown,2020,White,55-64,0,26167
Adams,2010,Black,65-74,7,26208
Adams,2010,White,65-74,2418,26209
Adams,2011,Black,65-74,11,26211
Adams,2011,White,65-74,2444,26212
Adams,2012,Black,65-74,8,26214
Adams,2012,White,65-74,2573,26215
Adams,2013,Black,65-74,10,26217
Adams,2013,White,65-74,2637,26218
Adams,2014,Black,65-74,12,26220
Adams,2014,White,65-74,2720,26221
Adams,2015,Black,65-74,15,26223
Adams,2015,White,65-74,2728,26224
Adams,2016,Black,65-74,13,26226
Adams,2016,White,65-74,2753,26227
Adams,2017,Black,65-74,14,26229
Adams,2017,White,65-74,2839,26230
Adams,2018,Black,65-74,13,26232
Adams,2018,White,65-74,2872,26233
Adams,2019,Black,65-74,10,26235
Adams,2019,White,65-74,2952,26236
Adams,2020,Black,65-74,19,26238
Adams,2020,White,65-74,3047,26239
Allen,2010,Black,65-74,678,26244
Allen,2010,White,65-74,7190,26245
Allen,2011,Black,65-74,704,26247
Allen,2011,White,65-74,7228,26248
Allen,2012,Black,65-74,764,26250
Allen,2012,White,65-74,7604,26251
Allen,2013,Black,65-74,816,26253
Allen,2013,White,65-74,7842,26254
Allen,2014,Black,65-74,861,26256
Allen,2014,White,65-74,8118,26257
Allen,2015,Black,65-74,877,26259
Allen,2015,White,65-74,8366,26260
Allen,2016,Black,65-74,898,26262
Allen,2016,White,65-74,8744,26263
Allen,2017,Black,65-74,926,26265
Allen,2017,White,65-74,9011,26266
Allen,2018,Black,65-74,975,26268
Allen,2018,White,65-74,9165,26269
Allen,2019,Black,65-74,1011,26271
Allen,2019,White,65-74,9517,26272
Allen,2020,Black,65-74,1050,26274
Allen,2020,White,65-74,9804,26275
Ashland,2010,Black,65-74,12,26280
Ashland,2010,White,65-74,4487,26281
Ashland,2011,Black,65-74,18,26283
Ashland,2011,White,65-74,4472,26284
Ashland,2012,Black,65-74,16,26286
Ashland,2012,White,65-74,4753,26287
Ashland,2013,Black,65-74,19,26289
Ashland,2013,White,65-74,4900,26290
Ashland,2014,Black,65-74,19,26292
Ashland,2014,White,65-74,5027,26293
Ashland,2015,Black,65-74,30,26295
Ashland,2015,White,65-74,5164,26296
Ashland,2016,Black,65-74,30,26298
Ashland,2016,White,65-74,5332,26299
Ashland,2017,Black,65-74,31,26301
Ashland,2017,White,65-74,5410,26302
Ashland,2018,Black,65-74,36,26304
Ashland,2018,White,65-74,5536,26305
Ashland,2019,Black,65-74,40,26307
Ashland,2019,White,65-74,5688,26308
Ashland,2020,Black,65-74,49,26310
Ashland,2020,White,65-74,5836,26311
Ashtabula,2010,Black,65-74,190,26316
Ashtabula,2010,White,65-74,8207,26317
Ashtabula,2011,Black,65-74,190,26319
Ashtabula,2011,White,65-74,8331,26320
Ashtabula,2012,Black,65-74,199,26322
Ashtabula,2012,White,65-74,8798,26323
Ashtabula,2013,Black,65-74,201,26325
Ashtabula,2013,White,65-74,9169,26326
Ashtabula,2014,Black,65-74,207,26328
Ashtabula,2014,White,65-74,9519,26329
Ashtabula,2015,Black,65-74,222,26331
Ashtabula,2015,White,65-74,9726,26332
Ashtabula,2016,Black,65-74,222,26334
Ashtabula,2016,White,65-74,9923,26335
Ashtabula,2017,Black,65-74,220,26337
Ashtabula,2017,White,65-74,10210,26338
Ashtabula,2018,Black,65-74,240,26340
Ashtabula,2018,White,65-74,10374,26341
Ashtabula,2019,Black,65-74,272,26343
Ashtabula,2019,White,65-74,10710,26344
Ashtabula,2020,Black,65-74,275,26346
Ashtabula,2020,White,65-74,11121,26347
Athens,2010,Black,65-74,57,26352
Athens,2010,White,65-74,3569,26353
Athens,2011,Black,65-74,63,26355
Athens,2011,White,65-74,3615,26356
Athens,2012,Black,65-74,70,26358
Athens,2012,White,65-74,3876,26359
Athens,2013,Black,65-74,77,26361
Athens,2013,White,65-74,4098,26362
Athens,2014,Black,65-74,84,26364
Athens,2014,White,65-74,4281,26365
Athens,2015,Black,65-74,86,26367
Athens,2015,White,65-74,4463,26368
Athens,2016,Black,65-74,88,26370
Athens,2016,White,65-74,4693,26371
Athens,2017,Black,65-74,85,26373
Athens,2017,White,65-74,4939,26374
Athens,2018,Black,65-74,98,26376
Athens,2018,White,65-74,5214,26377
Athens,2019,Black,65-74,92,26379
Athens,2019,White,65-74,5463,26380
Athens,2020,Black,65-74,96,26382
Athens,2020,White,65-74,5682,26383
Auglaize,2010,Black,65-74,4,26388
Auglaize,2010,White,65-74,3494,26389
Auglaize,2011,Black,65-74,7,26391
Auglaize,2011,White,65-74,3531,26392
Auglaize,2012,Black,65-74,6,26394
Auglaize,2012,White,65-74,3710,26395
Auglaize,2013,Black,65-74,8,26397
Auglaize,2013,White,65-74,3819,26398
Auglaize,2014,Black,65-74,12,26400
Auglaize,2014,White,65-74,3977,26401
Auglaize,2015,Black,65-74,16,26403
Auglaize,2015,White,65-74,4134,26404
Auglaize,2016,Black,65-74,14,26406
Auglaize,2016,White,65-74,4328,26407
Auglaize,2017,Black,65-74,13,26409
Auglaize,2017,White,65-74,4538,26410
Auglaize,2018,Black,65-74,11,26412
Auglaize,2018,White,65-74,4673,26413
Auglaize,2019,Black,65-74,18,26415
Auglaize,2019,White,65-74,4849,26416
Auglaize,2020,Black,65-74,21,26418
Auglaize,2020,White,65-74,4923,26419
Belmont,2010,Black,65-74,94,26424
Belmont,2010,White,65-74,6032,26425
Belmont,2011,Black,65-74,94,26427
Belmont,2011,White,65-74,6079,26428
Belmont,2012,Black,65-74,96,26430
Belmont,2012,White,65-74,6455,26431
Belmont,2013,Black,65-74,109,26433
Belmont,2013,White,65-74,6611,26434
Belmont,2014,Black,65-74,108,26436
Belmont,2014,White,65-74,6878,26437
Belmont,2015,Black,65-74,108,26439
Belmont,2015,White,65-74,7064,26440
Belmont,2016,Black,65-74,112,26442
Belmont,2016,White,65-74,7358,26443
Belmont,2017,Black,65-74,122,26445
Belmont,2017,White,65-74,7619,26446
Belmont,2018,Black,65-74,132,26448
Belmont,2018,White,65-74,7797,26449
Belmont,2019,Black,65-74,139,26451
Belmont,2019,White,65-74,8088,26452
Belmont,2020,Black,65-74,142,26454
Belmont,2020,White,65-74,8347,26455
Brown,2010,Black,65-74,37,26460
Brown,2010,White,65-74,3701,26461
Brown,2011,Black,65-74,38,26463
Brown,2011,White,65-74,3759,26464
Brown,2012,Black,65-74,34,26466
Brown,2012,White,65-74,3952,26467
Brown,2013,Black,65-74,34,26469
Brown,2013,White,65-74,4040,26470
Brown,2014,Black,65-74,34,26472
Brown,2014,White,65-74,4173,26473
Brown,2015,Black,65-74,36,26475
Brown,2015,White,65-74,4290,26476
Brown,2016,Black,65-74,37,26478
Brown,2016,White,65-74,4330,26479
Brown,2017,Black,65-74,39,26481
Brown,2017,White,65-74,4384,26482
Brown,2018,Black,65-74,42,26484
Brown,2018,White,65-74,4428,26485
Brown,2019,Black,65-74,41,26487
Brown,2019,White,65-74,4502,26488
Brown,2020,Black,65-74,47,26490
Brown,2020,White,65-74,4741,26491
Butler,2010,Black,65-74,1045,26496
Butler,2010,White,65-74,21638,26497
Butler,2011,Black,65-74,1073,26499
Butler,2011,White,65-74,22177,26500
Butler,2012,Black,65-74,1184,26502
Butler,2012,White,65-74,23803,26503
Butler,2013,Black,65-74,1318,26505
Butler,2013,White,65-74,25075,26506
Butler,2014,Black,65-74,1454,26508
Butler,2014,White,65-74,26338,26509
Butler,2015,Black,65-74,1592,26511
Butler,2015,White,65-74,27574,26512
Butler,2016,Black,65-74,1708,26514
Butler,2016,White,65-74,28873,26515
Butler,2017,Black,65-74,1823,26517
Butler,2017,White,65-74,29787,26518
Butler,2018,Black,65-74,1954,26520
Butler,2018,White,65-74,30542,26521
Butler,2019,Black,65-74,2123,26523
Butler,2019,White,65-74,31665,26524
Butler,2020,Black,65-74,2258,26526
Butler,2020,White,65-74,32833,26527
Carroll,2010,Black,65-74,10,26532
Carroll,2010,White,65-74,2734,26533
Carroll,2011,Black,65-74,13,26535
Carroll,2011,White,65-74,2775,26536
Carroll,2012,Black,65-74,12,26538
Carroll,2012,White,65-74,2939,26539
Carroll,2013,Black,65-74,10,26541
Carroll,2013,White,65-74,3025,26542
Carroll,2014,Black,65-74,13,26544
Carroll,2014,White,65-74,3122,26545
Carroll,2015,Black,65-74,13,26547
Carroll,2015,White,65-74,3158,26548
Carroll,2016,Black,65-74,11,26550
Carroll,2016,White,65-74,3229,26551
Carroll,2017,Black,65-74,11,26553
Carroll,2017,White,65-74,3275,26554
Carroll,2018,Black,65-74,11,26556
Carroll,2018,White,65-74,3311,26557
Carroll,2019,Black,65-74,15,26559
Carroll,2019,White,65-74,3390,26560
Carroll,2020,Black,65-74,18,26562
Carroll,2020,White,65-74,3488,26563
Champaign,2010,Black,65-74,68,26568
Champaign,2010,White,65-74,3287,26569
Champaign,2011,Black,65-74,75,26571
Champaign,2011,White,65-74,3323,26572
Champaign,2012,Black,65-74,75,26574
Champaign,2012,White,65-74,3493,26575
Champaign,2013,Black,65-74,75,26577
Champaign,2013,White,65-74,3627,26578
Champaign,2014,Black,65-74,81,26580
Champaign,2014,White,65-74,3766,26581
Champaign,2015,Black,65-74,85,26583
Champaign,2015,White,65-74,3851,26584
Champaign,2016,Black,65-74,74,26586
Champaign,2016,White,65-74,3896,26587
Champaign,2017,Black,65-74,76,26589
Champaign,2017,White,65-74,3914,26590
Champaign,2018,Black,65-74,79,26592
Champaign,2018,White,65-74,3926,26593
Champaign,2019,Black,65-74,83,26595
Champaign,2019,White,65-74,4065,26596
Champaign,2020,Black,65-74,85,26598
Champaign,2020,White,65-74,4096,26599
Clark,2010,Black,65-74,840,26604
Clark,2010,White,65-74,11023,26605
Clark,2011,Black,65-74,878,26607
Clark,2011,White,65-74,11179,26608
Clark,2012,Black,65-74,927,26610
Clark,2012,White,65-74,11699,26611
Clark,2013,Black,65-74,958,26613
Clark,2013,White,65-74,12090,26614
Clark,2014,Black,65-74,979,26616
Clark,2014,White,65-74,12508,26617
Clark,2015,Black,65-74,1009,26619
Clark,2015,White,65-74,12899,26620
Clark,2016,Black,65-74,1041,26622
Clark,2016,White,65-74,13175,26623
Clark,2017,Black,65-74,1052,26625
Clark,2017,White,65-74,13415,26626
Clark,2018,Black,65-74,1089,26628
Clark,2018,White,65-74,13690,26629
Clark,2019,Black,65-74,1138,26631
Clark,2019,White,65-74,13983,26632
Clark,2020,Black,65-74,1197,26634
Clark,2020,White,65-74,14265,26635
Clermont,2010,Black,65-74,111,26640
Clermont,2010,White,65-74,13474,26641
Clermont,2011,Black,65-74,130,26643
Clermont,2011,White,65-74,13923,26644
Clermont,2012,Black,65-74,147,26646
Clermont,2012,White,65-74,15218,26647
Clermont,2013,Black,65-74,150,26649
Clermont,2013,White,65-74,16110,26650
Clermont,2014,Black,65-74,133,26652
Clermont,2014,White,65-74,16958,26653
Clermont,2015,Black,65-74,140,26655
Clermont,2015,White,65-74,17743,26656
Clermont,2016,Black,65-74,142,26658
Clermont,2016,White,65-74,18559,26659
Clermont,2017,Black,65-74,157,26661
Clermont,2017,White,65-74,19259,26662
Clermont,2018,Black,65-74,176,26664
Clermont,2018,White,65-74,19916,26665
Clermont,2019,Black,65-74,194,26667
Clermont,2019,White,65-74,20832,26668
Clermont,2020,Black,65-74,232,26670
Clermont,2020,White,65-74,21724,26671
Clinton,2010,Black,65-74,58,26676
Clinton,2010,White,65-74,3056,26677
Clinton,2011,Black,65-74,57,26679
Clinton,2011,White,65-74,3100,26680
Clinton,2012,Black,65-74,56,26682
Clinton,2012,White,65-74,3326,26683
Clinton,2013,Black,65-74,56,26685
Clinton,2013,White,65-74,3467,26686
Clinton,2014,Black,65-74,56,26688
Clinton,2014,White,65-74,3617,26689
Clinton,2015,Black,65-74,62,26691
Clinton,2015,White,65-74,3734,26692
Clinton,2016,Black,65-74,74,26694
Clinton,2016,White,65-74,3893,26695
Clinton,2017,Black,65-74,69,26697
Clinton,2017,White,65-74,4012,26698
Clinton,2018,Black,65-74,72,26700
Clinton,2018,White,65-74,4093,26701
Clinton,2019,Black,65-74,73,26703
Clinton,2019,White,65-74,4205,26704
Clinton,2020,Black,65-74,83,26706
Clinton,2020,White,65-74,4349,26707
Columbiana,2010,Black,65-74,93,26712
Columbiana,2010,White,65-74,9262,26713
Columbiana,2011,Black,65-74,95,26715
Columbiana,2011,White,65-74,9395,26716
Columbiana,2012,Black,65-74,108,26718
Columbiana,2012,White,65-74,9972,26719
Columbiana,2013,Black,65-74,106,26721
Columbiana,2013,White,65-74,10312,26722
Columbiana,2014,Black,65-74,117,26724
Columbiana,2014,White,65-74,10585,26725
Columbiana,2015,Black,65-74,119,26727
Columbiana,2015,White,65-74,10912,26728
Columbiana,2016,Black,65-74,129,26730
Columbiana,2016,White,65-74,11146,26731
Columbiana,2017,Black,65-74,132,26733
Columbiana,2017,White,65-74,11584,26734
Columbiana,2018,Black,65-74,124,26736
Columbiana,2018,White,65-74,11881,26737
Columbiana,2019,Black,65-74,132,26739
Columbiana,2019,White,65-74,12231,26740
Columbiana,2020,Black,65-74,140,26742
Columbiana,2020,White,65-74,12710,26743
Coshocton,2010,Black,65-74,26,26748
Coshocton,2010,White,65-74,3258,26749
Coshocton,2011,Black,65-74,26,26751
Coshocton,2011,White,65-74,3266,26752
Coshocton,2012,Black,65-74,34,26754
Coshocton,2012,White,65-74,3381,26755
Coshocton,2013,Black,65-74,32,26757
Coshocton,2013,White,65-74,3479,26758
Coshocton,2014,Black,65-74,39,26760
Coshocton,2014,White,65-74,3564,26761
Coshocton,2015,Black,65-74,43,26763
Coshocton,2015,White,65-74,3630,26764
Coshocton,2016,Black,65-74,40,26766
Coshocton,2016,White,65-74,3691,26767
Coshocton,2017,Black,65-74,42,26769
Coshocton,2017,White,65-74,3785,26770
Coshocton,2018,Black,65-74,46,26772
Coshocton,2018,White,65-74,3914,26773
Coshocton,2019,Black,65-74,43,26775
Coshocton,2019,White,65-74,4041,26776
Coshocton,2020,Black,65-74,53,26778
Coshocton,2020,White,65-74,4177,26779
Crawford,2010,Black,65-74,16,26784
Crawford,2010,White,65-74,4087,26785
Crawford,2011,Black,65-74,19,26787
Crawford,2011,White,65-74,4039,26788
Crawford,2012,Black,65-74,24,26790
Crawford,2012,White,65-74,4218,26791
Crawford,2013,Black,65-74,17,26793
Crawford,2013,White,65-74,4337,26794
Crawford,2014,Black,65-74,18,26796
Crawford,2014,White,65-74,4426,26797
Crawford,2015,Black,65-74,20,26799
Crawford,2015,White,65-74,4488,26800
Crawford,2016,Black,65-74,24,26802
Crawford,2016,White,65-74,4621,26803
Crawford,2017,Black,65-74,22,26805
Crawford,2017,White,65-74,4691,26806
Crawford,2018,Black,65-74,18,26808
Crawford,2018,White,65-74,4725,26809
Crawford,2019,Black,65-74,21,26811
Crawford,2019,White,65-74,4795,26812
Crawford,2020,Black,65-74,27,26814
Crawford,2020,White,65-74,4941,26815
Cuyahoga,2010,Black,65-74,23974,26820
Cuyahoga,2010,White,65-74,69466,26821
Cuyahoga,2011,Black,65-74,24104,26823
Cuyahoga,2011,White,65-74,70214,26824
Cuyahoga,2012,Black,65-74,24959,26826
Cuyahoga,2012,White,65-74,74172,26827
Cuyahoga,2013,Black,65-74,26136,26829
Cuyahoga,2013,White,65-74,77143,26830
Cuyahoga,2014,Black,65-74,27207,26832
Cuyahoga,2014,White,65-74,79963,26833
Cuyahoga,2015,Black,65-74,28448,26835
Cuyahoga,2015,White,65-74,82835,26836
Cuyahoga,2016,Black,65-74,29661,26838
Cuyahoga,2016,White,65-74,85695,26839
Cuyahoga,2017,Black,65-74,30713,26841
Cuyahoga,2017,White,65-74,88241,26842
Cuyahoga,2018,Black,65-74,31638,26844
Cuyahoga,2018,White,65-74,90363,26845
Cuyahoga,2019,Black,65-74,32939,26847
Cuyahoga,2019,White,65-74,93155,26848
Cuyahoga,2020,Black,65-74,34281,26850
Cuyahoga,2020,White,65-74,96363,26851
Darke,2010,Black,65-74,18,26856
Darke,2010,White,65-74,4671,26857
Darke,2011,Black,65-74,15,26859
Darke,2011,White,65-74,4706,26860
Darke,2012,Black,65-74,22,26862
Darke,2012,White,65-74,4905,26863
Darke,2013,Black,65-74,20,26865
Darke,2013,White,65-74,5092,26866
Darke,2014,Black,65-74,18,26868
Darke,2014,White,65-74,5228,26869
Darke,2015,Black,65-74,22,26871
Darke,2015,White,65-74,5278,26872
Darke,2016,Black,65-74,17,26874
Darke,2016,White,65-74,5342,26875
Darke,2017,Black,65-74,17,26877
Darke,2017,White,65-74,5382,26878
Darke,2018,Black,65-74,20,26880
Darke,2018,White,65-74,5394,26881
Darke,2019,Black,65-74,17,26883
Darke,2019,White,65-74,5516,26884
Darke,2020,Black,65-74,19,26886
Darke,2020,White,65-74,5651,26887
Defiance,2010,Black,65-74,35,26892
Defiance,2010,White,65-74,3084,26893
Defiance,2011,Black,65-74,39,26895
Defiance,2011,White,65-74,3117,26896
Defiance,2012,Black,65-74,41,26898
Defiance,2012,White,65-74,3277,26899
Defiance,2013,Black,65-74,42,26901
Defiance,2013,White,65-74,3407,26902
Defiance,2014,Black,65-74,45,26904
Defiance,2014,White,65-74,3490,26905
Defiance,2015,Black,65-74,47,26907
Defiance,2015,White,65-74,3606,26908
Defiance,2016,Black,65-74,51,26910
Defiance,2016,White,65-74,3722,26911
Defiance,2017,Black,65-74,57,26913
Defiance,2017,White,65-74,3834,26914
Defiance,2018,Black,65-74,57,26916
Defiance,2018,White,65-74,3909,26917
Defiance,2019,Black,65-74,63,26919
Defiance,2019,White,65-74,4048,26920
Defiance,2020,Black,65-74,76,26922
Defiance,2020,White,65-74,4225,26923
Delaware,2010,Black,65-74,217,26928
Delaware,2010,White,65-74,9485,26929
Delaware,2011,Black,65-74,234,26931
Delaware,2011,White,65-74,10027,26932
Delaware,2012,Black,65-74,270,26934
Delaware,2012,White,65-74,11019,26935
Delaware,2013,Black,65-74,301,26937
Delaware,2013,White,65-74,11948,26938
Delaware,2014,Black,65-74,333,26940
Delaware,2014,White,65-74,12775,26941
Delaware,2015,Black,65-74,390,26943
Delaware,2015,White,65-74,13704,26944
Delaware,2016,Black,65-74,452,26946
Delaware,2016,White,65-74,14618,26947
Delaware,2017,Black,65-74,511,26949
Delaware,2017,White,65-74,15503,26950
Delaware,2018,Black,65-74,544,26952
Delaware,2018,White,65-74,16262,26953
Delaware,2019,Black,65-74,611,26955
Delaware,2019,White,65-74,17124,26956
Delaware,2020,Black,65-74,672,26958
Delaware,2020,White,65-74,18067,26959
Erie,2010,Black,65-74,404,26964
Erie,2010,White,65-74,6609,26965
Erie,2011,Black,65-74,402,26967
Erie,2011,White,65-74,6767,26968
Erie,2012,Black,65-74,424,26970
Erie,2012,White,65-74,7261,26971
Erie,2013,Black,65-74,442,26973
Erie,2013,White,65-74,7614,26974
Erie,2014,Black,65-74,468,26976
Erie,2014,White,65-74,7873,26977
Erie,2015,Black,65-74,503,26979
Erie,2015,White,65-74,8109,26980
Erie,2016,Black,65-74,531,26982
Erie,2016,White,65-74,8310,26983
Erie,2017,Black,65-74,562,26985
Erie,2017,White,65-74,8506,26986
Erie,2018,Black,65-74,559,26988
Erie,2018,White,65-74,8573,26989
Erie,2019,Black,65-74,590,26991
Erie,2019,White,65-74,8789,26992
Erie,2020,Black,65-74,593,26994
Erie,2020,White,65-74,9093,26995
Fairfield,2010,Black,65-74,192,27000
Fairfield,2010,White,65-74,10184,27001
Fairfield,2011,Black,65-74,227,27003
Fairfield,2011,White,65-74,10432,27004
Fairfield,2012,Black,65-74,266,27006
Fairfield,2012,White,65-74,11249,27007
Fairfield,2013,Black,65-74,314,27009
Fairfield,2013,White,65-74,11866,27010
Fairfield,2014,Black,65-74,370,27012
Fairfield,2014,White,65-74,12365,27013
Fairfield,2015,Black,65-74,403,27015
Fairfield,2015,White,65-74,12791,27016
Fairfield,2016,Black,65-74,429,27018
Fairfield,2016,White,65-74,13173,27019
Fairfield,2017,Black,65-74,460,27021
Fairfield,2017,White,65-74,13572,27022
Fairfield,2018,Black,65-74,478,27024
Fairfield,2018,White,65-74,13942,27025
Fairfield,2019,Black,65-74,525,27027
Fairfield,2019,White,65-74,14279,27028
Fairfield,2020,Black,65-74,615,27030
Fairfield,2020,White,65-74,14772,27031
Fayette,2010,Black,65-74,44,27036
Fayette,2010,White,65-74,2354,27037
Fayette,2011,Black,65-74,41,27039
Fayette,2011,White,65-74,2409,27040
Fayette,2012,Black,65-74,44,27042
Fayette,2012,White,65-74,2536,27043
Fayette,2013,Black,65-74,48,27045
Fayette,2013,White,65-74,2615,27046
Fayette,2014,Black,65-74,55,27048
Fayette,2014,White,65-74,2683,27049
Fayette,2015,Black,65-74,57,27051
Fayette,2015,White,65-74,2751,27052
Fayette,2016,Black,65-74,69,27054
Fayette,2016,White,65-74,2789,27055
Fayette,2017,Black,65-74,66,27057
Fayette,2017,White,65-74,2834,27058
Fayette,2018,Black,65-74,68,27060
Fayette,2018,White,65-74,2877,27061
Fayette,2019,Black,65-74,76,27063
Fayette,2019,White,65-74,2928,27064
Fayette,2020,Black,65-74,86,27066
Fayette,2020,White,65-74,3003,27067
Franklin,2010,Black,65-74,10904,27072
Franklin,2010,White,65-74,50268,27073
Franklin,2011,Black,65-74,11232,27075
Franklin,2011,White,65-74,51872,27076
Franklin,2012,Black,65-74,11934,27078
Franklin,2012,White,65-74,56404,27079
Franklin,2013,Black,65-74,12738,27081
Franklin,2013,White,65-74,59849,27082
Franklin,2014,Black,65-74,13657,27084
Franklin,2014,White,65-74,63031,27085
Franklin,2015,Black,65-74,14524,27087
Franklin,2015,White,65-74,66187,27088
Franklin,2016,Black,65-74,15487,27090
Franklin,2016,White,65-74,69371,27091
Franklin,2017,Black,65-74,16412,27093
Franklin,2017,White,65-74,72212,27094
Franklin,2018,Black,65-74,17241,27096
Franklin,2018,White,65-74,74698,27097
Franklin,2019,Black,65-74,18287,27099
Franklin,2019,White,65-74,77558,27100
Franklin,2020,Black,65-74,19239,27102
Franklin,2020,White,65-74,80455,27103
Fulton,2010,Black,65-74,7,27108
Fulton,2010,White,65-74,3099,27109
Fulton,2011,Black,65-74,6,27111
Fulton,2011,White,65-74,3141,27112
Fulton,2012,Black,65-74,6,27114
Fulton,2012,White,65-74,3325,27115
Fulton,2013,Black,65-74,10,27117
Fulton,2013,White,65-74,3484,27118
Fulton,2014,Black,65-74,9,27120
Fulton,2014,White,65-74,3685,27121
Fulton,2015,Black,65-74,8,27123
Fulton,2015,White,65-74,3802,27124
Fulton,2016,Black,65-74,13,27126
Fulton,2016,White,65-74,3955,27127
Fulton,2017,Black,65-74,16,27129
Fulton,2017,White,65-74,4124,27130
Fulton,2018,Black,65-74,15,27132
Fulton,2018,White,65-74,4265,27133
Fulton,2019,Black,65-74,22,27135
Fulton,2019,White,65-74,4462,27136
Fulton,2020,Black,65-74,22,27138
Fulton,2020,White,65-74,4638,27139
Gallia,2010,Black,65-74,71,27144
Gallia,2010,White,65-74,2732,27145
Gallia,2011,Black,65-74,69,27147
Gallia,2011,White,65-74,2712,27148
Gallia,2012,Black,65-74,70,27150
Gallia,2012,White,65-74,2774,27151
Gallia,2013,Black,65-74,79,27153
Gallia,2013,White,65-74,2852,27154
Gallia,2014,Black,65-74,79,27156
Gallia,2014,White,65-74,2896,27157
Gallia,2015,Black,65-74,78,27159
Gallia,2015,White,65-74,2912,27160
Gallia,2016,Black,65-74,82,27162
Gallia,2016,White,65-74,2976,27163
Gallia,2017,Black,65-74,81,27165
Gallia,2017,White,65-74,3048,27166
Gallia,2018,Black,65-74,73,27168
Gallia,2018,White,65-74,3087,27169
Gallia,2019,Black,65-74,77,27171
Gallia,2019,White,65-74,3111,27172
Gallia,2020,Black,65-74,78,27174
Gallia,2020,White,65-74,3200,27175
Geauga,2010,Black,65-74,117,27180
Geauga,2010,White,65-74,7904,27181
Geauga,2011,Black,65-74,112,27183
Geauga,2011,White,65-74,8226,27184
Geauga,2012,Black,65-74,115,27186
Geauga,2012,White,65-74,8822,27187
Geauga,2013,Black,65-74,110,27189
Geauga,2013,White,65-74,9208,27190
Geauga,2014,Black,65-74,109,27192
Geauga,2014,White,65-74,9595,27193
Geauga,2015,Black,65-74,108,27195
Geauga,2015,White,65-74,9938,27196
Geauga,2016,Black,65-74,104,27198
Geauga,2016,White,65-74,10269,27199
Geauga,2017,Black,65-74,107,27201
Geauga,2017,White,65-74,10618,27202
Geauga,2018,Black,65-74,103,27204
Geauga,2018,White,65-74,10753,27205
Geauga,2019,Black,65-74,107,27207
Geauga,2019,White,65-74,11070,27208
Geauga,2020,Black,65-74,118,27210
Geauga,2020,White,65-74,11311,27211
Greene,2010,Black,65-74,487,27216
Greene,2010,White,65-74,11045,27217
Greene,2011,Black,65-74,485,27219
Greene,2011,White,65-74,11325,27220
Greene,2012,Black,65-74,514,27222
Greene,2012,White,65-74,12136,27223
Greene,2013,Black,65-74,539,27225
Greene,2013,White,65-74,12814,27226
Greene,2014,Black,65-74,572,27228
Greene,2014,White,65-74,13402,27229
Greene,2015,Black,65-74,597,27231
Greene,2015,White,65-74,14021,27232
Greene,2016,Black,65-74,642,27234
Greene,2016,White,65-74,14534,27235
Greene,2017,Black,65-74,663,27237
Greene,2017,White,65-74,15078,27238
Greene,2018,Black,65-74,704,27240
Greene,2018,White,65-74,15483,27241
Greene,2019,Black,65-74,752,27243
Greene,2019,White,65-74,16066,27244
Greene,2020,Black,65-74,803,27246
Greene,2020,White,65-74,16668,27247
Guernsey,2010,Black,65-74,46,27252
Guernsey,2010,White,65-74,3527,27253
Guernsey,2011,Black,65-74,42,27255
Guernsey,2011,White,65-74,3556,27256
Guernsey,2012,Black,65-74,41,27258
Guernsey,2012,White,65-74,3723,27259
Guernsey,2013,Black,65-74,45,27261
Guernsey,2013,White,65-74,3832,27262
Guernsey,2014,Black,65-74,49,27264
Guernsey,2014,White,65-74,3915,27265
Guernsey,2015,Black,65-74,52,27267
Guernsey,2015,White,65-74,4047,27268
Guernsey,2016,Black,65-74,60,27270
Guernsey,2016,White,65-74,4149,27271
Guernsey,2017,Black,65-74,62,27273
Guernsey,2017,White,65-74,4214,27274
Guernsey,2018,Black,65-74,57,27276
Guernsey,2018,White,65-74,4264,27277
Guernsey,2019,Black,65-74,64,27279
Guernsey,2019,White,65-74,4402,27280
Guernsey,2020,Black,65-74,59,27282
Guernsey,2020,White,65-74,4578,27283
Hamilton,2010,Black,65-74,11251,27288
Hamilton,2010,White,65-74,41202,27289
Hamilton,2011,Black,65-74,11423,27291
Hamilton,2011,White,65-74,41528,27292
Hamilton,2012,Black,65-74,11902,27294
Hamilton,2012,White,65-74,44157,27295
Hamilton,2013,Black,65-74,12431,27297
Hamilton,2013,White,65-74,46053,27298
Hamilton,2014,Black,65-74,12996,27300
Hamilton,2014,White,65-74,47870,27301
Hamilton,2015,Black,65-74,13619,27303
Hamilton,2015,White,65-74,49618,27304
Hamilton,2016,Black,65-74,14393,27306
Hamilton,2016,White,65-74,51595,27307
Hamilton,2017,Black,65-74,14980,27309
Hamilton,2017,White,65-74,53442,27310
Hamilton,2018,Black,65-74,15524,27312
Hamilton,2018,White,65-74,55005,27313
Hamilton,2019,Black,65-74,16373,27315
Hamilton,2019,White,65-74,57139,27316
Hamilton,2020,Black,65-74,17312,27318
Hamilton,2020,White,65-74,59346,27319
Hancock,2010,Black,65-74,34,27324
Hancock,2010,White,65-74,5536,27325
Hancock,2011,Black,65-74,37,27327
Hancock,2011,White,65-74,5669,27328
Hancock,2012,Black,65-74,41,27330
Hancock,2012,White,65-74,6065,27331
Hancock,2013,Black,65-74,44,27333
Hancock,2013,White,65-74,6234,27334
Hancock,2014,Black,65-74,48,27336
Hancock,2014,White,65-74,6465,27337
Hancock,2015,Black,65-74,57,27339
Hancock,2015,White,65-74,6686,27340
Hancock,2016,Black,65-74,61,27342
Hancock,2016,White,65-74,6866,27343
Hancock,2017,Black,65-74,70,27345
Hancock,2017,White,65-74,7044,27346
Hancock,2018,Black,65-74,75,27348
Hancock,2018,White,65-74,7291,27349
Hancock,2019,Black,65-74,76,27351
Hancock,2019,White,65-74,7488,27352
Hancock,2020,Black,65-74,84,27354
Hancock,2020,White,65-74,7764,27355
Hardin,2010,Black,65-74,18,27360
Hardin,2010,White,65-74,2345,27361
Hardin,2011,Black,65-74,16,27363
Hardin,2011,White,65-74,2381,27364
Hardin,2012,Black,65-74,17,27366
Hardin,2012,White,65-74,2516,27367
Hardin,2013,Black,65-74,18,27369
Hardin,2013,White,65-74,2580,27370
Hardin,2014,Black,65-74,17,27372
Hardin,2014,White,65-74,2620,27373
Hardin,2015,Black,65-74,16,27375
Hardin,2015,White,65-74,2702,27376
Hardin,2016,Black,65-74,19,27378
Hardin,2016,White,65-74,2765,27379
Hardin,2017,Black,65-74,18,27381
Hardin,2017,White,65-74,2833,27382
Hardin,2018,Black,65-74,16,27384
Hardin,2018,White,65-74,2887,27385
Hardin,2019,Black,65-74,19,27387
Hardin,2019,White,65-74,2938,27388
Hardin,2020,Black,65-74,19,27390
Hardin,2020,White,65-74,3005,27391
Harrison,2010,Black,65-74,34,27396
Harrison,2010,White,65-74,1525,27397
Harrison,2011,Black,65-74,37,27399
Harrison,2011,White,65-74,1510,27400
Harrison,2012,Black,65-74,35,27402
Harrison,2012,White,65-74,1583,27403
Harrison,2013,Black,65-74,36,27405
Harrison,2013,White,65-74,1622,27406
Harrison,2014,Black,65-74,39,27408
Harrison,2014,White,65-74,1661,27409
Harrison,2015,Black,65-74,39,27411
Harrison,2015,White,65-74,1699,27412
Harrison,2016,Black,65-74,41,27414
Harrison,2016,White,65-74,1707,27415
Harrison,2017,Black,65-74,40,27417
Harrison,2017,White,65-74,1772,27418
Harrison,2018,Black,65-74,44,27420
Harrison,2018,White,65-74,1779,27421
Harrison,2019,Black,65-74,47,27423
Harrison,2019,White,65-74,1842,27424
Harrison,2020,Black,65-74,47,27426
Harrison,2020,White,65-74,1943,27427
Henry,2010,Black,65-74,2,27432
Henry,2010,White,65-74,2161,27433
Henry,2011,Black,65-74,4,27435
Henry,2011,White,65-74,2165,27436
Henry,2012,Black,65-74,6,27438
Henry,2012,White,65-74,2233,27439
Henry,2013,Black,65-74,5,27441
Henry,2013,White,65-74,2306,27442
Henry,2014,Black,65-74,7,27444
Henry,2014,White,65-74,2401,27445
Henry,2015,Black,65-74,9,27447
Henry,2015,White,65-74,2462,27448
Henry,2016,Black,65-74,9,27450
Henry,2016,White,65-74,2533,27451
Henry,2017,Black,65-74,11,27453
Henry,2017,White,65-74,2643,27454
Henry,2018,Black,65-74,11,27456
Henry,2018,White,65-74,2699,27457
Henry,2019,Black,65-74,11,27459
Henry,2019,White,65-74,2778,27460
Henry,2020,Black,65-74,16,27462
Henry,2020,White,65-74,2905,27463
Highland,2010,Black,65-74,61,27468
Highland,2010,White,65-74,3635,27469
Highland,2011,Black,65-74,59,27471
Highland,2011,White,65-74,3631,27472
Highland,2012,Black,65-74,59,27474
Highland,2012,White,65-74,3840,27475
Highland,2013,Black,65-74,58,27477
Highland,2013,White,65-74,3941,27478
Highland,2014,Black,65-74,57,27480
Highland,2014,White,65-74,4070,27481
Highland,2015,Black,65-74,63,27483
Highland,2015,White,65-74,4180,27484
Highland,2016,Black,65-74,62,27486
Highland,2016,White,65-74,4285,27487
Highland,2017,Black,65-74,65,27489
Highland,2017,White,65-74,4334,27490
Highland,2018,Black,65-74,66,27492
Highland,2018,White,65-74,4431,27493
Highland,2019,Black,65-74,68,27495
Highland,2019,White,65-74,4559,27496
Highland,2020,Black,65-74,70,27498
Highland,2020,White,65-74,4698,27499
Hocking,2010,Black,65-74,41,27504
Hocking,2010,White,65-74,2704,27505
Hocking,2011,Black,65-74,43,27507
Hocking,2011,White,65-74,2716,27508
Hocking,2012,Black,65-74,40,27510
Hocking,2012,White,65-74,2861,27511
Hocking,2013,Black,65-74,18,27513
Hocking,2013,White,65-74,2832,27514
Hocking,2014,Black,65-74,18,27516
Hocking,2014,White,65-74,2952,27517
Hocking,2015,Black,65-74,15,27519
Hocking,2015,White,65-74,2998,27520
Hocking,2016,Black,65-74,13,27522
Hocking,2016,White,65-74,3018,27523
Hocking,2017,Black,65-74,19,27525
Hocking,2017,White,65-74,3078,27526
Hocking,2018,Black,65-74,21,27528
Hocking,2018,White,65-74,3103,27529
Hocking,2019,Black,65-74,22,27531
Hocking,2019,White,65-74,3155,27532
Hocking,2020,Black,65-74,27,27534
Hocking,2020,White,65-74,3252,27535
Holmes,2010,Black,65-74,11,27540
Holmes,2010,White,65-74,2558,27541
Holmes,2011,Black,65-74,10,27543
Holmes,2011,White,65-74,2598,27544
Holmes,2012,Black,65-74,9,27546
Holmes,2012,White,65-74,2764,27547
Holmes,2013,Black,65-74,12,27549
Holmes,2013,White,65-74,2848,27550
Holmes,2014,Black,65-74,15,27552
Holmes,2014,White,65-74,2968,27553
Holmes,2015,Black,65-74,13,27555
Holmes,2015,White,65-74,3061,27556
Holmes,2016,Black,65-74,16,27558
Holmes,2016,White,65-74,3152,27559
Holmes,2017,Black,65-74,19,27561
Holmes,2017,White,65-74,3251,27562
Holmes,2018,Black,65-74,20,27564
Holmes,2018,White,65-74,3370,27565
Holmes,2019,Black,65-74,23,27567
Holmes,2019,White,65-74,3438,27568
Holmes,2020,Black,65-74,18,27570
Holmes,2020,White,65-74,3580,27571
Huron,2010,Black,65-74,36,27576
Huron,2010,White,65-74,4351,27577
Huron,2011,Black,65-74,33,27579
Huron,2011,White,65-74,4430,27580
Huron,2012,Black,65-74,38,27582
Huron,2012,White,65-74,4706,27583
Huron,2013,Black,65-74,45,27585
Huron,2013,White,65-74,4950,27586
Huron,2014,Black,65-74,46,27588
Huron,2014,White,65-74,5179,27589
Huron,2015,Black,65-74,48,27591
Huron,2015,White,65-74,5306,27592
Huron,2016,Black,65-74,50,27594
Huron,2016,White,65-74,5561,27595
Huron,2017,Black,65-74,58,27597
Huron,2017,White,65-74,5726,27598
Huron,2018,Black,65-74,53,27600
Huron,2018,White,65-74,5832,27601
Huron,2019,Black,65-74,66,27603
Huron,2019,White,65-74,6030,27604
Huron,2020,Black,65-74,64,27606
Huron,2020,White,65-74,6203,27607
Jackson,2010,Black,65-74,17,27612
Jackson,2010,White,65-74,2613,27613
Jackson,2011,Black,65-74,17,27615
Jackson,2011,White,65-74,2647,27616
Jackson,2012,Black,65-74,20,27618
Jackson,2012,White,65-74,2803,27619
Jackson,2013,Black,65-74,23,27621
Jackson,2013,White,65-74,2883,27622
Jackson,2014,Black,65-74,24,27624
Jackson,2014,White,65-74,2988,27625
Jackson,2015,Black,65-74,27,27627
Jackson,2015,White,65-74,3097,27628
Jackson,2016,Black,65-74,28,27630
Jackson,2016,White,65-74,3199,27631
Jackson,2017,Black,65-74,35,27633
Jackson,2017,White,65-74,3291,27634
Jackson,2018,Black,65-74,33,27636
Jackson,2018,White,65-74,3348,27637
Jackson,2019,Black,65-74,35,27639
Jackson,2019,White,65-74,3455,27640
Jackson,2020,Black,65-74,30,27642
Jackson,2020,White,65-74,3537,27643
Jefferson,2010,Black,65-74,324,27648
Jefferson,2010,White,65-74,6217,27649
Jefferson,2011,Black,65-74,332,27651
Jefferson,2011,White,65-74,6266,27652
Jefferson,2012,Black,65-74,340,27654
Jefferson,2012,White,65-74,6509,27655
Jefferson,2013,Black,65-74,353,27657
Jefferson,2013,White,65-74,6696,27658
Jefferson,2014,Black,65-74,355,27660
Jefferson,2014,White,65-74,6890,27661
Jefferson,2015,Black,65-74,360,27663
Jefferson,2015,White,65-74,7033,27664
Jefferson,2016,Black,65-74,367,27666
Jefferson,2016,White,65-74,7232,27667
Jefferson,2017,Black,65-74,385,27669
Jefferson,2017,White,65-74,7431,27670
Jefferson,2018,Black,65-74,386,27672
Jefferson,2018,White,65-74,7641,27673
Jefferson,2019,Black,65-74,402,27675
Jefferson,2019,White,65-74,7903,27676
Jefferson,2020,Black,65-74,370,27678
Jefferson,2020,White,65-74,8116,27679
Knox,2010,Black,65-74,22,27684
Knox,2010,White,65-74,4827,27685
Knox,2011,Black,65-74,24,27687
Knox,2011,White,65-74,4920,27688
Knox,2012,Black,65-74,31,27690
Knox,2012,White,65-74,5174,27691
Knox,2013,Black,65-74,35,27693
Knox,2013,White,65-74,5390,27694
Knox,2014,Black,65-74,39,27696
Knox,2014,White,65-74,5609,27697
Knox,2015,Black,65-74,43,27699
Knox,2015,White,65-74,5768,27700
Knox,2016,Black,65-74,52,27702
Knox,2016,White,65-74,5985,27703
Knox,2017,Black,65-74,54,27705
Knox,2017,White,65-74,6215,27706
Knox,2018,Black,65-74,56,27708
Knox,2018,White,65-74,6347,27709
Knox,2019,Black,65-74,67,27711
Knox,2019,White,65-74,6553,27712
Knox,2020,Black,65-74,67,27714
Knox,2020,White,65-74,6802,27715
Lake,2010,Black,65-74,368,27720
Lake,2010,White,65-74,18947,27721
Lake,2011,Black,65-74,390,27723
Lake,2011,White,65-74,19331,27724
Lake,2012,Black,65-74,437,27726
Lake,2012,White,65-74,20525,27727
Lake,2013,Black,65-74,467,27729
Lake,2013,White,65-74,21416,27730
Lake,2014,Black,65-74,486,27732
Lake,2014,White,65-74,22283,27733
Lake,2015,Black,65-74,537,27735
Lake,2015,White,65-74,23005,27736
Lake,2016,Black,65-74,592,27738
Lake,2016,White,65-74,23671,27739
Lake,2017,Black,65-74,647,27741
Lake,2017,White,65-74,24425,27742
Lake,2018,Black,65-74,674,27744
Lake,2018,White,65-74,24953,27745
Lake,2019,Black,65-74,723,27747
Lake,2019,White,65-74,25700,27748
Lake,2020,Black,65-74,784,27750
Lake,2020,White,65-74,26689,27751
Lawrence,2010,Black,65-74,106,27756
Lawrence,2010,White,65-74,5451,27757
Lawrence,2011,Black,65-74,103,27759
Lawrence,2011,White,65-74,5449,27760
Lawrence,2012,Black,65-74,108,27762
Lawrence,2012,White,65-74,5689,27763
Lawrence,2013,Black,65-74,122,27765
Lawrence,2013,White,65-74,5849,27766
Lawrence,2014,Black,65-74,127,27768
Lawrence,2014,White,65-74,6014,27769
Lawrence,2015,Black,65-74,132,27771
Lawrence,2015,White,65-74,6113,27772
Lawrence,2016,Black,65-74,150,27774
Lawrence,2016,White,65-74,6175,27775
Lawrence,2017,Black,65-74,164,27777
Lawrence,2017,White,65-74,6252,27778
Lawrence,2018,Black,65-74,173,27780
Lawrence,2018,White,65-74,6246,27781
Lawrence,2019,Black,65-74,178,27783
Lawrence,2019,White,65-74,6334,27784
Lawrence,2020,Black,65-74,175,27786
Lawrence,2020,White,65-74,6487,27787
Licking,2010,Black,65-74,256,27792
Licking,2010,White,65-74,12374,27793
Licking,2011,Black,65-74,261,27795
Licking,2011,White,65-74,12647,27796
Licking,2012,Black,65-74,284,27798
Licking,2012,White,65-74,13596,27799
Licking,2013,Black,65-74,297,27801
Licking,2013,White,65-74,14287,27802
Licking,2014,Black,65-74,334,27804
Licking,2014,White,65-74,14848,27805
Licking,2015,Black,65-74,358,27807
Licking,2015,White,65-74,15342,27808
Licking,2016,Black,65-74,382,27810
Licking,2016,White,65-74,15684,27811
Licking,2017,Black,65-74,392,27813
Licking,2017,White,65-74,16118,27814
Licking,2018,Black,65-74,436,27816
Licking,2018,White,65-74,16404,27817
Licking,2019,Black,65-74,492,27819
Licking,2019,White,65-74,16842,27820
Licking,2020,Black,65-74,530,27822
Licking,2020,White,65-74,17511,27823
Logan,2010,Black,65-74,45,27828
Logan,2010,White,65-74,3704,27829
Logan,2011,Black,65-74,41,27831
Logan,2011,White,65-74,3732,27832
Logan,2012,Black,65-74,38,27834
Logan,2012,White,65-74,3975,27835
Logan,2013,Black,65-74,41,27837
Logan,2013,White,65-74,4101,27838
Logan,2014,Black,65-74,42,27840
Logan,2014,White,65-74,4219,27841
Logan,2015,Black,65-74,44,27843
Logan,2015,White,65-74,4324,27844
Logan,2016,Black,65-74,46,27846
Logan,2016,White,65-74,4476,27847
Logan,2017,Black,65-74,51,27849
Logan,2017,White,65-74,4647,27850
Logan,2018,Black,65-74,58,27852
Logan,2018,White,65-74,4840,27853
Logan,2019,Black,65-74,63,27855
Logan,2019,White,65-74,4962,27856
Logan,2020,Black,65-74,61,27858
Logan,2020,White,65-74,5173,27859
Lorain,2010,Black,65-74,1307,27864
Lorain,2010,White,65-74,21486,27865
Lorain,2011,Black,65-74,1350,27867
Lorain,2011,White,65-74,22037,27868
Lorain,2012,Black,65-74,1418,27870
Lorain,2012,White,65-74,23751,27871
Lorain,2013,Black,65-74,1497,27873
Lorain,2013,White,65-74,25084,27874
Lorain,2014,Black,65-74,1579,27876
Lorain,2014,White,65-74,26163,27877
Lorain,2015,Black,65-74,1667,27879
Lorain,2015,White,65-74,27329,27880
Lorain,2016,Black,65-74,1775,27882
Lorain,2016,White,65-74,28541,27883
Lorain,2017,Black,65-74,1897,27885
Lorain,2017,White,65-74,29593,27886
Lorain,2018,Black,65-74,1977,27888
Lorain,2018,White,65-74,30506,27889
Lorain,2019,Black,65-74,2072,27891
Lorain,2019,White,65-74,31636,27892
Lorain,2020,Black,65-74,2162,27894
Lorain,2020,White,65-74,32956,27895
Lucas,2010,Black,65-74,4292,27900
Lucas,2010,White,65-74,24778,27901
Lucas,2011,Black,65-74,4365,27903
Lucas,2011,White,65-74,25313,27904
Lucas,2012,Black,65-74,4575,27906
Lucas,2012,White,65-74,27077,27907
Lucas,2013,Black,65-74,4820,27909
Lucas,2013,White,65-74,28459,27910
Lucas,2014,Black,65-74,5131,27912
Lucas,2014,White,65-74,29750,27913
Lucas,2015,Black,65-74,5381,27915
Lucas,2015,White,65-74,31089,27916
Lucas,2016,Black,65-74,5630,27918
Lucas,2016,White,65-74,32283,27919
Lucas,2017,Black,65-74,5849,27921
Lucas,2017,White,65-74,33488,27922
Lucas,2018,Black,65-74,6028,27924
Lucas,2018,White,65-74,34364,27925
Lucas,2019,Black,65-74,6276,27927
Lucas,2019,White,65-74,35495,27928
Lucas,2020,Black,65-74,6552,27930
Lucas,2020,White,65-74,36797,27931
Madison,2010,Black,65-74,74,27936
Madison,2010,White,65-74,3014,27937
Madison,2011,Black,65-74,64,27939
Madison,2011,White,65-74,3055,27940
Madison,2012,Black,65-74,55,27942
Madison,2012,White,65-74,3205,27943
Madison,2013,Black,65-74,59,27945
Madison,2013,White,65-74,3361,27946
Madison,2014,Black,65-74,71,27948
Madison,2014,White,65-74,3506,27949
Madison,2015,Black,65-74,75,27951
Madison,2015,White,65-74,3616,27952
Madison,2016,Black,65-74,77,27954
Madison,2016,White,65-74,3674,27955
Madison,2017,Black,65-74,89,27957
Madison,2017,White,65-74,3763,27958
Madison,2018,Black,65-74,88,27960
Madison,2018,White,65-74,3846,27961
Madison,2019,Black,65-74,91,27963
Madison,2019,White,65-74,3990,27964
Madison,2020,Black,65-74,103,27966
Madison,2020,White,65-74,4119,27967
Mahoning,2010,Black,65-74,2353,27972
Mahoning,2010,White,65-74,17423,27973
Mahoning,2011,Black,65-74,2313,27975
Mahoning,2011,White,65-74,17604,27976
Mahoning,2012,Black,65-74,2356,27978
Mahoning,2012,White,65-74,18741,27979
Mahoning,2013,Black,65-74,2418,27981
Mahoning,2013,White,65-74,19570,27982
Mahoning,2014,Black,65-74,2528,27984
Mahoning,2014,White,65-74,20349,27985
Mahoning,2015,Black,65-74,2619,27987
Mahoning,2015,White,65-74,21119,27988
Mahoning,2016,Black,65-74,2769,27990
Mahoning,2016,White,65-74,21958,27991
Mahoning,2017,Black,65-74,2884,27993
Mahoning,2017,White,65-74,22715,27994
Mahoning,2018,Black,65-74,3014,27996
Mahoning,2018,White,65-74,23343,27997
Mahoning,2019,Black,65-74,3153,27999
Mahoning,2019,White,65-74,24214,28000
Mahoning,2020,Black,65-74,3314,28002
Mahoning,2020,White,65-74,25152,28003
Marion,2010,Black,65-74,115,28008
Marion,2010,White,65-74,4867,28009
Marion,2011,Black,65-74,117,28011
Marion,2011,White,65-74,5000,28012
Marion,2012,Black,65-74,124,28014
Marion,2012,White,65-74,5305,28015
Marion,2013,Black,65-74,134,28017
Marion,2013,White,65-74,5535,28018
Marion,2014,Black,65-74,139,28020
Marion,2014,White,65-74,5824,28021
Marion,2015,Black,65-74,149,28023
Marion,2015,White,65-74,5986,28024
Marion,2016,Black,65-74,158,28026
Marion,2016,White,65-74,6192,28027
Marion,2017,Black,65-74,157,28029
Marion,2017,White,65-74,6386,28030
Marion,2018,Black,65-74,164,28032
Marion,2018,White,65-74,6511,28033
Marion,2019,Black,65-74,169,28035
Marion,2019,White,65-74,6686,28036
Marion,2020,Black,65-74,172,28038
Marion,2020,White,65-74,6900,28039
Medina,2010,Black,65-74,90,28044
Medina,2010,White,65-74,12693,28045
Medina,2011,Black,65-74,94,28047
Medina,2011,White,65-74,13198,28048
Medina,2012,Black,65-74,100,28050
Medina,2012,White,65-74,14321,28051
Medina,2013,Black,65-74,112,28053
Medina,2013,White,65-74,15249,28054
Medina,2014,Black,65-74,120,28056
Medina,2014,White,65-74,16032,28057
Medina,2015,Black,65-74,138,28059
Medina,2015,White,65-74,16751,28060
Medina,2016,Black,65-74,142,28062
Medina,2016,White,65-74,17475,28063
Medina,2017,Black,65-74,154,28065
Medina,2017,White,65-74,18183,28066
Medina,2018,Black,65-74,179,28068
Medina,2018,White,65-74,18713,28069
Medina,2019,Black,65-74,209,28071
Medina,2019,White,65-74,19393,28072
Medina,2020,Black,65-74,222,28074
Medina,2020,White,65-74,20126,28075
Meigs,2010,Black,65-74,20,28080
Meigs,2010,White,65-74,2078,28081
Meigs,2011,Black,65-74,23,28083
Meigs,2011,White,65-74,2086,28084
Meigs,2012,Black,65-74,20,28086
Meigs,2012,White,65-74,2191,28087
Meigs,2013,Black,65-74,22,28089
Meigs,2013,White,65-74,2238,28090
Meigs,2014,Black,65-74,21,28092
Meigs,2014,White,65-74,2344,28093
Meigs,2015,Black,65-74,21,28095
Meigs,2015,White,65-74,2435,28096
Meigs,2016,Black,65-74,20,28098
Meigs,2016,White,65-74,2485,28099
Meigs,2017,Black,65-74,22,28101
Meigs,2017,White,65-74,2559,28102
Meigs,2018,Black,65-74,24,28104
Meigs,2018,White,65-74,2617,28105
Meigs,2019,Black,65-74,33,28107
Meigs,2019,White,65-74,2714,28108
Meigs,2020,Black,65-74,35,28110
Meigs,2020,White,65-74,2816,28111
Mercer,2010,Black,65-74,5,28116
Mercer,2010,White,65-74,3028,28117
Mercer,2011,Black,65-74,4,28119
Mercer,2011,White,65-74,3077,28120
Mercer,2012,Black,65-74,5,28122
Mercer,2012,White,65-74,3226,28123
Mercer,2013,Black,65-74,5,28125
Mercer,2013,White,65-74,3331,28126
Mercer,2014,Black,65-74,6,28128
Mercer,2014,White,65-74,3413,28129
Mercer,2015,Black,65-74,10,28131
Mercer,2015,White,65-74,3557,28132
Mercer,2016,Black,65-74,9,28134
Mercer,2016,White,65-74,3690,28135
Mercer,2017,Black,65-74,8,28137
Mercer,2017,White,65-74,3848,28138
Mercer,2018,Black,65-74,11,28140
Mercer,2018,White,65-74,4007,28141
Mercer,2019,Black,65-74,13,28143
Mercer,2019,White,65-74,4223,28144
Mercer,2020,Black,65-74,16,28146
Mercer,2020,White,65-74,4464,28147
Miami,2010,Black,65-74,148,28152
Miami,2010,White,65-74,8568,28153
Miami,2011,Black,65-74,160,28155
Miami,2011,White,65-74,8773,28156
Miami,2012,Black,65-74,158,28158
Miami,2012,White,65-74,9334,28159
Miami,2013,Black,65-74,163,28161
Miami,2013,White,65-74,9735,28162
Miami,2014,Black,65-74,181,28164
Miami,2014,White,65-74,10041,28165
Miami,2015,Black,65-74,197,28167
Miami,2015,White,65-74,10330,28168
Miami,2016,Black,65-74,205,28170
Miami,2016,White,65-74,10643,28171
Miami,2017,Black,65-74,216,28173
Miami,2017,White,65-74,10884,28174
Miami,2018,Black,65-74,224,28176
Miami,2018,White,65-74,11042,28177
Miami,2019,Black,65-74,234,28179
Miami,2019,White,65-74,11306,28180
Miami,2020,Black,65-74,233,28182
Miami,2020,White,65-74,11647,28183
Monroe,2010,Black,65-74,6,28188
Monroe,2010,White,65-74,1610,28189
Monroe,2011,Black,65-74,7,28191
Monroe,2011,White,65-74,1615,28192
Monroe,2012,Black,65-74,5,28194
Monroe,2012,White,65-74,1674,28195
Monroe,2013,Black,65-74,6,28197
Monroe,2013,White,65-74,1694,28198
Monroe,2014,Black,65-74,6,28200
Monroe,2014,White,65-74,1727,28201
Monroe,2015,Black,65-74,8,28203
Monroe,2015,White,65-74,1741,28204
Monroe,2016,Black,65-74,6,28206
Monroe,2016,White,65-74,1755,28207
Monroe,2017,Black,65-74,11,28209
Monroe,2017,White,65-74,1782,28210
Monroe,2018,Black,65-74,11,28212
Monroe,2018,White,65-74,1813,28213
Monroe,2019,Black,65-74,13,28215
Monroe,2019,White,65-74,1825,28216
Monroe,2020,Black,65-74,10,28218
Monroe,2020,White,65-74,1823,28219
Montgomery,2010,Black,65-74,7130,28224
Montgomery,2010,White,65-74,33720,28225
Montgomery,2011,Black,65-74,7189,28227
Montgomery,2011,White,65-74,34021,28228
Montgomery,2012,Black,65-74,7535,28230
Montgomery,2012,White,65-74,36164,28231
Montgomery,2013,Black,65-74,7900,28233
Montgomery,2013,White,65-74,37707,28234
Montgomery,2014,Black,65-74,8252,28236
Montgomery,2014,White,65-74,38969,28237
Montgomery,2015,Black,65-74,8574,28239
Montgomery,2015,White,65-74,40104,28240
Montgomery,2016,Black,65-74,8910,28242
Montgomery,2016,White,65-74,41290,28243
Montgomery,2017,Black,65-74,9217,28245
Montgomery,2017,White,65-74,42137,28246
Montgomery,2018,Black,65-74,9433,28248
Montgomery,2018,White,65-74,42734,28249
Montgomery,2019,Black,65-74,9722,28251
Montgomery,2019,White,65-74,43911,28252
Montgomery,2020,Black,65-74,10098,28254
Montgomery,2020,White,65-74,45074,28255
Morgan,2010,Black,65-74,30,28260
Morgan,2010,White,65-74,1369,28261
Morgan,2011,Black,65-74,31,28263
Morgan,2011,White,65-74,1381,28264
Morgan,2012,Black,65-74,31,28266
Morgan,2012,White,65-74,1451,28267
Morgan,2013,Black,65-74,38,28269
Morgan,2013,White,65-74,1456,28270
Morgan,2014,Black,65-74,43,28272
Morgan,2014,White,65-74,1528,28273
Morgan,2015,Black,65-74,42,28275
Morgan,2015,White,65-74,1587,28276
Morgan,2016,Black,65-74,45,28278
Morgan,2016,White,65-74,1603,28279
Morgan,2017,Black,65-74,49,28281
Morgan,2017,White,65-74,1629,28282
Morgan,2018,Black,65-74,52,28284
Morgan,2018,White,65-74,1654,28285
Morgan,2019,Black,65-74,56,28287
Morgan,2019,White,65-74,1728,28288
Morgan,2020,Black,65-74,61,28290
Morgan,2020,White,65-74,1763,28291
Morrow,2010,Black,65-74,12,28296
Morrow,2010,White,65-74,2730,28297
Morrow,2011,Black,65-74,14,28299
Morrow,2011,White,65-74,2781,28300
Morrow,2012,Black,65-74,15,28302
Morrow,2012,White,65-74,2951,28303
Morrow,2013,Black,65-74,20,28305
Morrow,2013,White,65-74,3061,28306
Morrow,2014,Black,65-74,19,28308
Morrow,2014,White,65-74,3134,28309
Morrow,2015,Black,65-74,21,28311
Morrow,2015,White,65-74,3207,28312
Morrow,2016,Black,65-74,23,28314
Morrow,2016,White,65-74,3300,28315
Morrow,2017,Black,65-74,28,28317
Morrow,2017,White,65-74,3404,28318
Morrow,2018,Black,65-74,30,28320
Morrow,2018,White,65-74,3497,28321
Morrow,2019,Black,65-74,31,28323
Morrow,2019,White,65-74,3658,28324
Morrow,2020,Black,65-74,33,28326
Morrow,2020,White,65-74,3867,28327
Muskingum,2010,Black,65-74,228,28332
Muskingum,2010,White,65-74,6705,28333
Muskingum,2011,Black,65-74,232,28335
Muskingum,2011,White,65-74,6708,28336
Muskingum,2012,Black,65-74,226,28338
Muskingum,2012,White,65-74,7060,28339
Muskingum,2013,Black,65-74,226,28341
Muskingum,2013,White,65-74,7299,28342
Muskingum,2014,Black,65-74,231,28344
Muskingum,2014,White,65-74,7613,28345
Muskingum,2015,Black,65-74,253,28347
Muskingum,2015,White,65-74,7850,28348
Muskingum,2016,Black,65-74,266,28350
Muskingum,2016,White,65-74,8014,28351
Muskingum,2017,Black,65-74,274,28353
Muskingum,2017,White,65-74,8144,28354
Muskingum,2018,Black,65-74,289,28356
Muskingum,2018,White,65-74,8317,28357
Muskingum,2019,Black,65-74,306,28359
Muskingum,2019,White,65-74,8624,28360
Muskingum,2020,Black,65-74,319,28362
Muskingum,2020,White,65-74,8856,28363
Noble,2010,Black,65-74,127,28368
Noble,2010,White,65-74,1825,28369
Noble,2011,Black,65-74,126,28371
Noble,2011,White,65-74,1865,28372
Noble,2012,Black,65-74,126,28374
Noble,2012,White,65-74,1931,28375
Noble,2013,Black,65-74,133,28377
Noble,2013,White,65-74,2027,28378
Noble,2014,Black,65-74,131,28380
Noble,2014,White,65-74,2053,28381
Noble,2015,Black,65-74,129,28383
Noble,2015,White,65-74,2104,28384
Noble,2016,Black,65-74,128,28386
Noble,2016,White,65-74,2143,28387
Noble,2017,Black,65-74,129,28389
Noble,2017,White,65-74,2190,28390
Noble,2018,Black,65-74,129,28392
Noble,2018,White,65-74,2247,28393
Noble,2019,Black,65-74,131,28395
Noble,2019,White,65-74,2316,28396
Noble,2020,Black,65-74,130,28398
Noble,2020,White,65-74,2335,28399
NonOH,2010,Black,65-74,0,28404
NonOH,2010,White,65-74,0,28405
NonOH,2011,Black,65-74,0,28407
NonOH,2011,White,65-74,0,28408
NonOH,2012,Black,65-74,0,28410
NonOH,2012,White,65-74,0,28411
NonOH,2013,Black,65-74,0,28413
NonOH,2013,White,65-74,0,28414
NonOH,2014,Black,65-74,0,28416
NonOH,2014,White,65-74,0,28417
NonOH,2015,Black,65-74,0,28419
NonOH,2015,White,65-74,0,28420
NonOH,2016,Black,65-74,0,28422
NonOH,2016,White,65-74,0,28423
NonOH,2017,Black,65-74,0,28425
NonOH,2017,White,65-74,0,28426
NonOH,2018,Black,65-74,0,28428
NonOH,2018,White,65-74,0,28429
NonOH,2019,Black,65-74,0,28431
NonOH,2019,White,65-74,0,28432
NonOH,2020,Black,65-74,0,28434
NonOH,2020,White,65-74,0,28435
Ottawa,2010,Black,65-74,24,28440
Ottawa,2010,White,65-74,4339,28441
Ottawa,2011,Black,65-74,24,28443
Ottawa,2011,White,65-74,4460,28444
Ottawa,2012,Black,65-74,30,28446
Ottawa,2012,White,65-74,4789,28447
Ottawa,2013,Black,65-74,30,28449
Ottawa,2013,White,65-74,4993,28450
Ottawa,2014,Black,65-74,33,28452
Ottawa,2014,White,65-74,5204,28453
Ottawa,2015,Black,65-74,38,28455
Ottawa,2015,White,65-74,5463,28456
Ottawa,2016,Black,65-74,40,28458
Ottawa,2016,White,65-74,5622,28459
Ottawa,2017,Black,65-74,38,28461
Ottawa,2017,White,65-74,5741,28462
Ottawa,2018,Black,65-74,46,28464
Ottawa,2018,White,65-74,5873,28465
Ottawa,2019,Black,65-74,51,28467
Ottawa,2019,White,65-74,6057,28468
Ottawa,2020,Black,65-74,51,28470
Ottawa,2020,White,65-74,6245,28471
Paulding,2010,Black,65-74,14,28476
Paulding,2010,White,65-74,1604,28477
Paulding,2011,Black,65-74,13,28479
Paulding,2011,White,65-74,1615,28480
Paulding,2012,Black,65-74,11,28482
Paulding,2012,White,65-74,1720,28483
Paulding,2013,Black,65-74,12,28485
Paulding,2013,White,65-74,1779,28486
Paulding,2014,Black,65-74,16,28488
Paulding,2014,White,65-74,1855,28489
Paulding,2015,Black,65-74,20,28491
Paulding,2015,White,65-74,1905,28492
Paulding,2016,Black,65-74,22,28494
Paulding,2016,White,65-74,1952,28495
Paulding,2017,Black,65-74,18,28497
Paulding,2017,White,65-74,1987,28498
Paulding,2018,Black,65-74,22,28500
Paulding,2018,White,65-74,2018,28501
Paulding,2019,Black,65-74,26,28503
Paulding,2019,White,65-74,2087,28504
Paulding,2020,Black,65-74,25,28506
Paulding,2020,White,65-74,2153,28507
Perry,2010,Black,65-74,12,28512
Perry,2010,White,65-74,2674,28513
Perry,2011,Black,65-74,13,28515
Perry,2011,White,65-74,2731,28516
Perry,2012,Black,65-74,12,28518
Perry,2012,White,65-74,2922,28519
Perry,2013,Black,65-74,13,28521
Perry,2013,White,65-74,3104,28522
Perry,2014,Black,65-74,11,28524
Perry,2014,White,65-74,3249,28525
Perry,2015,Black,65-74,12,28527
Perry,2015,White,65-74,3328,28528
Perry,2016,Black,65-74,15,28530
Perry,2016,White,65-74,3452,28531
Perry,2017,Black,65-74,12,28533
Perry,2017,White,65-74,3543,28534
Perry,2018,Black,65-74,13,28536
Perry,2018,White,65-74,3631,28537
Perry,2019,Black,65-74,12,28539
Perry,2019,White,65-74,3782,28540
Perry,2020,Black,65-74,12,28542
Perry,2020,White,65-74,3951,28543
Pickaway,2010,Black,65-74,47,28548
Pickaway,2010,White,65-74,4133,28549
Pickaway,2011,Black,65-74,48,28551
Pickaway,2011,White,65-74,4215,28552
Pickaway,2012,Black,65-74,48,28554
Pickaway,2012,White,65-74,4448,28555
Pickaway,2013,Black,65-74,51,28557
Pickaway,2013,White,65-74,4614,28558
Pickaway,2014,Black,65-74,50,28560
Pickaway,2014,White,65-74,4685,28561
Pickaway,2015,Black,65-74,51,28563
Pickaway,2015,White,65-74,4786,28564
Pickaway,2016,Black,65-74,51,28566
Pickaway,2016,White,65-74,4909,28567
Pickaway,2017,Black,65-74,51,28569
Pickaway,2017,White,65-74,5034,28570
Pickaway,2018,Black,65-74,51,28572
Pickaway,2018,White,65-74,5157,28573
Pickaway,2019,Black,65-74,52,28575
Pickaway,2019,White,65-74,5348,28576
Pickaway,2020,Black,65-74,49,28578
Pickaway,2020,White,65-74,5589,28579
Pike,2010,Black,65-74,18,28584
Pike,2010,White,65-74,2239,28585
Pike,2011,Black,65-74,23,28587
Pike,2011,White,65-74,2264,28588
Pike,2012,Black,65-74,28,28590
Pike,2012,White,65-74,2382,28591
Pike,2013,Black,65-74,30,28593
Pike,2013,White,65-74,2464,28594
Pike,2014,Black,65-74,29,28596
Pike,2014,White,65-74,2535,28597
Pike,2015,Black,65-74,35,28599
Pike,2015,White,65-74,2603,28600
Pike,2016,Black,65-74,39,28602
Pike,2016,White,65-74,2661,28603
Pike,2017,Black,65-74,38,28605
Pike,2017,White,65-74,2719,28606
Pike,2018,Black,65-74,39,28608
Pike,2018,White,65-74,2773,28609
Pike,2019,Black,65-74,40,28611
Pike,2019,White,65-74,2825,28612
Pike,2020,Black,65-74,44,28614
Pike,2020,White,65-74,2892,28615
Portage,2010,Black,65-74,264,28620
Portage,2010,White,65-74,11311,28621
Portage,2011,Black,65-74,274,28623
Portage,2011,White,65-74,11579,28624
Portage,2012,Black,65-74,303,28626
Portage,2012,White,65-74,12337,28627
Portage,2013,Black,65-74,323,28629
Portage,2013,White,65-74,12885,28630
Portage,2014,Black,65-74,365,28632
Portage,2014,White,65-74,13462,28633
Portage,2015,Black,65-74,382,28635
Portage,2015,White,65-74,13992,28636
Portage,2016,Black,65-74,393,28638
Portage,2016,White,65-74,14496,28639
Portage,2017,Black,65-74,419,28641
Portage,2017,White,65-74,14872,28642
Portage,2018,Black,65-74,443,28644
Portage,2018,White,65-74,15281,28645
Portage,2019,Black,65-74,464,28647
Portage,2019,White,65-74,15917,28648
Portage,2020,Black,65-74,503,28650
Portage,2020,White,65-74,16670,28651
Preble,2010,Black,65-74,14,28656
Preble,2010,White,65-74,3602,28657
Preble,2011,Black,65-74,14,28659
Preble,2011,White,65-74,3626,28660
Preble,2012,Black,65-74,15,28662
Preble,2012,White,65-74,3826,28663
Preble,2013,Black,65-74,18,28665
Preble,2013,White,65-74,3952,28666
Preble,2014,Black,65-74,13,28668
Preble,2014,White,65-74,4069,28669
Preble,2015,Black,65-74,18,28671
Preble,2015,White,65-74,4235,28672
Preble,2016,Black,65-74,15,28674
Preble,2016,White,65-74,4368,28675
Preble,2017,Black,65-74,17,28677
Preble,2017,White,65-74,4509,28678
Preble,2018,Black,65-74,23,28680
Preble,2018,White,65-74,4678,28681
Preble,2019,Black,65-74,30,28683
Preble,2019,White,65-74,4771,28684
Preble,2020,Black,65-74,31,28686
Preble,2020,White,65-74,4933,28687
Putnam,2010,Black,65-74,4,28692
Putnam,2010,White,65-74,2444,28693
Putnam,2011,Black,65-74,4,28695
Putnam,2011,White,65-74,2448,28696
Putnam,2012,Black,65-74,3,28698
Putnam,2012,White,65-74,2533,28699
Putnam,2013,Black,65-74,7,28701
Putnam,2013,White,65-74,2620,28702
Putnam,2014,Black,65-74,5,28704
Putnam,2014,White,65-74,2708,28705
Putnam,2015,Black,65-74,6,28707
Putnam,2015,White,65-74,2824,28708
Putnam,2016,Black,65-74,8,28710
Putnam,2016,White,65-74,2975,28711
Putnam,2017,Black,65-74,7,28713
Putnam,2017,White,65-74,3076,28714
Putnam,2018,Black,65-74,7,28716
Putnam,2018,White,65-74,3193,28717
Putnam,2019,Black,65-74,8,28719
Putnam,2019,White,65-74,3378,28720
Putnam,2020,Black,65-74,9,28722
Putnam,2020,White,65-74,3551,28723
Richland,2010,Black,65-74,611,28728
Richland,2010,White,65-74,9888,28729
Richland,2011,Black,65-74,628,28731
Richland,2011,White,65-74,9930,28732
Richland,2012,Black,65-74,647,28734
Richland,2012,White,65-74,10423,28735
Richland,2013,Black,65-74,673,28737
Richland,2013,White,65-74,10803,28738
Richland,2014,Black,65-74,705,28740
Richland,2014,White,65-74,11153,28741
Richland,2015,Black,65-74,735,28743
Richland,2015,White,65-74,11417,28744
Richland,2016,Black,65-74,743,28746
Richland,2016,White,65-74,11707,28747
Richland,2017,Black,65-74,765,28749
Richland,2017,White,65-74,11883,28750
Richland,2018,Black,65-74,768,28752
Richland,2018,White,65-74,12050,28753
Richland,2019,Black,65-74,790,28755
Richland,2019,White,65-74,12445,28756
Richland,2020,Black,65-74,829,28758
Richland,2020,White,65-74,12898,28759
Ross,2010,Black,65-74,213,28764
Ross,2010,White,65-74,5801,28765
Ross,2011,Black,65-74,211,28767
Ross,2011,White,65-74,5829,28768
Ross,2012,Black,65-74,234,28770
Ross,2012,White,65-74,6153,28771
Ross,2013,Black,65-74,244,28773
Ross,2013,White,65-74,6312,28774
Ross,2014,Black,65-74,249,28776
Ross,2014,White,65-74,6472,28777
Ross,2015,Black,65-74,246,28779
Ross,2015,White,65-74,6623,28780
Ross,2016,Black,65-74,258,28782
Ross,2016,White,65-74,6750,28783
Ross,2017,Black,65-74,276,28785
Ross,2017,White,65-74,6923,28786
Ross,2018,Black,65-74,270,28788
Ross,2018,White,65-74,7070,28789
Ross,2019,Black,65-74,282,28791
Ross,2019,White,65-74,7270,28792
Ross,2020,Black,65-74,291,28794
Ross,2020,White,65-74,7633,28795
Sandusky,2010,Black,65-74,106,28800
Sandusky,2010,White,65-74,4741,28801
Sandusky,2011,Black,65-74,105,28803
Sandusky,2011,White,65-74,4778,28804
Sandusky,2012,Black,65-74,111,28806
Sandusky,2012,White,65-74,5086,28807
Sandusky,2013,Black,65-74,107,28809
Sandusky,2013,White,65-74,5228,28810
Sandusky,2014,Black,65-74,111,28812
Sandusky,2014,White,65-74,5472,28813
Sandusky,2015,Black,65-74,106,28815
Sandusky,2015,White,65-74,5618,28816
Sandusky,2016,Black,65-74,111,28818
Sandusky,2016,White,65-74,5760,28819
Sandusky,2017,Black,65-74,111,28821
Sandusky,2017,White,65-74,5991,28822
Sandusky,2018,Black,65-74,114,28824
Sandusky,2018,White,65-74,6242,28825
Sandusky,2019,Black,65-74,123,28827
Sandusky,2019,White,65-74,6428,28828
Sandusky,2020,Black,65-74,127,28830
Sandusky,2020,White,65-74,6606,28831
Scioto,2010,Black,65-74,74,28836
Scioto,2010,White,65-74,6545,28837
Scioto,2011,Black,65-74,73,28839
Scioto,2011,White,65-74,6497,28840
Scioto,2012,Black,65-74,80,28842
Scioto,2012,White,65-74,6694,28843
Scioto,2013,Black,65-74,77,28845
Scioto,2013,White,65-74,6807,28846
Scioto,2014,Black,65-74,75,28848
Scioto,2014,White,65-74,6976,28849
Scioto,2015,Black,65-74,80,28851
Scioto,2015,White,65-74,7159,28852
Scioto,2016,Black,65-74,85,28854
Scioto,2016,White,65-74,7327,28855
Scioto,2017,Black,65-74,93,28857
Scioto,2017,White,65-74,7454,28858
Scioto,2018,Black,65-74,101,28860
Scioto,2018,White,65-74,7549,28861
Scioto,2019,Black,65-74,108,28863
Scioto,2019,White,65-74,7655,28864
Scioto,2020,Black,65-74,130,28866
Scioto,2020,White,65-74,7859,28867
Seneca,2010,Black,65-74,70,28872
Seneca,2010,White,65-74,4051,28873
Seneca,2011,Black,65-74,70,28875
Seneca,2011,White,65-74,4140,28876
Seneca,2012,Black,65-74,79,28878
Seneca,2012,White,65-74,4382,28879
Seneca,2013,Black,65-74,78,28881
Seneca,2013,White,65-74,4577,28882
Seneca,2014,Black,65-74,84,28884
Seneca,2014,White,65-74,4798,28885
Seneca,2015,Black,65-74,87,28887
Seneca,2015,White,65-74,5013,28888
Seneca,2016,Black,65-74,85,28890
Seneca,2016,White,65-74,5196,28891
Seneca,2017,Black,65-74,79,28893
Seneca,2017,White,65-74,5391,28894
Seneca,2018,Black,65-74,80,28896
Seneca,2018,White,65-74,5584,28897
Seneca,2019,Black,65-74,77,28899
Seneca,2019,White,65-74,5837,28900
Seneca,2020,Black,65-74,81,28902
Seneca,2020,White,65-74,6046,28903
Shelby,2010,Black,65-74,44,28908
Shelby,2010,White,65-74,3342,28909
Shelby,2011,Black,65-74,44,28911
Shelby,2011,White,65-74,3422,28912
Shelby,2012,Black,65-74,43,28914
Shelby,2012,White,65-74,3659,28915
Shelby,2013,Black,65-74,42,28917
Shelby,2013,White,65-74,3854,28918
Shelby,2014,Black,65-74,45,28920
Shelby,2014,White,65-74,4005,28921
Shelby,2015,Black,65-74,50,28923
Shelby,2015,White,65-74,4136,28924
Shelby,2016,Black,65-74,61,28926
Shelby,2016,White,65-74,4316,28927
Shelby,2017,Black,65-74,61,28929
Shelby,2017,White,65-74,4422,28930
Shelby,2018,Black,65-74,64,28932
Shelby,2018,White,65-74,4554,28933
Shelby,2019,Black,65-74,75,28935
Shelby,2019,White,65-74,4724,28936
Shelby,2020,Black,65-74,79,28938
Shelby,2020,White,65-74,4866,28939
Stark,2010,Black,65-74,1663,28944
Stark,2010,White,65-74,29088,28945
Stark,2011,Black,65-74,1699,28947
Stark,2011,White,65-74,29546,28948
Stark,2012,Black,65-74,1800,28950
Stark,2012,White,65-74,31358,28951
Stark,2013,Black,65-74,1899,28953
Stark,2013,White,65-74,32544,28954
Stark,2014,Black,65-74,1989,28956
Stark,2014,White,65-74,33849,28957
Stark,2015,Black,65-74,2056,28959
Stark,2015,White,65-74,35160,28960
Stark,2016,Black,65-74,2174,28962
Stark,2016,White,65-74,36195,28963
Stark,2017,Black,65-74,2273,28965
Stark,2017,White,65-74,37205,28966
Stark,2018,Black,65-74,2376,28968
Stark,2018,White,65-74,37981,28969
Stark,2019,Black,65-74,2460,28971
Stark,2019,White,65-74,39071,28972
Stark,2020,Black,65-74,2593,28974
Stark,2020,White,65-74,40257,28975
Summit,2010,Black,65-74,4493,28980
Summit,2010,White,65-74,34450,28981
Summit,2011,Black,65-74,4575,28983
Summit,2011,White,65-74,35180,28984
Summit,2012,Black,65-74,4848,28986
Summit,2012,White,65-74,37818,28987
Summit,2013,Black,65-74,5127,28989
Summit,2013,White,65-74,39973,28990
Summit,2014,Black,65-74,5466,28992
Summit,2014,White,65-74,41829,28993
Summit,2015,Black,65-74,5774,28995
Summit,2015,White,65-74,43636,28996
Summit,2016,Black,65-74,6060,28998
Summit,2016,White,65-74,45413,28999
Summit,2017,Black,65-74,6308,29001
Summit,2017,White,65-74,47282,29002
Summit,2018,Black,65-74,6571,29004
Summit,2018,White,65-74,48298,29005
Summit,2019,Black,65-74,6871,29007
Summit,2019,White,65-74,50037,29008
Summit,2020,Black,65-74,7200,29010
Summit,2020,White,65-74,52007,29011
Trumbull,2010,Black,65-74,1070,29016
Trumbull,2010,White,65-74,17640,29017
Trumbull,2011,Black,65-74,1080,29019
Trumbull,2011,White,65-74,17863,29020
Trumbull,2012,Black,65-74,1121,29022
Trumbull,2012,White,65-74,18953,29023
Trumbull,2013,Black,65-74,1172,29025
Trumbull,2013,White,65-74,19644,29026
Trumbull,2014,Black,65-74,1198,29028
Trumbull,2014,White,65-74,20403,29029
Trumbull,2015,Black,65-74,1273,29031
Trumbull,2015,White,65-74,21155,29032
Trumbull,2016,Black,65-74,1353,29034
Trumbull,2016,White,65-74,21835,29035
Trumbull,2017,Black,65-74,1435,29037
Trumbull,2017,White,65-74,22355,29038
Trumbull,2018,Black,65-74,1506,29040
Trumbull,2018,White,65-74,22683,29041
Trumbull,2019,Black,65-74,1559,29043
Trumbull,2019,White,65-74,23185,29044
Trumbull,2020,Black,65-74,1625,29046
Trumbull,2020,White,65-74,23759,29047
Tuscarawas,2010,Black,65-74,55,29052
Tuscarawas,2010,White,65-74,7668,29053
Tuscarawas,2011,Black,65-74,53,29055
Tuscarawas,2011,White,65-74,7761,29056
Tuscarawas,2012,Black,65-74,58,29058
Tuscarawas,2012,White,65-74,8142,29059
Tuscarawas,2013,Black,65-74,53,29061
Tuscarawas,2013,White,65-74,8453,29062
Tuscarawas,2014,Black,65-74,59,29064
Tuscarawas,2014,White,65-74,8845,29065
Tuscarawas,2015,Black,65-74,67,29067
Tuscarawas,2015,White,65-74,9152,29068
Tuscarawas,2016,Black,65-74,68,29070
Tuscarawas,2016,White,65-74,9409,29071
Tuscarawas,2017,Black,65-74,72,29073
Tuscarawas,2017,White,65-74,9692,29074
Tuscarawas,2018,Black,65-74,80,29076
Tuscarawas,2018,White,65-74,9877,29077
Tuscarawas,2019,Black,65-74,71,29079
Tuscarawas,2019,White,65-74,10199,29080
Tuscarawas,2020,Black,65-74,88,29082
Tuscarawas,2020,White,65-74,10536,29083
Union,2010,Black,65-74,27,29088
Union,2010,White,65-74,2808,29089
Union,2011,Black,65-74,32,29091
Union,2011,White,65-74,2928,29092
Union,2012,Black,65-74,35,29094
Union,2012,White,65-74,3180,29095
Union,2013,Black,65-74,39,29097
Union,2013,White,65-74,3373,29098
Union,2014,Black,65-74,46,29100
Union,2014,White,65-74,3533,29101
Union,2015,Black,65-74,49,29103
Union,2015,White,65-74,3679,29104
Union,2016,Black,65-74,50,29106
Union,2016,White,65-74,3825,29107
Union,2017,Black,65-74,51,29109
Union,2017,White,65-74,4013,29110
Union,2018,Black,65-74,50,29112
Union,2018,White,65-74,4222,29113
Union,2019,Black,65-74,52,29115
Union,2019,White,65-74,4426,29116
Union,2020,Black,65-74,58,29118
Union,2020,White,65-74,4714,29119
Van Wert,2010,Black,65-74,8,29124
Van Wert,2010,White,65-74,2333,29125
Van Wert,2011,Black,65-74,9,29127
Van Wert,2011,White,65-74,2414,29128
Van Wert,2012,Black,65-74,16,29130
Van Wert,2012,White,65-74,2530,29131
Van Wert,2013,Black,65-74,13,29133
Van Wert,2013,White,65-74,2606,29134
Van Wert,2014,Black,65-74,15,29136
Van Wert,2014,White,65-74,2668,29137
Van Wert,2015,Black,65-74,16,29139
Van Wert,2015,White,65-74,2740,29140
Van Wert,2016,Black,65-74,19,29142
Van Wert,2016,White,65-74,2828,29143
Van Wert,2017,Black,65-74,19,29145
Van Wert,2017,White,65-74,2900,29146
Van Wert,2018,Black,65-74,20,29148
Van Wert,2018,White,65-74,2904,29149
Van Wert,2019,Black,65-74,20,29151
Van Wert,2019,White,65-74,2979,29152
Van Wert,2020,Black,65-74,30,29154
Van Wert,2020,White,65-74,3106,29155
Vinton,2010,Black,65-74,3,29160
Vinton,2010,White,65-74,1123,29161
Vinton,2011,Black,65-74,5,29163
Vinton,2011,White,65-74,1133,29164
Vinton,2012,Black,65-74,8,29166
Vinton,2012,White,65-74,1160,29167
Vinton,2013,Black,65-74,7,29169
Vinton,2013,White,65-74,1193,29170
Vinton,2014,Black,65-74,8,29172
Vinton,2014,White,65-74,1236,29173
Vinton,2015,Black,65-74,8,29175
Vinton,2015,White,65-74,1280,29176
Vinton,2016,Black,65-74,7,29178
Vinton,2016,White,65-74,1322,29179
Vinton,2017,Black,65-74,6,29181
Vinton,2017,White,65-74,1374,29182
Vinton,2018,Black,65-74,8,29184
Vinton,2018,White,65-74,1415,29185
Vinton,2019,Black,65-74,7,29187
Vinton,2019,White,65-74,1450,29188
Vinton,2020,Black,65-74,8,29190
Vinton,2020,White,65-74,1485,29191
Warren,2010,Black,65-74,180,29196
Warren,2010,White,65-74,12808,29197
Warren,2011,Black,65-74,199,29199
Warren,2011,White,65-74,13285,29200
Warren,2012,Black,65-74,210,29202
Warren,2012,White,65-74,14399,29203
Warren,2013,Black,65-74,228,29205
Warren,2013,White,65-74,15230,29206
Warren,2014,Black,65-74,257,29208
Warren,2014,White,65-74,16063,29209
Warren,2015,Black,65-74,275,29211
Warren,2015,White,65-74,16805,29212
Warren,2016,Black,65-74,289,29214
Warren,2016,White,65-74,17602,29215
Warren,2017,Black,65-74,328,29217
Warren,2017,White,65-74,18416,29218
Warren,2018,Black,65-74,367,29220
Warren,2018,White,65-74,18970,29221
Warren,2019,Black,65-74,393,29223
Warren,2019,White,65-74,19887,29224
Warren,2020,Black,65-74,436,29226
Warren,2020,White,65-74,20802,29227
Washington,2010,Black,65-74,60,29232
Washington,2010,White,65-74,5838,29233
Washington,2011,Black,65-74,60,29235
Washington,2011,White,65-74,5891,29236
Washington,2012,Black,65-74,60,29238
Washington,2012,White,65-74,6166,29239
Washington,2013,Black,65-74,54,29241
Washington,2013,White,65-74,6328,29242
Washington,2014,Black,65-74,57,29244
Washington,2014,White,65-74,6519,29245
Washington,2015,Black,65-74,67,29247
Washington,2015,White,65-74,6571,29248
Washington,2016,Black,65-74,67,29250
Washington,2016,White,65-74,6734,29251
Washington,2017,Black,65-74,75,29253
Washington,2017,White,65-74,6834,29254
Washington,2018,Black,65-74,84,29256
Washington,2018,White,65-74,6932,29257
Washington,2019,Black,65-74,92,29259
Washington,2019,White,65-74,7161,29260
Washington,2020,Black,65-74,97,29262
Washington,2020,White,65-74,7367,29263
Wayne,2010,Black,65-74,101,29268
Wayne,2010,White,65-74,8858,29269
Wayne,2011,Black,65-74,105,29271
Wayne,2011,White,65-74,8906,29272
Wayne,2012,Black,65-74,110,29274
Wayne,2012,White,65-74,9402,29275
Wayne,2013,Black,65-74,108,29277
Wayne,2013,White,65-74,9788,29278
Wayne,2014,Black,65-74,115,29280
Wayne,2014,White,65-74,10214,29281
Wayne,2015,Black,65-74,110,29283
Wayne,2015,White,65-74,10591,29284
Wayne,2016,Black,65-74,123,29286
Wayne,2016,White,65-74,10879,29287
Wayne,2017,Black,65-74,132,29289
Wayne,2017,White,65-74,11135,29290
Wayne,2018,Black,65-74,140,29292
Wayne,2018,White,65-74,11416,29293
Wayne,2019,Black,65-74,139,29295
Wayne,2019,White,65-74,11794,29296
Wayne,2020,Black,65-74,145,29298
Wayne,2020,White,65-74,12171,29299
Williams,2010,Black,65-74,5,29304
Williams,2010,White,65-74,3156,29305
Williams,2011,Black,65-74,5,29307
Williams,2011,White,65-74,3193,29308
Williams,2012,Black,65-74,6,29310
Williams,2012,White,65-74,3352,29311
Williams,2013,Black,65-74,8,29313
Williams,2013,White,65-74,3408,29314
Williams,2014,Black,65-74,10,29316
Williams,2014,White,65-74,3466,29317
Williams,2015,Black,65-74,14,29319
Williams,2015,White,65-74,3540,29320
Williams,2016,Black,65-74,14,29322
Williams,2016,White,65-74,3604,29323
Williams,2017,Black,65-74,15,29325
Williams,2017,White,65-74,3670,29326
Williams,2018,Black,65-74,17,29328
Williams,2018,White,65-74,3713,29329
Williams,2019,Black,65-74,15,29331
Williams,2019,White,65-74,3850,29332
Williams,2020,Black,65-74,17,29334
Williams,2020,White,65-74,4004,29335
Wood,2010,Black,65-74,54,29340
Wood,2010,White,65-74,7972,29341
Wood,2011,Black,65-74,60,29343
Wood,2011,White,65-74,8157,29344
Wood,2012,Black,65-74,63,29346
Wood,2012,White,65-74,8825,29347
Wood,2013,Black,65-74,76,29349
Wood,2013,White,65-74,9288,29350
Wood,2014,Black,65-74,93,29352
Wood,2014,White,65-74,9786,29353
Wood,2015,Black,65-74,108,29355
Wood,2015,White,65-74,10205,29356
Wood,2016,Black,65-74,112,29358
Wood,2016,White,65-74,10671,29359
Wood,2017,Black,65-74,109,29361
Wood,2017,White,65-74,11163,29362
Wood,2018,Black,65-74,107,29364
Wood,2018,White,65-74,11492,29365
Wood,2019,Black,65-74,115,29367
Wood,2019,White,65-74,11982,29368
Wood,2020,Black,65-74,117,29370
Wood,2020,White,65-74,12393,29371
Wyandot,2010,Black,65-74,1,29376
Wyandot,2010,White,65-74,1852,29377
Wyandot,2011,Black,65-74,5,29379
Wyandot,2011,White,65-74,1877,29380
Wyandot,2012,Black,65-74,2,29382
Wyandot,2012,White,65-74,1951,29383
Wyandot,2013,Black,65-74,1,29385
Wyandot,2013,White,65-74,2007,29386
Wyandot,2014,Black,65-74,1,29388
Wyandot,2014,White,65-74,2055,29389
Wyandot,2015,Black,65-74,5,29391
Wyandot,2015,White,65-74,2137,29392
Wyandot,2016,Black,65-74,5,29394
Wyandot,2016,White,65-74,2193,29395
Wyandot,2017,Black,65-74,6,29397
Wyandot,2017,White,65-74,2232,29398
Wyandot,2018,Black,65-74,9,29400
Wyandot,2018,White,65-74,2288,29401
Wyandot,2019,Black,65-74,5,29403
Wyandot,2019,White,65-74,2399,29404
Wyandot,2020,Black,65-74,7,29406
Wyandot,2020,White,65-74,2462,29407
Unknown,2010,Black,65-74,0,29412
Unknown,2010,White,65-74,0,29413
Unknown,2011,Black,65-74,0,29415
Unknown,2011,White,65-74,0,29416
Unknown,2012,Black,65-74,0,29418
Unknown,2012,White,65-74,0,29419
Unknown,2013,Black,65-74,0,29421
Unknown,2013,White,65-74,0,29422
Unknown,2014,Black,65-74,0,29424
Unknown,2014,White,65-74,0,29425
Unknown,2015,Black,65-74,0,29427
Unknown,2015,White,65-74,0,29428
Unknown,2016,Black,65-74,0,29430
Unknown,2016,White,65-74,0,29431
Unknown,2017,Black,65-74,0,29433
Unknown,2017,White,65-74,0,29434
Unknown,2018,Black,65-74,0,29436
Unknown,2018,White,65-74,0,29437
Unknown,2019,Black,65-74,0,29439
Unknown,2019,White,65-74,0,29440
Unknown,2020,Black,65-74,0,29442
Unknown,2020,White,65-74,0,29443
Adams,2010,Black,75-84,1,29484
Adams,2010,White,75-84,1329,29485
Adams,2011,Black,75-84,1,29487
Adams,2011,White,75-84,1349,29488
Adams,2012,Black,75-84,2,29490
Adams,2012,White,75-84,1354,29491
Adams,2013,Black,75-84,5,29493
Adams,2013,White,75-84,1380,29494
Adams,2014,Black,75-84,2,29496
Adams,2014,White,75-84,1384,29497
Adams,2015,Black,75-84,2,29499
Adams,2015,White,75-84,1410,29500
Adams,2016,Black,75-84,4,29502
Adams,2016,White,75-84,1442,29503
Adams,2017,Black,75-84,2,29505
Adams,2017,White,75-84,1481,29506
Adams,2018,Black,75-84,2,29508
Adams,2018,White,75-84,1545,29509
Adams,2019,Black,75-84,0,29511
Adams,2019,White,75-84,1556,29512
Adams,2020,Black,75-84,3,29514
Adams,2020,White,75-84,1546,29515
Allen,2010,Black,75-84,341,29520
Allen,2010,White,75-84,4897,29521
Allen,2011,Black,75-84,342,29523
Allen,2011,White,75-84,4809,29524
Allen,2012,Black,75-84,341,29526
Allen,2012,White,75-84,4718,29527
Allen,2013,Black,75-84,339,29529
Allen,2013,White,75-84,4668,29530
Allen,2014,Black,75-84,356,29532
Allen,2014,White,75-84,4657,29533
Allen,2015,Black,75-84,372,29535
Allen,2015,White,75-84,4660,29536
Allen,2016,Black,75-84,371,29538
Allen,2016,White,75-84,4632,29539
Allen,2017,Black,75-84,376,29541
Allen,2017,White,75-84,4728,29542
Allen,2018,Black,75-84,396,29544
Allen,2018,White,75-84,4833,29545
Allen,2019,Black,75-84,419,29547
Allen,2019,White,75-84,4864,29548
Allen,2020,Black,75-84,442,29550
Allen,2020,White,75-84,4930,29551
Ashland,2010,Black,75-84,14,29556
Ashland,2010,White,75-84,2647,29557
Ashland,2011,Black,75-84,13,29559
Ashland,2011,White,75-84,2655,29560
Ashland,2012,Black,75-84,13,29562
Ashland,2012,White,75-84,2681,29563
Ashland,2013,Black,75-84,12,29565
Ashland,2013,White,75-84,2711,29566
Ashland,2014,Black,75-84,11,29568
Ashland,2014,White,75-84,2786,29569
Ashland,2015,Black,75-84,8,29571
Ashland,2015,White,75-84,2815,29572
Ashland,2016,Black,75-84,8,29574
Ashland,2016,White,75-84,2840,29575
Ashland,2017,Black,75-84,11,29577
Ashland,2017,White,75-84,2978,29578
Ashland,2018,Black,75-84,12,29580
Ashland,2018,White,75-84,3114,29581
Ashland,2019,Black,75-84,9,29583
Ashland,2019,White,75-84,3200,29584
Ashland,2020,Black,75-84,17,29586
Ashland,2020,White,75-84,3242,29587
Ashtabula,2010,Black,75-84,128,29592
Ashtabula,2010,White,75-84,4948,29593
Ashtabula,2011,Black,75-84,121,29595
Ashtabula,2011,White,75-84,4858,29596
Ashtabula,2012,Black,75-84,114,29598
Ashtabula,2012,White,75-84,4854,29599
Ashtabula,2013,Black,75-84,116,29601
Ashtabula,2013,White,75-84,4903,29602
Ashtabula,2014,Black,75-84,120,29604
Ashtabula,2014,White,75-84,4890,29605
Ashtabula,2015,Black,75-84,116,29607
Ashtabula,2015,White,75-84,4856,29608
Ashtabula,2016,Black,75-84,123,29610
Ashtabula,2016,White,75-84,4945,29611
Ashtabula,2017,Black,75-84,128,29613
Ashtabula,2017,White,75-84,5096,29614
Ashtabula,2018,Black,75-84,127,29616
Ashtabula,2018,White,75-84,5355,29617
Ashtabula,2019,Black,75-84,117,29619
Ashtabula,2019,White,75-84,5466,29620
Ashtabula,2020,Black,75-84,122,29622
Ashtabula,2020,White,75-84,5518,29623
Athens,2010,Black,75-84,16,29628
Athens,2010,White,75-84,1987,29629
Athens,2011,Black,75-84,18,29631
Athens,2011,White,75-84,1978,29632
Athens,2012,Black,75-84,22,29634
Athens,2012,White,75-84,1971,29635
Athens,2013,Black,75-84,21,29637
Athens,2013,White,75-84,2020,29638
Athens,2014,Black,75-84,27,29640
Athens,2014,White,75-84,2102,29641
Athens,2015,Black,75-84,28,29643
Athens,2015,White,75-84,2127,29644
Athens,2016,Black,75-84,32,29646
Athens,2016,White,75-84,2168,29647
Athens,2017,Black,75-84,31,29649
Athens,2017,White,75-84,2239,29650
Athens,2018,Black,75-84,36,29652
Athens,2018,White,75-84,2315,29653
Athens,2019,Black,75-84,37,29655
Athens,2019,White,75-84,2378,29656
Athens,2020,Black,75-84,43,29658
Athens,2020,White,75-84,2444,29659
Auglaize,2010,Black,75-84,3,29664
Auglaize,2010,White,75-84,2384,29665
Auglaize,2011,Black,75-84,3,29667
Auglaize,2011,White,75-84,2368,29668
Auglaize,2012,Black,75-84,3,29670
Auglaize,2012,White,75-84,2392,29671
Auglaize,2013,Black,75-84,3,29673
Auglaize,2013,White,75-84,2397,29674
Auglaize,2014,Black,75-84,3,29676
Auglaize,2014,White,75-84,2404,29677
Auglaize,2015,Black,75-84,4,29679
Auglaize,2015,White,75-84,2386,29680
Auglaize,2016,Black,75-84,3,29682
Auglaize,2016,White,75-84,2411,29683
Auglaize,2017,Black,75-84,6,29685
Auglaize,2017,White,75-84,2418,29686
Auglaize,2018,Black,75-84,6,29688
Auglaize,2018,White,75-84,2497,29689
Auglaize,2019,Black,75-84,8,29691
Auglaize,2019,White,75-84,2541,29692
Auglaize,2020,Black,75-84,5,29694
Auglaize,2020,White,75-84,2601,29695
Belmont,2010,Black,75-84,52,29700
Belmont,2010,White,75-84,4175,29701
Belmont,2011,Black,75-84,50,29703
Belmont,2011,White,75-84,4069,29704
Belmont,2012,Black,75-84,47,29706
Belmont,2012,White,75-84,3982,29707
Belmont,2013,Black,75-84,46,29709
Belmont,2013,White,75-84,3966,29710
Belmont,2014,Black,75-84,51,29712
Belmont,2014,White,75-84,3957,29713
Belmont,2015,Black,75-84,52,29715
Belmont,2015,White,75-84,3941,29716
Belmont,2016,Black,75-84,50,29718
Belmont,2016,White,75-84,3954,29719
Belmont,2017,Black,75-84,51,29721
Belmont,2017,White,75-84,3934,29722
Belmont,2018,Black,75-84,49,29724
Belmont,2018,White,75-84,3932,29725
Belmont,2019,Black,75-84,52,29727
Belmont,2019,White,75-84,3933,29728
Belmont,2020,Black,75-84,64,29730
Belmont,2020,White,75-84,3867,29731
Brown,2010,Black,75-84,22,29736
Brown,2010,White,75-84,2011,29737
Brown,2011,Black,75-84,22,29739
Brown,2011,White,75-84,2027,29740
Brown,2012,Black,75-84,25,29742
Brown,2012,White,75-84,2064,29743
Brown,2013,Black,75-84,27,29745
Brown,2013,White,75-84,2152,29746
Brown,2014,Black,75-84,25,29748
Brown,2014,White,75-84,2226,29749
Brown,2015,Black,75-84,28,29751
Brown,2015,White,75-84,2278,29752
Brown,2016,Black,75-84,29,29754
Brown,2016,White,75-84,2302,29755
Brown,2017,Black,75-84,25,29757
Brown,2017,White,75-84,2329,29758
Brown,2018,Black,75-84,32,29760
Brown,2018,White,75-84,2398,29761
Brown,2019,Black,75-84,38,29763
Brown,2019,White,75-84,2427,29764
Brown,2020,Black,75-84,37,29766
Brown,2020,White,75-84,2453,29767
Butler,2010,Black,75-84,595,29772
Butler,2010,White,75-84,13586,29773
Butler,2011,Black,75-84,627,29775
Butler,2011,White,75-84,13636,29776
Butler,2012,Black,75-84,620,29778
Butler,2012,White,75-84,13752,29779
Butler,2013,Black,75-84,632,29781
Butler,2013,White,75-84,13818,29782
Butler,2014,Black,75-84,658,29784
Butler,2014,White,75-84,13942,29785
Butler,2015,Black,75-84,651,29787
Butler,2015,White,75-84,14026,29788
Butler,2016,Black,75-84,666,29790
Butler,2016,White,75-84,14204,29791
Butler,2017,Black,75-84,698,29793
Butler,2017,White,75-84,14542,29794
Butler,2018,Black,75-84,739,29796
Butler,2018,White,75-84,15041,29797
Butler,2019,Black,75-84,760,29799
Butler,2019,White,75-84,15484,29800
Butler,2020,Black,75-84,803,29802
Butler,2020,White,75-84,15736,29803
Carroll,2010,Black,75-84,9,29808
Carroll,2010,White,75-84,1471,29809
Carroll,2011,Black,75-84,7,29811
Carroll,2011,White,75-84,1456,29812
Carroll,2012,Black,75-84,7,29814
Carroll,2012,White,75-84,1462,29815
Carroll,2013,Black,75-84,6,29817
Carroll,2013,White,75-84,1504,29818
Carroll,2014,Black,75-84,9,29820
Carroll,2014,White,75-84,1538,29821
Carroll,2015,Black,75-84,6,29823
Carroll,2015,White,75-84,1546,29824
Carroll,2016,Black,75-84,7,29826
Carroll,2016,White,75-84,1597,29827
Carroll,2017,Black,75-84,7,29829
Carroll,2017,White,75-84,1643,29830
Carroll,2018,Black,75-84,7,29832
Carroll,2018,White,75-84,1699,29833
Carroll,2019,Black,75-84,8,29835
Carroll,2019,White,75-84,1759,29836
Carroll,2020,Black,75-84,7,29838
Carroll,2020,White,75-84,1804,29839
Champaign,2010,Black,75-84,42,29844
Champaign,2010,White,75-84,1685,29845
Champaign,2011,Black,75-84,41,29847
Champaign,2011,White,75-84,1723,29848
Champaign,2012,Black,75-84,35,29850
Champaign,2012,White,75-84,1778,29851
Champaign,2013,Black,75-84,33,29853
Champaign,2013,White,75-84,1830,29854
Champaign,2014,Black,75-84,38,29856
Champaign,2014,White,75-84,1872,29857
Champaign,2015,Black,75-84,43,29859
Champaign,2015,White,75-84,1918,29860
Champaign,2016,Black,75-84,49,29862
Champaign,2016,White,75-84,1982,29863
Champaign,2017,Black,75-84,44,29865
Champaign,2017,White,75-84,2086,29866
Champaign,2018,Black,75-84,41,29868
Champaign,2018,White,75-84,2188,29869
Champaign,2019,Black,75-84,37,29871
Champaign,2019,White,75-84,2222,29872
Champaign,2020,Black,75-84,43,29874
Champaign,2020,White,75-84,2290,29875
Clark,2010,Black,75-84,551,29880
Clark,2010,White,75-84,6662,29881
Clark,2011,Black,75-84,522,29883
Clark,2011,White,75-84,6651,29884
Clark,2012,Black,75-84,494,29886
Clark,2012,White,75-84,6616,29887
Clark,2013,Black,75-84,497,29889
Clark,2013,White,75-84,6652,29890
Clark,2014,Black,75-84,507,29892
Clark,2014,White,75-84,6791,29893
Clark,2015,Black,75-84,497,29895
Clark,2015,White,75-84,6794,29896
Clark,2016,Black,75-84,490,29898
Clark,2016,White,75-84,6929,29899
Clark,2017,Black,75-84,519,29901
Clark,2017,White,75-84,7065,29902
Clark,2018,Black,75-84,516,29904
Clark,2018,White,75-84,7329,29905
Clark,2019,Black,75-84,521,29907
Clark,2019,White,75-84,7480,29908
Clark,2020,Black,75-84,524,29910
Clark,2020,White,75-84,7439,29911
Clermont,2010,Black,75-84,68,29916
Clermont,2010,White,75-84,7050,29917
Clermont,2011,Black,75-84,70,29919
Clermont,2011,White,75-84,7292,29920
Clermont,2012,Black,75-84,68,29922
Clermont,2012,White,75-84,7465,29923
Clermont,2013,Black,75-84,68,29925
Clermont,2013,White,75-84,7672,29926
Clermont,2014,Black,75-84,77,29928
Clermont,2014,White,75-84,7872,29929
Clermont,2015,Black,75-84,81,29931
Clermont,2015,White,75-84,8065,29932
Clermont,2016,Black,75-84,101,29934
Clermont,2016,White,75-84,8390,29935
Clermont,2017,Black,75-84,112,29937
Clermont,2017,White,75-84,8813,29938
Clermont,2018,Black,75-84,115,29940
Clermont,2018,White,75-84,9403,29941
Clermont,2019,Black,75-84,119,29943
Clermont,2019,White,75-84,9900,29944
Clermont,2020,Black,75-84,114,29946
Clermont,2020,White,75-84,10252,29947
Clinton,2010,Black,75-84,30,29952
Clinton,2010,White,75-84,1781,29953
Clinton,2011,Black,75-84,32,29955
Clinton,2011,White,75-84,1822,29956
Clinton,2012,Black,75-84,27,29958
Clinton,2012,White,75-84,1842,29959
Clinton,2013,Black,75-84,31,29961
Clinton,2013,White,75-84,1855,29962
Clinton,2014,Black,75-84,30,29964
Clinton,2014,White,75-84,1856,29965
Clinton,2015,Black,75-84,31,29967
Clinton,2015,White,75-84,1879,29968
Clinton,2016,Black,75-84,32,29970
Clinton,2016,White,75-84,1934,29971
Clinton,2017,Black,75-84,33,29973
Clinton,2017,White,75-84,1974,29974
Clinton,2018,Black,75-84,37,29976
Clinton,2018,White,75-84,2058,29977
Clinton,2019,Black,75-84,46,29979
Clinton,2019,White,75-84,2119,29980
Clinton,2020,Black,75-84,46,29982
Clinton,2020,White,75-84,2173,29983
Columbiana,2010,Black,75-84,68,29988
Columbiana,2010,White,75-84,5960,29989
Columbiana,2011,Black,75-84,68,29991
Columbiana,2011,White,75-84,5892,29992
Columbiana,2012,Black,75-84,62,29994
Columbiana,2012,White,75-84,5869,29995
Columbiana,2013,Black,75-84,60,29997
Columbiana,2013,White,75-84,5881,29998
Columbiana,2014,Black,75-84,59,30000
Columbiana,2014,White,75-84,5906,30001
Columbiana,2015,Black,75-84,52,30003
Columbiana,2015,White,75-84,5876,30004
Columbiana,2016,Black,75-84,54,30006
Columbiana,2016,White,75-84,5971,30007
Columbiana,2017,Black,75-84,55,30009
Columbiana,2017,White,75-84,6035,30010
Columbiana,2018,Black,75-84,52,30012
Columbiana,2018,White,75-84,6144,30013
Columbiana,2019,Black,75-84,55,30015
Columbiana,2019,White,75-84,6199,30016
Columbiana,2020,Black,75-84,53,30018
Columbiana,2020,White,75-84,6208,30019
Coshocton,2010,Black,75-84,28,30024
Coshocton,2010,White,75-84,1898,30025
Coshocton,2011,Black,75-84,27,30027
Coshocton,2011,White,75-84,1927,30028
Coshocton,2012,Black,75-84,28,30030
Coshocton,2012,White,75-84,1964,30031
Coshocton,2013,Black,75-84,30,30033
Coshocton,2013,White,75-84,1997,30034
Coshocton,2014,Black,75-84,28,30036
Coshocton,2014,White,75-84,2005,30037
Coshocton,2015,Black,75-84,29,30039
Coshocton,2015,White,75-84,2060,30040
Coshocton,2016,Black,75-84,34,30042
Coshocton,2016,White,75-84,2114,30043
Coshocton,2017,Black,75-84,33,30045
Coshocton,2017,White,75-84,2168,30046
Coshocton,2018,Black,75-84,32,30048
Coshocton,2018,White,75-84,2229,30049
Coshocton,2019,Black,75-84,30,30051
Coshocton,2019,White,75-84,2228,30052
Coshocton,2020,Black,75-84,33,30054
Coshocton,2020,White,75-84,2186,30055
Crawford,2010,Black,75-84,10,30060
Crawford,2010,White,75-84,2540,30061
Crawford,2011,Black,75-84,11,30063
Crawford,2011,White,75-84,2592,30064
Crawford,2012,Black,75-84,14,30066
Crawford,2012,White,75-84,2578,30067
Crawford,2013,Black,75-84,14,30069
Crawford,2013,White,75-84,2585,30070
Crawford,2014,Black,75-84,12,30072
Crawford,2014,White,75-84,2612,30073
Crawford,2015,Black,75-84,14,30075
Crawford,2015,White,75-84,2600,30076
Crawford,2016,Black,75-84,14,30078
Crawford,2016,White,75-84,2560,30079
Crawford,2017,Black,75-84,16,30081
Crawford,2017,White,75-84,2650,30082
Crawford,2018,Black,75-84,20,30084
Crawford,2018,White,75-84,2712,30085
Crawford,2019,Black,75-84,24,30087
Crawford,2019,White,75-84,2725,30088
Crawford,2020,Black,75-84,20,30090
Crawford,2020,White,75-84,2753,30091
Cuyahoga,2010,Black,75-84,15562,30096
Cuyahoga,2010,White,75-84,52576,30097
Cuyahoga,2011,Black,75-84,15691,30099
Cuyahoga,2011,White,75-84,50818,30100
Cuyahoga,2012,Black,75-84,15576,30102
Cuyahoga,2012,White,75-84,49360,30103
Cuyahoga,2013,Black,75-84,15585,30105
Cuyahoga,2013,White,75-84,48563,30106
Cuyahoga,2014,Black,75-84,15569,30108
Cuyahoga,2014,White,75-84,48068,30109
Cuyahoga,2015,Black,75-84,15688,30111
Cuyahoga,2015,White,75-84,47664,30112
Cuyahoga,2016,Black,75-84,15868,30114
Cuyahoga,2016,White,75-84,47492,30115
Cuyahoga,2017,Black,75-84,15986,30117
Cuyahoga,2017,White,75-84,47802,30118
Cuyahoga,2018,Black,75-84,16139,30120
Cuyahoga,2018,White,75-84,48781,30121
Cuyahoga,2019,Black,75-84,16317,30123
Cuyahoga,2019,White,75-84,49383,30124
Cuyahoga,2020,Black,75-84,16325,30126
Cuyahoga,2020,White,75-84,49478,30127
Darke,2010,Black,75-84,16,30132
Darke,2010,White,75-84,2826,30133
Darke,2011,Black,75-84,17,30135
Darke,2011,White,75-84,2828,30136
Darke,2012,Black,75-84,19,30138
Darke,2012,White,75-84,2874,30139
Darke,2013,Black,75-84,17,30141
Darke,2013,White,75-84,2836,30142
Darke,2014,Black,75-84,20,30144
Darke,2014,White,75-84,2890,30145
Darke,2015,Black,75-84,19,30147
Darke,2015,White,75-84,2896,30148
Darke,2016,Black,75-84,24,30150
Darke,2016,White,75-84,3000,30151
Darke,2017,Black,75-84,21,30153
Darke,2017,White,75-84,3094,30154
Darke,2018,Black,75-84,20,30156
Darke,2018,White,75-84,3239,30157
Darke,2019,Black,75-84,24,30159
Darke,2019,White,75-84,3298,30160
Darke,2020,Black,75-84,20,30162
Darke,2020,White,75-84,3310,30163
Defiance,2010,Black,75-84,12,30168
Defiance,2010,White,75-84,1905,30169
Defiance,2011,Black,75-84,15,30171
Defiance,2011,White,75-84,1905,30172
Defiance,2012,Black,75-84,17,30174
Defiance,2012,White,75-84,1894,30175
Defiance,2013,Black,75-84,15,30177
Defiance,2013,White,75-84,1903,30178
Defiance,2014,Black,75-84,15,30180
Defiance,2014,White,75-84,1934,30181
Defiance,2015,Black,75-84,18,30183
Defiance,2015,White,75-84,1941,30184
Defiance,2016,Black,75-84,17,30186
Defiance,2016,White,75-84,1977,30187
Defiance,2017,Black,75-84,19,30189
Defiance,2017,White,75-84,2048,30190
Defiance,2018,Black,75-84,20,30192
Defiance,2018,White,75-84,2153,30193
Defiance,2019,Black,75-84,20,30195
Defiance,2019,White,75-84,2191,30196
Defiance,2020,Black,75-84,20,30198
Defiance,2020,White,75-84,2186,30199
Delaware,2010,Black,75-84,92,30204
Delaware,2010,White,75-84,4809,30205
Delaware,2011,Black,75-84,92,30207
Delaware,2011,White,75-84,5053,30208
Delaware,2012,Black,75-84,97,30210
Delaware,2012,White,75-84,5211,30211
Delaware,2013,Black,75-84,103,30213
Delaware,2013,White,75-84,5500,30214
Delaware,2014,Black,75-84,107,30216
Delaware,2014,White,75-84,5829,30217
Delaware,2015,Black,75-84,114,30219
Delaware,2015,White,75-84,6071,30220
Delaware,2016,Black,75-84,119,30222
Delaware,2016,White,75-84,6375,30223
Delaware,2017,Black,75-84,137,30225
Delaware,2017,White,75-84,6716,30226
Delaware,2018,Black,75-84,159,30228
Delaware,2018,White,75-84,7227,30229
Delaware,2019,Black,75-84,178,30231
Delaware,2019,White,75-84,7765,30232
Delaware,2020,Black,75-84,209,30234
Delaware,2020,White,75-84,8182,30235
Erie,2010,Black,75-84,273,30240
Erie,2010,White,75-84,4029,30241
Erie,2011,Black,75-84,273,30243
Erie,2011,White,75-84,4030,30244
Erie,2012,Black,75-84,273,30246
Erie,2012,White,75-84,4038,30247
Erie,2013,Black,75-84,280,30249
Erie,2013,White,75-84,4090,30250
Erie,2014,Black,75-84,279,30252
Erie,2014,White,75-84,4165,30253
Erie,2015,Black,75-84,275,30255
Erie,2015,White,75-84,4196,30256
Erie,2016,Black,75-84,265,30258
Erie,2016,White,75-84,4243,30259
Erie,2017,Black,75-84,263,30261
Erie,2017,White,75-84,4387,30262
Erie,2018,Black,75-84,269,30264
Erie,2018,White,75-84,4587,30265
Erie,2019,Black,75-84,277,30267
Erie,2019,White,75-84,4712,30268
Erie,2020,Black,75-84,273,30270
Erie,2020,White,75-84,4757,30271
Fairfield,2010,Black,75-84,101,30276
Fairfield,2010,White,75-84,5454,30277
Fairfield,2011,Black,75-84,101,30279
Fairfield,2011,White,75-84,5595,30280
Fairfield,2012,Black,75-84,108,30282
Fairfield,2012,White,75-84,5706,30283
Fairfield,2013,Black,75-84,114,30285
Fairfield,2013,White,75-84,5877,30286
Fairfield,2014,Black,75-84,119,30288
Fairfield,2014,White,75-84,6019,30289
Fairfield,2015,Black,75-84,128,30291
Fairfield,2015,White,75-84,6202,30292
Fairfield,2016,Black,75-84,149,30294
Fairfield,2016,White,75-84,6395,30295
Fairfield,2017,Black,75-84,167,30297
Fairfield,2017,White,75-84,6677,30298
Fairfield,2018,Black,75-84,205,30300
Fairfield,2018,White,75-84,7088,30301
Fairfield,2019,Black,75-84,226,30303
Fairfield,2019,White,75-84,7397,30304
Fairfield,2020,Black,75-84,245,30306
Fairfield,2020,White,75-84,7505,30307
Fayette,2010,Black,75-84,32,30312
Fayette,2010,White,75-84,1360,30313
Fayette,2011,Black,75-84,33,30315
Fayette,2011,White,75-84,1346,30316
Fayette,2012,Black,75-84,34,30318
Fayette,2012,White,75-84,1335,30319
Fayette,2013,Black,75-84,31,30321
Fayette,2013,White,75-84,1351,30322
Fayette,2014,Black,75-84,27,30324
Fayette,2014,White,75-84,1371,30325
Fayette,2015,Black,75-84,27,30327
Fayette,2015,White,75-84,1410,30328
Fayette,2016,Black,75-84,31,30330
Fayette,2016,White,75-84,1451,30331
Fayette,2017,Black,75-84,32,30333
Fayette,2017,White,75-84,1499,30334
Fayette,2018,Black,75-84,31,30336
Fayette,2018,White,75-84,1540,30337
Fayette,2019,Black,75-84,37,30339
Fayette,2019,White,75-84,1573,30340
Fayette,2020,Black,75-84,29,30342
Fayette,2020,White,75-84,1586,30343
Franklin,2010,Black,75-84,5899,30348
Franklin,2010,White,75-84,30902,30349
Franklin,2011,Black,75-84,6111,30351
Franklin,2011,White,75-84,30785,30352
Franklin,2012,Black,75-84,6333,30354
Franklin,2012,White,75-84,30648,30355
Franklin,2013,Black,75-84,6503,30357
Franklin,2013,White,75-84,30689,30358
Franklin,2014,Black,75-84,6612,30360
Franklin,2014,White,75-84,30907,30361
Franklin,2015,Black,75-84,6807,30363
Franklin,2015,White,75-84,31023,30364
Franklin,2016,Black,75-84,7044,30366
Franklin,2016,White,75-84,31562,30367
Franklin,2017,Black,75-84,7263,30369
Franklin,2017,White,75-84,32671,30370
Franklin,2018,Black,75-84,7582,30372
Franklin,2018,White,75-84,34064,30373
Franklin,2019,Black,75-84,7754,30375
Franklin,2019,White,75-84,35189,30376
Franklin,2020,Black,75-84,7962,30378
Franklin,2020,White,75-84,36017,30379
Fulton,2010,Black,75-84,3,30384
Fulton,2010,White,75-84,1974,30385
Fulton,2011,Black,75-84,3,30387
Fulton,2011,White,75-84,1956,30388
Fulton,2012,Black,75-84,4,30390
Fulton,2012,White,75-84,1939,30391
Fulton,2013,Black,75-84,3,30393
Fulton,2013,White,75-84,1942,30394
Fulton,2014,Black,75-84,5,30396
Fulton,2014,White,75-84,1971,30397
Fulton,2015,Black,75-84,6,30399
Fulton,2015,White,75-84,2009,30400
Fulton,2016,Black,75-84,5,30402
Fulton,2016,White,75-84,2050,30403
Fulton,2017,Black,75-84,3,30405
Fulton,2017,White,75-84,2045,30406
Fulton,2018,Black,75-84,3,30408
Fulton,2018,White,75-84,2119,30409
Fulton,2019,Black,75-84,7,30411
Fulton,2019,White,75-84,2213,30412
Fulton,2020,Black,75-84,4,30414
Fulton,2020,White,75-84,2262,30415
Gallia,2010,Black,75-84,36,30420
Gallia,2010,White,75-84,1499,30421
Gallia,2011,Black,75-84,31,30423
Gallia,2011,White,75-84,1548,30424
Gallia,2012,Black,75-84,34,30426
Gallia,2012,White,75-84,1582,30427
Gallia,2013,Black,75-84,34,30429
Gallia,2013,White,75-84,1588,30430
Gallia,2014,Black,75-84,36,30432
Gallia,2014,White,75-84,1600,30433
Gallia,2015,Black,75-84,34,30435
Gallia,2015,White,75-84,1656,30436
Gallia,2016,Black,75-84,37,30438
Gallia,2016,White,75-84,1655,30439
Gallia,2017,Black,75-84,38,30441
Gallia,2017,White,75-84,1702,30442
Gallia,2018,Black,75-84,45,30444
Gallia,2018,White,75-84,1775,30445
Gallia,2019,Black,75-84,46,30447
Gallia,2019,White,75-84,1780,30448
Gallia,2020,Black,75-84,46,30450
Gallia,2020,White,75-84,1770,30451
Geauga,2010,Black,75-84,59,30456
Geauga,2010,White,75-84,4423,30457
Geauga,2011,Black,75-84,59,30459
Geauga,2011,White,75-84,4439,30460
Geauga,2012,Black,75-84,59,30462
Geauga,2012,White,75-84,4487,30463
Geauga,2013,Black,75-84,68,30465
Geauga,2013,White,75-84,4576,30466
Geauga,2014,Black,75-84,78,30468
Geauga,2014,White,75-84,4663,30469
Geauga,2015,Black,75-84,74,30471
Geauga,2015,White,75-84,4806,30472
Geauga,2016,Black,75-84,75,30474
Geauga,2016,White,75-84,4946,30475
Geauga,2017,Black,75-84,67,30477
Geauga,2017,White,75-84,5195,30478
Geauga,2018,Black,75-84,70,30480
Geauga,2018,White,75-84,5557,30481
Geauga,2019,Black,75-84,75,30483
Geauga,2019,White,75-84,5819,30484
Geauga,2020,Black,75-84,74,30486
Geauga,2020,White,75-84,6019,30487
Greene,2010,Black,75-84,337,30492
Greene,2010,White,75-84,6898,30493
Greene,2011,Black,75-84,351,30495
Greene,2011,White,75-84,7018,30496
Greene,2012,Black,75-84,343,30498
Greene,2012,White,75-84,7094,30499
Greene,2013,Black,75-84,349,30501
Greene,2013,White,75-84,7183,30502
Greene,2014,Black,75-84,359,30504
Greene,2014,White,75-84,7267,30505
Greene,2015,Black,75-84,362,30507
Greene,2015,White,75-84,7281,30508
Greene,2016,Black,75-84,368,30510
Greene,2016,White,75-84,7430,30511
Greene,2017,Black,75-84,371,30513
Greene,2017,White,75-84,7592,30514
Greene,2018,Black,75-84,388,30516
Greene,2018,White,75-84,7876,30517
Greene,2019,Black,75-84,383,30519
Greene,2019,White,75-84,8054,30520
Greene,2020,Black,75-84,370,30522
Greene,2020,White,75-84,8236,30523
Guernsey,2010,Black,75-84,22,30528
Guernsey,2010,White,75-84,2061,30529
Guernsey,2011,Black,75-84,22,30531
Guernsey,2011,White,75-84,2093,30532
Guernsey,2012,Black,75-84,25,30534
Guernsey,2012,White,75-84,2127,30535
Guernsey,2013,Black,75-84,25,30537
Guernsey,2013,White,75-84,2159,30538
Guernsey,2014,Black,75-84,26,30540
Guernsey,2014,White,75-84,2180,30541
Guernsey,2015,Black,75-84,24,30543
Guernsey,2015,White,75-84,2200,30544
Guernsey,2016,Black,75-84,30,30546
Guernsey,2016,White,75-84,2202,30547
Guernsey,2017,Black,75-84,25,30549
Guernsey,2017,White,75-84,2244,30550
Guernsey,2018,Black,75-84,29,30552
Guernsey,2018,White,75-84,2325,30553
Guernsey,2019,Black,75-84,27,30555
Guernsey,2019,White,75-84,2363,30556
Guernsey,2020,Black,75-84,29,30558
Guernsey,2020,White,75-84,2335,30559
Hamilton,2010,Black,75-84,6281,30564
Hamilton,2010,White,75-84,30254,30565
Hamilton,2011,Black,75-84,6355,30567
Hamilton,2011,White,75-84,29492,30568
Hamilton,2012,Black,75-84,6425,30570
Hamilton,2012,White,75-84,28790,30571
Hamilton,2013,Black,75-84,6580,30573
Hamilton,2013,White,75-84,28347,30574
Hamilton,2014,Black,75-84,6732,30576
Hamilton,2014,White,75-84,27949,30577
Hamilton,2015,Black,75-84,6836,30579
Hamilton,2015,White,75-84,27342,30580
Hamilton,2016,Black,75-84,6981,30582
Hamilton,2016,White,75-84,27004,30583
Hamilton,2017,Black,75-84,7163,30585
Hamilton,2017,White,75-84,27142,30586
Hamilton,2018,Black,75-84,7430,30588
Hamilton,2018,White,75-84,27840,30589
Hamilton,2019,Black,75-84,7505,30591
Hamilton,2019,White,75-84,28413,30592
Hamilton,2020,Black,75-84,7593,30594
Hamilton,2020,White,75-84,28549,30595
Hancock,2010,Black,75-84,16,30600
Hancock,2010,White,75-84,3449,30601
Hancock,2011,Black,75-84,22,30603
Hancock,2011,White,75-84,3437,30604
Hancock,2012,Black,75-84,17,30606
Hancock,2012,White,75-84,3483,30607
Hancock,2013,Black,75-84,17,30609
Hancock,2013,White,75-84,3515,30610
Hancock,2014,Black,75-84,21,30612
Hancock,2014,White,75-84,3599,30613
Hancock,2015,Black,75-84,22,30615
Hancock,2015,White,75-84,3617,30616
Hancock,2016,Black,75-84,29,30618
Hancock,2016,White,75-84,3683,30619
Hancock,2017,Black,75-84,28,30621
Hancock,2017,White,75-84,3749,30622
Hancock,2018,Black,75-84,28,30624
Hancock,2018,White,75-84,3865,30625
Hancock,2019,Black,75-84,27,30627
Hancock,2019,White,75-84,3933,30628
Hancock,2020,Black,75-84,23,30630
Hancock,2020,White,75-84,4060,30631
Hardin,2010,Black,75-84,7,30636
Hardin,2010,White,75-84,1328,30637
Hardin,2011,Black,75-84,8,30639
Hardin,2011,White,75-84,1355,30640
Hardin,2012,Black,75-84,7,30642
Hardin,2012,White,75-84,1391,30643
Hardin,2013,Black,75-84,9,30645
Hardin,2013,White,75-84,1433,30646
Hardin,2014,Black,75-84,10,30648
Hardin,2014,White,75-84,1437,30649
Hardin,2015,Black,75-84,13,30651
Hardin,2015,White,75-84,1435,30652
Hardin,2016,Black,75-84,16,30654
Hardin,2016,White,75-84,1437,30655
Hardin,2017,Black,75-84,14,30657
Hardin,2017,White,75-84,1474,30658
Hardin,2018,Black,75-84,13,30660
Hardin,2018,White,75-84,1545,30661
Hardin,2019,Black,75-84,16,30663
Hardin,2019,White,75-84,1570,30664
Hardin,2020,Black,75-84,15,30666
Hardin,2020,White,75-84,1574,30667
Harrison,2010,Black,75-84,12,30672
Harrison,2010,White,75-84,933,30673
Harrison,2011,Black,75-84,10,30675
Harrison,2011,White,75-84,934,30676
Harrison,2012,Black,75-84,13,30678
Harrison,2012,White,75-84,918,30679
Harrison,2013,Black,75-84,13,30681
Harrison,2013,White,75-84,918,30682
Harrison,2014,Black,75-84,18,30684
Harrison,2014,White,75-84,895,30685
Harrison,2015,Black,75-84,16,30687
Harrison,2015,White,75-84,918,30688
Harrison,2016,Black,75-84,20,30690
Harrison,2016,White,75-84,906,30691
Harrison,2017,Black,75-84,21,30693
Harrison,2017,White,75-84,914,30694
Harrison,2018,Black,75-84,23,30696
Harrison,2018,White,75-84,954,30697
Harrison,2019,Black,75-84,24,30699
Harrison,2019,White,75-84,986,30700
Harrison,2020,Black,75-84,24,30702
Harrison,2020,White,75-84,955,30703
Henry,2010,Black,75-84,1,30708
Henry,2010,White,75-84,1480,30709
Henry,2011,Black,75-84,1,30711
Henry,2011,White,75-84,1467,30712
Henry,2012,Black,75-84,2,30714
Henry,2012,White,75-84,1480,30715
Henry,2013,Black,75-84,3,30717
Henry,2013,White,75-84,1487,30718
Henry,2014,Black,75-84,2,30720
Henry,2014,White,75-84,1498,30721
Henry,2015,Black,75-84,2,30723
Henry,2015,White,75-84,1529,30724
Henry,2016,Black,75-84,6,30726
Henry,2016,White,75-84,1524,30727
Henry,2017,Black,75-84,5,30729
Henry,2017,White,75-84,1528,30730
Henry,2018,Black,75-84,4,30732
Henry,2018,White,75-84,1532,30733
Henry,2019,Black,75-84,5,30735
Henry,2019,White,75-84,1548,30736
Henry,2020,Black,75-84,3,30738
Henry,2020,White,75-84,1539,30739
Highland,2010,Black,75-84,31,30744
Highland,2010,White,75-84,2073,30745
Highland,2011,Black,75-84,31,30747
Highland,2011,White,75-84,2106,30748
Highland,2012,Black,75-84,29,30750
Highland,2012,White,75-84,2136,30751
Highland,2013,Black,75-84,29,30753
Highland,2013,White,75-84,2131,30754
Highland,2014,Black,75-84,30,30756
Highland,2014,White,75-84,2162,30757
Highland,2015,Black,75-84,35,30759
Highland,2015,White,75-84,2170,30760
Highland,2016,Black,75-84,39,30762
Highland,2016,White,75-84,2177,30763
Highland,2017,Black,75-84,45,30765
Highland,2017,White,75-84,2269,30766
Highland,2018,Black,75-84,46,30768
Highland,2018,White,75-84,2328,30769
Highland,2019,Black,75-84,47,30771
Highland,2019,White,75-84,2375,30772
Highland,2020,Black,75-84,48,30774
Highland,2020,White,75-84,2408,30775
Hocking,2010,Black,75-84,18,30780
Hocking,2010,White,75-84,1316,30781
Hocking,2011,Black,75-84,21,30783
Hocking,2011,White,75-84,1361,30784
Hocking,2012,Black,75-84,21,30786
Hocking,2012,White,75-84,1412,30787
Hocking,2013,Black,75-84,13,30789
Hocking,2013,White,75-84,1417,30790
Hocking,2014,Black,75-84,14,30792
Hocking,2014,White,75-84,1464,30793
Hocking,2015,Black,75-84,17,30795
Hocking,2015,White,75-84,1513,30796
Hocking,2016,Black,75-84,17,30798
Hocking,2016,White,75-84,1615,30799
Hocking,2017,Black,75-84,13,30801
Hocking,2017,White,75-84,1676,30802
Hocking,2018,Black,75-84,15,30804
Hocking,2018,White,75-84,1732,30805
Hocking,2019,Black,75-84,14,30807
Hocking,2019,White,75-84,1740,30808
Hocking,2020,Black,75-84,10,30810
Hocking,2020,White,75-84,1745,30811
Holmes,2010,Black,75-84,9,30816
Holmes,2010,White,75-84,1597,30817
Holmes,2011,Black,75-84,8,30819
Holmes,2011,White,75-84,1642,30820
Holmes,2012,Black,75-84,9,30822
Holmes,2012,White,75-84,1659,30823
Holmes,2013,Black,75-84,9,30825
Holmes,2013,White,75-84,1703,30826
Holmes,2014,Black,75-84,7,30828
Holmes,2014,White,75-84,1722,30829
Holmes,2015,Black,75-84,8,30831
Holmes,2015,White,75-84,1708,30832
Holmes,2016,Black,75-84,8,30834
Holmes,2016,White,75-84,1734,30835
Holmes,2017,Black,75-84,8,30837
Holmes,2017,White,75-84,1753,30838
Holmes,2018,Black,75-84,10,30840
Holmes,2018,White,75-84,1784,30841
Holmes,2019,Black,75-84,10,30843
Holmes,2019,White,75-84,1831,30844
Holmes,2020,Black,75-84,9,30846
Holmes,2020,White,75-84,1829,30847
Huron,2010,Black,75-84,39,30852
Huron,2010,White,75-84,2601,30853
Huron,2011,Black,75-84,39,30855
Huron,2011,White,75-84,2605,30856
Huron,2012,Black,75-84,36,30858
Huron,2012,White,75-84,2603,30859
Huron,2013,Black,75-84,33,30861
Huron,2013,White,75-84,2626,30862
Huron,2014,Black,75-84,31,30864
Huron,2014,White,75-84,2622,30865
Huron,2015,Black,75-84,35,30867
Huron,2015,White,75-84,2667,30868
Huron,2016,Black,75-84,30,30870
Huron,2016,White,75-84,2731,30871
Huron,2017,Black,75-84,30,30873
Huron,2017,White,75-84,2764,30874
Huron,2018,Black,75-84,29,30876
Huron,2018,White,75-84,2847,30877
Huron,2019,Black,75-84,29,30879
Huron,2019,White,75-84,2934,30880
Huron,2020,Black,75-84,28,30882
Huron,2020,White,75-84,3012,30883
Jackson,2010,Black,75-84,5,30888
Jackson,2010,White,75-84,1486,30889
Jackson,2011,Black,75-84,9,30891
Jackson,2011,White,75-84,1477,30892
Jackson,2012,Black,75-84,6,30894
Jackson,2012,White,75-84,1486,30895
Jackson,2013,Black,75-84,7,30897
Jackson,2013,White,75-84,1478,30898
Jackson,2014,Black,75-84,6,30900
Jackson,2014,White,75-84,1485,30901
Jackson,2015,Black,75-84,7,30903
Jackson,2015,White,75-84,1508,30904
Jackson,2016,Black,75-84,5,30906
Jackson,2016,White,75-84,1527,30907
Jackson,2017,Black,75-84,9,30909
Jackson,2017,White,75-84,1533,30910
Jackson,2018,Black,75-84,12,30912
Jackson,2018,White,75-84,1575,30913
Jackson,2019,Black,75-84,12,30915
Jackson,2019,White,75-84,1620,30916
Jackson,2020,Black,75-84,11,30918
Jackson,2020,White,75-84,1655,30919
Jefferson,2010,Black,75-84,172,30924
Jefferson,2010,White,75-84,4217,30925
Jefferson,2011,Black,75-84,173,30927
Jefferson,2011,White,75-84,4134,30928
Jefferson,2012,Black,75-84,179,30930
Jefferson,2012,White,75-84,4086,30931
Jefferson,2013,Black,75-84,184,30933
Jefferson,2013,White,75-84,4080,30934
Jefferson,2014,Black,75-84,176,30936
Jefferson,2014,White,75-84,4098,30937
Jefferson,2015,Black,75-84,175,30939
Jefferson,2015,White,75-84,4039,30940
Jefferson,2016,Black,75-84,171,30942
Jefferson,2016,White,75-84,4052,30943
Jefferson,2017,Black,75-84,168,30945
Jefferson,2017,White,75-84,4053,30946
Jefferson,2018,Black,75-84,166,30948
Jefferson,2018,White,75-84,4140,30949
Jefferson,2019,Black,75-84,173,30951
Jefferson,2019,White,75-84,4155,30952
Jefferson,2020,Black,75-84,188,30954
Jefferson,2020,White,75-84,4111,30955
Knox,2010,Black,75-84,11,30960
Knox,2010,White,75-84,2861,30961
Knox,2011,Black,75-84,14,30963
Knox,2011,White,75-84,2865,30964
Knox,2012,Black,75-84,13,30966
Knox,2012,White,75-84,2872,30967
Knox,2013,Black,75-84,12,30969
Knox,2013,White,75-84,2899,30970
Knox,2014,Black,75-84,10,30972
Knox,2014,White,75-84,2983,30973
Knox,2015,Black,75-84,16,30975
Knox,2015,White,75-84,2981,30976
Knox,2016,Black,75-84,15,30978
Knox,2016,White,75-84,3064,30979
Knox,2017,Black,75-84,19,30981
Knox,2017,White,75-84,3167,30982
Knox,2018,Black,75-84,17,30984
Knox,2018,White,75-84,3280,30985
Knox,2019,Black,75-84,15,30987
Knox,2019,White,75-84,3341,30988
Knox,2020,Black,75-84,17,30990
Knox,2020,White,75-84,3444,30991
Lake,2010,Black,75-84,208,30996
Lake,2010,White,75-84,11943,30997
Lake,2011,Black,75-84,218,30999
Lake,2011,White,75-84,11904,31000
Lake,2012,Black,75-84,210,31002
Lake,2012,White,75-84,11910,31003
Lake,2013,Black,75-84,224,31005
Lake,2013,White,75-84,11911,31006
Lake,2014,Black,75-84,241,31008
Lake,2014,White,75-84,11993,31009
Lake,2015,Black,75-84,248,31011
Lake,2015,White,75-84,12066,31012
Lake,2016,Black,75-84,247,31014
Lake,2016,White,75-84,12343,31015
Lake,2017,Black,75-84,271,31017
Lake,2017,White,75-84,12795,31018
Lake,2018,Black,75-84,275,31020
Lake,2018,White,75-84,13409,31021
Lake,2019,Black,75-84,285,31023
Lake,2019,White,75-84,13770,31024
Lake,2020,Black,75-84,307,31026
Lake,2020,White,75-84,13978,31027
Lawrence,2010,Black,75-84,66,31032
Lawrence,2010,White,75-84,3054,31033
Lawrence,2011,Black,75-84,71,31035
Lawrence,2011,White,75-84,3077,31036
Lawrence,2012,Black,75-84,62,31038
Lawrence,2012,White,75-84,3103,31039
Lawrence,2013,Black,75-84,58,31041
Lawrence,2013,White,75-84,3139,31042
Lawrence,2014,Black,75-84,57,31044
Lawrence,2014,White,75-84,3182,31045
Lawrence,2015,Black,75-84,58,31047
Lawrence,2015,White,75-84,3215,31048
Lawrence,2016,Black,75-84,52,31050
Lawrence,2016,White,75-84,3359,31051
Lawrence,2017,Black,75-84,50,31053
Lawrence,2017,White,75-84,3410,31054
Lawrence,2018,Black,75-84,59,31056
Lawrence,2018,White,75-84,3509,31057
Lawrence,2019,Black,75-84,63,31059
Lawrence,2019,White,75-84,3566,31060
Lawrence,2020,Black,75-84,73,31062
Lawrence,2020,White,75-84,3600,31063
Licking,2010,Black,75-84,115,31068
Licking,2010,White,75-84,6762,31069
Licking,2011,Black,75-84,123,31071
Licking,2011,White,75-84,6876,31072
Licking,2012,Black,75-84,121,31074
Licking,2012,White,75-84,6958,31075
Licking,2013,Black,75-84,123,31077
Licking,2013,White,75-84,7088,31078
Licking,2014,Black,75-84,130,31080
Licking,2014,White,75-84,7340,31081
Licking,2015,Black,75-84,145,31083
Licking,2015,White,75-84,7554,31084
Licking,2016,Black,75-84,144,31086
Licking,2016,White,75-84,7828,31087
Licking,2017,Black,75-84,176,31089
Licking,2017,White,75-84,8008,31090
Licking,2018,Black,75-84,174,31092
Licking,2018,White,75-84,8436,31093
Licking,2019,Black,75-84,187,31095
Licking,2019,White,75-84,8834,31096
Licking,2020,Black,75-84,192,31098
Licking,2020,White,75-84,8947,31099
Logan,2010,Black,75-84,32,31104
Logan,2010,White,75-84,2113,31105
Logan,2011,Black,75-84,34,31107
Logan,2011,White,75-84,2141,31108
Logan,2012,Black,75-84,32,31110
Logan,2012,White,75-84,2123,31111
Logan,2013,Black,75-84,31,31113
Logan,2013,White,75-84,2148,31114
Logan,2014,Black,75-84,32,31116
Logan,2014,White,75-84,2171,31117
Logan,2015,Black,75-84,28,31119
Logan,2015,White,75-84,2132,31120
Logan,2016,Black,75-84,24,31122
Logan,2016,White,75-84,2157,31123
Logan,2017,Black,75-84,29,31125
Logan,2017,White,75-84,2238,31126
Logan,2018,Black,75-84,27,31128
Logan,2018,White,75-84,2321,31129
Logan,2019,Black,75-84,24,31131
Logan,2019,White,75-84,2418,31132
Logan,2020,Black,75-84,24,31134
Logan,2020,White,75-84,2450,31135
Lorain,2010,Black,75-84,750,31140
Lorain,2010,White,75-84,13343,31141
Lorain,2011,Black,75-84,751,31143
Lorain,2011,White,75-84,13379,31144
Lorain,2012,Black,75-84,743,31146
Lorain,2012,White,75-84,13341,31147
Lorain,2013,Black,75-84,755,31149
Lorain,2013,White,75-84,13430,31150
Lorain,2014,Black,75-84,766,31152
Lorain,2014,White,75-84,13741,31153
Lorain,2015,Black,75-84,773,31155
Lorain,2015,White,75-84,13993,31156
Lorain,2016,Black,75-84,772,31158
Lorain,2016,White,75-84,14260,31159
Lorain,2017,Black,75-84,769,31161
Lorain,2017,White,75-84,14765,31162
Lorain,2018,Black,75-84,792,31164
Lorain,2018,White,75-84,15621,31165
Lorain,2019,Black,75-84,817,31167
Lorain,2019,White,75-84,16084,31168
Lorain,2020,Black,75-84,843,31170
Lorain,2020,White,75-84,16500,31171
Lucas,2010,Black,75-84,2491,31176
Lucas,2010,White,75-84,16994,31177
Lucas,2011,Black,75-84,2531,31179
Lucas,2011,White,75-84,16602,31180
Lucas,2012,Black,75-84,2518,31182
Lucas,2012,White,75-84,16209,31183
Lucas,2013,Black,75-84,2506,31185
Lucas,2013,White,75-84,15982,31186
Lucas,2014,Black,75-84,2530,31188
Lucas,2014,White,75-84,15750,31189
Lucas,2015,Black,75-84,2539,31191
Lucas,2015,White,75-84,15571,31192
Lucas,2016,Black,75-84,2599,31194
Lucas,2016,White,75-84,15620,31195
Lucas,2017,Black,75-84,2712,31197
Lucas,2017,White,75-84,15945,31198
Lucas,2018,Black,75-84,2772,31200
Lucas,2018,White,75-84,16599,31201
Lucas,2019,Black,75-84,2807,31203
Lucas,2019,White,75-84,17020,31204
Lucas,2020,Black,75-84,2857,31206
Lucas,2020,White,75-84,17234,31207
Madison,2010,Black,75-84,29,31212
Madison,2010,White,75-84,1665,31213
Madison,2011,Black,75-84,32,31215
Madison,2011,White,75-84,1727,31216
Madison,2012,Black,75-84,36,31218
Madison,2012,White,75-84,1772,31219
Madison,2013,Black,75-84,36,31221
Madison,2013,White,75-84,1786,31222
Madison,2014,Black,75-84,36,31224
Madison,2014,White,75-84,1810,31225
Madison,2015,Black,75-84,40,31227
Madison,2015,White,75-84,1862,31228
Madison,2016,Black,75-84,39,31230
Madison,2016,White,75-84,1909,31231
Madison,2017,Black,75-84,38,31233
Madison,2017,White,75-84,1999,31234
Madison,2018,Black,75-84,47,31236
Madison,2018,White,75-84,2102,31237
Madison,2019,Black,75-84,51,31239
Madison,2019,White,75-84,2193,31240
Madison,2020,Black,75-84,41,31242
Madison,2020,White,75-84,2194,31243
Mahoning,2010,Black,75-84,1736,31248
Mahoning,2010,White,75-84,13495,31249
Mahoning,2011,Black,75-84,1732,31251
Mahoning,2011,White,75-84,13035,31252
Mahoning,2012,Black,75-84,1733,31254
Mahoning,2012,White,75-84,12612,31255
Mahoning,2013,Black,75-84,1746,31257
Mahoning,2013,White,75-84,12263,31258
Mahoning,2014,Black,75-84,1711,31260
Mahoning,2014,White,75-84,12151,31261
Mahoning,2015,Black,75-84,1646,31263
Mahoning,2015,White,75-84,11887,31264
Mahoning,2016,Black,75-84,1616,31266
Mahoning,2016,White,75-84,11845,31267
Mahoning,2017,Black,75-84,1582,31269
Mahoning,2017,White,75-84,12040,31270
Mahoning,2018,Black,75-84,1566,31272
Mahoning,2018,White,75-84,12470,31273
Mahoning,2019,Black,75-84,1545,31275
Mahoning,2019,White,75-84,12594,31276
Mahoning,2020,Black,75-84,1526,31278
Mahoning,2020,White,75-84,12564,31279
Marion,2010,Black,75-84,47,31284
Marion,2010,White,75-84,3125,31285
Marion,2011,Black,75-84,49,31287
Marion,2011,White,75-84,3139,31288
Marion,2012,Black,75-84,46,31290
Marion,2012,White,75-84,3140,31291
Marion,2013,Black,75-84,53,31293
Marion,2013,White,75-84,3115,31294
Marion,2014,Black,75-84,65,31296
Marion,2014,White,75-84,3104,31297
Marion,2015,Black,75-84,58,31299
Marion,2015,White,75-84,3076,31300
Marion,2016,Black,75-84,59,31302
Marion,2016,White,75-84,3083,31303
Marion,2017,Black,75-84,59,31305
Marion,2017,White,75-84,3139,31306
Marion,2018,Black,75-84,65,31308
Marion,2018,White,75-84,3259,31309
Marion,2019,Black,75-84,73,31311
Marion,2019,White,75-84,3316,31312
Marion,2020,Black,75-84,78,31314
Marion,2020,White,75-84,3383,31315
Medina,2010,Black,75-84,55,31320
Medina,2010,White,75-84,6847,31321
Medina,2011,Black,75-84,62,31323
Medina,2011,White,75-84,6968,31324
Medina,2012,Black,75-84,67,31326
Medina,2012,White,75-84,7044,31327
Medina,2013,Black,75-84,59,31329
Medina,2013,White,75-84,7217,31330
Medina,2014,Black,75-84,52,31332
Medina,2014,White,75-84,7561,31333
Medina,2015,Black,75-84,59,31335
Medina,2015,White,75-84,7716,31336
Medina,2016,Black,75-84,57,31338
Medina,2016,White,75-84,8042,31339
Medina,2017,Black,75-84,54,31341
Medina,2017,White,75-84,8477,31342
Medina,2018,Black,75-84,59,31344
Medina,2018,White,75-84,9071,31345
Medina,2019,Black,75-84,62,31347
Medina,2019,White,75-84,9567,31348
Medina,2020,Black,75-84,72,31350
Medina,2020,White,75-84,10057,31351
Meigs,2010,Black,75-84,13,31356
Meigs,2010,White,75-84,1179,31357
Meigs,2011,Black,75-84,17,31359
Meigs,2011,White,75-84,1181,31360
Meigs,2012,Black,75-84,16,31362
Meigs,2012,White,75-84,1213,31363
Meigs,2013,Black,75-84,16,31365
Meigs,2013,White,75-84,1232,31366
Meigs,2014,Black,75-84,16,31368
Meigs,2014,White,75-84,1253,31369
Meigs,2015,Black,75-84,16,31371
Meigs,2015,White,75-84,1249,31372
Meigs,2016,Black,75-84,15,31374
Meigs,2016,White,75-84,1300,31375
Meigs,2017,Black,75-84,12,31377
Meigs,2017,White,75-84,1328,31378
Meigs,2018,Black,75-84,15,31380
Meigs,2018,White,75-84,1344,31381
Meigs,2019,Black,75-84,12,31383
Meigs,2019,White,75-84,1371,31384
Meigs,2020,Black,75-84,10,31386
Meigs,2020,White,75-84,1414,31387
Mercer,2010,Black,75-84,3,31392
Mercer,2010,White,75-84,2265,31393
Mercer,2011,Black,75-84,3,31395
Mercer,2011,White,75-84,2230,31396
Mercer,2012,Black,75-84,3,31398
Mercer,2012,White,75-84,2194,31399
Mercer,2013,Black,75-84,4,31401
Mercer,2013,White,75-84,2148,31402
Mercer,2014,Black,75-84,2,31404
Mercer,2014,White,75-84,2113,31405
Mercer,2015,Black,75-84,5,31407
Mercer,2015,White,75-84,2070,31408
Mercer,2016,Black,75-84,4,31410
Mercer,2016,White,75-84,2045,31411
Mercer,2017,Black,75-84,4,31413
Mercer,2017,White,75-84,2065,31414
Mercer,2018,Black,75-84,6,31416
Mercer,2018,White,75-84,2090,31417
Mercer,2019,Black,75-84,2,31419
Mercer,2019,White,75-84,2148,31420
Mercer,2020,Black,75-84,3,31422
Mercer,2020,White,75-84,2185,31423
Miami,2010,Black,75-84,69,31428
Miami,2010,White,75-84,4922,31429
Miami,2011,Black,75-84,68,31431
Miami,2011,White,75-84,4975,31432
Miami,2012,Black,75-84,70,31434
Miami,2012,White,75-84,4990,31435
Miami,2013,Black,75-84,76,31437
Miami,2013,White,75-84,5125,31438
Miami,2014,Black,75-84,76,31440
Miami,2014,White,75-84,5272,31441
Miami,2015,Black,75-84,80,31443
Miami,2015,White,75-84,5374,31444
Miami,2016,Black,75-84,81,31446
Miami,2016,White,75-84,5452,31447
Miami,2017,Black,75-84,83,31449
Miami,2017,White,75-84,5617,31450
Miami,2018,Black,75-84,88,31452
Miami,2018,White,75-84,5908,31453
Miami,2019,Black,75-84,96,31455
Miami,2019,White,75-84,6138,31456
Miami,2020,Black,75-84,103,31458
Miami,2020,White,75-84,6322,31459
Monroe,2010,Black,75-84,2,31464
Monroe,2010,White,75-84,880,31465
Monroe,2011,Black,75-84,2,31467
Monroe,2011,White,75-84,890,31468
Monroe,2012,Black,75-84,1,31470
Monroe,2012,White,75-84,919,31471
Monroe,2013,Black,75-84,1,31473
Monroe,2013,White,75-84,933,31474
Monroe,2014,Black,75-84,3,31476
Monroe,2014,White,75-84,949,31477
Monroe,2015,Black,75-84,2,31479
Monroe,2015,White,75-84,972,31480
Monroe,2016,Black,75-84,2,31482
Monroe,2016,White,75-84,1014,31483
Monroe,2017,Black,75-84,3,31485
Monroe,2017,White,75-84,1020,31486
Monroe,2018,Black,75-84,5,31488
Monroe,2018,White,75-84,1054,31489
Monroe,2019,Black,75-84,6,31491
Monroe,2019,White,75-84,1072,31492
Monroe,2020,Black,75-84,4,31494
Monroe,2020,White,75-84,1065,31495
Montgomery,2010,Black,75-84,4300,31500
Montgomery,2010,White,75-84,23219,31501
Montgomery,2011,Black,75-84,4369,31503
Montgomery,2011,White,75-84,23001,31504
Montgomery,2012,Black,75-84,4432,31506
Montgomery,2012,White,75-84,22680,31507
Montgomery,2013,Black,75-84,4488,31509
Montgomery,2013,White,75-84,22535,31510
Montgomery,2014,Black,75-84,4562,31512
Montgomery,2014,White,75-84,22440,31513
Montgomery,2015,Black,75-84,4574,31515
Montgomery,2015,White,75-84,22320,31516
Montgomery,2016,Black,75-84,4658,31518
Montgomery,2016,White,75-84,22423,31519
Montgomery,2017,Black,75-84,4690,31521
Montgomery,2017,White,75-84,22810,31522
Montgomery,2018,Black,75-84,4788,31524
Montgomery,2018,White,75-84,23467,31525
Montgomery,2019,Black,75-84,4871,31527
Montgomery,2019,White,75-84,23783,31528
Montgomery,2020,Black,75-84,4885,31530
Montgomery,2020,White,75-84,23851,31531
Morgan,2010,Black,75-84,26,31536
Morgan,2010,White,75-84,842,31537
Morgan,2011,Black,75-84,30,31539
Morgan,2011,White,75-84,867,31540
Morgan,2012,Black,75-84,29,31542
Morgan,2012,White,75-84,892,31543
Morgan,2013,Black,75-84,26,31545
Morgan,2013,White,75-84,905,31546
Morgan,2014,Black,75-84,22,31548
Morgan,2014,White,75-84,939,31549
Morgan,2015,Black,75-84,24,31551
Morgan,2015,White,75-84,954,31552
Morgan,2016,Black,75-84,24,31554
Morgan,2016,White,75-84,954,31555
Morgan,2017,Black,75-84,25,31557
Morgan,2017,White,75-84,955,31558
Morgan,2018,Black,75-84,24,31560
Morgan,2018,White,75-84,981,31561
Morgan,2019,Black,75-84,22,31563
Morgan,2019,White,75-84,964,31564
Morgan,2020,Black,75-84,22,31566
Morgan,2020,White,75-84,945,31567
Morrow,2010,Black,75-84,4,31572
Morrow,2010,White,75-84,1421,31573
Morrow,2011,Black,75-84,6,31575
Morrow,2011,White,75-84,1450,31576
Morrow,2012,Black,75-84,5,31578
Morrow,2012,White,75-84,1490,31579
Morrow,2013,Black,75-84,7,31581
Morrow,2013,White,75-84,1554,31582
Morrow,2014,Black,75-84,2,31584
Morrow,2014,White,75-84,1625,31585
Morrow,2015,Black,75-84,5,31587
Morrow,2015,White,75-84,1655,31588
Morrow,2016,Black,75-84,9,31590
Morrow,2016,White,75-84,1675,31591
Morrow,2017,Black,75-84,9,31593
Morrow,2017,White,75-84,1724,31594
Morrow,2018,Black,75-84,12,31596
Morrow,2018,White,75-84,1796,31597
Morrow,2019,Black,75-84,13,31599
Morrow,2019,White,75-84,1858,31600
Morrow,2020,Black,75-84,12,31602
Morrow,2020,White,75-84,1909,31603
Muskingum,2010,Black,75-84,123,31608
Muskingum,2010,White,75-84,4326,31609
Muskingum,2011,Black,75-84,131,31611
Muskingum,2011,White,75-84,4288,31612
Muskingum,2012,Black,75-84,140,31614
Muskingum,2012,White,75-84,4228,31615
Muskingum,2013,Black,75-84,147,31617
Muskingum,2013,White,75-84,4228,31618
Muskingum,2014,Black,75-84,150,31620
Muskingum,2014,White,75-84,4228,31621
Muskingum,2015,Black,75-84,145,31623
Muskingum,2015,White,75-84,4183,31624
Muskingum,2016,Black,75-84,132,31626
Muskingum,2016,White,75-84,4219,31627
Muskingum,2017,Black,75-84,134,31629
Muskingum,2017,White,75-84,4324,31630
Muskingum,2018,Black,75-84,134,31632
Muskingum,2018,White,75-84,4480,31633
Muskingum,2019,Black,75-84,138,31635
Muskingum,2019,White,75-84,4526,31636
Muskingum,2020,Black,75-84,132,31638
Muskingum,2020,White,75-84,4612,31639
Noble,2010,Black,75-84,36,31644
Noble,2010,White,75-84,822,31645
Noble,2011,Black,75-84,36,31647
Noble,2011,White,75-84,864,31648
Noble,2012,Black,75-84,36,31650
Noble,2012,White,75-84,889,31651
Noble,2013,Black,75-84,41,31653
Noble,2013,White,75-84,931,31654
Noble,2014,Black,75-84,39,31656
Noble,2014,White,75-84,970,31657
Noble,2015,Black,75-84,38,31659
Noble,2015,White,75-84,997,31660
Noble,2016,Black,75-84,38,31662
Noble,2016,White,75-84,1021,31663
Noble,2017,Black,75-84,38,31665
Noble,2017,White,75-84,1054,31666
Noble,2018,Black,75-84,43,31668
Noble,2018,White,75-84,1090,31669
Noble,2019,Black,75-84,40,31671
Noble,2019,White,75-84,1133,31672
Noble,2020,Black,75-84,39,31674
Noble,2020,White,75-84,1164,31675
NonOH,2010,Black,75-84,0,31680
NonOH,2010,White,75-84,0,31681
NonOH,2011,Black,75-84,0,31683
NonOH,2011,White,75-84,0,31684
NonOH,2012,Black,75-84,0,31686
NonOH,2012,White,75-84,0,31687
NonOH,2013,Black,75-84,0,31689
NonOH,2013,White,75-84,0,31690
NonOH,2014,Black,75-84,0,31692
NonOH,2014,White,75-84,0,31693
NonOH,2015,Black,75-84,0,31695
NonOH,2015,White,75-84,0,31696
NonOH,2016,Black,75-84,0,31698
NonOH,2016,White,75-84,0,31699
NonOH,2017,Black,75-84,0,31701
NonOH,2017,White,75-84,0,31702
NonOH,2018,Black,75-84,0,31704
NonOH,2018,White,75-84,0,31705
NonOH,2019,Black,75-84,0,31707
NonOH,2019,White,75-84,0,31708
NonOH,2020,Black,75-84,0,31710
NonOH,2020,White,75-84,0,31711
Ottawa,2010,Black,75-84,20,31716
Ottawa,2010,White,75-84,2459,31717
Ottawa,2011,Black,75-84,20,31719
Ottawa,2011,White,75-84,2478,31720
Ottawa,2012,Black,75-84,18,31722
Ottawa,2012,White,75-84,2501,31723
Ottawa,2013,Black,75-84,21,31725
Ottawa,2013,White,75-84,2511,31726
Ottawa,2014,Black,75-84,21,31728
Ottawa,2014,White,75-84,2535,31729
Ottawa,2015,Black,75-84,23,31731
Ottawa,2015,White,75-84,2607,31732
Ottawa,2016,Black,75-84,22,31734
Ottawa,2016,White,75-84,2692,31735
Ottawa,2017,Black,75-84,23,31737
Ottawa,2017,White,75-84,2820,31738
Ottawa,2018,Black,75-84,23,31740
Ottawa,2018,White,75-84,2998,31741
Ottawa,2019,Black,75-84,17,31743
Ottawa,2019,White,75-84,3154,31744
Ottawa,2020,Black,75-84,19,31746
Ottawa,2020,White,75-84,3199,31747
Paulding,2010,Black,75-84,7,31752
Paulding,2010,White,75-84,908,31753
Paulding,2011,Black,75-84,10,31755
Paulding,2011,White,75-84,913,31756
Paulding,2012,Black,75-84,8,31758
Paulding,2012,White,75-84,911,31759
Paulding,2013,Black,75-84,10,31761
Paulding,2013,White,75-84,927,31762
Paulding,2014,Black,75-84,10,31764
Paulding,2014,White,75-84,931,31765
Paulding,2015,Black,75-84,11,31767
Paulding,2015,White,75-84,938,31768
Paulding,2016,Black,75-84,10,31770
Paulding,2016,White,75-84,956,31771
Paulding,2017,Black,75-84,10,31773
Paulding,2017,White,75-84,979,31774
Paulding,2018,Black,75-84,9,31776
Paulding,2018,White,75-84,1027,31777
Paulding,2019,Black,75-84,8,31779
Paulding,2019,White,75-84,1031,31780
Paulding,2020,Black,75-84,9,31782
Paulding,2020,White,75-84,1073,31783
Perry,2010,Black,75-84,2,31788
Perry,2010,White,75-84,1461,31789
Perry,2011,Black,75-84,2,31791
Perry,2011,White,75-84,1477,31792
Perry,2012,Black,75-84,7,31794
Perry,2012,White,75-84,1492,31795
Perry,2013,Black,75-84,4,31797
Perry,2013,White,75-84,1521,31798
Perry,2014,Black,75-84,7,31800
Perry,2014,White,75-84,1540,31801
Perry,2015,Black,75-84,5,31803
Perry,2015,White,75-84,1559,31804
Perry,2016,Black,75-84,5,31806
Perry,2016,White,75-84,1575,31807
Perry,2017,Black,75-84,9,31809
Perry,2017,White,75-84,1602,31810
Perry,2018,Black,75-84,13,31812
Perry,2018,White,75-84,1686,31813
Perry,2019,Black,75-84,9,31815
Perry,2019,White,75-84,1754,31816
Perry,2020,Black,75-84,10,31818
Perry,2020,White,75-84,1785,31819
Pickaway,2010,Black,75-84,12,31824
Pickaway,2010,White,75-84,2207,31825
Pickaway,2011,Black,75-84,14,31827
Pickaway,2011,White,75-84,2253,31828
Pickaway,2012,Black,75-84,19,31830
Pickaway,2012,White,75-84,2332,31831
Pickaway,2013,Black,75-84,22,31833
Pickaway,2013,White,75-84,2430,31834
Pickaway,2014,Black,75-84,21,31836
Pickaway,2014,White,75-84,2540,31837
Pickaway,2015,Black,75-84,19,31839
Pickaway,2015,White,75-84,2611,31840
Pickaway,2016,Black,75-84,25,31842
Pickaway,2016,White,75-84,2638,31843
Pickaway,2017,Black,75-84,27,31845
Pickaway,2017,White,75-84,2677,31846
Pickaway,2018,Black,75-84,27,31848
Pickaway,2018,White,75-84,2755,31849
Pickaway,2019,Black,75-84,26,31851
Pickaway,2019,White,75-84,2790,31852
Pickaway,2020,Black,75-84,33,31854
Pickaway,2020,White,75-84,2831,31855
Pike,2010,Black,75-84,14,31860
Pike,2010,White,75-84,1348,31861
Pike,2011,Black,75-84,14,31863
Pike,2011,White,75-84,1326,31864
Pike,2012,Black,75-84,15,31866
Pike,2012,White,75-84,1316,31867
Pike,2013,Black,75-84,17,31869
Pike,2013,White,75-84,1327,31870
Pike,2014,Black,75-84,14,31872
Pike,2014,White,75-84,1372,31873
Pike,2015,Black,75-84,12,31875
Pike,2015,White,75-84,1399,31876
Pike,2016,Black,75-84,13,31878
Pike,2016,White,75-84,1426,31879
Pike,2017,Black,75-84,10,31881
Pike,2017,White,75-84,1450,31882
Pike,2018,Black,75-84,11,31884
Pike,2018,White,75-84,1469,31885
Pike,2019,Black,75-84,12,31887
Pike,2019,White,75-84,1508,31888
Pike,2020,Black,75-84,13,31890
Pike,2020,White,75-84,1521,31891
Portage,2010,Black,75-84,114,31896
Portage,2010,White,75-84,6551,31897
Portage,2011,Black,75-84,119,31899
Portage,2011,White,75-84,6562,31900
Portage,2012,Black,75-84,128,31902
Portage,2012,White,75-84,6570,31903
Portage,2013,Black,75-84,130,31905
Portage,2013,White,75-84,6609,31906
Portage,2014,Black,75-84,124,31908
Portage,2014,White,75-84,6719,31909
Portage,2015,Black,75-84,128,31911
Portage,2015,White,75-84,6766,31912
Portage,2016,Black,75-84,125,31914
Portage,2016,White,75-84,6905,31915
Portage,2017,Black,75-84,135,31917
Portage,2017,White,75-84,7178,31918
Portage,2018,Black,75-84,155,31920
Portage,2018,White,75-84,7584,31921
Portage,2019,Black,75-84,171,31923
Portage,2019,White,75-84,7903,31924
Portage,2020,Black,75-84,172,31926
Portage,2020,White,75-84,8083,31927
Preble,2010,Black,75-84,8,31932
Preble,2010,White,75-84,1994,31933
Preble,2011,Black,75-84,8,31935
Preble,2011,White,75-84,2022,31936
Preble,2012,Black,75-84,10,31938
Preble,2012,White,75-84,2044,31939
Preble,2013,Black,75-84,10,31941
Preble,2013,White,75-84,2113,31942
Preble,2014,Black,75-84,11,31944
Preble,2014,White,75-84,2169,31945
Preble,2015,Black,75-84,12,31947
Preble,2015,White,75-84,2213,31948
Preble,2016,Black,75-84,11,31950
Preble,2016,White,75-84,2267,31951
Preble,2017,Black,75-84,13,31953
Preble,2017,White,75-84,2317,31954
Preble,2018,Black,75-84,15,31956
Preble,2018,White,75-84,2352,31957
Preble,2019,Black,75-84,9,31959
Preble,2019,White,75-84,2371,31960
Preble,2020,Black,75-84,11,31962
Preble,2020,White,75-84,2378,31963
Putnam,2010,Black,75-84,0,31968
Putnam,2010,White,75-84,1757,31969
Putnam,2011,Black,75-84,2,31971
Putnam,2011,White,75-84,1752,31972
Putnam,2012,Black,75-84,4,31974
Putnam,2012,White,75-84,1753,31975
Putnam,2013,Black,75-84,3,31977
Putnam,2013,White,75-84,1731,31978
Putnam,2014,Black,75-84,2,31980
Putnam,2014,White,75-84,1727,31981
Putnam,2015,Black,75-84,2,31983
Putnam,2015,White,75-84,1734,31984
Putnam,2016,Black,75-84,4,31986
Putnam,2016,White,75-84,1724,31987
Putnam,2017,Black,75-84,4,31989
Putnam,2017,White,75-84,1754,31990
Putnam,2018,Black,75-84,3,31992
Putnam,2018,White,75-84,1786,31993
Putnam,2019,Black,75-84,3,31995
Putnam,2019,White,75-84,1769,31996
Putnam,2020,Black,75-84,6,31998
Putnam,2020,White,75-84,1775,31999
Richland,2010,Black,75-84,315,32004
Richland,2010,White,75-84,6582,32005
Richland,2011,Black,75-84,330,32007
Richland,2011,White,75-84,6558,32008
Richland,2012,Black,75-84,347,32010
Richland,2012,White,75-84,6628,32011
Richland,2013,Black,75-84,347,32013
Richland,2013,White,75-84,6670,32014
Richland,2014,Black,75-84,345,32016
Richland,2014,White,75-84,6687,32017
Richland,2015,Black,75-84,350,32019
Richland,2015,White,75-84,6658,32020
Richland,2016,Black,75-84,363,32022
Richland,2016,White,75-84,6683,32023
Richland,2017,Black,75-84,353,32025
Richland,2017,White,75-84,6757,32026
Richland,2018,Black,75-84,371,32028
Richland,2018,White,75-84,6915,32029
Richland,2019,Black,75-84,371,32031
Richland,2019,White,75-84,6997,32032
Richland,2020,Black,75-84,384,32034
Richland,2020,White,75-84,7022,32035
Ross,2010,Black,75-84,144,32040
Ross,2010,White,75-84,3123,32041
Ross,2011,Black,75-84,141,32043
Ross,2011,White,75-84,3178,32044
Ross,2012,Black,75-84,136,32046
Ross,2012,White,75-84,3222,32047
Ross,2013,Black,75-84,136,32049
Ross,2013,White,75-84,3305,32050
Ross,2014,Black,75-84,135,32052
Ross,2014,White,75-84,3418,32053
Ross,2015,Black,75-84,141,32055
Ross,2015,White,75-84,3513,32056
Ross,2016,Black,75-84,141,32058
Ross,2016,White,75-84,3622,32059
Ross,2017,Black,75-84,144,32061
Ross,2017,White,75-84,3683,32062
Ross,2018,Black,75-84,148,32064
Ross,2018,White,75-84,3857,32065
Ross,2019,Black,75-84,149,32067
Ross,2019,White,75-84,3946,32068
Ross,2020,Black,75-84,137,32070
Ross,2020,White,75-84,3971,32071
Sandusky,2010,Black,75-84,40,32076
Sandusky,2010,White,75-84,3052,32077
Sandusky,2011,Black,75-84,42,32079
Sandusky,2011,White,75-84,3041,32080
Sandusky,2012,Black,75-84,45,32082
Sandusky,2012,White,75-84,3031,32083
Sandusky,2013,Black,75-84,44,32085
Sandusky,2013,White,75-84,3055,32086
Sandusky,2014,Black,75-84,46,32088
Sandusky,2014,White,75-84,3038,32089
Sandusky,2015,Black,75-84,56,32091
Sandusky,2015,White,75-84,3057,32092
Sandusky,2016,Black,75-84,56,32094
Sandusky,2016,White,75-84,3086,32095
Sandusky,2017,Black,75-84,56,32097
Sandusky,2017,White,75-84,3107,32098
Sandusky,2018,Black,75-84,58,32100
Sandusky,2018,White,75-84,3157,32101
Sandusky,2019,Black,75-84,57,32103
Sandusky,2019,White,75-84,3239,32104
Sandusky,2020,Black,75-84,66,32106
Sandusky,2020,White,75-84,3280,32107
Scioto,2010,Black,75-84,41,32112
Scioto,2010,White,75-84,4068,32113
Scioto,2011,Black,75-84,43,32115
Scioto,2011,White,75-84,4069,32116
Scioto,2012,Black,75-84,44,32118
Scioto,2012,White,75-84,4121,32119
Scioto,2013,Black,75-84,45,32121
Scioto,2013,White,75-84,4146,32122
Scioto,2014,Black,75-84,44,32124
Scioto,2014,White,75-84,4080,32125
Scioto,2015,Black,75-84,50,32127
Scioto,2015,White,75-84,3997,32128
Scioto,2016,Black,75-84,49,32130
Scioto,2016,White,75-84,4004,32131
Scioto,2017,Black,75-84,54,32133
Scioto,2017,White,75-84,4041,32134
Scioto,2018,Black,75-84,51,32136
Scioto,2018,White,75-84,4073,32137
Scioto,2019,Black,75-84,52,32139
Scioto,2019,White,75-84,4151,32140
Scioto,2020,Black,75-84,58,32142
Scioto,2020,White,75-84,4233,32143
Seneca,2010,Black,75-84,50,32148
Seneca,2010,White,75-84,2870,32149
Seneca,2011,Black,75-84,45,32151
Seneca,2011,White,75-84,2823,32152
Seneca,2012,Black,75-84,46,32154
Seneca,2012,White,75-84,2718,32155
Seneca,2013,Black,75-84,43,32157
Seneca,2013,White,75-84,2729,32158
Seneca,2014,Black,75-84,35,32160
Seneca,2014,White,75-84,2741,32161
Seneca,2015,Black,75-84,40,32163
Seneca,2015,White,75-84,2693,32164
Seneca,2016,Black,75-84,39,32166
Seneca,2016,White,75-84,2716,32167
Seneca,2017,Black,75-84,48,32169
Seneca,2017,White,75-84,2744,32170
Seneca,2018,Black,75-84,50,32172
Seneca,2018,White,75-84,2817,32173
Seneca,2019,Black,75-84,51,32175
Seneca,2019,White,75-84,2858,32176
Seneca,2020,Black,75-84,56,32178
Seneca,2020,White,75-84,2879,32179
Shelby,2010,Black,75-84,21,32184
Shelby,2010,White,75-84,2076,32185
Shelby,2011,Black,75-84,26,32187
Shelby,2011,White,75-84,2074,32188
Shelby,2012,Black,75-84,29,32190
Shelby,2012,White,75-84,2092,32191
Shelby,2013,Black,75-84,33,32193
Shelby,2013,White,75-84,2081,32194
Shelby,2014,Black,75-84,32,32196
Shelby,2014,White,75-84,2121,32197
Shelby,2015,Black,75-84,37,32199
Shelby,2015,White,75-84,2166,32200
Shelby,2016,Black,75-84,38,32202
Shelby,2016,White,75-84,2161,32203
Shelby,2017,Black,75-84,40,32205
Shelby,2017,White,75-84,2223,32206
Shelby,2018,Black,75-84,38,32208
Shelby,2018,White,75-84,2273,32209
Shelby,2019,Black,75-84,36,32211
Shelby,2019,White,75-84,2322,32212
Shelby,2020,Black,75-84,41,32214
Shelby,2020,White,75-84,2366,32215
Stark,2010,Black,75-84,952,32220
Stark,2010,White,75-84,19495,32221
Stark,2011,Black,75-84,963,32223
Stark,2011,White,75-84,19223,32224
Stark,2012,Black,75-84,973,32226
Stark,2012,White,75-84,19050,32227
Stark,2013,Black,75-84,972,32229
Stark,2013,White,75-84,19042,32230
Stark,2014,Black,75-84,985,32232
Stark,2014,White,75-84,19092,32233
Stark,2015,Black,75-84,1009,32235
Stark,2015,White,75-84,19037,32236
Stark,2016,Black,75-84,1016,32238
Stark,2016,White,75-84,19209,32239
Stark,2017,Black,75-84,1016,32241
Stark,2017,White,75-84,19630,32242
Stark,2018,Black,75-84,1044,32244
Stark,2018,White,75-84,20330,32245
Stark,2019,Black,75-84,1115,32247
Stark,2019,White,75-84,20734,32248
Stark,2020,Black,75-84,1144,32250
Stark,2020,White,75-84,20985,32251
Summit,2010,Black,75-84,2510,32256
Summit,2010,White,75-84,24468,32257
Summit,2011,Black,75-84,2558,32259
Summit,2011,White,75-84,24054,32260
Summit,2012,Black,75-84,2557,32262
Summit,2012,White,75-84,23693,32263
Summit,2013,Black,75-84,2609,32265
Summit,2013,White,75-84,23410,32266
Summit,2014,Black,75-84,2675,32268
Summit,2014,White,75-84,23235,32269
Summit,2015,Black,75-84,2723,32271
Summit,2015,White,75-84,22957,32272
Summit,2016,Black,75-84,2710,32274
Summit,2016,White,75-84,22937,32275
Summit,2017,Black,75-84,2797,32277
Summit,2017,White,75-84,23344,32278
Summit,2018,Black,75-84,2911,32280
Summit,2018,White,75-84,24365,32281
Summit,2019,Black,75-84,3005,32283
Summit,2019,White,75-84,24901,32284
Summit,2020,Black,75-84,3101,32286
Summit,2020,White,75-84,25164,32287
Trumbull,2010,Black,75-84,722,32292
Trumbull,2010,White,75-84,11657,32293
Trumbull,2011,Black,75-84,707,32295
Trumbull,2011,White,75-84,11544,32296
Trumbull,2012,Black,75-84,713,32298
Trumbull,2012,White,75-84,11445,32299
Trumbull,2013,Black,75-84,694,32301
Trumbull,2013,White,75-84,11398,32302
Trumbull,2014,Black,75-84,706,32304
Trumbull,2014,White,75-84,11339,32305
Trumbull,2015,Black,75-84,721,32307
Trumbull,2015,White,75-84,11284,32308
Trumbull,2016,Black,75-84,710,32310
Trumbull,2016,White,75-84,11323,32311
Trumbull,2017,Black,75-84,693,32313
Trumbull,2017,White,75-84,11555,32314
Trumbull,2018,Black,75-84,715,32316
Trumbull,2018,White,75-84,11962,32317
Trumbull,2019,Black,75-84,729,32319
Trumbull,2019,White,75-84,12223,32320
Trumbull,2020,Black,75-84,734,32322
Trumbull,2020,White,75-84,12227,32323
Tuscarawas,2010,Black,75-84,36,32328
Tuscarawas,2010,White,75-84,5093,32329
Tuscarawas,2011,Black,75-84,35,32331
Tuscarawas,2011,White,75-84,5084,32332
Tuscarawas,2012,Black,75-84,38,32334
Tuscarawas,2012,White,75-84,5104,32335
Tuscarawas,2013,Black,75-84,41,32337
Tuscarawas,2013,White,75-84,5132,32338
Tuscarawas,2014,Black,75-84,39,32340
Tuscarawas,2014,White,75-84,5110,32341
Tuscarawas,2015,Black,75-84,39,32343
Tuscarawas,2015,White,75-84,5122,32344
Tuscarawas,2016,Black,75-84,41,32346
Tuscarawas,2016,White,75-84,5200,32347
Tuscarawas,2017,Black,75-84,35,32349
Tuscarawas,2017,White,75-84,5264,32350
Tuscarawas,2018,Black,75-84,33,32352
Tuscarawas,2018,White,75-84,5336,32353
Tuscarawas,2019,Black,75-84,37,32355
Tuscarawas,2019,White,75-84,5384,32356
Tuscarawas,2020,Black,75-84,44,32358
Tuscarawas,2020,White,75-84,5413,32359
Union,2010,Black,75-84,21,32364
Union,2010,White,75-84,1542,32365
Union,2011,Black,75-84,18,32367
Union,2011,White,75-84,1575,32368
Union,2012,Black,75-84,16,32370
Union,2012,White,75-84,1579,32371
Union,2013,Black,75-84,15,32373
Union,2013,White,75-84,1610,32374
Union,2014,Black,75-84,17,32376
Union,2014,White,75-84,1612,32377
Union,2015,Black,75-84,17,32379
Union,2015,White,75-84,1658,32380
Union,2016,Black,75-84,13,32382
Union,2016,White,75-84,1719,32383
Union,2017,Black,75-84,22,32385
Union,2017,White,75-84,1839,32386
Union,2018,Black,75-84,18,32388
Union,2018,White,75-84,1932,32389
Union,2019,Black,75-84,20,32391
Union,2019,White,75-84,2040,32392
Union,2020,Black,75-84,25,32394
Union,2020,White,75-84,2157,32395
Van Wert,2010,Black,75-84,1,32400
Van Wert,2010,White,75-84,1575,32401
Van Wert,2011,Black,75-84,1,32403
Van Wert,2011,White,75-84,1566,32404
Van Wert,2012,Black,75-84,3,32406
Van Wert,2012,White,75-84,1561,32407
Van Wert,2013,Black,75-84,5,32409
Van Wert,2013,White,75-84,1518,32410
Van Wert,2014,Black,75-84,4,32412
Van Wert,2014,White,75-84,1504,32413
Van Wert,2015,Black,75-84,7,32415
Van Wert,2015,White,75-84,1510,32416
Van Wert,2016,Black,75-84,6,32418
Van Wert,2016,White,75-84,1532,32419
Van Wert,2017,Black,75-84,7,32421
Van Wert,2017,White,75-84,1544,32422
Van Wert,2018,Black,75-84,7,32424
Van Wert,2018,White,75-84,1618,32425
Van Wert,2019,Black,75-84,8,32427
Van Wert,2019,White,75-84,1679,32428
Van Wert,2020,Black,75-84,8,32430
Van Wert,2020,White,75-84,1685,32431
Vinton,2010,Black,75-84,1,32436
Vinton,2010,White,75-84,529,32437
Vinton,2011,Black,75-84,1,32439
Vinton,2011,White,75-84,556,32440
Vinton,2012,Black,75-84,2,32442
Vinton,2012,White,75-84,598,32443
Vinton,2013,Black,75-84,3,32445
Vinton,2013,White,75-84,619,32446
Vinton,2014,Black,75-84,2,32448
Vinton,2014,White,75-84,643,32449
Vinton,2015,Black,75-84,3,32451
Vinton,2015,White,75-84,651,32452
Vinton,2016,Black,75-84,4,32454
Vinton,2016,White,75-84,663,32455
Vinton,2017,Black,75-84,6,32457
Vinton,2017,White,75-84,670,32458
Vinton,2018,Black,75-84,3,32460
Vinton,2018,White,75-84,703,32461
Vinton,2019,Black,75-84,4,32463
Vinton,2019,White,75-84,700,32464
Vinton,2020,Black,75-84,7,32466
Vinton,2020,White,75-84,706,32467
Warren,2010,Black,75-84,71,32472
Warren,2010,White,75-84,7122,32473
Warren,2011,Black,75-84,69,32475
Warren,2011,White,75-84,7324,32476
Warren,2012,Black,75-84,76,32478
Warren,2012,White,75-84,7509,32479
Warren,2013,Black,75-84,86,32481
Warren,2013,White,75-84,7732,32482
Warren,2014,Black,75-84,98,32484
Warren,2014,White,75-84,7973,32485
Warren,2015,Black,75-84,98,32487
Warren,2015,White,75-84,8303,32488
Warren,2016,Black,75-84,111,32490
Warren,2016,White,75-84,8592,32491
Warren,2017,Black,75-84,123,32493
Warren,2017,White,75-84,8976,32494
Warren,2018,Black,75-84,131,32496
Warren,2018,White,75-84,9426,32497
Warren,2019,Black,75-84,139,32499
Warren,2019,White,75-84,9820,32500
Warren,2020,Black,75-84,153,32502
Warren,2020,White,75-84,10211,32503
Washington,2010,Black,75-84,37,32508
Washington,2010,White,75-84,3491,32509
Washington,2011,Black,75-84,38,32511
Washington,2011,White,75-84,3525,32512
Washington,2012,Black,75-84,42,32514
Washington,2012,White,75-84,3522,32515
Washington,2013,Black,75-84,44,32517
Washington,2013,White,75-84,3539,32518
Washington,2014,Black,75-84,45,32520
Washington,2014,White,75-84,3605,32521
Washington,2015,Black,75-84,46,32523
Washington,2015,White,75-84,3659,32524
Washington,2016,Black,75-84,43,32526
Washington,2016,White,75-84,3731,32527
Washington,2017,Black,75-84,41,32529
Washington,2017,White,75-84,3808,32530
Washington,2018,Black,75-84,40,32532
Washington,2018,White,75-84,3977,32533
Washington,2019,Black,75-84,39,32535
Washington,2019,White,75-84,4028,32536
Washington,2020,Black,75-84,48,32538
Washington,2020,White,75-84,4024,32539
Wayne,2010,Black,75-84,45,32544
Wayne,2010,White,75-84,5372,32545
Wayne,2011,Black,75-84,49,32547
Wayne,2011,White,75-84,5438,32548
Wayne,2012,Black,75-84,59,32550
Wayne,2012,White,75-84,5532,32551
Wayne,2013,Black,75-84,58,32553
Wayne,2013,White,75-84,5604,32554
Wayne,2014,Black,75-84,60,32556
Wayne,2014,White,75-84,5719,32557
Wayne,2015,Black,75-84,61,32559
Wayne,2015,White,75-84,5786,32560
Wayne,2016,Black,75-84,63,32562
Wayne,2016,White,75-84,5882,32563
Wayne,2017,Black,75-84,58,32565
Wayne,2017,White,75-84,6034,32566
Wayne,2018,Black,75-84,51,32568
Wayne,2018,White,75-84,6258,32569
Wayne,2019,Black,75-84,59,32571
Wayne,2019,White,75-84,6399,32572
Wayne,2020,Black,75-84,68,32574
Wayne,2020,White,75-84,6468,32575
Williams,2010,Black,75-84,1,32580
Williams,2010,White,75-84,1904,32581
Williams,2011,Black,75-84,1,32583
Williams,2011,White,75-84,1942,32584
Williams,2012,Black,75-84,2,32586
Williams,2012,White,75-84,1935,32587
Williams,2013,Black,75-84,2,32589
Williams,2013,White,75-84,1959,32590
Williams,2014,Black,75-84,0,32592
Williams,2014,White,75-84,1973,32593
Williams,2015,Black,75-84,0,32595
Williams,2015,White,75-84,1979,32596
Williams,2016,Black,75-84,2,32598
Williams,2016,White,75-84,2050,32599
Williams,2017,Black,75-84,2,32601
Williams,2017,White,75-84,2098,32602
Williams,2018,Black,75-84,2,32604
Williams,2018,White,75-84,2157,32605
Williams,2019,Black,75-84,2,32607
Williams,2019,White,75-84,2222,32608
Williams,2020,Black,75-84,5,32610
Williams,2020,White,75-84,2260,32611
Wood,2010,Black,75-84,30,32616
Wood,2010,White,75-84,5105,32617
Wood,2011,Black,75-84,35,32619
Wood,2011,White,75-84,5092,32620
Wood,2012,Black,75-84,36,32622
Wood,2012,White,75-84,5136,32623
Wood,2013,Black,75-84,47,32625
Wood,2013,White,75-84,5155,32626
Wood,2014,Black,75-84,45,32628
Wood,2014,White,75-84,5211,32629
Wood,2015,Black,75-84,42,32631
Wood,2015,White,75-84,5205,32632
Wood,2016,Black,75-84,49,32634
Wood,2016,White,75-84,5191,32635
Wood,2017,Black,75-84,42,32637
Wood,2017,White,75-84,5256,32638
Wood,2018,Black,75-84,53,32640
Wood,2018,White,75-84,5478,32641
Wood,2019,Black,75-84,54,32643
Wood,2019,White,75-84,5623,32644
Wood,2020,Black,75-84,58,32646
Wood,2020,White,75-84,5775,32647
Wyandot,2010,Black,75-84,2,32652
Wyandot,2010,White,75-84,1243,32653
Wyandot,2011,Black,75-84,1,32655
Wyandot,2011,White,75-84,1240,32656
Wyandot,2012,Black,75-84,1,32658
Wyandot,2012,White,75-84,1261,32659
Wyandot,2013,Black,75-84,5,32661
Wyandot,2013,White,75-84,1273,32662
Wyandot,2014,Black,75-84,2,32664
Wyandot,2014,White,75-84,1279,32665
Wyandot,2015,Black,75-84,2,32667
Wyandot,2015,White,75-84,1244,32668
Wyandot,2016,Black,75-84,2,32670
Wyandot,2016,White,75-84,1234,32671
Wyandot,2017,Black,75-84,1,32673
Wyandot,2017,White,75-84,1268,32674
Wyandot,2018,Black,75-84,2,32676
Wyandot,2018,White,75-84,1308,32677
Wyandot,2019,Black,75-84,2,32679
Wyandot,2019,White,75-84,1333,32680
Wyandot,2020,Black,75-84,3,32682
Wyandot,2020,White,75-84,1345,32683
Unknown,2010,Black,75-84,0,32688
Unknown,2010,White,75-84,0,32689
Unknown,2011,Black,75-84,0,32691
Unknown,2011,White,75-84,0,32692
Unknown,2012,Black,75-84,0,32694
Unknown,2012,White,75-84,0,32695
Unknown,2013,Black,75-84,0,32697
Unknown,2013,White,75-84,0,32698
Unknown,2014,Black,75-84,0,32700
Unknown,2014,White,75-84,0,32701
Unknown,2015,Black,75-84,0,32703
Unknown,2015,White,75-84,0,32704
Unknown,2016,Black,75-84,0,32706
Unknown,2016,White,75-84,0,32707
Unknown,2017,Black,75-84,0,32709
Unknown,2017,White,75-84,0,32710
Unknown,2018,Black,75-84,0,32712
Unknown,2018,White,75-84,0,32713
Unknown,2019,Black,75-84,0,32715
Unknown,2019,White,75-84,0,32716
Unknown,2020,Black,75-84,0,32718
Unknown,2020,White,75-84,0,32719
Adams,2010,Black,85+,0,32760
Adams,2010,White,85+,450,32761
Adams,2011,Black,85+,1,32763
Adams,2011,White,85+,454,32764
Adams,2012,Black,85+,0,32766
Adams,2012,White,85+,452,32767
Adams,2013,Black,85+,0,32769
Adams,2013,White,85+,441,32770
Adams,2014,Black,85+,1,32772
Adams,2014,White,85+,461,32773
Adams,2015,Black,85+,0,32775
Adams,2015,White,85+,476,32776
Adams,2016,Black,85+,0,32778
Adams,2016,White,85+,488,32779
Adams,2017,Black,85+,2,32781
Adams,2017,White,85+,474,32782
Adams,2018,Black,85+,4,32784
Adams,2018,White,85+,484,32785
Adams,2019,Black,85+,3,32787
Adams,2019,White,85+,497,32788
Adams,2020,Black,85+,2,32790
Adams,2020,White,85+,498,32791
Allen,2010,Black,85+,137,32796
Allen,2010,White,85+,2348,32797
Allen,2011,Black,85+,147,32799
Allen,2011,White,85+,2386,32800
Allen,2012,Black,85+,151,32802
Allen,2012,White,85+,2402,32803
Allen,2013,Black,85+,150,32805
Allen,2013,White,85+,2443,32806
Allen,2014,Black,85+,153,32808
Allen,2014,White,85+,2425,32809
Allen,2015,Black,85+,149,32811
Allen,2015,White,85+,2431,32812
Allen,2016,Black,85+,155,32814
Allen,2016,White,85+,2447,32815
Allen,2017,Black,85+,148,32817
Allen,2017,White,85+,2411,32818
Allen,2018,Black,85+,146,32820
Allen,2018,White,85+,2350,32821
Allen,2019,Black,85+,150,32823
Allen,2019,White,85+,2322,32824
Allen,2020,Black,85+,157,32826
Allen,2020,White,85+,2286,32827
Ashland,2010,Black,85+,3,32832
Ashland,2010,White,85+,1248,32833
Ashland,2011,Black,85+,3,32835
Ashland,2011,White,85+,1255,32836
Ashland,2012,Black,85+,3,32838
Ashland,2012,White,85+,1263,32839
Ashland,2013,Black,85+,5,32841
Ashland,2013,White,85+,1250,32842
Ashland,2014,Black,85+,5,32844
Ashland,2014,White,85+,1244,32845
Ashland,2015,Black,85+,7,32847
Ashland,2015,White,85+,1291,32848
Ashland,2016,Black,85+,9,32850
Ashland,2016,White,85+,1303,32851
Ashland,2017,Black,85+,6,32853
Ashland,2017,White,85+,1291,32854
Ashland,2018,Black,85+,8,32856
Ashland,2018,White,85+,1248,32857
Ashland,2019,Black,85+,9,32859
Ashland,2019,White,85+,1253,32860
Ashland,2020,Black,85+,7,32862
Ashland,2020,White,85+,1266,32863
Ashtabula,2010,Black,85+,49,32868
Ashtabula,2010,White,85+,2290,32869
Ashtabula,2011,Black,85+,46,32871
Ashtabula,2011,White,85+,2339,32872
Ashtabula,2012,Black,85+,47,32874
Ashtabula,2012,White,85+,2344,32875
Ashtabula,2013,Black,85+,43,32877
Ashtabula,2013,White,85+,2259,32878
Ashtabula,2014,Black,85+,44,32880
Ashtabula,2014,White,85+,2283,32881
Ashtabula,2015,Black,85+,43,32883
Ashtabula,2015,White,85+,2252,32884
Ashtabula,2016,Black,85+,43,32886
Ashtabula,2016,White,85+,2305,32887
Ashtabula,2017,Black,85+,42,32889
Ashtabula,2017,White,85+,2270,32890
Ashtabula,2018,Black,85+,44,32892
Ashtabula,2018,White,85+,2246,32893
Ashtabula,2019,Black,85+,41,32895
Ashtabula,2019,White,85+,2231,32896
Ashtabula,2020,Black,85+,43,32898
Ashtabula,2020,White,85+,2255,32899
Athens,2010,Black,85+,12,32904
Athens,2010,White,85+,820,32905
Athens,2011,Black,85+,6,32907
Athens,2011,White,85+,821,32908
Athens,2012,Black,85+,6,32910
Athens,2012,White,85+,848,32911
Athens,2013,Black,85+,7,32913
Athens,2013,White,85+,856,32914
Athens,2014,Black,85+,5,32916
Athens,2014,White,85+,857,32917
Athens,2015,Black,85+,5,32919
Athens,2015,White,85+,889,32920
Athens,2016,Black,85+,4,32922
Athens,2016,White,85+,893,32923
Athens,2017,Black,85+,6,32925
Athens,2017,White,85+,895,32926
Athens,2018,Black,85+,8,32928
Athens,2018,White,85+,883,32929
Athens,2019,Black,85+,9,32931
Athens,2019,White,85+,863,32932
Athens,2020,Black,85+,9,32934
Athens,2020,White,85+,889,32935
Auglaize,2010,Black,85+,0,32940
Auglaize,2010,White,85+,1158,32941
Auglaize,2011,Black,85+,1,32943
Auglaize,2011,White,85+,1192,32944
Auglaize,2012,Black,85+,0,32946
Auglaize,2012,White,85+,1222,32947
Auglaize,2013,Black,85+,1,32949
Auglaize,2013,White,85+,1209,32950
Auglaize,2014,Black,85+,1,32952
Auglaize,2014,White,85+,1213,32953
Auglaize,2015,Black,85+,2,32955
Auglaize,2015,White,85+,1226,32956
Auglaize,2016,Black,85+,4,32958
Auglaize,2016,White,85+,1187,32959
Auglaize,2017,Black,85+,5,32961
Auglaize,2017,White,85+,1172,32962
Auglaize,2018,Black,85+,4,32964
Auglaize,2018,White,85+,1171,32965
Auglaize,2019,Black,85+,5,32967
Auglaize,2019,White,85+,1142,32968
Auglaize,2020,Black,85+,4,32970
Auglaize,2020,White,85+,1166,32971
Belmont,2010,Black,85+,30,32976
Belmont,2010,White,85+,1970,32977
Belmont,2011,Black,85+,28,32979
Belmont,2011,White,85+,2004,32980
Belmont,2012,Black,85+,28,32982
Belmont,2012,White,85+,2023,32983
Belmont,2013,Black,85+,22,32985
Belmont,2013,White,85+,2018,32986
Belmont,2014,Black,85+,22,32988
Belmont,2014,White,85+,2012,32989
Belmont,2015,Black,85+,21,32991
Belmont,2015,White,85+,2006,32992
Belmont,2016,Black,85+,21,32994
Belmont,2016,White,85+,1996,32995
Belmont,2017,Black,85+,20,32997
Belmont,2017,White,85+,1994,32998
Belmont,2018,Black,85+,20,33000
Belmont,2018,White,85+,1935,33001
Belmont,2019,Black,85+,20,33003
Belmont,2019,White,85+,1874,33004
Belmont,2020,Black,85+,16,33006
Belmont,2020,White,85+,1837,33007
Brown,2010,Black,85+,11,33012
Brown,2010,White,85+,711,33013
Brown,2011,Black,85+,13,33015
Brown,2011,White,85+,740,33016
Brown,2012,Black,85+,13,33018
Brown,2012,White,85+,758,33019
Brown,2013,Black,85+,11,33021
Brown,2013,White,85+,766,33022
Brown,2014,Black,85+,12,33024
Brown,2014,White,85+,777,33025
Brown,2015,Black,85+,12,33027
Brown,2015,White,85+,812,33028
Brown,2016,Black,85+,10,33030
Brown,2016,White,85+,881,33031
Brown,2017,Black,85+,13,33033
Brown,2017,White,85+,888,33034
Brown,2018,Black,85+,12,33036
Brown,2018,White,85+,890,33037
Brown,2019,Black,85+,10,33039
Brown,2019,White,85+,904,33040
Brown,2020,Black,85+,12,33042
Brown,2020,White,85+,917,33043
Butler,2010,Black,85+,214,33048
Butler,2010,White,85+,4944,33049
Butler,2011,Black,85+,217,33051
Butler,2011,White,85+,5135,33052
Butler,2012,Black,85+,232,33054
Butler,2012,White,85+,5274,33055
Butler,2013,Black,85+,239,33057
Butler,2013,White,85+,5521,33058
Butler,2014,Black,85+,258,33060
Butler,2014,White,85+,5679,33061
Butler,2015,Black,85+,285,33063
Butler,2015,White,85+,5917,33064
Butler,2016,Black,85+,283,33066
Butler,2016,White,85+,6105,33067
Butler,2017,Black,85+,288,33069
Butler,2017,White,85+,6249,33070
Butler,2018,Black,85+,274,33072
Butler,2018,White,85+,6359,33073
Butler,2019,Black,85+,283,33075
Butler,2019,White,85+,6329,33076
Butler,2020,Black,85+,305,33078
Butler,2020,White,85+,6374,33079
Carroll,2010,Black,85+,1,33084
Carroll,2010,White,85+,600,33085
Carroll,2011,Black,85+,3,33087
Carroll,2011,White,85+,634,33088
Carroll,2012,Black,85+,4,33090
Carroll,2012,White,85+,648,33091
Carroll,2013,Black,85+,5,33093
Carroll,2013,White,85+,663,33094
Carroll,2014,Black,85+,5,33096
Carroll,2014,White,85+,672,33097
Carroll,2015,Black,85+,6,33099
Carroll,2015,White,85+,671,33100
Carroll,2016,Black,85+,6,33102
Carroll,2016,White,85+,686,33103
Carroll,2017,Black,85+,6,33105
Carroll,2017,White,85+,690,33106
Carroll,2018,Black,85+,4,33108
Carroll,2018,White,85+,699,33109
Carroll,2019,Black,85+,3,33111
Carroll,2019,White,85+,676,33112
Carroll,2020,Black,85+,6,33114
Carroll,2020,White,85+,664,33115
Champaign,2010,Black,85+,21,33120
Champaign,2010,White,85+,664,33121
Champaign,2011,Black,85+,22,33123
Champaign,2011,White,85+,661,33124
Champaign,2012,Black,85+,24,33126
Champaign,2012,White,85+,665,33127
Champaign,2013,Black,85+,27,33129
Champaign,2013,White,85+,684,33130
Champaign,2014,Black,85+,21,33132
Champaign,2014,White,85+,718,33133
Champaign,2015,Black,85+,21,33135
Champaign,2015,White,85+,706,33136
Champaign,2016,Black,85+,20,33138
Champaign,2016,White,85+,703,33139
Champaign,2017,Black,85+,19,33141
Champaign,2017,White,85+,719,33142
Champaign,2018,Black,85+,22,33144
Champaign,2018,White,85+,731,33145
Champaign,2019,Black,85+,25,33147
Champaign,2019,White,85+,754,33148
Champaign,2020,Black,85+,25,33150
Champaign,2020,White,85+,773,33151
Clark,2010,Black,85+,213,33156
Clark,2010,White,85+,3010,33157
Clark,2011,Black,85+,219,33159
Clark,2011,White,85+,3061,33160
Clark,2012,Black,85+,227,33162
Clark,2012,White,85+,3125,33163
Clark,2013,Black,85+,233,33165
Clark,2013,White,85+,3133,33166
Clark,2014,Black,85+,229,33168
Clark,2014,White,85+,3114,33169
Clark,2015,Black,85+,247,33171
Clark,2015,White,85+,3150,33172
Clark,2016,Black,85+,259,33174
Clark,2016,White,85+,3083,33175
Clark,2017,Black,85+,247,33177
Clark,2017,White,85+,3087,33178
Clark,2018,Black,85+,234,33180
Clark,2018,White,85+,3089,33181
Clark,2019,Black,85+,233,33183
Clark,2019,White,85+,3054,33184
Clark,2020,Black,85+,226,33186
Clark,2020,White,85+,3034,33187
Clermont,2010,Black,85+,16,33192
Clermont,2010,White,85+,2504,33193
Clermont,2011,Black,85+,18,33195
Clermont,2011,White,85+,2643,33196
Clermont,2012,Black,85+,19,33198
Clermont,2012,White,85+,2835,33199
Clermont,2013,Black,85+,20,33201
Clermont,2013,White,85+,2987,33202
Clermont,2014,Black,85+,26,33204
Clermont,2014,White,85+,3153,33205
Clermont,2015,Black,85+,31,33207
Clermont,2015,White,85+,3326,33208
Clermont,2016,Black,85+,28,33210
Clermont,2016,White,85+,3424,33211
Clermont,2017,Black,85+,29,33213
Clermont,2017,White,85+,3536,33214
Clermont,2018,Black,85+,23,33216
Clermont,2018,White,85+,3582,33217
Clermont,2019,Black,85+,30,33219
Clermont,2019,White,85+,3684,33220
Clermont,2020,Black,85+,31,33222
Clermont,2020,White,85+,3797,33223
Clinton,2010,Black,85+,9,33228
Clinton,2010,White,85+,743,33229
Clinton,2011,Black,85+,8,33231
Clinton,2011,White,85+,736,33232
Clinton,2012,Black,85+,10,33234
Clinton,2012,White,85+,741,33235
Clinton,2013,Black,85+,8,33237
Clinton,2013,White,85+,767,33238
Clinton,2014,Black,85+,8,33240
Clinton,2014,White,85+,776,33241
Clinton,2015,Black,85+,9,33243
Clinton,2015,White,85+,796,33244
Clinton,2016,Black,85+,8,33246
Clinton,2016,White,85+,830,33247
Clinton,2017,Black,85+,10,33249
Clinton,2017,White,85+,846,33250
Clinton,2018,Black,85+,13,33252
Clinton,2018,White,85+,832,33253
Clinton,2019,Black,85+,12,33255
Clinton,2019,White,85+,846,33256
Clinton,2020,Black,85+,15,33258
Clinton,2020,White,85+,835,33259
Columbiana,2010,Black,85+,18,33264
Columbiana,2010,White,85+,2373,33265
Columbiana,2011,Black,85+,16,33267
Columbiana,2011,White,85+,2416,33268
Columbiana,2012,Black,85+,22,33270
Columbiana,2012,White,85+,2517,33271
Columbiana,2013,Black,85+,22,33273
Columbiana,2013,White,85+,2556,33274
Columbiana,2014,Black,85+,20,33276
Columbiana,2014,White,85+,2588,33277
Columbiana,2015,Black,85+,18,33279
Columbiana,2015,White,85+,2566,33280
Columbiana,2016,Black,85+,20,33282
Columbiana,2016,White,85+,2591,33283
Columbiana,2017,Black,85+,18,33285
Columbiana,2017,White,85+,2605,33286
Columbiana,2018,Black,85+,20,33288
Columbiana,2018,White,85+,2592,33289
Columbiana,2019,Black,85+,19,33291
Columbiana,2019,White,85+,2604,33292
Columbiana,2020,Black,85+,24,33294
Columbiana,2020,White,85+,2587,33295
Coshocton,2010,Black,85+,18,33300
Coshocton,2010,White,85+,760,33301
Coshocton,2011,Black,85+,17,33303
Coshocton,2011,White,85+,761,33304
Coshocton,2012,Black,85+,18,33306
Coshocton,2012,White,85+,782,33307
Coshocton,2013,Black,85+,17,33309
Coshocton,2013,White,85+,805,33310
Coshocton,2014,Black,85+,19,33312
Coshocton,2014,White,85+,801,33313
Coshocton,2015,Black,85+,21,33315
Coshocton,2015,White,85+,812,33316
Coshocton,2016,Black,85+,19,33318
Coshocton,2016,White,85+,835,33319
Coshocton,2017,Black,85+,19,33321
Coshocton,2017,White,85+,851,33322
Coshocton,2018,Black,85+,21,33324
Coshocton,2018,White,85+,818,33325
Coshocton,2019,Black,85+,22,33327
Coshocton,2019,White,85+,815,33328
Coshocton,2020,Black,85+,23,33330
Coshocton,2020,White,85+,840,33331
Crawford,2010,Black,85+,7,33336
Crawford,2010,White,85+,1122,33337
Crawford,2011,Black,85+,9,33339
Crawford,2011,White,85+,1136,33340
Crawford,2012,Black,85+,8,33342
Crawford,2012,White,85+,1131,33343
Crawford,2013,Black,85+,8,33345
Crawford,2013,White,85+,1126,33346
Crawford,2014,Black,85+,10,33348
Crawford,2014,White,85+,1124,33349
Crawford,2015,Black,85+,8,33351
Crawford,2015,White,85+,1132,33352
Crawford,2016,Black,85+,8,33354
Crawford,2016,White,85+,1141,33355
Crawford,2017,Black,85+,9,33357
Crawford,2017,White,85+,1118,33358
Crawford,2018,Black,85+,11,33360
Crawford,2018,White,85+,1114,33361
Crawford,2019,Black,85+,10,33363
Crawford,2019,White,85+,1121,33364
Crawford,2020,Black,85+,10,33366
Crawford,2020,White,85+,1132,33367
Cuyahoga,2010,Black,85+,5653,33372
Cuyahoga,2010,White,85+,27703,33373
Cuyahoga,2011,Black,85+,5886,33375
Cuyahoga,2011,White,85+,27821,33376
Cuyahoga,2012,Black,85+,6199,33378
Cuyahoga,2012,White,85+,27786,33379
Cuyahoga,2013,Black,85+,6384,33381
Cuyahoga,2013,White,85+,27662,33382
Cuyahoga,2014,Black,85+,6614,33384
Cuyahoga,2014,White,85+,27419,33385
Cuyahoga,2015,Black,85+,6833,33387
Cuyahoga,2015,White,85+,26929,33388
Cuyahoga,2016,Black,85+,7007,33390
Cuyahoga,2016,White,85+,26589,33391
Cuyahoga,2017,Black,85+,7178,33393
Cuyahoga,2017,White,85+,26123,33394
Cuyahoga,2018,Black,85+,7330,33396
Cuyahoga,2018,White,85+,25472,33397
Cuyahoga,2019,Black,85+,7450,33399
Cuyahoga,2019,White,85+,25021,33400
Cuyahoga,2020,Black,85+,7619,33402
Cuyahoga,2020,White,85+,24575,33403
Darke,2010,Black,85+,4,33408
Darke,2010,White,85+,1376,33409
Darke,2011,Black,85+,2,33411
Darke,2011,White,85+,1390,33412
Darke,2012,Black,85+,2,33414
Darke,2012,White,85+,1414,33415
Darke,2013,Black,85+,1,33417
Darke,2013,White,85+,1437,33418
Darke,2014,Black,85+,1,33420
Darke,2014,White,85+,1445,33421
Darke,2015,Black,85+,5,33423
Darke,2015,White,85+,1434,33424
Darke,2016,Black,85+,3,33426
Darke,2016,White,85+,1389,33427
Darke,2017,Black,85+,3,33429
Darke,2017,White,85+,1350,33430
Darke,2018,Black,85+,4,33432
Darke,2018,White,85+,1333,33433
Darke,2019,Black,85+,6,33435
Darke,2019,White,85+,1318,33436
Darke,2020,Black,85+,9,33438
Darke,2020,White,85+,1314,33439
Defiance,2010,Black,85+,3,33444
Defiance,2010,White,85+,800,33445
Defiance,2011,Black,85+,4,33447
Defiance,2011,White,85+,830,33448
Defiance,2012,Black,85+,6,33450
Defiance,2012,White,85+,858,33451
Defiance,2013,Black,85+,4,33453
Defiance,2013,White,85+,861,33454
Defiance,2014,Black,85+,6,33456
Defiance,2014,White,85+,891,33457
Defiance,2015,Black,85+,1,33459
Defiance,2015,White,85+,895,33460
Defiance,2016,Black,85+,3,33462
Defiance,2016,White,85+,880,33463
Defiance,2017,Black,85+,2,33465
Defiance,2017,White,85+,886,33466
Defiance,2018,Black,85+,3,33468
Defiance,2018,White,85+,879,33469
Defiance,2019,Black,85+,3,33471
Defiance,2019,White,85+,865,33472
Defiance,2020,Black,85+,6,33474
Defiance,2020,White,85+,864,33475
Delaware,2010,Black,85+,40,33480
Delaware,2010,White,85+,1648,33481
Delaware,2011,Black,85+,43,33483
Delaware,2011,White,85+,1784,33484
Delaware,2012,Black,85+,45,33486
Delaware,2012,White,85+,1949,33487
Delaware,2013,Black,85+,48,33489
Delaware,2013,White,85+,2102,33490
Delaware,2014,Black,85+,49,33492
Delaware,2014,White,85+,2258,33493
Delaware,2015,Black,85+,50,33495
Delaware,2015,White,85+,2434,33496
Delaware,2016,Black,85+,53,33498
Delaware,2016,White,85+,2540,33499
Delaware,2017,Black,85+,64,33501
Delaware,2017,White,85+,2702,33502
Delaware,2018,Black,85+,70,33504
Delaware,2018,White,85+,2804,33505
Delaware,2019,Black,85+,68,33507
Delaware,2019,White,85+,2911,33508
Delaware,2020,Black,85+,61,33510
Delaware,2020,White,85+,3035,33511
Erie,2010,Black,85+,82,33516
Erie,2010,White,85+,1871,33517
Erie,2011,Black,85+,83,33519
Erie,2011,White,85+,1880,33520
Erie,2012,Black,85+,86,33522
Erie,2012,White,85+,1871,33523
Erie,2013,Black,85+,85,33525
Erie,2013,White,85+,1884,33526
Erie,2014,Black,85+,88,33528
Erie,2014,White,85+,1934,33529
Erie,2015,Black,85+,91,33531
Erie,2015,White,85+,2002,33532
Erie,2016,Black,85+,95,33534
Erie,2016,White,85+,2036,33535
Erie,2017,Black,85+,103,33537
Erie,2017,White,85+,2011,33538
Erie,2018,Black,85+,108,33540
Erie,2018,White,85+,2007,33541
Erie,2019,Black,85+,116,33543
Erie,2019,White,85+,2015,33544
Erie,2020,Black,85+,124,33546
Erie,2020,White,85+,1996,33547
Fairfield,2010,Black,85+,46,33552
Fairfield,2010,White,85+,2066,33553
Fairfield,2011,Black,85+,54,33555
Fairfield,2011,White,85+,2120,33556
Fairfield,2012,Black,85+,58,33558
Fairfield,2012,White,85+,2234,33559
Fairfield,2013,Black,85+,61,33561
Fairfield,2013,White,85+,2352,33562
Fairfield,2014,Black,85+,60,33564
Fairfield,2014,White,85+,2473,33565
Fairfield,2015,Black,85+,55,33567
Fairfield,2015,White,85+,2523,33568
Fairfield,2016,Black,85+,58,33570
Fairfield,2016,White,85+,2569,33571
Fairfield,2017,Black,85+,61,33573
Fairfield,2017,White,85+,2586,33574
Fairfield,2018,Black,85+,75,33576
Fairfield,2018,White,85+,2560,33577
Fairfield,2019,Black,85+,92,33579
Fairfield,2019,White,85+,2602,33580
Fairfield,2020,Black,85+,102,33582
Fairfield,2020,White,85+,2679,33583
Fayette,2010,Black,85+,9,33588
Fayette,2010,White,85+,528,33589
Fayette,2011,Black,85+,10,33591
Fayette,2011,White,85+,520,33592
Fayette,2012,Black,85+,11,33594
Fayette,2012,White,85+,513,33595
Fayette,2013,Black,85+,9,33597
Fayette,2013,White,85+,496,33598
Fayette,2014,Black,85+,10,33600
Fayette,2014,White,85+,506,33601
Fayette,2015,Black,85+,11,33603
Fayette,2015,White,85+,505,33604
Fayette,2016,Black,85+,8,33606
Fayette,2016,White,85+,519,33607
Fayette,2017,Black,85+,10,33609
Fayette,2017,White,85+,477,33610
Fayette,2018,Black,85+,11,33612
Fayette,2018,White,85+,461,33613
Fayette,2019,Black,85+,8,33615
Fayette,2019,White,85+,483,33616
Fayette,2020,Black,85+,15,33618
Fayette,2020,White,85+,507,33619
Franklin,2010,Black,85+,1946,33624
Franklin,2010,White,85+,13529,33625
Franklin,2011,Black,85+,2049,33627
Franklin,2011,White,85+,13863,33628
Franklin,2012,Black,85+,2182,33630
Franklin,2012,White,85+,14228,33631
Franklin,2013,Black,85+,2239,33633
Franklin,2013,White,85+,14425,33634
Franklin,2014,Black,85+,2364,33636
Franklin,2014,White,85+,14730,33637
Franklin,2015,Black,85+,2436,33639
Franklin,2015,White,85+,14815,33640
Franklin,2016,Black,85+,2568,33642
Franklin,2016,White,85+,14871,33643
Franklin,2017,Black,85+,2680,33645
Franklin,2017,White,85+,14819,33646
Franklin,2018,Black,85+,2784,33648
Franklin,2018,White,85+,14857,33649
Franklin,2019,Black,85+,2877,33651
Franklin,2019,White,85+,14841,33652
Franklin,2020,Black,85+,2994,33654
Franklin,2020,White,85+,14893,33655
Fulton,2010,Black,85+,2,33660
Fulton,2010,White,85+,894,33661
Fulton,2011,Black,85+,1,33663
Fulton,2011,White,85+,918,33664
Fulton,2012,Black,85+,1,33666
Fulton,2012,White,85+,965,33667
Fulton,2013,Black,85+,0,33669
Fulton,2013,White,85+,976,33670
Fulton,2014,Black,85+,1,33672
Fulton,2014,White,85+,994,33673
Fulton,2015,Black,85+,3,33675
Fulton,2015,White,85+,1017,33676
Fulton,2016,Black,85+,2,33678
Fulton,2016,White,85+,1024,33679
Fulton,2017,Black,85+,4,33681
Fulton,2017,White,85+,1033,33682
Fulton,2018,Black,85+,4,33684
Fulton,2018,White,85+,1018,33685
Fulton,2019,Black,85+,4,33687
Fulton,2019,White,85+,1012,33688
Fulton,2020,Black,85+,3,33690
Fulton,2020,White,85+,1003,33691
Gallia,2010,Black,85+,14,33696
Gallia,2010,White,85+,535,33697
Gallia,2011,Black,85+,11,33699
Gallia,2011,White,85+,552,33700
Gallia,2012,Black,85+,12,33702
Gallia,2012,White,85+,578,33703
Gallia,2013,Black,85+,13,33705
Gallia,2013,White,85+,590,33706
Gallia,2014,Black,85+,16,33708
Gallia,2014,White,85+,620,33709
Gallia,2015,Black,85+,16,33711
Gallia,2015,White,85+,621,33712
Gallia,2016,Black,85+,13,33714
Gallia,2016,White,85+,645,33715
Gallia,2017,Black,85+,7,33717
Gallia,2017,White,85+,654,33718
Gallia,2018,Black,85+,8,33720
Gallia,2018,White,85+,662,33721
Gallia,2019,Black,85+,7,33723
Gallia,2019,White,85+,652,33724
Gallia,2020,Black,85+,9,33726
Gallia,2020,White,85+,644,33727
Geauga,2010,Black,85+,16,33732
Geauga,2010,White,85+,1969,33733
Geauga,2011,Black,85+,18,33735
Geauga,2011,White,85+,2046,33736
Geauga,2012,Black,85+,20,33738
Geauga,2012,White,85+,2148,33739
Geauga,2013,Black,85+,18,33741
Geauga,2013,White,85+,2198,33742
Geauga,2014,Black,85+,22,33744
Geauga,2014,White,85+,2278,33745
Geauga,2015,Black,85+,27,33747
Geauga,2015,White,85+,2277,33748
Geauga,2016,Black,85+,28,33750
Geauga,2016,White,85+,2345,33751
Geauga,2017,Black,85+,29,33753
Geauga,2017,White,85+,2367,33754
Geauga,2018,Black,85+,29,33756
Geauga,2018,White,85+,2354,33757
Geauga,2019,Black,85+,28,33759
Geauga,2019,White,85+,2408,33760
Geauga,2020,Black,85+,31,33762
Geauga,2020,White,85+,2480,33763
Greene,2010,Black,85+,143,33768
Greene,2010,White,85+,2720,33769
Greene,2011,Black,85+,154,33771
Greene,2011,White,85+,2801,33772
Greene,2012,Black,85+,155,33774
Greene,2012,White,85+,2831,33775
Greene,2013,Black,85+,160,33777
Greene,2013,White,85+,2882,33778
Greene,2014,Black,85+,168,33780
Greene,2014,White,85+,3011,33781
Greene,2015,Black,85+,176,33783
Greene,2015,White,85+,3109,33784
Greene,2016,Black,85+,176,33786
Greene,2016,White,85+,3199,33787
Greene,2017,Black,85+,182,33789
Greene,2017,White,85+,3255,33790
Greene,2018,Black,85+,170,33792
Greene,2018,White,85+,3320,33793
Greene,2019,Black,85+,169,33795
Greene,2019,White,85+,3343,33796
Greene,2020,Black,85+,184,33798
Greene,2020,White,85+,3480,33799
Guernsey,2010,Black,85+,9,33804
Guernsey,2010,White,85+,784,33805
Guernsey,2011,Black,85+,7,33807
Guernsey,2011,White,85+,798,33808
Guernsey,2012,Black,85+,9,33810
Guernsey,2012,White,85+,817,33811
Guernsey,2013,Black,85+,11,33813
Guernsey,2013,White,85+,811,33814
Guernsey,2014,Black,85+,11,33816
Guernsey,2014,White,85+,817,33817
Guernsey,2015,Black,85+,12,33819
Guernsey,2015,White,85+,812,33820
Guernsey,2016,Black,85+,12,33822
Guernsey,2016,White,85+,844,33823
Guernsey,2017,Black,85+,9,33825
Guernsey,2017,White,85+,865,33826
Guernsey,2018,Black,85+,11,33828
Guernsey,2018,White,85+,861,33829
Guernsey,2019,Black,85+,10,33831
Guernsey,2019,White,85+,852,33832
Guernsey,2020,Black,85+,11,33834
Guernsey,2020,White,85+,847,33835
Hamilton,2010,Black,85+,2343,33840
Hamilton,2010,White,85+,14013,33841
Hamilton,2011,Black,85+,2439,33843
Hamilton,2011,White,85+,14152,33844
Hamilton,2012,Black,85+,2513,33846
Hamilton,2012,White,85+,14305,33847
Hamilton,2013,Black,85+,2597,33849
Hamilton,2013,White,85+,14491,33850
Hamilton,2014,Black,85+,2648,33852
Hamilton,2014,White,85+,14583,33853
Hamilton,2015,Black,85+,2718,33855
Hamilton,2015,White,85+,14456,33856
Hamilton,2016,Black,85+,2798,33858
Hamilton,2016,White,85+,14453,33859
Hamilton,2017,Black,85+,2845,33861
Hamilton,2017,White,85+,14308,33862
Hamilton,2018,Black,85+,2909,33864
Hamilton,2018,White,85+,13951,33865
Hamilton,2019,Black,85+,2996,33867
Hamilton,2019,White,85+,13783,33868
Hamilton,2020,Black,85+,3042,33870
Hamilton,2020,White,85+,13692,33871
Hancock,2010,Black,85+,6,33876
Hancock,2010,White,85+,1605,33877
Hancock,2011,Black,85+,9,33879
Hancock,2011,White,85+,1622,33880
Hancock,2012,Black,85+,9,33882
Hancock,2012,White,85+,1649,33883
Hancock,2013,Black,85+,10,33885
Hancock,2013,White,85+,1648,33886
Hancock,2014,Black,85+,13,33888
Hancock,2014,White,85+,1654,33889
Hancock,2015,Black,85+,14,33891
Hancock,2015,White,85+,1670,33892
Hancock,2016,Black,85+,11,33894
Hancock,2016,White,85+,1675,33895
Hancock,2017,Black,85+,11,33897
Hancock,2017,White,85+,1700,33898
Hancock,2018,Black,85+,12,33900
Hancock,2018,White,85+,1681,33901
Hancock,2019,Black,85+,13,33903
Hancock,2019,White,85+,1662,33904
Hancock,2020,Black,85+,14,33906
Hancock,2020,White,85+,1644,33907
Hardin,2010,Black,85+,4,33912
Hardin,2010,White,85+,605,33913
Hardin,2011,Black,85+,5,33915
Hardin,2011,White,85+,578,33916
Hardin,2012,Black,85+,4,33918
Hardin,2012,White,85+,571,33919
Hardin,2013,Black,85+,5,33921
Hardin,2013,White,85+,544,33922
Hardin,2014,Black,85+,5,33924
Hardin,2014,White,85+,562,33925
Hardin,2015,Black,85+,4,33927
Hardin,2015,White,85+,574,33928
Hardin,2016,Black,85+,5,33930
Hardin,2016,White,85+,588,33931
Hardin,2017,Black,85+,6,33933
Hardin,2017,White,85+,587,33934
Hardin,2018,Black,85+,5,33936
Hardin,2018,White,85+,589,33937
Hardin,2019,Black,85+,5,33939
Hardin,2019,White,85+,565,33940
Hardin,2020,Black,85+,6,33942
Hardin,2020,White,85+,559,33943
Harrison,2010,Black,85+,5,33948
Harrison,2010,White,85+,345,33949
Harrison,2011,Black,85+,8,33951
Harrison,2011,White,85+,349,33952
Harrison,2012,Black,85+,6,33954
Harrison,2012,White,85+,377,33955
Harrison,2013,Black,85+,6,33957
Harrison,2013,White,85+,395,33958
Harrison,2014,Black,85+,3,33960
Harrison,2014,White,85+,392,33961
Harrison,2015,Black,85+,3,33963
Harrison,2015,White,85+,385,33964
Harrison,2016,Black,85+,3,33966
Harrison,2016,White,85+,403,33967
Harrison,2017,Black,85+,3,33969
Harrison,2017,White,85+,406,33970
Harrison,2018,Black,85+,5,33972
Harrison,2018,White,85+,405,33973
Harrison,2019,Black,85+,4,33975
Harrison,2019,White,85+,394,33976
Harrison,2020,Black,85+,6,33978
Harrison,2020,White,85+,394,33979
Henry,2010,Black,85+,3,33984
Henry,2010,White,85+,682,33985
Henry,2011,Black,85+,1,33987
Henry,2011,White,85+,680,33988
Henry,2012,Black,85+,0,33990
Henry,2012,White,85+,682,33991
Henry,2013,Black,85+,1,33993
Henry,2013,White,85+,695,33994
Henry,2014,Black,85+,1,33996
Henry,2014,White,85+,695,33997
Henry,2015,Black,85+,2,33999
Henry,2015,White,85+,692,34000
Henry,2016,Black,85+,0,34002
Henry,2016,White,85+,688,34003
Henry,2017,Black,85+,1,34005
Henry,2017,White,85+,698,34006
Henry,2018,Black,85+,0,34008
Henry,2018,White,85+,706,34009
Henry,2019,Black,85+,1,34011
Henry,2019,White,85+,720,34012
Henry,2020,Black,85+,2,34014
Henry,2020,White,85+,728,34015
Highland,2010,Black,85+,6,34020
Highland,2010,White,85+,817,34021
Highland,2011,Black,85+,7,34023
Highland,2011,White,85+,837,34024
Highland,2012,Black,85+,6,34026
Highland,2012,White,85+,862,34027
Highland,2013,Black,85+,8,34029
Highland,2013,White,85+,864,34030
Highland,2014,Black,85+,10,34032
Highland,2014,White,85+,890,34033
Highland,2015,Black,85+,12,34035
Highland,2015,White,85+,919,34036
Highland,2016,Black,85+,10,34038
Highland,2016,White,85+,929,34039
Highland,2017,Black,85+,7,34041
Highland,2017,White,85+,945,34042
Highland,2018,Black,85+,10,34044
Highland,2018,White,85+,965,34045
Highland,2019,Black,85+,8,34047
Highland,2019,White,85+,951,34048
Highland,2020,Black,85+,12,34050
Highland,2020,White,85+,947,34051
Hocking,2010,Black,85+,5,34056
Hocking,2010,White,85+,458,34057
Hocking,2011,Black,85+,4,34059
Hocking,2011,White,85+,477,34060
Hocking,2012,Black,85+,4,34062
Hocking,2012,White,85+,488,34063
Hocking,2013,Black,85+,5,34065
Hocking,2013,White,85+,502,34066
Hocking,2014,Black,85+,4,34068
Hocking,2014,White,85+,479,34069
Hocking,2015,Black,85+,6,34071
Hocking,2015,White,85+,483,34072
Hocking,2016,Black,85+,5,34074
Hocking,2016,White,85+,486,34075
Hocking,2017,Black,85+,8,34077
Hocking,2017,White,85+,508,34078
Hocking,2018,Black,85+,7,34080
Hocking,2018,White,85+,501,34081
Hocking,2019,Black,85+,8,34083
Hocking,2019,White,85+,507,34084
Hocking,2020,Black,85+,9,34086
Hocking,2020,White,85+,515,34087
Holmes,2010,Black,85+,3,34092
Holmes,2010,White,85+,650,34093
Holmes,2011,Black,85+,2,34095
Holmes,2011,White,85+,675,34096
Holmes,2012,Black,85+,1,34098
Holmes,2012,White,85+,688,34099
Holmes,2013,Black,85+,4,34101
Holmes,2013,White,85+,701,34102
Holmes,2014,Black,85+,3,34104
Holmes,2014,White,85+,714,34105
Holmes,2015,Black,85+,3,34107
Holmes,2015,White,85+,750,34108
Holmes,2016,Black,85+,1,34110
Holmes,2016,White,85+,774,34111
Holmes,2017,Black,85+,1,34113
Holmes,2017,White,85+,796,34114
Holmes,2018,Black,85+,1,34116
Holmes,2018,White,85+,823,34117
Holmes,2019,Black,85+,3,34119
Holmes,2019,White,85+,846,34120
Holmes,2020,Black,85+,2,34122
Holmes,2020,White,85+,870,34123
Huron,2010,Black,85+,16,34128
Huron,2010,White,85+,1029,34129
Huron,2011,Black,85+,16,34131
Huron,2011,White,85+,1064,34132
Huron,2012,Black,85+,17,34134
Huron,2012,White,85+,1092,34135
Huron,2013,Black,85+,16,34137
Huron,2013,White,85+,1068,34138
Huron,2014,Black,85+,17,34140
Huron,2014,White,85+,1105,34141
Huron,2015,Black,85+,21,34143
Huron,2015,White,85+,1106,34144
Huron,2016,Black,85+,19,34146
Huron,2016,White,85+,1124,34147
Huron,2017,Black,85+,17,34149
Huron,2017,White,85+,1148,34150
Huron,2018,Black,85+,20,34152
Huron,2018,White,85+,1154,34153
Huron,2019,Black,85+,22,34155
Huron,2019,White,85+,1168,34156
Huron,2020,Black,85+,25,34158
Huron,2020,White,85+,1140,34159
Jackson,2010,Black,85+,6,34164
Jackson,2010,White,85+,531,34165
Jackson,2011,Black,85+,5,34167
Jackson,2011,White,85+,560,34168
Jackson,2012,Black,85+,4,34170
Jackson,2012,White,85+,572,34171
Jackson,2013,Black,85+,6,34173
Jackson,2013,White,85+,567,34174
Jackson,2014,Black,85+,5,34176
Jackson,2014,White,85+,550,34177
Jackson,2015,Black,85+,5,34179
Jackson,2015,White,85+,559,34180
Jackson,2016,Black,85+,4,34182
Jackson,2016,White,85+,572,34183
Jackson,2017,Black,85+,5,34185
Jackson,2017,White,85+,570,34186
Jackson,2018,Black,85+,4,34188
Jackson,2018,White,85+,552,34189
Jackson,2019,Black,85+,4,34191
Jackson,2019,White,85+,539,34192
Jackson,2020,Black,85+,3,34194
Jackson,2020,White,85+,554,34195
Jefferson,2010,Black,85+,62,34200
Jefferson,2010,White,85+,1722,34201
Jefferson,2011,Black,85+,62,34203
Jefferson,2011,White,85+,1737,34204
Jefferson,2012,Black,85+,59,34206
Jefferson,2012,White,85+,1742,34207
Jefferson,2013,Black,85+,57,34209
Jefferson,2013,White,85+,1736,34210
Jefferson,2014,Black,85+,62,34212
Jefferson,2014,White,85+,1773,34213
Jefferson,2015,Black,85+,60,34215
Jefferson,2015,White,85+,1769,34216
Jefferson,2016,Black,85+,60,34218
Jefferson,2016,White,85+,1770,34219
Jefferson,2017,Black,85+,61,34221
Jefferson,2017,White,85+,1738,34222
Jefferson,2018,Black,85+,67,34224
Jefferson,2018,White,85+,1676,34225
Jefferson,2019,Black,85+,66,34227
Jefferson,2019,White,85+,1637,34228
Jefferson,2020,Black,85+,63,34230
Jefferson,2020,White,85+,1606,34231
Knox,2010,Black,85+,3,34236
Knox,2010,White,85+,1255,34237
Knox,2011,Black,85+,1,34239
Knox,2011,White,85+,1243,34240
Knox,2012,Black,85+,2,34242
Knox,2012,White,85+,1251,34243
Knox,2013,Black,85+,5,34245
Knox,2013,White,85+,1280,34246
Knox,2014,Black,85+,5,34248
Knox,2014,White,85+,1276,34249
Knox,2015,Black,85+,6,34251
Knox,2015,White,85+,1332,34252
Knox,2016,Black,85+,5,34254
Knox,2016,White,85+,1302,34255
Knox,2017,Black,85+,5,34257
Knox,2017,White,85+,1340,34258
Knox,2018,Black,85+,6,34260
Knox,2018,White,85+,1354,34261
Knox,2019,Black,85+,9,34263
Knox,2019,White,85+,1353,34264
Knox,2020,Black,85+,10,34266
Knox,2020,White,85+,1371,34267
Lake,2010,Black,85+,73,34272
Lake,2010,White,85+,5238,34273
Lake,2011,Black,85+,88,34275
Lake,2011,White,85+,5363,34276
Lake,2012,Black,85+,91,34278
Lake,2012,White,85+,5586,34279
Lake,2013,Black,85+,92,34281
Lake,2013,White,85+,5730,34282
Lake,2014,Black,85+,99,34284
Lake,2014,White,85+,5857,34285
Lake,2015,Black,85+,102,34287
Lake,2015,White,85+,5907,34288
Lake,2016,Black,85+,113,34290
Lake,2016,White,85+,5949,34291
Lake,2017,Black,85+,120,34293
Lake,2017,White,85+,5920,34294
Lake,2018,Black,85+,131,34296
Lake,2018,White,85+,5906,34297
Lake,2019,Black,85+,137,34299
Lake,2019,White,85+,5851,34300
Lake,2020,Black,85+,141,34302
Lake,2020,White,85+,5881,34303
Lawrence,2010,Black,85+,19,34308
Lawrence,2010,White,85+,1017,34309
Lawrence,2011,Black,85+,21,34311
Lawrence,2011,White,85+,1060,34312
Lawrence,2012,Black,85+,25,34314
Lawrence,2012,White,85+,1109,34315
Lawrence,2013,Black,85+,22,34317
Lawrence,2013,White,85+,1152,34318
Lawrence,2014,Black,85+,20,34320
Lawrence,2014,White,85+,1164,34321
Lawrence,2015,Black,85+,10,34323
Lawrence,2015,White,85+,1216,34324
Lawrence,2016,Black,85+,8,34326
Lawrence,2016,White,85+,1197,34327
Lawrence,2017,Black,85+,14,34329
Lawrence,2017,White,85+,1203,34330
Lawrence,2018,Black,85+,9,34332
Lawrence,2018,White,85+,1191,34333
Lawrence,2019,Black,85+,12,34335
Lawrence,2019,White,85+,1157,34336
Lawrence,2020,Black,85+,9,34338
Lawrence,2020,White,85+,1154,34339
Licking,2010,Black,85+,42,34344
Licking,2010,White,85+,2501,34345
Licking,2011,Black,85+,45,34347
Licking,2011,White,85+,2523,34348
Licking,2012,Black,85+,49,34350
Licking,2012,White,85+,2594,34351
Licking,2013,Black,85+,58,34353
Licking,2013,White,85+,2701,34354
Licking,2014,Black,85+,61,34356
Licking,2014,White,85+,2759,34357
Licking,2015,Black,85+,60,34359
Licking,2015,White,85+,2770,34360
Licking,2016,Black,85+,65,34362
Licking,2016,White,85+,2853,34363
Licking,2017,Black,85+,62,34365
Licking,2017,White,85+,2931,34366
Licking,2018,Black,85+,65,34368
Licking,2018,White,85+,2952,34369
Licking,2019,Black,85+,77,34371
Licking,2019,White,85+,2899,34372
Licking,2020,Black,85+,72,34374
Licking,2020,White,85+,2996,34375
Logan,2010,Black,85+,6,34380
Logan,2010,White,85+,843,34381
Logan,2011,Black,85+,8,34383
Logan,2011,White,85+,871,34384
Logan,2012,Black,85+,9,34386
Logan,2012,White,85+,903,34387
Logan,2013,Black,85+,11,34389
Logan,2013,White,85+,916,34390
Logan,2014,Black,85+,14,34392
Logan,2014,White,85+,912,34393
Logan,2015,Black,85+,18,34395
Logan,2015,White,85+,908,34396
Logan,2016,Black,85+,14,34398
Logan,2016,White,85+,893,34399
Logan,2017,Black,85+,15,34401
Logan,2017,White,85+,902,34402
Logan,2018,Black,85+,18,34404
Logan,2018,White,85+,902,34405
Logan,2019,Black,85+,18,34407
Logan,2019,White,85+,905,34408
Logan,2020,Black,85+,14,34410
Logan,2020,White,85+,890,34411
Lorain,2010,Black,85+,260,34416
Lorain,2010,White,85+,5773,34417
Lorain,2011,Black,85+,276,34419
Lorain,2011,White,85+,5910,34420
Lorain,2012,Black,85+,305,34422
Lorain,2012,White,85+,6163,34423
Lorain,2013,Black,85+,312,34425
Lorain,2013,White,85+,6366,34426
Lorain,2014,Black,85+,321,34428
Lorain,2014,White,85+,6444,34429
Lorain,2015,Black,85+,335,34431
Lorain,2015,White,85+,6505,34432
Lorain,2016,Black,85+,342,34434
Lorain,2016,White,85+,6610,34435
Lorain,2017,Black,85+,340,34437
Lorain,2017,White,85+,6644,34438
Lorain,2018,Black,85+,352,34440
Lorain,2018,White,85+,6672,34441
Lorain,2019,Black,85+,353,34443
Lorain,2019,White,85+,6689,34444
Lorain,2020,Black,85+,367,34446
Lorain,2020,White,85+,6798,34447
Lucas,2010,Black,85+,880,34452
Lucas,2010,White,85+,7720,34453
Lucas,2011,Black,85+,926,34455
Lucas,2011,White,85+,7857,34456
Lucas,2012,Black,85+,964,34458
Lucas,2012,White,85+,8066,34459
Lucas,2013,Black,85+,983,34461
Lucas,2013,White,85+,8135,34462
Lucas,2014,Black,85+,1018,34464
Lucas,2014,White,85+,8156,34465
Lucas,2015,Black,85+,1071,34467
Lucas,2015,White,85+,8178,34468
Lucas,2016,Black,85+,1106,34470
Lucas,2016,White,85+,8113,34471
Lucas,2017,Black,85+,1115,34473
Lucas,2017,White,85+,7994,34474
Lucas,2018,Black,85+,1138,34476
Lucas,2018,White,85+,7820,34477
Lucas,2019,Black,85+,1167,34479
Lucas,2019,White,85+,7644,34480
Lucas,2020,Black,85+,1185,34482
Lucas,2020,White,85+,7578,34483
Madison,2010,Black,85+,9,34488
Madison,2010,White,85+,585,34489
Madison,2011,Black,85+,9,34491
Madison,2011,White,85+,623,34492
Madison,2012,Black,85+,10,34494
Madison,2012,White,85+,655,34495
Madison,2013,Black,85+,11,34497
Madison,2013,White,85+,642,34498
Madison,2014,Black,85+,10,34500
Madison,2014,White,85+,671,34501
Madison,2015,Black,85+,7,34503
Madison,2015,White,85+,672,34504
Madison,2016,Black,85+,8,34506
Madison,2016,White,85+,686,34507
Madison,2017,Black,85+,10,34509
Madison,2017,White,85+,684,34510
Madison,2018,Black,85+,7,34512
Madison,2018,White,85+,687,34513
Madison,2019,Black,85+,10,34515
Madison,2019,White,85+,715,34516
Madison,2020,Black,85+,13,34518
Madison,2020,White,85+,748,34519
Mahoning,2010,Black,85+,551,34524
Mahoning,2010,White,85+,6838,34525
Mahoning,2011,Black,85+,580,34527
Mahoning,2011,White,85+,6929,34528
Mahoning,2012,Black,85+,588,34530
Mahoning,2012,White,85+,7014,34531
Mahoning,2013,Black,85+,585,34533
Mahoning,2013,White,85+,7078,34534
Mahoning,2014,Black,85+,599,34536
Mahoning,2014,White,85+,7096,34537
Mahoning,2015,Black,85+,639,34539
Mahoning,2015,White,85+,6898,34540
Mahoning,2016,Black,85+,637,34542
Mahoning,2016,White,85+,6858,34543
Mahoning,2017,Black,85+,656,34545
Mahoning,2017,White,85+,6696,34546
Mahoning,2018,Black,85+,654,34548
Mahoning,2018,White,85+,6575,34549
Mahoning,2019,Black,85+,679,34551
Mahoning,2019,White,85+,6473,34552
Mahoning,2020,Black,85+,691,34554
Mahoning,2020,White,85+,6316,34555
Marion,2010,Black,85+,14,34560
Marion,2010,White,85+,1265,34561
Marion,2011,Black,85+,13,34563
Marion,2011,White,85+,1299,34564
Marion,2012,Black,85+,15,34566
Marion,2012,White,85+,1340,34567
Marion,2013,Black,85+,15,34569
Marion,2013,White,85+,1365,34570
Marion,2014,Black,85+,16,34572
Marion,2014,White,85+,1392,34573
Marion,2015,Black,85+,19,34575
Marion,2015,White,85+,1423,34576
Marion,2016,Black,85+,18,34578
Marion,2016,White,85+,1432,34579
Marion,2017,Black,85+,21,34581
Marion,2017,White,85+,1449,34582
Marion,2018,Black,85+,25,34584
Marion,2018,White,85+,1426,34585
Marion,2019,Black,85+,22,34587
Marion,2019,White,85+,1409,34588
Marion,2020,Black,85+,23,34590
Marion,2020,White,85+,1386,34591
Medina,2010,Black,85+,14,34596
Medina,2010,White,85+,2871,34597
Medina,2011,Black,85+,18,34599
Medina,2011,White,85+,3055,34600
Medina,2012,Black,85+,19,34602
Medina,2012,White,85+,3138,34603
Medina,2013,Black,85+,22,34605
Medina,2013,White,85+,3213,34606
Medina,2014,Black,85+,29,34608
Medina,2014,White,85+,3273,34609
Medina,2015,Black,85+,25,34611
Medina,2015,White,85+,3415,34612
Medina,2016,Black,85+,28,34614
Medina,2016,White,85+,3501,34615
Medina,2017,Black,85+,28,34617
Medina,2017,White,85+,3544,34618
Medina,2018,Black,85+,36,34620
Medina,2018,White,85+,3545,34621
Medina,2019,Black,85+,36,34623
Medina,2019,White,85+,3627,34624
Medina,2020,Black,85+,36,34626
Medina,2020,White,85+,3699,34627
Meigs,2010,Black,85+,5,34632
Meigs,2010,White,85+,433,34633
Meigs,2011,Black,85+,5,34635
Meigs,2011,White,85+,428,34636
Meigs,2012,Black,85+,7,34638
Meigs,2012,White,85+,443,34639
Meigs,2013,Black,85+,7,34641
Meigs,2013,White,85+,450,34642
Meigs,2014,Black,85+,6,34644
Meigs,2014,White,85+,482,34645
Meigs,2015,Black,85+,6,34647
Meigs,2015,White,85+,490,34648
Meigs,2016,Black,85+,8,34650
Meigs,2016,White,85+,487,34651
Meigs,2017,Black,85+,9,34653
Meigs,2017,White,85+,499,34654
Meigs,2018,Black,85+,8,34656
Meigs,2018,White,85+,502,34657
Meigs,2019,Black,85+,12,34659
Meigs,2019,White,85+,507,34660
Meigs,2020,Black,85+,9,34662
Meigs,2020,White,85+,504,34663
Mercer,2010,Black,85+,1,34668
Mercer,2010,White,85+,972,34669
Mercer,2011,Black,85+,0,34671
Mercer,2011,White,85+,990,34672
Mercer,2012,Black,85+,0,34674
Mercer,2012,White,85+,1022,34675
Mercer,2013,Black,85+,0,34677
Mercer,2013,White,85+,1057,34678
Mercer,2014,Black,85+,1,34680
Mercer,2014,White,85+,1082,34681
Mercer,2015,Black,85+,1,34683
Mercer,2015,White,85+,1097,34684
Mercer,2016,Black,85+,1,34686
Mercer,2016,White,85+,1101,34687
Mercer,2017,Black,85+,1,34689
Mercer,2017,White,85+,1082,34690
Mercer,2018,Black,85+,1,34692
Mercer,2018,White,85+,1104,34693
Mercer,2019,Black,85+,1,34695
Mercer,2019,White,85+,1090,34696
Mercer,2020,Black,85+,1,34698
Mercer,2020,White,85+,1071,34699
Miami,2010,Black,85+,19,34704
Miami,2010,White,85+,1985,34705
Miami,2011,Black,85+,22,34707
Miami,2011,White,85+,2016,34708
Miami,2012,Black,85+,29,34710
Miami,2012,White,85+,2039,34711
Miami,2013,Black,85+,31,34713
Miami,2013,White,85+,2106,34714
Miami,2014,Black,85+,34,34716
Miami,2014,White,85+,2121,34717
Miami,2015,Black,85+,34,34719
Miami,2015,White,85+,2133,34720
Miami,2016,Black,85+,38,34722
Miami,2016,White,85+,2157,34723
Miami,2017,Black,85+,36,34725
Miami,2017,White,85+,2160,34726
Miami,2018,Black,85+,36,34728
Miami,2018,White,85+,2178,34729
Miami,2019,Black,85+,36,34731
Miami,2019,White,85+,2180,34732
Miami,2020,Black,85+,37,34734
Miami,2020,White,85+,2237,34735
Monroe,2010,Black,85+,0,34740
Monroe,2010,White,85+,353,34741
Monroe,2011,Black,85+,1,34743
Monroe,2011,White,85+,362,34744
Monroe,2012,Black,85+,1,34746
Monroe,2012,White,85+,358,34747
Monroe,2013,Black,85+,1,34749
Monroe,2013,White,85+,357,34750
Monroe,2014,Black,85+,1,34752
Monroe,2014,White,85+,367,34753
Monroe,2015,Black,85+,1,34755
Monroe,2015,White,85+,371,34756
Monroe,2016,Black,85+,2,34758
Monroe,2016,White,85+,362,34759
Monroe,2017,Black,85+,0,34761
Monroe,2017,White,85+,368,34762
Monroe,2018,Black,85+,0,34764
Monroe,2018,White,85+,366,34765
Monroe,2019,Black,85+,2,34767
Monroe,2019,White,85+,385,34768
Monroe,2020,Black,85+,0,34770
Monroe,2020,White,85+,401,34771
Montgomery,2010,Black,85+,1585,34776
Montgomery,2010,White,85+,10242,34777
Montgomery,2011,Black,85+,1643,34779
Montgomery,2011,White,85+,10516,34780
Montgomery,2012,Black,85+,1702,34782
Montgomery,2012,White,85+,10784,34783
Montgomery,2013,Black,85+,1730,34785
Montgomery,2013,White,85+,10993,34786
Montgomery,2014,Black,85+,1783,34788
Montgomery,2014,White,85+,11108,34789
Montgomery,2015,Black,85+,1858,34791
Montgomery,2015,White,85+,11200,34792
Montgomery,2016,Black,85+,1897,34794
Montgomery,2016,White,85+,11180,34795
Montgomery,2017,Black,85+,1947,34797
Montgomery,2017,White,85+,11189,34798
Montgomery,2018,Black,85+,2010,34800
Montgomery,2018,White,85+,11047,34801
Montgomery,2019,Black,85+,2036,34803
Montgomery,2019,White,85+,10968,34804
Montgomery,2020,Black,85+,2079,34806
Montgomery,2020,White,85+,10881,34807
Morgan,2010,Black,85+,7,34812
Morgan,2010,White,85+,307,34813
Morgan,2011,Black,85+,7,34815
Morgan,2011,White,85+,302,34816
Morgan,2012,Black,85+,7,34818
Morgan,2012,White,85+,290,34819
Morgan,2013,Black,85+,7,34821
Morgan,2013,White,85+,298,34822
Morgan,2014,Black,85+,10,34824
Morgan,2014,White,85+,305,34825
Morgan,2015,Black,85+,10,34827
Morgan,2015,White,85+,317,34828
Morgan,2016,Black,85+,12,34830
Morgan,2016,White,85+,327,34831
Morgan,2017,Black,85+,11,34833
Morgan,2017,White,85+,335,34834
Morgan,2018,Black,85+,13,34836
Morgan,2018,White,85+,354,34837
Morgan,2019,Black,85+,16,34839
Morgan,2019,White,85+,370,34840
Morgan,2020,Black,85+,15,34842
Morgan,2020,White,85+,399,34843
Morrow,2010,Black,85+,1,34848
Morrow,2010,White,85+,509,34849
Morrow,2011,Black,85+,2,34851
Morrow,2011,White,85+,537,34852
Morrow,2012,Black,85+,3,34854
Morrow,2012,White,85+,565,34855
Morrow,2013,Black,85+,3,34857
Morrow,2013,White,85+,585,34858
Morrow,2014,Black,85+,2,34860
Morrow,2014,White,85+,608,34861
Morrow,2015,Black,85+,2,34863
Morrow,2015,White,85+,619,34864
Morrow,2016,Black,85+,3,34866
Morrow,2016,White,85+,646,34867
Morrow,2017,Black,85+,1,34869
Morrow,2017,White,85+,658,34870
Morrow,2018,Black,85+,2,34872
Morrow,2018,White,85+,691,34873
Morrow,2019,Black,85+,2,34875
Morrow,2019,White,85+,699,34876
Morrow,2020,Black,85+,3,34878
Morrow,2020,White,85+,708,34879
Muskingum,2010,Black,85+,58,34884
Muskingum,2010,White,85+,1719,34885
Muskingum,2011,Black,85+,59,34887
Muskingum,2011,White,85+,1797,34888
Muskingum,2012,Black,85+,63,34890
Muskingum,2012,White,85+,1828,34891
Muskingum,2013,Black,85+,61,34893
Muskingum,2013,White,85+,1830,34894
Muskingum,2014,Black,85+,61,34896
Muskingum,2014,White,85+,1866,34897
Muskingum,2015,Black,85+,58,34899
Muskingum,2015,White,85+,1898,34900
Muskingum,2016,Black,85+,61,34902
Muskingum,2016,White,85+,1931,34903
Muskingum,2017,Black,85+,62,34905
Muskingum,2017,White,85+,1929,34906
Muskingum,2018,Black,85+,61,34908
Muskingum,2018,White,85+,1903,34909
Muskingum,2019,Black,85+,62,34911
Muskingum,2019,White,85+,1870,34912
Muskingum,2020,Black,85+,67,34914
Muskingum,2020,White,85+,1863,34915
Noble,2010,Black,85+,0,34920
Noble,2010,White,85+,247,34921
Noble,2011,Black,85+,1,34923
Noble,2011,White,85+,271,34924
Noble,2012,Black,85+,1,34926
Noble,2012,White,85+,296,34927
Noble,2013,Black,85+,1,34929
Noble,2013,White,85+,326,34930
Noble,2014,Black,85+,1,34932
Noble,2014,White,85+,356,34933
Noble,2015,Black,85+,1,34935
Noble,2015,White,85+,357,34936
Noble,2016,Black,85+,1,34938
Noble,2016,White,85+,375,34939
Noble,2017,Black,85+,0,34941
Noble,2017,White,85+,417,34942
Noble,2018,Black,85+,0,34944
Noble,2018,White,85+,445,34945
Noble,2019,Black,85+,0,34947
Noble,2019,White,85+,453,34948
Noble,2020,Black,85+,0,34950
Noble,2020,White,85+,462,34951
NonOH,2010,Black,85+,0,34956
NonOH,2010,White,85+,0,34957
NonOH,2011,Black,85+,0,34959
NonOH,2011,White,85+,0,34960
NonOH,2012,Black,85+,0,34962
NonOH,2012,White,85+,0,34963
NonOH,2013,Black,85+,0,34965
NonOH,2013,White,85+,0,34966
NonOH,2014,Black,85+,0,34968
NonOH,2014,White,85+,0,34969
NonOH,2015,Black,85+,0,34971
NonOH,2015,White,85+,0,34972
NonOH,2016,Black,85+,0,34974
NonOH,2016,White,85+,0,34975
NonOH,2017,Black,85+,0,34977
NonOH,2017,White,85+,0,34978
NonOH,2018,Black,85+,0,34980
NonOH,2018,White,85+,0,34981
NonOH,2019,Black,85+,0,34983
NonOH,2019,White,85+,0,34984
NonOH,2020,Black,85+,0,34986
NonOH,2020,White,85+,0,34987
Ottawa,2010,Black,85+,3,34992
Ottawa,2010,White,85+,1004,34993
Ottawa,2011,Black,85+,5,34995
Ottawa,2011,White,85+,1032,34996
Ottawa,2012,Black,85+,7,34998
Ottawa,2012,White,85+,1079,34999
Ottawa,2013,Black,85+,8,35001
Ottawa,2013,White,85+,1095,35002
Ottawa,2014,Black,85+,9,35004
Ottawa,2014,White,85+,1162,35005
Ottawa,2015,Black,85+,8,35007
Ottawa,2015,White,85+,1167,35008
Ottawa,2016,Black,85+,6,35010
Ottawa,2016,White,85+,1175,35011
Ottawa,2017,Black,85+,6,35013
Ottawa,2017,White,85+,1220,35014
Ottawa,2018,Black,85+,6,35016
Ottawa,2018,White,85+,1228,35017
Ottawa,2019,Black,85+,11,35019
Ottawa,2019,White,85+,1177,35020
Ottawa,2020,Black,85+,10,35022
Ottawa,2020,White,85+,1138,35023
Paulding,2010,Black,85+,5,35028
Paulding,2010,White,85+,351,35029
Paulding,2011,Black,85+,6,35031
Paulding,2011,White,85+,362,35032
Paulding,2012,Black,85+,8,35034
Paulding,2012,White,85+,374,35035
Paulding,2013,Black,85+,6,35037
Paulding,2013,White,85+,362,35038
Paulding,2014,Black,85+,7,35040
Paulding,2014,White,85+,369,35041
Paulding,2015,Black,85+,5,35043
Paulding,2015,White,85+,367,35044
Paulding,2016,Black,85+,5,35046
Paulding,2016,White,85+,370,35047
Paulding,2017,Black,85+,2,35049
Paulding,2017,White,85+,388,35050
Paulding,2018,Black,85+,3,35052
Paulding,2018,White,85+,393,35053
Paulding,2019,Black,85+,4,35055
Paulding,2019,White,85+,393,35056
Paulding,2020,Black,85+,4,35058
Paulding,2020,White,85+,374,35059
Perry,2010,Black,85+,1,35064
Perry,2010,White,85+,511,35065
Perry,2011,Black,85+,2,35067
Perry,2011,White,85+,524,35068
Perry,2012,Black,85+,3,35070
Perry,2012,White,85+,540,35071
Perry,2013,Black,85+,1,35073
Perry,2013,White,85+,561,35074
Perry,2014,Black,85+,2,35076
Perry,2014,White,85+,564,35077
Perry,2015,Black,85+,2,35079
Perry,2015,White,85+,571,35080
Perry,2016,Black,85+,4,35082
Perry,2016,White,85+,584,35083
Perry,2017,Black,85+,2,35085
Perry,2017,White,85+,586,35086
Perry,2018,Black,85+,2,35088
Perry,2018,White,85+,576,35089
Perry,2019,Black,85+,2,35091
Perry,2019,White,85+,573,35092
Perry,2020,Black,85+,2,35094
Perry,2020,White,85+,570,35095
Pickaway,2010,Black,85+,5,35100
Pickaway,2010,White,85+,776,35101
Pickaway,2011,Black,85+,6,35103
Pickaway,2011,White,85+,801,35104
Pickaway,2012,Black,85+,8,35106
Pickaway,2012,White,85+,841,35107
Pickaway,2013,Black,85+,6,35109
Pickaway,2013,White,85+,856,35110
Pickaway,2014,Black,85+,6,35112
Pickaway,2014,White,85+,903,35113
Pickaway,2015,Black,85+,7,35115
Pickaway,2015,White,85+,964,35116
Pickaway,2016,Black,85+,6,35118
Pickaway,2016,White,85+,1000,35119
Pickaway,2017,Black,85+,6,35121
Pickaway,2017,White,85+,1047,35122
Pickaway,2018,Black,85+,6,35124
Pickaway,2018,White,85+,1063,35125
Pickaway,2019,Black,85+,8,35127
Pickaway,2019,White,85+,1069,35128
Pickaway,2020,Black,85+,8,35130
Pickaway,2020,White,85+,1077,35131
Pike,2010,Black,85+,5,35136
Pike,2010,White,85+,559,35137
Pike,2011,Black,85+,6,35139
Pike,2011,White,85+,577,35140
Pike,2012,Black,85+,6,35142
Pike,2012,White,85+,592,35143
Pike,2013,Black,85+,4,35145
Pike,2013,White,85+,608,35146
Pike,2014,Black,85+,5,35148
Pike,2014,White,85+,627,35149
Pike,2015,Black,85+,4,35151
Pike,2015,White,85+,625,35152
Pike,2016,Black,85+,7,35154
Pike,2016,White,85+,629,35155
Pike,2017,Black,85+,9,35157
Pike,2017,White,85+,642,35158
Pike,2018,Black,85+,8,35160
Pike,2018,White,85+,626,35161
Pike,2019,Black,85+,7,35163
Pike,2019,White,85+,617,35164
Pike,2020,Black,85+,6,35166
Pike,2020,White,85+,627,35167
Portage,2010,Black,85+,47,35172
Portage,2010,White,85+,2415,35173
Portage,2011,Black,85+,54,35175
Portage,2011,White,85+,2515,35176
Portage,2012,Black,85+,54,35178
Portage,2012,White,85+,2582,35179
Portage,2013,Black,85+,52,35181
Portage,2013,White,85+,2715,35182
Portage,2014,Black,85+,54,35184
Portage,2014,White,85+,2758,35185
Portage,2015,Black,85+,55,35187
Portage,2015,White,85+,2790,35188
Portage,2016,Black,85+,56,35190
Portage,2016,White,85+,2784,35191
Portage,2017,Black,85+,61,35193
Portage,2017,White,85+,2842,35194
Portage,2018,Black,85+,61,35196
Portage,2018,White,85+,2853,35197
Portage,2019,Black,85+,59,35199
Portage,2019,White,85+,2853,35200
Portage,2020,Black,85+,60,35202
Portage,2020,White,85+,2882,35203
Preble,2010,Black,85+,1,35208
Preble,2010,White,85+,801,35209
Preble,2011,Black,85+,4,35211
Preble,2011,White,85+,805,35212
Preble,2012,Black,85+,5,35214
Preble,2012,White,85+,806,35215
Preble,2013,Black,85+,2,35217
Preble,2013,White,85+,802,35218
Preble,2014,Black,85+,2,35220
Preble,2014,White,85+,781,35221
Preble,2015,Black,85+,3,35223
Preble,2015,White,85+,780,35224
Preble,2016,Black,85+,3,35226
Preble,2016,White,85+,789,35227
Preble,2017,Black,85+,3,35229
Preble,2017,White,85+,789,35230
Preble,2018,Black,85+,3,35232
Preble,2018,White,85+,801,35233
Preble,2019,Black,85+,5,35235
Preble,2019,White,85+,807,35236
Preble,2020,Black,85+,3,35238
Preble,2020,White,85+,814,35239
Putnam,2010,Black,85+,0,35244
Putnam,2010,White,85+,718,35245
Putnam,2011,Black,85+,1,35247
Putnam,2011,White,85+,743,35248
Putnam,2012,Black,85+,1,35250
Putnam,2012,White,85+,783,35251
Putnam,2013,Black,85+,1,35253
Putnam,2013,White,85+,802,35254
Putnam,2014,Black,85+,1,35256
Putnam,2014,White,85+,816,35257
Putnam,2015,Black,85+,1,35259
Putnam,2015,White,85+,845,35260
Putnam,2016,Black,85+,2,35262
Putnam,2016,White,85+,853,35263
Putnam,2017,Black,85+,1,35265
Putnam,2017,White,85+,851,35266
Putnam,2018,Black,85+,1,35268
Putnam,2018,White,85+,864,35269
Putnam,2019,Black,85+,1,35271
Putnam,2019,White,85+,862,35272
Putnam,2020,Black,85+,2,35274
Putnam,2020,White,85+,842,35275
Richland,2010,Black,85+,110,35280
Richland,2010,White,85+,2681,35281
Richland,2011,Black,85+,106,35283
Richland,2011,White,85+,2771,35284
Richland,2012,Black,85+,107,35286
Richland,2012,White,85+,2836,35287
Richland,2013,Black,85+,115,35289
Richland,2013,White,85+,2898,35290
Richland,2014,Black,85+,122,35292
Richland,2014,White,85+,2982,35293
Richland,2015,Black,85+,120,35295
Richland,2015,White,85+,3039,35296
Richland,2016,Black,85+,123,35298
Richland,2016,White,85+,3133,35299
Richland,2017,Black,85+,133,35301
Richland,2017,White,85+,3168,35302
Richland,2018,Black,85+,136,35304
Richland,2018,White,85+,3184,35305
Richland,2019,Black,85+,135,35307
Richland,2019,White,85+,3148,35308
Richland,2020,Black,85+,137,35310
Richland,2020,White,85+,3118,35311
Ross,2010,Black,85+,38,35316
Ross,2010,White,85+,1164,35317
Ross,2011,Black,85+,40,35319
Ross,2011,White,85+,1151,35320
Ross,2012,Black,85+,43,35322
Ross,2012,White,85+,1188,35323
Ross,2013,Black,85+,41,35325
Ross,2013,White,85+,1199,35326
Ross,2014,Black,85+,46,35328
Ross,2014,White,85+,1222,35329
Ross,2015,Black,85+,49,35331
Ross,2015,White,85+,1201,35332
Ross,2016,Black,85+,58,35334
Ross,2016,White,85+,1208,35335
Ross,2017,Black,85+,57,35337
Ross,2017,White,85+,1250,35338
Ross,2018,Black,85+,57,35340
Ross,2018,White,85+,1245,35341
Ross,2019,Black,85+,57,35343
Ross,2019,White,85+,1257,35344
Ross,2020,Black,85+,64,35346
Ross,2020,White,85+,1247,35347
Sandusky,2010,Black,85+,19,35352
Sandusky,2010,White,85+,1349,35353
Sandusky,2011,Black,85+,19,35355
Sandusky,2011,White,85+,1385,35356
Sandusky,2012,Black,85+,18,35358
Sandusky,2012,White,85+,1378,35359
Sandusky,2013,Black,85+,15,35361
Sandusky,2013,White,85+,1376,35362
Sandusky,2014,Black,85+,14,35364
Sandusky,2014,White,85+,1384,35365
Sandusky,2015,Black,85+,14,35367
Sandusky,2015,White,85+,1371,35368
Sandusky,2016,Black,85+,17,35370
Sandusky,2016,White,85+,1395,35371
Sandusky,2017,Black,85+,17,35373
Sandusky,2017,White,85+,1378,35374
Sandusky,2018,Black,85+,17,35376
Sandusky,2018,White,85+,1375,35377
Sandusky,2019,Black,85+,15,35379
Sandusky,2019,White,85+,1361,35380
Sandusky,2020,Black,85+,14,35382
Sandusky,2020,White,85+,1366,35383
Scioto,2010,Black,85+,14,35388
Scioto,2010,White,85+,1489,35389
Scioto,2011,Black,85+,17,35391
Scioto,2011,White,85+,1550,35392
Scioto,2012,Black,85+,18,35394
Scioto,2012,White,85+,1597,35395
Scioto,2013,Black,85+,12,35397
Scioto,2013,White,85+,1630,35398
Scioto,2014,Black,85+,9,35400
Scioto,2014,White,85+,1655,35401
Scioto,2015,Black,85+,12,35403
Scioto,2015,White,85+,1718,35404
Scioto,2016,Black,85+,10,35406
Scioto,2016,White,85+,1722,35407
Scioto,2017,Black,85+,13,35409
Scioto,2017,White,85+,1730,35410
Scioto,2018,Black,85+,14,35412
Scioto,2018,White,85+,1680,35413
Scioto,2019,Black,85+,12,35415
Scioto,2019,White,85+,1681,35416
Scioto,2020,Black,85+,14,35418
Scioto,2020,White,85+,1647,35419
Seneca,2010,Black,85+,16,35424
Seneca,2010,White,85+,1322,35425
Seneca,2011,Black,85+,18,35427
Seneca,2011,White,85+,1332,35428
Seneca,2012,Black,85+,19,35430
Seneca,2012,White,85+,1357,35431
Seneca,2013,Black,85+,23,35433
Seneca,2013,White,85+,1356,35434
Seneca,2014,Black,85+,27,35436
Seneca,2014,White,85+,1373,35437
Seneca,2015,Black,85+,27,35439
Seneca,2015,White,85+,1439,35440
Seneca,2016,Black,85+,32,35442
Seneca,2016,White,85+,1409,35443
Seneca,2017,Black,85+,35,35445
Seneca,2017,White,85+,1365,35446
Seneca,2018,Black,85+,34,35448
Seneca,2018,White,85+,1342,35449
Seneca,2019,Black,85+,34,35451
Seneca,2019,White,85+,1320,35452
Seneca,2020,Black,85+,30,35454
Seneca,2020,White,85+,1316,35455
Shelby,2010,Black,85+,9,35460
Shelby,2010,White,85+,868,35461
Shelby,2011,Black,85+,8,35463
Shelby,2011,White,85+,879,35464
Shelby,2012,Black,85+,7,35466
Shelby,2012,White,85+,914,35467
Shelby,2013,Black,85+,9,35469
Shelby,2013,White,85+,919,35470
Shelby,2014,Black,85+,9,35472
Shelby,2014,White,85+,936,35473
Shelby,2015,Black,85+,10,35475
Shelby,2015,White,85+,968,35476
Shelby,2016,Black,85+,10,35478
Shelby,2016,White,85+,989,35479
Shelby,2017,Black,85+,8,35481
Shelby,2017,White,85+,993,35482
Shelby,2018,Black,85+,11,35484
Shelby,2018,White,85+,1007,35485
Shelby,2019,Black,85+,13,35487
Shelby,2019,White,85+,1031,35488
Shelby,2020,Black,85+,13,35490
Shelby,2020,White,85+,1056,35491
Stark,2010,Black,85+,342,35496
Stark,2010,White,85+,9153,35497
Stark,2011,Black,85+,342,35499
Stark,2011,White,85+,9277,35500
Stark,2012,Black,85+,361,35502
Stark,2012,White,85+,9481,35503
Stark,2013,Black,85+,371,35505
Stark,2013,White,85+,9576,35506
Stark,2014,Black,85+,373,35508
Stark,2014,White,85+,9754,35509
Stark,2015,Black,85+,372,35511
Stark,2015,White,85+,9765,35512
Stark,2016,Black,85+,394,35514
Stark,2016,White,85+,9726,35515
Stark,2017,Black,85+,407,35517
Stark,2017,White,85+,9531,35518
Stark,2018,Black,85+,411,35520
Stark,2018,White,85+,9351,35521
Stark,2019,Black,85+,404,35523
Stark,2019,White,85+,9289,35524
Stark,2020,Black,85+,419,35526
Stark,2020,White,85+,9205,35527
Summit,2010,Black,85+,981,35532
Summit,2010,White,85+,11260,35533
Summit,2011,Black,85+,999,35535
Summit,2011,White,85+,11572,35536
Summit,2012,Black,85+,1035,35538
Summit,2012,White,85+,11852,35539
Summit,2013,Black,85+,1054,35541
Summit,2013,White,85+,11956,35542
Summit,2014,Black,85+,1059,35544
Summit,2014,White,85+,12044,35545
Summit,2015,Black,85+,1073,35547
Summit,2015,White,85+,12049,35548
Summit,2016,Black,85+,1096,35550
Summit,2016,White,85+,12004,35551
Summit,2017,Black,85+,1094,35553
Summit,2017,White,85+,11952,35554
Summit,2018,Black,85+,1160,35556
Summit,2018,White,85+,11713,35557
Summit,2019,Black,85+,1185,35559
Summit,2019,White,85+,11666,35560
Summit,2020,Black,85+,1209,35562
Summit,2020,White,85+,11593,35563
Trumbull,2010,Black,85+,244,35568
Trumbull,2010,White,85+,5101,35569
Trumbull,2011,Black,85+,252,35571
Trumbull,2011,White,85+,5154,35572
Trumbull,2012,Black,85+,266,35574
Trumbull,2012,White,85+,5220,35575
Trumbull,2013,Black,85+,283,35577
Trumbull,2013,White,85+,5265,35578
Trumbull,2014,Black,85+,293,35580
Trumbull,2014,White,85+,5340,35581
Trumbull,2015,Black,85+,303,35583
Trumbull,2015,White,85+,5365,35584
Trumbull,2016,Black,85+,309,35586
Trumbull,2016,White,85+,5395,35587
Trumbull,2017,Black,85+,321,35589
Trumbull,2017,White,85+,5326,35590
Trumbull,2018,Black,85+,323,35592
Trumbull,2018,White,85+,5236,35593
Trumbull,2019,Black,85+,340,35595
Trumbull,2019,White,85+,5221,35596
Trumbull,2020,Black,85+,341,35598
Trumbull,2020,White,85+,5231,35599
Tuscarawas,2010,Black,85+,14,35604
Tuscarawas,2010,White,85+,2264,35605
Tuscarawas,2011,Black,85+,15,35607
Tuscarawas,2011,White,85+,2322,35608
Tuscarawas,2012,Black,85+,15,35610
Tuscarawas,2012,White,85+,2380,35611
Tuscarawas,2013,Black,85+,17,35613
Tuscarawas,2013,White,85+,2413,35614
Tuscarawas,2014,Black,85+,16,35616
Tuscarawas,2014,White,85+,2467,35617
Tuscarawas,2015,Black,85+,18,35619
Tuscarawas,2015,White,85+,2485,35620
Tuscarawas,2016,Black,85+,20,35622
Tuscarawas,2016,White,85+,2496,35623
Tuscarawas,2017,Black,85+,16,35625
Tuscarawas,2017,White,85+,2465,35626
Tuscarawas,2018,Black,85+,17,35628
Tuscarawas,2018,White,85+,2449,35629
Tuscarawas,2019,Black,85+,19,35631
Tuscarawas,2019,White,85+,2434,35632
Tuscarawas,2020,Black,85+,17,35634
Tuscarawas,2020,White,85+,2403,35635
Union,2010,Black,85+,9,35640
Union,2010,White,85+,527,35641
Union,2011,Black,85+,12,35643
Union,2011,White,85+,543,35644
Union,2012,Black,85+,15,35646
Union,2012,White,85+,604,35647
Union,2013,Black,85+,17,35649
Union,2013,White,85+,642,35650
Union,2014,Black,85+,18,35652
Union,2014,White,85+,672,35653
Union,2015,Black,85+,13,35655
Union,2015,White,85+,683,35656
Union,2016,Black,85+,17,35658
Union,2016,White,85+,720,35659
Union,2017,Black,85+,17,35661
Union,2017,White,85+,717,35662
Union,2018,Black,85+,17,35664
Union,2018,White,85+,731,35665
Union,2019,Black,85+,20,35667
Union,2019,White,85+,747,35668
Union,2020,Black,85+,21,35670
Union,2020,White,85+,786,35671
Van Wert,2010,Black,85+,3,35676
Van Wert,2010,White,85+,754,35677
Van Wert,2011,Black,85+,5,35679
Van Wert,2011,White,85+,763,35680
Van Wert,2012,Black,85+,3,35682
Van Wert,2012,White,85+,790,35683
Van Wert,2013,Black,85+,3,35685
Van Wert,2013,White,85+,806,35686
Van Wert,2014,Black,85+,2,35688
Van Wert,2014,White,85+,806,35689
Van Wert,2015,Black,85+,2,35691
Van Wert,2015,White,85+,788,35692
Van Wert,2016,Black,85+,3,35694
Van Wert,2016,White,85+,776,35695
Van Wert,2017,Black,85+,4,35697
Van Wert,2017,White,85+,777,35698
Van Wert,2018,Black,85+,3,35700
Van Wert,2018,White,85+,737,35701
Van Wert,2019,Black,85+,3,35703
Van Wert,2019,White,85+,742,35704
Van Wert,2020,Black,85+,3,35706
Van Wert,2020,White,85+,740,35707
Vinton,2010,Black,85+,0,35712
Vinton,2010,White,85+,206,35713
Vinton,2011,Black,85+,0,35715
Vinton,2011,White,85+,209,35716
Vinton,2012,Black,85+,0,35718
Vinton,2012,White,85+,203,35719
Vinton,2013,Black,85+,0,35721
Vinton,2013,White,85+,193,35722
Vinton,2014,Black,85+,0,35724
Vinton,2014,White,85+,174,35725
Vinton,2015,Black,85+,0,35727
Vinton,2015,White,85+,179,35728
Vinton,2016,Black,85+,0,35730
Vinton,2016,White,85+,183,35731
Vinton,2017,Black,85+,0,35733
Vinton,2017,White,85+,206,35734
Vinton,2018,Black,85+,1,35736
Vinton,2018,White,85+,211,35737
Vinton,2019,Black,85+,2,35739
Vinton,2019,White,85+,218,35740
Vinton,2020,Black,85+,1,35742
Vinton,2020,White,85+,211,35743
Warren,2010,Black,85+,42,35748
Warren,2010,White,85+,2651,35749
Warren,2011,Black,85+,43,35751
Warren,2011,White,85+,2797,35752
Warren,2012,Black,85+,47,35754
Warren,2012,White,85+,2947,35755
Warren,2013,Black,85+,46,35757
Warren,2013,White,85+,3108,35758
Warren,2014,Black,85+,54,35760
Warren,2014,White,85+,3253,35761
Warren,2015,Black,85+,61,35763
Warren,2015,White,85+,3321,35764
Warren,2016,Black,85+,66,35766
Warren,2016,White,85+,3478,35767
Warren,2017,Black,85+,67,35769
Warren,2017,White,85+,3476,35770
Warren,2018,Black,85+,82,35772
Warren,2018,White,85+,3511,35773
Warren,2019,Black,85+,86,35775
Warren,2019,White,85+,3599,35776
Warren,2020,Black,85+,82,35778
Warren,2020,White,85+,3752,35779
Washington,2010,Black,85+,13,35784
Washington,2010,White,85+,1343,35785
Washington,2011,Black,85+,13,35787
Washington,2011,White,85+,1369,35788
Washington,2012,Black,85+,15,35790
Washington,2012,White,85+,1406,35791
Washington,2013,Black,85+,12,35793
Washington,2013,White,85+,1436,35794
Washington,2014,Black,85+,11,35796
Washington,2014,White,85+,1484,35797
Washington,2015,Black,85+,15,35799
Washington,2015,White,85+,1514,35800
Washington,2016,Black,85+,15,35802
Washington,2016,White,85+,1550,35803
Washington,2017,Black,85+,19,35805
Washington,2017,White,85+,1544,35806
Washington,2018,Black,85+,14,35808
Washington,2018,White,85+,1511,35809
Washington,2019,Black,85+,14,35811
Washington,2019,White,85+,1529,35812
Washington,2020,Black,85+,14,35814
Washington,2020,White,85+,1535,35815
Wayne,2010,Black,85+,14,35820
Wayne,2010,White,85+,2253,35821
Wayne,2011,Black,85+,20,35823
Wayne,2011,White,85+,2308,35824
Wayne,2012,Black,85+,20,35826
Wayne,2012,White,85+,2377,35827
Wayne,2013,Black,85+,18,35829
Wayne,2013,White,85+,2422,35830
Wayne,2014,Black,85+,21,35832
Wayne,2014,White,85+,2489,35833
Wayne,2015,Black,85+,22,35835
Wayne,2015,White,85+,2534,35836
Wayne,2016,Black,85+,25,35838
Wayne,2016,White,85+,2610,35839
Wayne,2017,Black,85+,29,35841
Wayne,2017,White,85+,2645,35842
Wayne,2018,Black,85+,27,35844
Wayne,2018,White,85+,2719,35845
Wayne,2019,Black,85+,20,35847
Wayne,2019,White,85+,2667,35848
Wayne,2020,Black,85+,20,35850
Wayne,2020,White,85+,2630,35851
Williams,2010,Black,85+,1,35856
Williams,2010,White,85+,925,35857
Williams,2011,Black,85+,1,35859
Williams,2011,White,85+,925,35860
Williams,2012,Black,85+,1,35862
Williams,2012,White,85+,961,35863
Williams,2013,Black,85+,1,35865
Williams,2013,White,85+,966,35866
Williams,2014,Black,85+,1,35868
Williams,2014,White,85+,964,35869
Williams,2015,Black,85+,1,35871
Williams,2015,White,85+,990,35872
Williams,2016,Black,85+,1,35874
Williams,2016,White,85+,1005,35875
Williams,2017,Black,85+,2,35877
Williams,2017,White,85+,963,35878
Williams,2018,Black,85+,2,35880
Williams,2018,White,85+,937,35881
Williams,2019,Black,85+,1,35883
Williams,2019,White,85+,923,35884
Williams,2020,Black,85+,1,35886
Williams,2020,White,85+,943,35887
Wood,2010,Black,85+,9,35892
Wood,2010,White,85+,2171,35893
Wood,2011,Black,85+,9,35895
Wood,2011,White,85+,2235,35896
Wood,2012,Black,85+,10,35898
Wood,2012,White,85+,2312,35899
Wood,2013,Black,85+,9,35901
Wood,2013,White,85+,2383,35902
Wood,2014,Black,85+,5,35904
Wood,2014,White,85+,2463,35905
Wood,2015,Black,85+,8,35907
Wood,2015,White,85+,2543,35908
Wood,2016,Black,85+,11,35910
Wood,2016,White,85+,2606,35911
Wood,2017,Black,85+,13,35913
Wood,2017,White,85+,2573,35914
Wood,2018,Black,85+,16,35916
Wood,2018,White,85+,2489,35917
Wood,2019,Black,85+,13,35919
Wood,2019,White,85+,2492,35920
Wood,2020,Black,85+,13,35922
Wood,2020,White,85+,2486,35923
Wyandot,2010,Black,85+,0,35928
Wyandot,2010,White,85+,571,35929
Wyandot,2011,Black,85+,1,35931
Wyandot,2011,White,85+,584,35932
Wyandot,2012,Black,85+,0,35934
Wyandot,2012,White,85+,586,35935
Wyandot,2013,Black,85+,0,35937
Wyandot,2013,White,85+,598,35938
Wyandot,2014,Black,85+,2,35940
Wyandot,2014,White,85+,603,35941
Wyandot,2015,Black,85+,1,35943
Wyandot,2015,White,85+,598,35944
Wyandot,2016,Black,85+,1,35946
Wyandot,2016,White,85+,621,35947
Wyandot,2017,Black,85+,2,35949
Wyandot,2017,White,85+,604,35950
Wyandot,2018,Black,85+,3,35952
Wyandot,2018,White,85+,598,35953
Wyandot,2019,Black,85+,2,35955
Wyandot,2019,White,85+,582,35956
Wyandot,2020,Black,85+,1,35958
Wyandot,2020,White,85+,575,35959
Unknown,2010,Black,85+,0,35964
Unknown,2010,White,85+,0,35965
Unknown,2011,Black,85+,0,35967
Unknown,2011,White,85+,0,35968
Unknown,2012,Black,85+,0,35970
Unknown,2012,White,85+,0,35971
Unknown,2013,Black,85+,0,35973
Unknown,2013,White,85+,0,35974
Unknown,2014,Black,85+,0,35976
Unknown,2014,White,85+,0,35977
Unknown,2015,Black,85+,0,35979
Unknown,2015,White,85+,0,35980
Unknown,2016,Black,85+,0,35982
Unknown,2016,White,85+,0,35983
Unknown,2017,Black,85+,0,35985
Unknown,2017,White,85+,0,35986
Unknown,2018,Black,85+,0,35988
Unknown,2018,White,85+,0,35989
Unknown,2019,Black,85+,0,35991
Unknown,2019,White,85+,0,35992
Unknown,2020,Black,85+,0,35994
Unknown,2020,White,85+,0,35995
